image_id,filename,sequence_id,species_code,split,num_objects
1,pg1_10_img001.jpg,pg1_10,pg,train,10
2,pg1_10_img002.jpg,pg1_10,pg,train,10
3,pg1_10_img003.jpg,pg1_10,pg,train,10
4,pg1_10_img004.jpg,pg1_10,pg,train,10
5,pg1_10_img005.jpg,pg1_10,pg,train,10
6,pg1_10_img006.jpg,pg1_10,pg,train,10
7,pg1_10_img007.jpg,pg1_10,pg,train,10
8,pg1_10_img008.jpg,pg1_10,pg,train,10
9,pg1_10_img009.jpg,pg1_10,pg,train,10
10,pg1_10_img010.jpg,pg1_10,pg,train,10
11,pg1_10_img011.jpg,pg1_10,pg,train,10
12,pg1_10_img012.jpg,pg1_10,pg,train,10
13,pg1_10_img013.jpg,pg1_10,pg,train,10
14,pg1_10_img014.jpg,pg1_10,pg,train,10
15,pg1_10_img015.jpg,pg1_10,pg,train,10
16,pg1_10_img016.jpg,pg1_10,pg,train,10
17,pg1_10_img017.jpg,pg1_10,pg,train,10
18,pg1_10_img018.jpg,pg1_10,pg,train,10
19,pg1_10_img019.jpg,pg1_10,pg,train,10
20,pg1_10_img020.jpg,pg1_10,pg,train,10
21,pg1_10_img021.jpg,pg1_10,pg,train,10
22,pg1_10_img022.jpg,pg1_10,pg,train,10
23,pg1_10_img023.jpg,pg1_10,pg,train,10
24,pg1_10_img024.jpg,pg1_10,pg,train,10
25,pg1_10_img025.jpg,pg1_10,pg,train,10
26,pg1_10_img026.jpg,pg1_10,pg,train,10
27,pg1_10_img027.jpg,pg1_10,pg,train,10
28,pg1_10_img028.jpg,pg1_10,pg,train,10
29,pg1_10_img029.jpg,pg1_10,pg,train,10
30,pg1_10_img030.jpg,pg1_10,pg,train,10
31,pg1_10_img031.jpg,pg1_10,pg,train,10
32,pg1_10_img032.jpg,pg1_10,pg,train,10
33,pg1_10_img033.jpg,pg1_10,pg,train,10
34,pg1_10_img034.jpg,pg1_10,pg,train,10
35,pg1_10_img035.jpg,pg1_10,pg,train,10
36,pg1_10_img036.jpg,pg1_10,pg,train,10
37,pg1_10_img037.jpg,pg1_10,pg,train,10
38,pg1_10_img038.jpg,pg1_10,pg,train,10
39,pg1_10_img039.jpg,pg1_10,pg,train,10
40,pg1_10_img040.jpg,pg1_10,pg,train,10
41,pg1_10_img041.jpg,pg1_10,pg,train,10
42,pg1_10_img042.jpg,pg1_10,pg,train,10
43,pg1_10_img043.jpg,pg1_10,pg,train,10
44,pg1_10_img044.jpg,pg1_10,pg,train,10
45,pg1_10_img045.jpg,pg1_10,pg,train,10
46,pg1_10_img046.jpg,pg1_10,pg,train,10
47,pg1_10_img047.jpg,pg1_10,pg,train,10
48,pg1_10_img048.jpg,pg1_10,pg,train,10
49,pg1_10_img049.jpg,pg1_10,pg,train,10
50,pg1_10_img050.jpg,pg1_10,pg,train,10
51,pg1_10_img051.jpg,pg1_10,pg,train,10
52,pg1_10_img052.jpg,pg1_10,pg,train,10
53,pg1_10_img053.jpg,pg1_10,pg,train,10
54,pg1_10_img054.jpg,pg1_10,pg,train,10
55,pg1_10_img055.jpg,pg1_10,pg,train,10
56,pg1_10_img056.jpg,pg1_10,pg,train,10
57,pg1_10_img057.jpg,pg1_10,pg,train,10
58,pg1_10_img058.jpg,pg1_10,pg,train,10
59,pg1_10_img059.jpg,pg1_10,pg,train,10
60,pg1_10_img060.jpg,pg1_10,pg,train,10
61,pg1_10_img061.jpg,pg1_10,pg,train,10
62,pg1_10_img062.jpg,pg1_10,pg,train,10
63,pg1_10_img063.jpg,pg1_10,pg,train,10
64,pg1_10_img064.jpg,pg1_10,pg,train,10
65,pg1_10_img065.jpg,pg1_10,pg,train,10
66,pg1_10_img066.jpg,pg1_10,pg,train,10
67,pg1_10_img067.jpg,pg1_10,pg,train,10
68,pg1_10_img068.jpg,pg1_10,pg,train,10
69,pg1_10_img069.jpg,pg1_10,pg,train,10
70,pg1_10_img070.jpg,pg1_10,pg,train,10
71,pg1_10_img071.jpg,pg1_10,pg,train,10
72,pg1_10_img072.jpg,pg1_10,pg,train,10
73,pg1_10_img073.jpg,pg1_10,pg,train,10
74,pg1_10_img074.jpg,pg1_10,pg,train,10
75,pg1_10_img075.jpg,pg1_10,pg,train,10
76,pg1_10_img076.jpg,pg1_10,pg,train,10
77,pg1_10_img077.jpg,pg1_10,pg,train,10
78,pg1_10_img078.jpg,pg1_10,pg,train,10
79,pg1_10_img079.jpg,pg1_10,pg,train,10
80,pg1_10_img080.jpg,pg1_10,pg,train,10
81,pg1_10_img081.jpg,pg1_10,pg,train,10
82,pg1_10_img082.jpg,pg1_10,pg,train,10
83,pg1_10_img083.jpg,pg1_10,pg,train,10
84,pg1_10_img084.jpg,pg1_10,pg,train,10
85,pg1_10_img085.jpg,pg1_10,pg,train,10
86,pg1_10_img086.jpg,pg1_10,pg,train,10
87,pg1_10_img087.jpg,pg1_10,pg,train,10
88,pg1_10_img088.jpg,pg1_10,pg,train,10
89,pg1_10_img089.jpg,pg1_10,pg,train,10
90,pg1_10_img090.jpg,pg1_10,pg,train,10
91,pg1_10_img091.jpg,pg1_10,pg,train,10
92,pg1_10_img092.jpg,pg1_10,pg,train,10
93,pg1_10_img093.jpg,pg1_10,pg,train,10
94,pg1_10_img094.jpg,pg1_10,pg,train,10
95,pg1_10_img095.jpg,pg1_10,pg,train,10
96,pg1_10_img096.jpg,pg1_10,pg,train,10
97,pg1_10_img097.jpg,pg1_10,pg,train,10
98,pg1_11_img001.jpg,pg1_11,pg,train,10
99,pg1_11_img002.jpg,pg1_11,pg,train,10
100,pg1_11_img003.jpg,pg1_11,pg,train,10
101,pg1_11_img004.jpg,pg1_11,pg,train,10
102,pg1_11_img005.jpg,pg1_11,pg,train,10
103,pg1_11_img006.jpg,pg1_11,pg,train,10
104,pg1_11_img007.jpg,pg1_11,pg,train,10
105,pg1_11_img008.jpg,pg1_11,pg,train,10
106,pg1_11_img009.jpg,pg1_11,pg,train,10
107,pg1_11_img010.jpg,pg1_11,pg,train,10
108,pg1_11_img011.jpg,pg1_11,pg,train,10
109,pg1_11_img012.jpg,pg1_11,pg,train,10
110,pg1_11_img013.jpg,pg1_11,pg,train,10
111,pg1_11_img014.jpg,pg1_11,pg,train,10
112,pg1_11_img015.jpg,pg1_11,pg,train,10
113,pg1_11_img016.jpg,pg1_11,pg,train,10
114,pg1_11_img017.jpg,pg1_11,pg,train,10
115,pg1_11_img018.jpg,pg1_11,pg,train,10
116,pg1_11_img019.jpg,pg1_11,pg,train,10
117,pg1_11_img020.jpg,pg1_11,pg,train,10
118,pg1_11_img021.jpg,pg1_11,pg,train,10
119,pg1_11_img022.jpg,pg1_11,pg,train,10
120,pg1_11_img023.jpg,pg1_11,pg,train,10
121,pg1_11_img024.jpg,pg1_11,pg,train,10
122,pg1_11_img025.jpg,pg1_11,pg,train,10
123,pg1_11_img026.jpg,pg1_11,pg,train,10
124,pg1_11_img027.jpg,pg1_11,pg,train,10
125,pg1_11_img028.jpg,pg1_11,pg,train,10
126,pg1_11_img029.jpg,pg1_11,pg,train,10
127,pg1_11_img030.jpg,pg1_11,pg,train,10
128,pg1_11_img031.jpg,pg1_11,pg,train,10
129,pg1_11_img032.jpg,pg1_11,pg,train,10
130,pg1_11_img033.jpg,pg1_11,pg,train,10
131,pg1_11_img034.jpg,pg1_11,pg,train,10
132,pg1_11_img035.jpg,pg1_11,pg,train,10
133,pg1_11_img036.jpg,pg1_11,pg,train,10
134,pg1_11_img037.jpg,pg1_11,pg,train,10
135,pg1_11_img038.jpg,pg1_11,pg,train,10
136,pg1_11_img039.jpg,pg1_11,pg,train,10
137,pg1_11_img040.jpg,pg1_11,pg,train,10
138,pg1_11_img041.jpg,pg1_11,pg,train,10
139,pg1_11_img042.jpg,pg1_11,pg,train,10
140,pg1_11_img043.jpg,pg1_11,pg,train,10
141,pg1_11_img044.jpg,pg1_11,pg,train,10
142,pg1_11_img045.jpg,pg1_11,pg,train,10
143,pg1_11_img046.jpg,pg1_11,pg,train,10
144,pg1_11_img047.jpg,pg1_11,pg,train,10
145,pg1_11_img048.jpg,pg1_11,pg,train,10
146,pg1_11_img049.jpg,pg1_11,pg,train,10
147,pg1_11_img050.jpg,pg1_11,pg,train,10
148,pg1_11_img051.jpg,pg1_11,pg,train,10
149,pg1_11_img052.jpg,pg1_11,pg,train,10
150,pg1_11_img053.jpg,pg1_11,pg,train,10
151,pg1_11_img054.jpg,pg1_11,pg,train,10
152,pg1_11_img055.jpg,pg1_11,pg,train,10
153,pg1_11_img056.jpg,pg1_11,pg,train,10
154,pg1_11_img057.jpg,pg1_11,pg,train,10
155,pg1_11_img058.jpg,pg1_11,pg,train,10
156,pg1_11_img059.jpg,pg1_11,pg,train,10
157,pg1_11_img060.jpg,pg1_11,pg,train,10
158,pg1_11_img061.jpg,pg1_11,pg,train,10
159,pg1_11_img062.jpg,pg1_11,pg,train,10
160,pg1_11_img063.jpg,pg1_11,pg,train,10
161,pg1_11_img064.jpg,pg1_11,pg,train,10
162,pg1_11_img065.jpg,pg1_11,pg,train,10
163,pg1_11_img066.jpg,pg1_11,pg,train,10
164,pg1_11_img067.jpg,pg1_11,pg,train,10
165,pg1_11_img068.jpg,pg1_11,pg,train,10
166,pg1_11_img069.jpg,pg1_11,pg,train,10
167,pg1_11_img070.jpg,pg1_11,pg,train,10
168,pg1_11_img071.jpg,pg1_11,pg,train,10
169,pg1_11_img072.jpg,pg1_11,pg,train,10
170,pg1_11_img073.jpg,pg1_11,pg,train,10
171,pg1_11_img074.jpg,pg1_11,pg,train,10
172,pg1_11_img075.jpg,pg1_11,pg,train,10
173,pg1_11_img076.jpg,pg1_11,pg,train,10
174,pg1_11_img077.jpg,pg1_11,pg,train,10
175,pg1_11_img078.jpg,pg1_11,pg,train,10
176,pg1_11_img079.jpg,pg1_11,pg,train,10
177,pg1_11_img080.jpg,pg1_11,pg,train,10
178,pg1_11_img081.jpg,pg1_11,pg,train,10
179,pg1_11_img082.jpg,pg1_11,pg,train,10
180,pg1_11_img083.jpg,pg1_11,pg,train,10
181,pg1_11_img084.jpg,pg1_11,pg,train,10
182,pg1_11_img085.jpg,pg1_11,pg,train,10
183,pg1_11_img086.jpg,pg1_11,pg,train,10
184,pg1_11_img087.jpg,pg1_11,pg,train,10
185,pg1_11_img088.jpg,pg1_11,pg,train,10
186,pg1_11_img089.jpg,pg1_11,pg,train,10
187,pg1_11_img090.jpg,pg1_11,pg,train,10
188,pg1_11_img091.jpg,pg1_11,pg,train,10
189,pg1_11_img092.jpg,pg1_11,pg,train,10
190,pg1_11_img093.jpg,pg1_11,pg,train,10
191,pg1_11_img094.jpg,pg1_11,pg,train,10
192,pg1_11_img095.jpg,pg1_11,pg,train,10
193,pg1_11_img096.jpg,pg1_11,pg,train,10
194,pg1_11_img097.jpg,pg1_11,pg,train,10
195,pg1_12_img001.jpg,pg1_12,pg,train,10
196,pg1_12_img002.jpg,pg1_12,pg,train,10
197,pg1_12_img003.jpg,pg1_12,pg,train,10
198,pg1_12_img004.jpg,pg1_12,pg,train,10
199,pg1_12_img005.jpg,pg1_12,pg,train,10
200,pg1_12_img006.jpg,pg1_12,pg,train,10
201,pg1_12_img007.jpg,pg1_12,pg,train,10
202,pg1_12_img008.jpg,pg1_12,pg,train,10
203,pg1_12_img009.jpg,pg1_12,pg,train,10
204,pg1_12_img010.jpg,pg1_12,pg,train,10
205,pg1_12_img011.jpg,pg1_12,pg,train,10
206,pg1_12_img012.jpg,pg1_12,pg,train,10
207,pg1_12_img013.jpg,pg1_12,pg,train,10
208,pg1_12_img014.jpg,pg1_12,pg,train,10
209,pg1_12_img015.jpg,pg1_12,pg,train,10
210,pg1_12_img016.jpg,pg1_12,pg,train,10
211,pg1_12_img017.jpg,pg1_12,pg,train,10
212,pg1_12_img018.jpg,pg1_12,pg,train,10
213,pg1_12_img019.jpg,pg1_12,pg,train,10
214,pg1_12_img020.jpg,pg1_12,pg,train,10
215,pg1_12_img021.jpg,pg1_12,pg,train,10
216,pg1_12_img022.jpg,pg1_12,pg,train,10
217,pg1_12_img023.jpg,pg1_12,pg,train,10
218,pg1_12_img024.jpg,pg1_12,pg,train,10
219,pg1_12_img025.jpg,pg1_12,pg,train,10
220,pg1_12_img026.jpg,pg1_12,pg,train,10
221,pg1_12_img027.jpg,pg1_12,pg,train,10
222,pg1_12_img028.jpg,pg1_12,pg,train,10
223,pg1_12_img029.jpg,pg1_12,pg,train,10
224,pg1_12_img030.jpg,pg1_12,pg,train,10
225,pg1_12_img031.jpg,pg1_12,pg,train,10
226,pg1_12_img032.jpg,pg1_12,pg,train,10
227,pg1_12_img033.jpg,pg1_12,pg,train,10
228,pg1_12_img034.jpg,pg1_12,pg,train,10
229,pg1_12_img035.jpg,pg1_12,pg,train,10
230,pg1_12_img036.jpg,pg1_12,pg,train,10
231,pg1_12_img037.jpg,pg1_12,pg,train,10
232,pg1_12_img038.jpg,pg1_12,pg,train,10
233,pg1_12_img039.jpg,pg1_12,pg,train,10
234,pg1_12_img040.jpg,pg1_12,pg,train,10
235,pg1_12_img041.jpg,pg1_12,pg,train,10
236,pg1_12_img042.jpg,pg1_12,pg,train,10
237,pg1_12_img043.jpg,pg1_12,pg,train,10
238,pg1_12_img044.jpg,pg1_12,pg,train,10
239,pg1_12_img045.jpg,pg1_12,pg,train,10
240,pg1_12_img046.jpg,pg1_12,pg,train,10
241,pg1_12_img047.jpg,pg1_12,pg,train,10
242,pg1_12_img048.jpg,pg1_12,pg,train,10
243,pg1_12_img049.jpg,pg1_12,pg,train,10
244,pg1_12_img050.jpg,pg1_12,pg,train,10
245,pg1_12_img051.jpg,pg1_12,pg,train,10
246,pg1_12_img052.jpg,pg1_12,pg,train,10
247,pg1_12_img053.jpg,pg1_12,pg,train,10
248,pg1_12_img054.jpg,pg1_12,pg,train,10
249,pg1_12_img055.jpg,pg1_12,pg,train,10
250,pg1_12_img056.jpg,pg1_12,pg,train,10
251,pg1_12_img057.jpg,pg1_12,pg,train,10
252,pg1_12_img058.jpg,pg1_12,pg,train,10
253,pg1_12_img059.jpg,pg1_12,pg,train,10
254,pg1_12_img060.jpg,pg1_12,pg,train,10
255,pg1_12_img061.jpg,pg1_12,pg,train,10
256,pg1_12_img062.jpg,pg1_12,pg,train,10
257,pg1_12_img063.jpg,pg1_12,pg,train,10
258,pg1_12_img064.jpg,pg1_12,pg,train,10
259,pg1_12_img065.jpg,pg1_12,pg,train,10
260,pg1_12_img066.jpg,pg1_12,pg,train,10
261,pg1_12_img067.jpg,pg1_12,pg,train,10
262,pg1_12_img068.jpg,pg1_12,pg,train,10
263,pg1_12_img069.jpg,pg1_12,pg,train,10
264,pg1_12_img070.jpg,pg1_12,pg,train,10
265,pg1_12_img071.jpg,pg1_12,pg,train,10
266,pg1_12_img072.jpg,pg1_12,pg,train,10
267,pg1_12_img073.jpg,pg1_12,pg,train,10
268,pg1_12_img074.jpg,pg1_12,pg,train,10
269,pg1_12_img075.jpg,pg1_12,pg,train,10
270,pg1_12_img076.jpg,pg1_12,pg,train,10
271,pg1_12_img077.jpg,pg1_12,pg,train,10
272,pg1_12_img078.jpg,pg1_12,pg,train,10
273,pg1_12_img079.jpg,pg1_12,pg,train,10
274,pg1_12_img080.jpg,pg1_12,pg,train,10
275,pg1_12_img081.jpg,pg1_12,pg,train,10
276,pg1_12_img082.jpg,pg1_12,pg,train,10
277,pg1_12_img083.jpg,pg1_12,pg,train,10
278,pg1_12_img084.jpg,pg1_12,pg,train,10
279,pg1_12_img085.jpg,pg1_12,pg,train,10
280,pg1_12_img086.jpg,pg1_12,pg,train,10
281,pg1_12_img087.jpg,pg1_12,pg,train,10
282,pg1_12_img088.jpg,pg1_12,pg,train,10
283,pg1_12_img089.jpg,pg1_12,pg,train,10
284,pg1_12_img090.jpg,pg1_12,pg,train,10
285,pg1_12_img091.jpg,pg1_12,pg,train,10
286,pg1_12_img092.jpg,pg1_12,pg,train,10
287,pg1_12_img093.jpg,pg1_12,pg,train,10
288,pg1_12_img094.jpg,pg1_12,pg,train,10
289,pg1_12_img095.jpg,pg1_12,pg,train,10
290,pg1_12_img096.jpg,pg1_12,pg,train,10
291,pg1_12_img097.jpg,pg1_12,pg,train,10
292,pg1_1_img001.jpg,pg1_1,pg,test,10
293,pg1_1_img002.jpg,pg1_1,pg,test,10
294,pg1_1_img003.jpg,pg1_1,pg,test,10
295,pg1_1_img004.jpg,pg1_1,pg,test,10
296,pg1_1_img005.jpg,pg1_1,pg,test,10
297,pg1_1_img006.jpg,pg1_1,pg,test,10
298,pg1_1_img007.jpg,pg1_1,pg,test,10
299,pg1_1_img008.jpg,pg1_1,pg,test,10
300,pg1_1_img009.jpg,pg1_1,pg,test,10
301,pg1_1_img010.jpg,pg1_1,pg,test,10
302,pg1_1_img011.jpg,pg1_1,pg,test,10
303,pg1_1_img012.jpg,pg1_1,pg,test,10
304,pg1_1_img013.jpg,pg1_1,pg,test,10
305,pg1_1_img014.jpg,pg1_1,pg,test,10
306,pg1_1_img015.jpg,pg1_1,pg,test,10
307,pg1_1_img016.jpg,pg1_1,pg,test,10
308,pg1_1_img017.jpg,pg1_1,pg,test,10
309,pg1_1_img018.jpg,pg1_1,pg,test,10
310,pg1_1_img019.jpg,pg1_1,pg,test,10
311,pg1_1_img020.jpg,pg1_1,pg,test,10
312,pg1_1_img021.jpg,pg1_1,pg,test,10
313,pg1_1_img022.jpg,pg1_1,pg,test,10
314,pg1_1_img023.jpg,pg1_1,pg,test,10
315,pg1_1_img024.jpg,pg1_1,pg,test,10
316,pg1_1_img025.jpg,pg1_1,pg,test,10
317,pg1_1_img026.jpg,pg1_1,pg,test,10
318,pg1_1_img027.jpg,pg1_1,pg,test,10
319,pg1_1_img028.jpg,pg1_1,pg,test,10
320,pg1_1_img029.jpg,pg1_1,pg,test,10
321,pg1_1_img030.jpg,pg1_1,pg,test,10
322,pg1_1_img031.jpg,pg1_1,pg,test,10
323,pg1_1_img032.jpg,pg1_1,pg,test,10
324,pg1_1_img033.jpg,pg1_1,pg,test,10
325,pg1_1_img034.jpg,pg1_1,pg,test,10
326,pg1_1_img035.jpg,pg1_1,pg,test,10
327,pg1_1_img036.jpg,pg1_1,pg,test,10
328,pg1_1_img037.jpg,pg1_1,pg,test,10
329,pg1_1_img038.jpg,pg1_1,pg,test,10
330,pg1_1_img039.jpg,pg1_1,pg,test,10
331,pg1_1_img040.jpg,pg1_1,pg,test,10
332,pg1_1_img041.jpg,pg1_1,pg,test,10
333,pg1_1_img042.jpg,pg1_1,pg,test,10
334,pg1_1_img043.jpg,pg1_1,pg,test,10
335,pg1_1_img044.jpg,pg1_1,pg,test,10
336,pg1_1_img045.jpg,pg1_1,pg,test,10
337,pg1_1_img046.jpg,pg1_1,pg,test,10
338,pg1_1_img047.jpg,pg1_1,pg,test,10
339,pg1_1_img048.jpg,pg1_1,pg,test,10
340,pg1_1_img049.jpg,pg1_1,pg,test,10
341,pg1_1_img050.jpg,pg1_1,pg,test,10
342,pg1_1_img051.jpg,pg1_1,pg,test,10
343,pg1_1_img052.jpg,pg1_1,pg,test,10
344,pg1_1_img053.jpg,pg1_1,pg,test,10
345,pg1_1_img054.jpg,pg1_1,pg,test,10
346,pg1_1_img055.jpg,pg1_1,pg,test,10
347,pg1_1_img056.jpg,pg1_1,pg,test,10
348,pg1_1_img057.jpg,pg1_1,pg,test,10
349,pg1_1_img058.jpg,pg1_1,pg,test,10
350,pg1_1_img059.jpg,pg1_1,pg,test,10
351,pg1_1_img060.jpg,pg1_1,pg,test,10
352,pg1_1_img061.jpg,pg1_1,pg,test,10
353,pg1_1_img062.jpg,pg1_1,pg,test,10
354,pg1_1_img063.jpg,pg1_1,pg,test,10
355,pg1_1_img064.jpg,pg1_1,pg,test,10
356,pg1_1_img065.jpg,pg1_1,pg,test,10
357,pg1_1_img066.jpg,pg1_1,pg,test,10
358,pg1_1_img067.jpg,pg1_1,pg,test,10
359,pg1_1_img068.jpg,pg1_1,pg,test,10
360,pg1_1_img069.jpg,pg1_1,pg,test,10
361,pg1_1_img070.jpg,pg1_1,pg,test,10
362,pg1_1_img071.jpg,pg1_1,pg,test,10
363,pg1_1_img072.jpg,pg1_1,pg,test,10
364,pg1_1_img073.jpg,pg1_1,pg,test,10
365,pg1_1_img074.jpg,pg1_1,pg,test,10
366,pg1_1_img075.jpg,pg1_1,pg,test,10
367,pg1_1_img076.jpg,pg1_1,pg,test,10
368,pg1_1_img077.jpg,pg1_1,pg,test,10
369,pg1_1_img078.jpg,pg1_1,pg,test,10
370,pg1_1_img079.jpg,pg1_1,pg,test,10
371,pg1_1_img080.jpg,pg1_1,pg,test,10
372,pg1_1_img081.jpg,pg1_1,pg,test,10
373,pg1_1_img082.jpg,pg1_1,pg,test,10
374,pg1_1_img083.jpg,pg1_1,pg,test,10
375,pg1_1_img084.jpg,pg1_1,pg,test,10
376,pg1_1_img085.jpg,pg1_1,pg,test,10
377,pg1_1_img086.jpg,pg1_1,pg,test,10
378,pg1_1_img087.jpg,pg1_1,pg,test,10
379,pg1_1_img088.jpg,pg1_1,pg,test,10
380,pg1_1_img089.jpg,pg1_1,pg,test,10
381,pg1_1_img090.jpg,pg1_1,pg,test,10
382,pg1_1_img091.jpg,pg1_1,pg,test,10
383,pg1_1_img092.jpg,pg1_1,pg,test,10
384,pg1_1_img093.jpg,pg1_1,pg,test,10
385,pg1_1_img094.jpg,pg1_1,pg,test,10
386,pg1_1_img095.jpg,pg1_1,pg,test,10
387,pg1_1_img096.jpg,pg1_1,pg,test,10
388,pg1_1_img097.jpg,pg1_1,pg,test,10
389,pg1_2_img001.jpg,pg1_2,pg,val,10
390,pg1_2_img002.jpg,pg1_2,pg,val,10
391,pg1_2_img003.jpg,pg1_2,pg,val,10
392,pg1_2_img004.jpg,pg1_2,pg,val,10
393,pg1_2_img005.jpg,pg1_2,pg,val,10
394,pg1_2_img006.jpg,pg1_2,pg,val,10
395,pg1_2_img007.jpg,pg1_2,pg,val,10
396,pg1_2_img008.jpg,pg1_2,pg,val,10
397,pg1_2_img009.jpg,pg1_2,pg,val,10
398,pg1_2_img010.jpg,pg1_2,pg,val,10
399,pg1_2_img011.jpg,pg1_2,pg,val,10
400,pg1_2_img012.jpg,pg1_2,pg,val,10
401,pg1_2_img013.jpg,pg1_2,pg,val,10
402,pg1_2_img014.jpg,pg1_2,pg,val,10
403,pg1_2_img015.jpg,pg1_2,pg,val,10
404,pg1_2_img016.jpg,pg1_2,pg,val,10
405,pg1_2_img017.jpg,pg1_2,pg,val,10
406,pg1_2_img018.jpg,pg1_2,pg,val,10
407,pg1_2_img019.jpg,pg1_2,pg,val,10
408,pg1_2_img020.jpg,pg1_2,pg,val,10
409,pg1_2_img021.jpg,pg1_2,pg,val,10
410,pg1_2_img022.jpg,pg1_2,pg,val,10
411,pg1_2_img023.jpg,pg1_2,pg,val,10
412,pg1_2_img024.jpg,pg1_2,pg,val,10
413,pg1_2_img025.jpg,pg1_2,pg,val,10
414,pg1_2_img026.jpg,pg1_2,pg,val,10
415,pg1_2_img027.jpg,pg1_2,pg,val,10
416,pg1_2_img028.jpg,pg1_2,pg,val,10
417,pg1_2_img029.jpg,pg1_2,pg,val,10
418,pg1_2_img030.jpg,pg1_2,pg,val,10
419,pg1_2_img031.jpg,pg1_2,pg,val,10
420,pg1_2_img032.jpg,pg1_2,pg,val,10
421,pg1_2_img033.jpg,pg1_2,pg,val,10
422,pg1_2_img034.jpg,pg1_2,pg,val,10
423,pg1_2_img035.jpg,pg1_2,pg,val,10
424,pg1_2_img036.jpg,pg1_2,pg,val,10
425,pg1_2_img037.jpg,pg1_2,pg,val,10
426,pg1_2_img038.jpg,pg1_2,pg,val,10
427,pg1_2_img039.jpg,pg1_2,pg,val,10
428,pg1_2_img040.jpg,pg1_2,pg,val,10
429,pg1_2_img041.jpg,pg1_2,pg,val,10
430,pg1_2_img042.jpg,pg1_2,pg,val,10
431,pg1_2_img043.jpg,pg1_2,pg,val,10
432,pg1_2_img044.jpg,pg1_2,pg,val,10
433,pg1_2_img045.jpg,pg1_2,pg,val,10
434,pg1_2_img046.jpg,pg1_2,pg,val,10
435,pg1_2_img047.jpg,pg1_2,pg,val,10
436,pg1_2_img048.jpg,pg1_2,pg,val,10
437,pg1_2_img049.jpg,pg1_2,pg,val,10
438,pg1_2_img050.jpg,pg1_2,pg,val,10
439,pg1_2_img051.jpg,pg1_2,pg,val,10
440,pg1_2_img052.jpg,pg1_2,pg,val,10
441,pg1_2_img053.jpg,pg1_2,pg,val,10
442,pg1_2_img054.jpg,pg1_2,pg,val,10
443,pg1_2_img055.jpg,pg1_2,pg,val,10
444,pg1_2_img056.jpg,pg1_2,pg,val,10
445,pg1_2_img057.jpg,pg1_2,pg,val,10
446,pg1_2_img058.jpg,pg1_2,pg,val,10
447,pg1_2_img059.jpg,pg1_2,pg,val,10
448,pg1_2_img060.jpg,pg1_2,pg,val,10
449,pg1_2_img061.jpg,pg1_2,pg,val,10
450,pg1_2_img062.jpg,pg1_2,pg,val,10
451,pg1_2_img063.jpg,pg1_2,pg,val,10
452,pg1_2_img064.jpg,pg1_2,pg,val,10
453,pg1_2_img065.jpg,pg1_2,pg,val,10
454,pg1_2_img066.jpg,pg1_2,pg,val,10
455,pg1_2_img067.jpg,pg1_2,pg,val,10
456,pg1_2_img068.jpg,pg1_2,pg,val,10
457,pg1_2_img069.jpg,pg1_2,pg,val,10
458,pg1_2_img070.jpg,pg1_2,pg,val,10
459,pg1_2_img071.jpg,pg1_2,pg,val,10
460,pg1_2_img072.jpg,pg1_2,pg,val,10
461,pg1_2_img073.jpg,pg1_2,pg,val,10
462,pg1_2_img074.jpg,pg1_2,pg,val,10
463,pg1_2_img075.jpg,pg1_2,pg,val,10
464,pg1_2_img076.jpg,pg1_2,pg,val,10
465,pg1_2_img077.jpg,pg1_2,pg,val,10
466,pg1_2_img078.jpg,pg1_2,pg,val,10
467,pg1_2_img079.jpg,pg1_2,pg,val,10
468,pg1_2_img080.jpg,pg1_2,pg,val,10
469,pg1_2_img081.jpg,pg1_2,pg,val,10
470,pg1_2_img082.jpg,pg1_2,pg,val,10
471,pg1_2_img083.jpg,pg1_2,pg,val,10
472,pg1_2_img084.jpg,pg1_2,pg,val,10
473,pg1_2_img085.jpg,pg1_2,pg,val,10
474,pg1_2_img086.jpg,pg1_2,pg,val,10
475,pg1_2_img087.jpg,pg1_2,pg,val,10
476,pg1_2_img088.jpg,pg1_2,pg,val,10
477,pg1_2_img089.jpg,pg1_2,pg,val,10
478,pg1_2_img090.jpg,pg1_2,pg,val,10
479,pg1_2_img091.jpg,pg1_2,pg,val,10
480,pg1_2_img092.jpg,pg1_2,pg,val,10
481,pg1_2_img093.jpg,pg1_2,pg,val,10
482,pg1_2_img094.jpg,pg1_2,pg,val,10
483,pg1_2_img095.jpg,pg1_2,pg,val,10
484,pg1_2_img096.jpg,pg1_2,pg,val,10
485,pg1_2_img097.jpg,pg1_2,pg,val,10
486,pg1_3_img001.jpg,pg1_3,pg,train,10
487,pg1_3_img002.jpg,pg1_3,pg,train,10
488,pg1_3_img003.jpg,pg1_3,pg,train,10
489,pg1_3_img004.jpg,pg1_3,pg,train,10
490,pg1_3_img005.jpg,pg1_3,pg,train,10
491,pg1_3_img006.jpg,pg1_3,pg,train,10
492,pg1_3_img007.jpg,pg1_3,pg,train,10
493,pg1_3_img008.jpg,pg1_3,pg,train,10
494,pg1_3_img009.jpg,pg1_3,pg,train,10
495,pg1_3_img010.jpg,pg1_3,pg,train,10
496,pg1_3_img011.jpg,pg1_3,pg,train,10
497,pg1_3_img012.jpg,pg1_3,pg,train,10
498,pg1_3_img013.jpg,pg1_3,pg,train,10
499,pg1_3_img014.jpg,pg1_3,pg,train,10
500,pg1_3_img015.jpg,pg1_3,pg,train,10
501,pg1_3_img016.jpg,pg1_3,pg,train,10
502,pg1_3_img017.jpg,pg1_3,pg,train,10
503,pg1_3_img018.jpg,pg1_3,pg,train,10
504,pg1_3_img019.jpg,pg1_3,pg,train,10
505,pg1_3_img020.jpg,pg1_3,pg,train,10
506,pg1_3_img021.jpg,pg1_3,pg,train,10
507,pg1_3_img022.jpg,pg1_3,pg,train,10
508,pg1_3_img023.jpg,pg1_3,pg,train,10
509,pg1_3_img024.jpg,pg1_3,pg,train,10
510,pg1_3_img025.jpg,pg1_3,pg,train,10
511,pg1_3_img026.jpg,pg1_3,pg,train,10
512,pg1_3_img027.jpg,pg1_3,pg,train,10
513,pg1_3_img028.jpg,pg1_3,pg,train,10
514,pg1_3_img029.jpg,pg1_3,pg,train,10
515,pg1_3_img030.jpg,pg1_3,pg,train,10
516,pg1_3_img031.jpg,pg1_3,pg,train,10
517,pg1_3_img032.jpg,pg1_3,pg,train,10
518,pg1_3_img033.jpg,pg1_3,pg,train,10
519,pg1_3_img034.jpg,pg1_3,pg,train,10
520,pg1_3_img035.jpg,pg1_3,pg,train,10
521,pg1_3_img036.jpg,pg1_3,pg,train,10
522,pg1_3_img037.jpg,pg1_3,pg,train,10
523,pg1_3_img038.jpg,pg1_3,pg,train,10
524,pg1_3_img039.jpg,pg1_3,pg,train,10
525,pg1_3_img040.jpg,pg1_3,pg,train,10
526,pg1_3_img041.jpg,pg1_3,pg,train,10
527,pg1_3_img042.jpg,pg1_3,pg,train,10
528,pg1_3_img043.jpg,pg1_3,pg,train,10
529,pg1_3_img044.jpg,pg1_3,pg,train,10
530,pg1_3_img045.jpg,pg1_3,pg,train,10
531,pg1_3_img046.jpg,pg1_3,pg,train,10
532,pg1_3_img047.jpg,pg1_3,pg,train,10
533,pg1_3_img048.jpg,pg1_3,pg,train,10
534,pg1_3_img049.jpg,pg1_3,pg,train,10
535,pg1_3_img050.jpg,pg1_3,pg,train,10
536,pg1_3_img051.jpg,pg1_3,pg,train,10
537,pg1_3_img052.jpg,pg1_3,pg,train,10
538,pg1_3_img053.jpg,pg1_3,pg,train,10
539,pg1_3_img054.jpg,pg1_3,pg,train,10
540,pg1_3_img055.jpg,pg1_3,pg,train,10
541,pg1_3_img056.jpg,pg1_3,pg,train,10
542,pg1_3_img057.jpg,pg1_3,pg,train,10
543,pg1_3_img058.jpg,pg1_3,pg,train,10
544,pg1_3_img059.jpg,pg1_3,pg,train,10
545,pg1_3_img060.jpg,pg1_3,pg,train,10
546,pg1_3_img061.jpg,pg1_3,pg,train,10
547,pg1_3_img062.jpg,pg1_3,pg,train,10
548,pg1_3_img063.jpg,pg1_3,pg,train,10
549,pg1_3_img064.jpg,pg1_3,pg,train,10
550,pg1_3_img065.jpg,pg1_3,pg,train,10
551,pg1_3_img066.jpg,pg1_3,pg,train,10
552,pg1_3_img067.jpg,pg1_3,pg,train,10
553,pg1_3_img068.jpg,pg1_3,pg,train,10
554,pg1_3_img069.jpg,pg1_3,pg,train,10
555,pg1_3_img070.jpg,pg1_3,pg,train,10
556,pg1_3_img071.jpg,pg1_3,pg,train,10
557,pg1_3_img072.jpg,pg1_3,pg,train,10
558,pg1_3_img073.jpg,pg1_3,pg,train,10
559,pg1_3_img074.jpg,pg1_3,pg,train,10
560,pg1_3_img075.jpg,pg1_3,pg,train,10
561,pg1_3_img076.jpg,pg1_3,pg,train,10
562,pg1_3_img077.jpg,pg1_3,pg,train,10
563,pg1_3_img078.jpg,pg1_3,pg,train,10
564,pg1_3_img079.jpg,pg1_3,pg,train,10
565,pg1_3_img080.jpg,pg1_3,pg,train,10
566,pg1_3_img081.jpg,pg1_3,pg,train,10
567,pg1_3_img082.jpg,pg1_3,pg,train,10
568,pg1_3_img083.jpg,pg1_3,pg,train,10
569,pg1_3_img084.jpg,pg1_3,pg,train,10
570,pg1_3_img085.jpg,pg1_3,pg,train,10
571,pg1_3_img086.jpg,pg1_3,pg,train,10
572,pg1_3_img087.jpg,pg1_3,pg,train,10
573,pg1_3_img088.jpg,pg1_3,pg,train,10
574,pg1_3_img089.jpg,pg1_3,pg,train,10
575,pg1_3_img090.jpg,pg1_3,pg,train,10
576,pg1_3_img091.jpg,pg1_3,pg,train,10
577,pg1_3_img092.jpg,pg1_3,pg,train,10
578,pg1_3_img093.jpg,pg1_3,pg,train,10
579,pg1_3_img094.jpg,pg1_3,pg,train,10
580,pg1_3_img095.jpg,pg1_3,pg,train,10
581,pg1_3_img096.jpg,pg1_3,pg,train,10
582,pg1_3_img097.jpg,pg1_3,pg,train,10
583,pg1_4_img001.jpg,pg1_4,pg,train,10
584,pg1_4_img002.jpg,pg1_4,pg,train,10
585,pg1_4_img003.jpg,pg1_4,pg,train,10
586,pg1_4_img004.jpg,pg1_4,pg,train,10
587,pg1_4_img005.jpg,pg1_4,pg,train,10
588,pg1_4_img006.jpg,pg1_4,pg,train,10
589,pg1_4_img007.jpg,pg1_4,pg,train,10
590,pg1_4_img008.jpg,pg1_4,pg,train,10
591,pg1_4_img009.jpg,pg1_4,pg,train,10
592,pg1_4_img010.jpg,pg1_4,pg,train,10
593,pg1_4_img011.jpg,pg1_4,pg,train,10
594,pg1_4_img012.jpg,pg1_4,pg,train,10
595,pg1_4_img013.jpg,pg1_4,pg,train,10
596,pg1_4_img014.jpg,pg1_4,pg,train,10
597,pg1_4_img015.jpg,pg1_4,pg,train,10
598,pg1_4_img016.jpg,pg1_4,pg,train,10
599,pg1_4_img017.jpg,pg1_4,pg,train,10
600,pg1_4_img018.jpg,pg1_4,pg,train,10
601,pg1_4_img019.jpg,pg1_4,pg,train,10
602,pg1_4_img020.jpg,pg1_4,pg,train,10
603,pg1_4_img021.jpg,pg1_4,pg,train,10
604,pg1_4_img022.jpg,pg1_4,pg,train,10
605,pg1_4_img023.jpg,pg1_4,pg,train,10
606,pg1_4_img024.jpg,pg1_4,pg,train,10
607,pg1_4_img025.jpg,pg1_4,pg,train,10
608,pg1_4_img026.jpg,pg1_4,pg,train,10
609,pg1_4_img027.jpg,pg1_4,pg,train,10
610,pg1_4_img028.jpg,pg1_4,pg,train,10
611,pg1_4_img029.jpg,pg1_4,pg,train,10
612,pg1_4_img030.jpg,pg1_4,pg,train,10
613,pg1_4_img031.jpg,pg1_4,pg,train,10
614,pg1_4_img032.jpg,pg1_4,pg,train,10
615,pg1_4_img033.jpg,pg1_4,pg,train,10
616,pg1_4_img034.jpg,pg1_4,pg,train,10
617,pg1_4_img035.jpg,pg1_4,pg,train,10
618,pg1_4_img036.jpg,pg1_4,pg,train,10
619,pg1_4_img037.jpg,pg1_4,pg,train,10
620,pg1_4_img038.jpg,pg1_4,pg,train,10
621,pg1_4_img039.jpg,pg1_4,pg,train,10
622,pg1_4_img040.jpg,pg1_4,pg,train,10
623,pg1_4_img041.jpg,pg1_4,pg,train,10
624,pg1_4_img042.jpg,pg1_4,pg,train,10
625,pg1_4_img043.jpg,pg1_4,pg,train,10
626,pg1_4_img044.jpg,pg1_4,pg,train,10
627,pg1_4_img045.jpg,pg1_4,pg,train,10
628,pg1_4_img046.jpg,pg1_4,pg,train,10
629,pg1_4_img047.jpg,pg1_4,pg,train,10
630,pg1_4_img048.jpg,pg1_4,pg,train,10
631,pg1_4_img049.jpg,pg1_4,pg,train,10
632,pg1_4_img050.jpg,pg1_4,pg,train,10
633,pg1_4_img051.jpg,pg1_4,pg,train,10
634,pg1_4_img052.jpg,pg1_4,pg,train,10
635,pg1_4_img053.jpg,pg1_4,pg,train,10
636,pg1_4_img054.jpg,pg1_4,pg,train,10
637,pg1_4_img055.jpg,pg1_4,pg,train,10
638,pg1_4_img056.jpg,pg1_4,pg,train,10
639,pg1_4_img057.jpg,pg1_4,pg,train,10
640,pg1_4_img058.jpg,pg1_4,pg,train,10
641,pg1_4_img059.jpg,pg1_4,pg,train,10
642,pg1_4_img060.jpg,pg1_4,pg,train,10
643,pg1_4_img061.jpg,pg1_4,pg,train,10
644,pg1_4_img062.jpg,pg1_4,pg,train,10
645,pg1_4_img063.jpg,pg1_4,pg,train,10
646,pg1_4_img064.jpg,pg1_4,pg,train,10
647,pg1_4_img065.jpg,pg1_4,pg,train,10
648,pg1_4_img066.jpg,pg1_4,pg,train,10
649,pg1_4_img067.jpg,pg1_4,pg,train,10
650,pg1_4_img068.jpg,pg1_4,pg,train,10
651,pg1_4_img069.jpg,pg1_4,pg,train,10
652,pg1_4_img070.jpg,pg1_4,pg,train,10
653,pg1_4_img071.jpg,pg1_4,pg,train,10
654,pg1_4_img072.jpg,pg1_4,pg,train,10
655,pg1_4_img073.jpg,pg1_4,pg,train,10
656,pg1_4_img074.jpg,pg1_4,pg,train,10
657,pg1_4_img075.jpg,pg1_4,pg,train,10
658,pg1_4_img076.jpg,pg1_4,pg,train,10
659,pg1_4_img077.jpg,pg1_4,pg,train,10
660,pg1_4_img078.jpg,pg1_4,pg,train,10
661,pg1_4_img079.jpg,pg1_4,pg,train,10
662,pg1_4_img080.jpg,pg1_4,pg,train,10
663,pg1_4_img081.jpg,pg1_4,pg,train,10
664,pg1_4_img082.jpg,pg1_4,pg,train,10
665,pg1_4_img083.jpg,pg1_4,pg,train,10
666,pg1_4_img084.jpg,pg1_4,pg,train,10
667,pg1_4_img085.jpg,pg1_4,pg,train,10
668,pg1_4_img086.jpg,pg1_4,pg,train,10
669,pg1_4_img087.jpg,pg1_4,pg,train,10
670,pg1_4_img088.jpg,pg1_4,pg,train,10
671,pg1_4_img089.jpg,pg1_4,pg,train,10
672,pg1_4_img090.jpg,pg1_4,pg,train,10
673,pg1_4_img091.jpg,pg1_4,pg,train,10
674,pg1_4_img092.jpg,pg1_4,pg,train,10
675,pg1_4_img093.jpg,pg1_4,pg,train,10
676,pg1_4_img094.jpg,pg1_4,pg,train,10
677,pg1_4_img095.jpg,pg1_4,pg,train,10
678,pg1_4_img096.jpg,pg1_4,pg,train,10
679,pg1_4_img097.jpg,pg1_4,pg,train,10
680,pg1_5_img001.jpg,pg1_5,pg,train,10
681,pg1_5_img002.jpg,pg1_5,pg,train,10
682,pg1_5_img003.jpg,pg1_5,pg,train,10
683,pg1_5_img004.jpg,pg1_5,pg,train,10
684,pg1_5_img005.jpg,pg1_5,pg,train,10
685,pg1_5_img006.jpg,pg1_5,pg,train,10
686,pg1_5_img007.jpg,pg1_5,pg,train,10
687,pg1_5_img008.jpg,pg1_5,pg,train,10
688,pg1_5_img009.jpg,pg1_5,pg,train,10
689,pg1_5_img010.jpg,pg1_5,pg,train,10
690,pg1_5_img011.jpg,pg1_5,pg,train,10
691,pg1_5_img012.jpg,pg1_5,pg,train,10
692,pg1_5_img013.jpg,pg1_5,pg,train,10
693,pg1_5_img014.jpg,pg1_5,pg,train,10
694,pg1_5_img015.jpg,pg1_5,pg,train,10
695,pg1_5_img016.jpg,pg1_5,pg,train,10
696,pg1_5_img017.jpg,pg1_5,pg,train,10
697,pg1_5_img018.jpg,pg1_5,pg,train,10
698,pg1_5_img019.jpg,pg1_5,pg,train,10
699,pg1_5_img020.jpg,pg1_5,pg,train,10
700,pg1_5_img021.jpg,pg1_5,pg,train,10
701,pg1_5_img022.jpg,pg1_5,pg,train,10
702,pg1_5_img023.jpg,pg1_5,pg,train,10
703,pg1_5_img024.jpg,pg1_5,pg,train,10
704,pg1_5_img025.jpg,pg1_5,pg,train,10
705,pg1_5_img026.jpg,pg1_5,pg,train,10
706,pg1_5_img027.jpg,pg1_5,pg,train,10
707,pg1_5_img028.jpg,pg1_5,pg,train,10
708,pg1_5_img029.jpg,pg1_5,pg,train,10
709,pg1_5_img030.jpg,pg1_5,pg,train,10
710,pg1_5_img031.jpg,pg1_5,pg,train,10
711,pg1_5_img032.jpg,pg1_5,pg,train,10
712,pg1_5_img033.jpg,pg1_5,pg,train,10
713,pg1_5_img034.jpg,pg1_5,pg,train,10
714,pg1_5_img035.jpg,pg1_5,pg,train,10
715,pg1_5_img036.jpg,pg1_5,pg,train,10
716,pg1_5_img037.jpg,pg1_5,pg,train,10
717,pg1_5_img038.jpg,pg1_5,pg,train,10
718,pg1_5_img039.jpg,pg1_5,pg,train,10
719,pg1_5_img040.jpg,pg1_5,pg,train,10
720,pg1_5_img041.jpg,pg1_5,pg,train,10
721,pg1_5_img042.jpg,pg1_5,pg,train,10
722,pg1_5_img043.jpg,pg1_5,pg,train,10
723,pg1_5_img044.jpg,pg1_5,pg,train,10
724,pg1_5_img045.jpg,pg1_5,pg,train,10
725,pg1_5_img046.jpg,pg1_5,pg,train,10
726,pg1_5_img047.jpg,pg1_5,pg,train,10
727,pg1_5_img048.jpg,pg1_5,pg,train,10
728,pg1_5_img049.jpg,pg1_5,pg,train,10
729,pg1_5_img050.jpg,pg1_5,pg,train,10
730,pg1_5_img051.jpg,pg1_5,pg,train,10
731,pg1_5_img052.jpg,pg1_5,pg,train,10
732,pg1_5_img053.jpg,pg1_5,pg,train,10
733,pg1_5_img054.jpg,pg1_5,pg,train,10
734,pg1_5_img055.jpg,pg1_5,pg,train,10
735,pg1_5_img056.jpg,pg1_5,pg,train,10
736,pg1_5_img057.jpg,pg1_5,pg,train,10
737,pg1_5_img058.jpg,pg1_5,pg,train,10
738,pg1_5_img059.jpg,pg1_5,pg,train,10
739,pg1_5_img060.jpg,pg1_5,pg,train,10
740,pg1_5_img061.jpg,pg1_5,pg,train,10
741,pg1_5_img062.jpg,pg1_5,pg,train,10
742,pg1_5_img063.jpg,pg1_5,pg,train,10
743,pg1_5_img064.jpg,pg1_5,pg,train,10
744,pg1_5_img065.jpg,pg1_5,pg,train,10
745,pg1_5_img066.jpg,pg1_5,pg,train,10
746,pg1_5_img067.jpg,pg1_5,pg,train,10
747,pg1_5_img068.jpg,pg1_5,pg,train,10
748,pg1_5_img069.jpg,pg1_5,pg,train,10
749,pg1_5_img070.jpg,pg1_5,pg,train,10
750,pg1_5_img071.jpg,pg1_5,pg,train,10
751,pg1_5_img072.jpg,pg1_5,pg,train,10
752,pg1_5_img073.jpg,pg1_5,pg,train,10
753,pg1_5_img074.jpg,pg1_5,pg,train,10
754,pg1_5_img075.jpg,pg1_5,pg,train,10
755,pg1_5_img076.jpg,pg1_5,pg,train,10
756,pg1_5_img077.jpg,pg1_5,pg,train,10
757,pg1_5_img078.jpg,pg1_5,pg,train,10
758,pg1_5_img079.jpg,pg1_5,pg,train,10
759,pg1_5_img080.jpg,pg1_5,pg,train,10
760,pg1_5_img081.jpg,pg1_5,pg,train,10
761,pg1_5_img082.jpg,pg1_5,pg,train,10
762,pg1_5_img083.jpg,pg1_5,pg,train,10
763,pg1_5_img084.jpg,pg1_5,pg,train,10
764,pg1_5_img085.jpg,pg1_5,pg,train,10
765,pg1_5_img086.jpg,pg1_5,pg,train,10
766,pg1_5_img087.jpg,pg1_5,pg,train,10
767,pg1_5_img088.jpg,pg1_5,pg,train,10
768,pg1_5_img089.jpg,pg1_5,pg,train,10
769,pg1_5_img090.jpg,pg1_5,pg,train,10
770,pg1_5_img091.jpg,pg1_5,pg,train,10
771,pg1_5_img092.jpg,pg1_5,pg,train,10
772,pg1_5_img093.jpg,pg1_5,pg,train,10
773,pg1_5_img094.jpg,pg1_5,pg,train,10
774,pg1_5_img095.jpg,pg1_5,pg,train,10
775,pg1_5_img096.jpg,pg1_5,pg,train,10
776,pg1_5_img097.jpg,pg1_5,pg,train,10
777,pg1_6_img001.jpg,pg1_6,pg,train,10
778,pg1_6_img002.jpg,pg1_6,pg,train,10
779,pg1_6_img003.jpg,pg1_6,pg,train,10
780,pg1_6_img004.jpg,pg1_6,pg,train,10
781,pg1_6_img005.jpg,pg1_6,pg,train,10
782,pg1_6_img006.jpg,pg1_6,pg,train,10
783,pg1_6_img007.jpg,pg1_6,pg,train,10
784,pg1_6_img008.jpg,pg1_6,pg,train,10
785,pg1_6_img009.jpg,pg1_6,pg,train,10
786,pg1_6_img010.jpg,pg1_6,pg,train,10
787,pg1_6_img011.jpg,pg1_6,pg,train,10
788,pg1_6_img012.jpg,pg1_6,pg,train,10
789,pg1_6_img013.jpg,pg1_6,pg,train,10
790,pg1_6_img014.jpg,pg1_6,pg,train,10
791,pg1_6_img015.jpg,pg1_6,pg,train,10
792,pg1_6_img016.jpg,pg1_6,pg,train,10
793,pg1_6_img017.jpg,pg1_6,pg,train,10
794,pg1_6_img018.jpg,pg1_6,pg,train,10
795,pg1_6_img019.jpg,pg1_6,pg,train,10
796,pg1_6_img020.jpg,pg1_6,pg,train,10
797,pg1_6_img021.jpg,pg1_6,pg,train,10
798,pg1_6_img022.jpg,pg1_6,pg,train,10
799,pg1_6_img023.jpg,pg1_6,pg,train,10
800,pg1_6_img024.jpg,pg1_6,pg,train,10
801,pg1_6_img025.jpg,pg1_6,pg,train,10
802,pg1_6_img026.jpg,pg1_6,pg,train,10
803,pg1_6_img027.jpg,pg1_6,pg,train,10
804,pg1_6_img028.jpg,pg1_6,pg,train,10
805,pg1_6_img029.jpg,pg1_6,pg,train,10
806,pg1_6_img030.jpg,pg1_6,pg,train,10
807,pg1_6_img031.jpg,pg1_6,pg,train,10
808,pg1_6_img032.jpg,pg1_6,pg,train,10
809,pg1_6_img033.jpg,pg1_6,pg,train,10
810,pg1_6_img034.jpg,pg1_6,pg,train,10
811,pg1_6_img035.jpg,pg1_6,pg,train,10
812,pg1_6_img036.jpg,pg1_6,pg,train,10
813,pg1_6_img037.jpg,pg1_6,pg,train,10
814,pg1_6_img038.jpg,pg1_6,pg,train,10
815,pg1_6_img039.jpg,pg1_6,pg,train,10
816,pg1_6_img040.jpg,pg1_6,pg,train,10
817,pg1_6_img041.jpg,pg1_6,pg,train,10
818,pg1_6_img042.jpg,pg1_6,pg,train,10
819,pg1_6_img043.jpg,pg1_6,pg,train,10
820,pg1_6_img044.jpg,pg1_6,pg,train,10
821,pg1_6_img045.jpg,pg1_6,pg,train,10
822,pg1_6_img046.jpg,pg1_6,pg,train,10
823,pg1_6_img047.jpg,pg1_6,pg,train,10
824,pg1_6_img048.jpg,pg1_6,pg,train,10
825,pg1_6_img049.jpg,pg1_6,pg,train,10
826,pg1_6_img050.jpg,pg1_6,pg,train,10
827,pg1_6_img051.jpg,pg1_6,pg,train,10
828,pg1_6_img052.jpg,pg1_6,pg,train,10
829,pg1_6_img053.jpg,pg1_6,pg,train,10
830,pg1_6_img054.jpg,pg1_6,pg,train,10
831,pg1_6_img055.jpg,pg1_6,pg,train,10
832,pg1_6_img056.jpg,pg1_6,pg,train,10
833,pg1_6_img057.jpg,pg1_6,pg,train,10
834,pg1_6_img058.jpg,pg1_6,pg,train,10
835,pg1_6_img059.jpg,pg1_6,pg,train,10
836,pg1_6_img060.jpg,pg1_6,pg,train,10
837,pg1_6_img061.jpg,pg1_6,pg,train,10
838,pg1_6_img062.jpg,pg1_6,pg,train,10
839,pg1_6_img063.jpg,pg1_6,pg,train,10
840,pg1_6_img064.jpg,pg1_6,pg,train,10
841,pg1_6_img065.jpg,pg1_6,pg,train,10
842,pg1_6_img066.jpg,pg1_6,pg,train,10
843,pg1_6_img067.jpg,pg1_6,pg,train,10
844,pg1_6_img068.jpg,pg1_6,pg,train,10
845,pg1_6_img069.jpg,pg1_6,pg,train,10
846,pg1_6_img070.jpg,pg1_6,pg,train,10
847,pg1_6_img071.jpg,pg1_6,pg,train,10
848,pg1_6_img072.jpg,pg1_6,pg,train,10
849,pg1_6_img073.jpg,pg1_6,pg,train,10
850,pg1_6_img074.jpg,pg1_6,pg,train,10
851,pg1_6_img075.jpg,pg1_6,pg,train,10
852,pg1_6_img076.jpg,pg1_6,pg,train,10
853,pg1_6_img077.jpg,pg1_6,pg,train,10
854,pg1_6_img078.jpg,pg1_6,pg,train,10
855,pg1_6_img079.jpg,pg1_6,pg,train,10
856,pg1_6_img080.jpg,pg1_6,pg,train,10
857,pg1_6_img081.jpg,pg1_6,pg,train,10
858,pg1_6_img082.jpg,pg1_6,pg,train,10
859,pg1_6_img083.jpg,pg1_6,pg,train,10
860,pg1_6_img084.jpg,pg1_6,pg,train,10
861,pg1_6_img085.jpg,pg1_6,pg,train,10
862,pg1_6_img086.jpg,pg1_6,pg,train,10
863,pg1_6_img087.jpg,pg1_6,pg,train,10
864,pg1_6_img088.jpg,pg1_6,pg,train,10
865,pg1_6_img089.jpg,pg1_6,pg,train,10
866,pg1_6_img090.jpg,pg1_6,pg,train,10
867,pg1_6_img091.jpg,pg1_6,pg,train,10
868,pg1_6_img092.jpg,pg1_6,pg,train,10
869,pg1_6_img093.jpg,pg1_6,pg,train,10
870,pg1_6_img094.jpg,pg1_6,pg,train,10
871,pg1_6_img095.jpg,pg1_6,pg,train,10
872,pg1_6_img096.jpg,pg1_6,pg,train,10
873,pg1_6_img097.jpg,pg1_6,pg,train,10
874,pg1_7_img001.jpg,pg1_7,pg,train,10
875,pg1_7_img002.jpg,pg1_7,pg,train,10
876,pg1_7_img003.jpg,pg1_7,pg,train,10
877,pg1_7_img004.jpg,pg1_7,pg,train,10
878,pg1_7_img005.jpg,pg1_7,pg,train,10
879,pg1_7_img006.jpg,pg1_7,pg,train,10
880,pg1_7_img007.jpg,pg1_7,pg,train,10
881,pg1_7_img008.jpg,pg1_7,pg,train,10
882,pg1_7_img009.jpg,pg1_7,pg,train,10
883,pg1_7_img010.jpg,pg1_7,pg,train,10
884,pg1_7_img011.jpg,pg1_7,pg,train,10
885,pg1_7_img012.jpg,pg1_7,pg,train,10
886,pg1_7_img013.jpg,pg1_7,pg,train,10
887,pg1_7_img014.jpg,pg1_7,pg,train,10
888,pg1_7_img015.jpg,pg1_7,pg,train,10
889,pg1_7_img016.jpg,pg1_7,pg,train,10
890,pg1_7_img017.jpg,pg1_7,pg,train,10
891,pg1_7_img018.jpg,pg1_7,pg,train,10
892,pg1_7_img019.jpg,pg1_7,pg,train,10
893,pg1_7_img020.jpg,pg1_7,pg,train,10
894,pg1_7_img021.jpg,pg1_7,pg,train,10
895,pg1_7_img022.jpg,pg1_7,pg,train,10
896,pg1_7_img023.jpg,pg1_7,pg,train,10
897,pg1_7_img024.jpg,pg1_7,pg,train,10
898,pg1_7_img025.jpg,pg1_7,pg,train,10
899,pg1_7_img026.jpg,pg1_7,pg,train,10
900,pg1_7_img027.jpg,pg1_7,pg,train,10
901,pg1_7_img028.jpg,pg1_7,pg,train,10
902,pg1_7_img029.jpg,pg1_7,pg,train,10
903,pg1_7_img030.jpg,pg1_7,pg,train,10
904,pg1_7_img031.jpg,pg1_7,pg,train,10
905,pg1_7_img032.jpg,pg1_7,pg,train,10
906,pg1_7_img033.jpg,pg1_7,pg,train,10
907,pg1_7_img034.jpg,pg1_7,pg,train,10
908,pg1_7_img035.jpg,pg1_7,pg,train,10
909,pg1_7_img036.jpg,pg1_7,pg,train,10
910,pg1_7_img037.jpg,pg1_7,pg,train,10
911,pg1_7_img038.jpg,pg1_7,pg,train,10
912,pg1_7_img039.jpg,pg1_7,pg,train,10
913,pg1_7_img040.jpg,pg1_7,pg,train,10
914,pg1_7_img041.jpg,pg1_7,pg,train,10
915,pg1_7_img042.jpg,pg1_7,pg,train,10
916,pg1_7_img043.jpg,pg1_7,pg,train,10
917,pg1_7_img044.jpg,pg1_7,pg,train,10
918,pg1_7_img045.jpg,pg1_7,pg,train,10
919,pg1_7_img046.jpg,pg1_7,pg,train,10
920,pg1_7_img047.jpg,pg1_7,pg,train,10
921,pg1_7_img048.jpg,pg1_7,pg,train,10
922,pg1_7_img049.jpg,pg1_7,pg,train,10
923,pg1_7_img050.jpg,pg1_7,pg,train,10
924,pg1_7_img051.jpg,pg1_7,pg,train,10
925,pg1_7_img052.jpg,pg1_7,pg,train,10
926,pg1_7_img053.jpg,pg1_7,pg,train,10
927,pg1_7_img054.jpg,pg1_7,pg,train,10
928,pg1_7_img055.jpg,pg1_7,pg,train,10
929,pg1_7_img056.jpg,pg1_7,pg,train,10
930,pg1_7_img057.jpg,pg1_7,pg,train,10
931,pg1_7_img058.jpg,pg1_7,pg,train,10
932,pg1_7_img059.jpg,pg1_7,pg,train,10
933,pg1_7_img060.jpg,pg1_7,pg,train,10
934,pg1_7_img061.jpg,pg1_7,pg,train,10
935,pg1_7_img062.jpg,pg1_7,pg,train,10
936,pg1_7_img063.jpg,pg1_7,pg,train,10
937,pg1_7_img064.jpg,pg1_7,pg,train,10
938,pg1_7_img065.jpg,pg1_7,pg,train,10
939,pg1_7_img066.jpg,pg1_7,pg,train,10
940,pg1_7_img067.jpg,pg1_7,pg,train,10
941,pg1_7_img068.jpg,pg1_7,pg,train,10
942,pg1_7_img069.jpg,pg1_7,pg,train,10
943,pg1_7_img070.jpg,pg1_7,pg,train,10
944,pg1_7_img071.jpg,pg1_7,pg,train,10
945,pg1_7_img072.jpg,pg1_7,pg,train,10
946,pg1_7_img073.jpg,pg1_7,pg,train,10
947,pg1_7_img074.jpg,pg1_7,pg,train,10
948,pg1_7_img075.jpg,pg1_7,pg,train,10
949,pg1_7_img076.jpg,pg1_7,pg,train,10
950,pg1_7_img077.jpg,pg1_7,pg,train,10
951,pg1_7_img078.jpg,pg1_7,pg,train,10
952,pg1_7_img079.jpg,pg1_7,pg,train,10
953,pg1_7_img080.jpg,pg1_7,pg,train,10
954,pg1_7_img081.jpg,pg1_7,pg,train,10
955,pg1_7_img082.jpg,pg1_7,pg,train,10
956,pg1_7_img083.jpg,pg1_7,pg,train,10
957,pg1_7_img084.jpg,pg1_7,pg,train,10
958,pg1_7_img085.jpg,pg1_7,pg,train,10
959,pg1_7_img086.jpg,pg1_7,pg,train,10
960,pg1_7_img087.jpg,pg1_7,pg,train,10
961,pg1_7_img088.jpg,pg1_7,pg,train,10
962,pg1_7_img089.jpg,pg1_7,pg,train,10
963,pg1_7_img090.jpg,pg1_7,pg,train,10
964,pg1_7_img091.jpg,pg1_7,pg,train,10
965,pg1_7_img092.jpg,pg1_7,pg,train,10
966,pg1_7_img093.jpg,pg1_7,pg,train,10
967,pg1_7_img094.jpg,pg1_7,pg,train,10
968,pg1_7_img095.jpg,pg1_7,pg,train,10
969,pg1_7_img096.jpg,pg1_7,pg,train,10
970,pg1_7_img097.jpg,pg1_7,pg,train,10
971,pg1_8_img001.jpg,pg1_8,pg,train,10
972,pg1_8_img002.jpg,pg1_8,pg,train,10
973,pg1_8_img003.jpg,pg1_8,pg,train,10
974,pg1_8_img004.jpg,pg1_8,pg,train,10
975,pg1_8_img005.jpg,pg1_8,pg,train,10
976,pg1_8_img006.jpg,pg1_8,pg,train,10
977,pg1_8_img007.jpg,pg1_8,pg,train,10
978,pg1_8_img008.jpg,pg1_8,pg,train,10
979,pg1_8_img009.jpg,pg1_8,pg,train,10
980,pg1_8_img010.jpg,pg1_8,pg,train,10
981,pg1_8_img011.jpg,pg1_8,pg,train,10
982,pg1_8_img012.jpg,pg1_8,pg,train,10
983,pg1_8_img013.jpg,pg1_8,pg,train,10
984,pg1_8_img014.jpg,pg1_8,pg,train,10
985,pg1_8_img015.jpg,pg1_8,pg,train,10
986,pg1_8_img016.jpg,pg1_8,pg,train,10
987,pg1_8_img017.jpg,pg1_8,pg,train,10
988,pg1_8_img018.jpg,pg1_8,pg,train,10
989,pg1_8_img019.jpg,pg1_8,pg,train,10
990,pg1_8_img020.jpg,pg1_8,pg,train,10
991,pg1_8_img021.jpg,pg1_8,pg,train,10
992,pg1_8_img022.jpg,pg1_8,pg,train,10
993,pg1_8_img023.jpg,pg1_8,pg,train,10
994,pg1_8_img024.jpg,pg1_8,pg,train,10
995,pg1_8_img025.jpg,pg1_8,pg,train,10
996,pg1_8_img026.jpg,pg1_8,pg,train,10
997,pg1_8_img027.jpg,pg1_8,pg,train,10
998,pg1_8_img028.jpg,pg1_8,pg,train,10
999,pg1_8_img029.jpg,pg1_8,pg,train,10
1000,pg1_8_img030.jpg,pg1_8,pg,train,10
1001,pg1_8_img031.jpg,pg1_8,pg,train,10
1002,pg1_8_img032.jpg,pg1_8,pg,train,10
1003,pg1_8_img033.jpg,pg1_8,pg,train,10
1004,pg1_8_img034.jpg,pg1_8,pg,train,10
1005,pg1_8_img035.jpg,pg1_8,pg,train,10
1006,pg1_8_img036.jpg,pg1_8,pg,train,10
1007,pg1_8_img037.jpg,pg1_8,pg,train,10
1008,pg1_8_img038.jpg,pg1_8,pg,train,10
1009,pg1_8_img039.jpg,pg1_8,pg,train,10
1010,pg1_8_img040.jpg,pg1_8,pg,train,10
1011,pg1_8_img041.jpg,pg1_8,pg,train,10
1012,pg1_8_img042.jpg,pg1_8,pg,train,10
1013,pg1_8_img043.jpg,pg1_8,pg,train,10
1014,pg1_8_img044.jpg,pg1_8,pg,train,10
1015,pg1_8_img045.jpg,pg1_8,pg,train,10
1016,pg1_8_img046.jpg,pg1_8,pg,train,10
1017,pg1_8_img047.jpg,pg1_8,pg,train,10
1018,pg1_8_img048.jpg,pg1_8,pg,train,10
1019,pg1_8_img049.jpg,pg1_8,pg,train,10
1020,pg1_8_img050.jpg,pg1_8,pg,train,10
1021,pg1_8_img051.jpg,pg1_8,pg,train,10
1022,pg1_8_img052.jpg,pg1_8,pg,train,10
1023,pg1_8_img053.jpg,pg1_8,pg,train,10
1024,pg1_8_img054.jpg,pg1_8,pg,train,10
1025,pg1_8_img055.jpg,pg1_8,pg,train,10
1026,pg1_8_img056.jpg,pg1_8,pg,train,10
1027,pg1_8_img057.jpg,pg1_8,pg,train,10
1028,pg1_8_img058.jpg,pg1_8,pg,train,10
1029,pg1_8_img059.jpg,pg1_8,pg,train,10
1030,pg1_8_img060.jpg,pg1_8,pg,train,10
1031,pg1_8_img061.jpg,pg1_8,pg,train,10
1032,pg1_8_img062.jpg,pg1_8,pg,train,10
1033,pg1_8_img063.jpg,pg1_8,pg,train,10
1034,pg1_8_img064.jpg,pg1_8,pg,train,10
1035,pg1_8_img065.jpg,pg1_8,pg,train,10
1036,pg1_8_img066.jpg,pg1_8,pg,train,10
1037,pg1_8_img067.jpg,pg1_8,pg,train,10
1038,pg1_8_img068.jpg,pg1_8,pg,train,10
1039,pg1_8_img069.jpg,pg1_8,pg,train,10
1040,pg1_8_img070.jpg,pg1_8,pg,train,10
1041,pg1_8_img071.jpg,pg1_8,pg,train,10
1042,pg1_8_img072.jpg,pg1_8,pg,train,10
1043,pg1_8_img073.jpg,pg1_8,pg,train,10
1044,pg1_8_img074.jpg,pg1_8,pg,train,10
1045,pg1_8_img075.jpg,pg1_8,pg,train,10
1046,pg1_8_img076.jpg,pg1_8,pg,train,10
1047,pg1_8_img077.jpg,pg1_8,pg,train,10
1048,pg1_8_img078.jpg,pg1_8,pg,train,10
1049,pg1_8_img079.jpg,pg1_8,pg,train,10
1050,pg1_8_img080.jpg,pg1_8,pg,train,10
1051,pg1_8_img081.jpg,pg1_8,pg,train,10
1052,pg1_8_img082.jpg,pg1_8,pg,train,10
1053,pg1_8_img083.jpg,pg1_8,pg,train,10
1054,pg1_8_img084.jpg,pg1_8,pg,train,10
1055,pg1_8_img085.jpg,pg1_8,pg,train,10
1056,pg1_8_img086.jpg,pg1_8,pg,train,10
1057,pg1_8_img087.jpg,pg1_8,pg,train,10
1058,pg1_8_img088.jpg,pg1_8,pg,train,10
1059,pg1_8_img089.jpg,pg1_8,pg,train,10
1060,pg1_8_img090.jpg,pg1_8,pg,train,10
1061,pg1_8_img091.jpg,pg1_8,pg,train,10
1062,pg1_8_img092.jpg,pg1_8,pg,train,10
1063,pg1_8_img093.jpg,pg1_8,pg,train,10
1064,pg1_8_img094.jpg,pg1_8,pg,train,10
1065,pg1_8_img095.jpg,pg1_8,pg,train,10
1066,pg1_8_img096.jpg,pg1_8,pg,train,10
1067,pg1_8_img097.jpg,pg1_8,pg,train,10
1068,pg1_9_img001.jpg,pg1_9,pg,val,10
1069,pg1_9_img002.jpg,pg1_9,pg,val,10
1070,pg1_9_img003.jpg,pg1_9,pg,val,10
1071,pg1_9_img004.jpg,pg1_9,pg,val,10
1072,pg1_9_img005.jpg,pg1_9,pg,val,10
1073,pg1_9_img006.jpg,pg1_9,pg,val,10
1074,pg1_9_img007.jpg,pg1_9,pg,val,10
1075,pg1_9_img008.jpg,pg1_9,pg,val,10
1076,pg1_9_img009.jpg,pg1_9,pg,val,10
1077,pg1_9_img010.jpg,pg1_9,pg,val,10
1078,pg1_9_img011.jpg,pg1_9,pg,val,10
1079,pg1_9_img012.jpg,pg1_9,pg,val,10
1080,pg1_9_img013.jpg,pg1_9,pg,val,10
1081,pg1_9_img014.jpg,pg1_9,pg,val,10
1082,pg1_9_img015.jpg,pg1_9,pg,val,10
1083,pg1_9_img016.jpg,pg1_9,pg,val,10
1084,pg1_9_img017.jpg,pg1_9,pg,val,10
1085,pg1_9_img018.jpg,pg1_9,pg,val,10
1086,pg1_9_img019.jpg,pg1_9,pg,val,10
1087,pg1_9_img020.jpg,pg1_9,pg,val,10
1088,pg1_9_img021.jpg,pg1_9,pg,val,10
1089,pg1_9_img022.jpg,pg1_9,pg,val,10
1090,pg1_9_img023.jpg,pg1_9,pg,val,10
1091,pg1_9_img024.jpg,pg1_9,pg,val,10
1092,pg1_9_img025.jpg,pg1_9,pg,val,10
1093,pg1_9_img026.jpg,pg1_9,pg,val,10
1094,pg1_9_img027.jpg,pg1_9,pg,val,10
1095,pg1_9_img028.jpg,pg1_9,pg,val,10
1096,pg1_9_img029.jpg,pg1_9,pg,val,10
1097,pg1_9_img030.jpg,pg1_9,pg,val,10
1098,pg1_9_img031.jpg,pg1_9,pg,val,10
1099,pg1_9_img032.jpg,pg1_9,pg,val,10
1100,pg1_9_img033.jpg,pg1_9,pg,val,10
1101,pg1_9_img034.jpg,pg1_9,pg,val,10
1102,pg1_9_img035.jpg,pg1_9,pg,val,10
1103,pg1_9_img036.jpg,pg1_9,pg,val,10
1104,pg1_9_img037.jpg,pg1_9,pg,val,10
1105,pg1_9_img038.jpg,pg1_9,pg,val,10
1106,pg1_9_img039.jpg,pg1_9,pg,val,10
1107,pg1_9_img040.jpg,pg1_9,pg,val,10
1108,pg1_9_img041.jpg,pg1_9,pg,val,10
1109,pg1_9_img042.jpg,pg1_9,pg,val,10
1110,pg1_9_img043.jpg,pg1_9,pg,val,10
1111,pg1_9_img044.jpg,pg1_9,pg,val,10
1112,pg1_9_img045.jpg,pg1_9,pg,val,10
1113,pg1_9_img046.jpg,pg1_9,pg,val,10
1114,pg1_9_img047.jpg,pg1_9,pg,val,10
1115,pg1_9_img048.jpg,pg1_9,pg,val,10
1116,pg1_9_img049.jpg,pg1_9,pg,val,10
1117,pg1_9_img050.jpg,pg1_9,pg,val,10
1118,pg1_9_img051.jpg,pg1_9,pg,val,10
1119,pg1_9_img052.jpg,pg1_9,pg,val,10
1120,pg1_9_img053.jpg,pg1_9,pg,val,10
1121,pg1_9_img054.jpg,pg1_9,pg,val,10
1122,pg1_9_img055.jpg,pg1_9,pg,val,10
1123,pg1_9_img056.jpg,pg1_9,pg,val,10
1124,pg1_9_img057.jpg,pg1_9,pg,val,10
1125,pg1_9_img058.jpg,pg1_9,pg,val,10
1126,pg1_9_img059.jpg,pg1_9,pg,val,10
1127,pg1_9_img060.jpg,pg1_9,pg,val,10
1128,pg1_9_img061.jpg,pg1_9,pg,val,10
1129,pg1_9_img062.jpg,pg1_9,pg,val,10
1130,pg1_9_img063.jpg,pg1_9,pg,val,10
1131,pg1_9_img064.jpg,pg1_9,pg,val,10
1132,pg1_9_img065.jpg,pg1_9,pg,val,10
1133,pg1_9_img066.jpg,pg1_9,pg,val,10
1134,pg1_9_img067.jpg,pg1_9,pg,val,10
1135,pg1_9_img068.jpg,pg1_9,pg,val,10
1136,pg1_9_img069.jpg,pg1_9,pg,val,10
1137,pg1_9_img070.jpg,pg1_9,pg,val,10
1138,pg1_9_img071.jpg,pg1_9,pg,val,10
1139,pg1_9_img072.jpg,pg1_9,pg,val,10
1140,pg1_9_img073.jpg,pg1_9,pg,val,10
1141,pg1_9_img074.jpg,pg1_9,pg,val,10
1142,pg1_9_img075.jpg,pg1_9,pg,val,10
1143,pg1_9_img076.jpg,pg1_9,pg,val,10
1144,pg1_9_img077.jpg,pg1_9,pg,val,10
1145,pg1_9_img078.jpg,pg1_9,pg,val,10
1146,pg1_9_img079.jpg,pg1_9,pg,val,10
1147,pg1_9_img080.jpg,pg1_9,pg,val,10
1148,pg1_9_img081.jpg,pg1_9,pg,val,10
1149,pg1_9_img082.jpg,pg1_9,pg,val,10
1150,pg1_9_img083.jpg,pg1_9,pg,val,10
1151,pg1_9_img084.jpg,pg1_9,pg,val,10
1152,pg1_9_img085.jpg,pg1_9,pg,val,10
1153,pg1_9_img086.jpg,pg1_9,pg,val,10
1154,pg1_9_img087.jpg,pg1_9,pg,val,10
1155,pg1_9_img088.jpg,pg1_9,pg,val,10
1156,pg1_9_img089.jpg,pg1_9,pg,val,10
1157,pg1_9_img090.jpg,pg1_9,pg,val,10
1158,pg1_9_img091.jpg,pg1_9,pg,val,10
1159,pg1_9_img092.jpg,pg1_9,pg,val,10
1160,pg1_9_img093.jpg,pg1_9,pg,val,10
1161,pg1_9_img094.jpg,pg1_9,pg,val,10
1162,pg1_9_img095.jpg,pg1_9,pg,val,10
1163,pg1_9_img096.jpg,pg1_9,pg,val,10
1164,pg1_9_img097.jpg,pg1_9,pg,val,10
1165,pg2_10_img001.jpg,pg2_10,pg,train,10
1166,pg2_10_img002.jpg,pg2_10,pg,train,10
1167,pg2_10_img003.jpg,pg2_10,pg,train,10
1168,pg2_10_img004.jpg,pg2_10,pg,train,10
1169,pg2_10_img005.jpg,pg2_10,pg,train,10
1170,pg2_10_img006.jpg,pg2_10,pg,train,10
1171,pg2_10_img007.jpg,pg2_10,pg,train,10
1172,pg2_10_img008.jpg,pg2_10,pg,train,10
1173,pg2_10_img009.jpg,pg2_10,pg,train,10
1174,pg2_10_img010.jpg,pg2_10,pg,train,10
1175,pg2_10_img011.jpg,pg2_10,pg,train,10
1176,pg2_10_img012.jpg,pg2_10,pg,train,10
1177,pg2_10_img013.jpg,pg2_10,pg,train,10
1178,pg2_10_img014.jpg,pg2_10,pg,train,10
1179,pg2_10_img015.jpg,pg2_10,pg,train,10
1180,pg2_10_img016.jpg,pg2_10,pg,train,10
1181,pg2_10_img017.jpg,pg2_10,pg,train,10
1182,pg2_10_img018.jpg,pg2_10,pg,train,10
1183,pg2_10_img019.jpg,pg2_10,pg,train,10
1184,pg2_10_img020.jpg,pg2_10,pg,train,10
1185,pg2_10_img021.jpg,pg2_10,pg,train,10
1186,pg2_10_img022.jpg,pg2_10,pg,train,10
1187,pg2_10_img023.jpg,pg2_10,pg,train,10
1188,pg2_10_img024.jpg,pg2_10,pg,train,10
1189,pg2_10_img025.jpg,pg2_10,pg,train,10
1190,pg2_10_img026.jpg,pg2_10,pg,train,10
1191,pg2_10_img027.jpg,pg2_10,pg,train,10
1192,pg2_10_img028.jpg,pg2_10,pg,train,10
1193,pg2_10_img029.jpg,pg2_10,pg,train,10
1194,pg2_10_img030.jpg,pg2_10,pg,train,10
1195,pg2_10_img031.jpg,pg2_10,pg,train,10
1196,pg2_10_img032.jpg,pg2_10,pg,train,10
1197,pg2_10_img033.jpg,pg2_10,pg,train,10
1198,pg2_10_img034.jpg,pg2_10,pg,train,10
1199,pg2_10_img035.jpg,pg2_10,pg,train,10
1200,pg2_10_img036.jpg,pg2_10,pg,train,10
1201,pg2_10_img037.jpg,pg2_10,pg,train,10
1202,pg2_10_img038.jpg,pg2_10,pg,train,10
1203,pg2_10_img039.jpg,pg2_10,pg,train,10
1204,pg2_10_img040.jpg,pg2_10,pg,train,10
1205,pg2_10_img041.jpg,pg2_10,pg,train,10
1206,pg2_10_img042.jpg,pg2_10,pg,train,10
1207,pg2_10_img043.jpg,pg2_10,pg,train,10
1208,pg2_10_img044.jpg,pg2_10,pg,train,10
1209,pg2_10_img045.jpg,pg2_10,pg,train,10
1210,pg2_10_img046.jpg,pg2_10,pg,train,10
1211,pg2_10_img047.jpg,pg2_10,pg,train,10
1212,pg2_10_img048.jpg,pg2_10,pg,train,10
1213,pg2_10_img049.jpg,pg2_10,pg,train,10
1214,pg2_10_img050.jpg,pg2_10,pg,train,10
1215,pg2_10_img051.jpg,pg2_10,pg,train,10
1216,pg2_10_img052.jpg,pg2_10,pg,train,10
1217,pg2_10_img053.jpg,pg2_10,pg,train,10
1218,pg2_10_img054.jpg,pg2_10,pg,train,10
1219,pg2_10_img055.jpg,pg2_10,pg,train,10
1220,pg2_10_img056.jpg,pg2_10,pg,train,10
1221,pg2_10_img057.jpg,pg2_10,pg,train,10
1222,pg2_10_img058.jpg,pg2_10,pg,train,10
1223,pg2_10_img059.jpg,pg2_10,pg,train,10
1224,pg2_10_img060.jpg,pg2_10,pg,train,10
1225,pg2_10_img061.jpg,pg2_10,pg,train,10
1226,pg2_10_img062.jpg,pg2_10,pg,train,10
1227,pg2_10_img063.jpg,pg2_10,pg,train,10
1228,pg2_10_img064.jpg,pg2_10,pg,train,10
1229,pg2_10_img065.jpg,pg2_10,pg,train,10
1230,pg2_10_img066.jpg,pg2_10,pg,train,10
1231,pg2_10_img067.jpg,pg2_10,pg,train,10
1232,pg2_10_img068.jpg,pg2_10,pg,train,10
1233,pg2_10_img069.jpg,pg2_10,pg,train,10
1234,pg2_10_img070.jpg,pg2_10,pg,train,10
1235,pg2_10_img071.jpg,pg2_10,pg,train,10
1236,pg2_10_img072.jpg,pg2_10,pg,train,10
1237,pg2_10_img073.jpg,pg2_10,pg,train,10
1238,pg2_10_img074.jpg,pg2_10,pg,train,10
1239,pg2_10_img075.jpg,pg2_10,pg,train,10
1240,pg2_10_img076.jpg,pg2_10,pg,train,10
1241,pg2_10_img077.jpg,pg2_10,pg,train,10
1242,pg2_10_img078.jpg,pg2_10,pg,train,10
1243,pg2_10_img079.jpg,pg2_10,pg,train,10
1244,pg2_10_img080.jpg,pg2_10,pg,train,10
1245,pg2_10_img081.jpg,pg2_10,pg,train,10
1246,pg2_10_img082.jpg,pg2_10,pg,train,10
1247,pg2_10_img083.jpg,pg2_10,pg,train,10
1248,pg2_10_img084.jpg,pg2_10,pg,train,10
1249,pg2_10_img085.jpg,pg2_10,pg,train,10
1250,pg2_10_img086.jpg,pg2_10,pg,train,10
1251,pg2_10_img087.jpg,pg2_10,pg,train,10
1252,pg2_10_img088.jpg,pg2_10,pg,train,10
1253,pg2_10_img089.jpg,pg2_10,pg,train,10
1254,pg2_10_img090.jpg,pg2_10,pg,train,10
1255,pg2_10_img091.jpg,pg2_10,pg,train,10
1256,pg2_10_img092.jpg,pg2_10,pg,train,10
1257,pg2_10_img093.jpg,pg2_10,pg,train,10
1258,pg2_10_img094.jpg,pg2_10,pg,train,10
1259,pg2_10_img095.jpg,pg2_10,pg,train,10
1260,pg2_10_img096.jpg,pg2_10,pg,train,10
1261,pg2_10_img097.jpg,pg2_10,pg,train,10
1262,pg2_11_img001.jpg,pg2_11,pg,test,10
1263,pg2_11_img002.jpg,pg2_11,pg,test,10
1264,pg2_11_img003.jpg,pg2_11,pg,test,10
1265,pg2_11_img004.jpg,pg2_11,pg,test,10
1266,pg2_11_img005.jpg,pg2_11,pg,test,10
1267,pg2_11_img006.jpg,pg2_11,pg,test,10
1268,pg2_11_img007.jpg,pg2_11,pg,test,10
1269,pg2_11_img008.jpg,pg2_11,pg,test,10
1270,pg2_11_img009.jpg,pg2_11,pg,test,10
1271,pg2_11_img010.jpg,pg2_11,pg,test,10
1272,pg2_11_img011.jpg,pg2_11,pg,test,10
1273,pg2_11_img012.jpg,pg2_11,pg,test,10
1274,pg2_11_img013.jpg,pg2_11,pg,test,10
1275,pg2_11_img014.jpg,pg2_11,pg,test,10
1276,pg2_11_img015.jpg,pg2_11,pg,test,10
1277,pg2_11_img016.jpg,pg2_11,pg,test,10
1278,pg2_11_img017.jpg,pg2_11,pg,test,10
1279,pg2_11_img018.jpg,pg2_11,pg,test,10
1280,pg2_11_img019.jpg,pg2_11,pg,test,10
1281,pg2_11_img020.jpg,pg2_11,pg,test,10
1282,pg2_11_img021.jpg,pg2_11,pg,test,10
1283,pg2_11_img022.jpg,pg2_11,pg,test,10
1284,pg2_11_img023.jpg,pg2_11,pg,test,10
1285,pg2_11_img024.jpg,pg2_11,pg,test,10
1286,pg2_11_img025.jpg,pg2_11,pg,test,10
1287,pg2_11_img026.jpg,pg2_11,pg,test,10
1288,pg2_11_img027.jpg,pg2_11,pg,test,10
1289,pg2_11_img028.jpg,pg2_11,pg,test,10
1290,pg2_11_img029.jpg,pg2_11,pg,test,10
1291,pg2_11_img030.jpg,pg2_11,pg,test,10
1292,pg2_11_img031.jpg,pg2_11,pg,test,10
1293,pg2_11_img032.jpg,pg2_11,pg,test,10
1294,pg2_11_img033.jpg,pg2_11,pg,test,10
1295,pg2_11_img034.jpg,pg2_11,pg,test,10
1296,pg2_11_img035.jpg,pg2_11,pg,test,10
1297,pg2_11_img036.jpg,pg2_11,pg,test,10
1298,pg2_11_img037.jpg,pg2_11,pg,test,10
1299,pg2_11_img038.jpg,pg2_11,pg,test,10
1300,pg2_11_img039.jpg,pg2_11,pg,test,10
1301,pg2_11_img040.jpg,pg2_11,pg,test,10
1302,pg2_11_img041.jpg,pg2_11,pg,test,10
1303,pg2_11_img042.jpg,pg2_11,pg,test,10
1304,pg2_11_img043.jpg,pg2_11,pg,test,10
1305,pg2_11_img044.jpg,pg2_11,pg,test,10
1306,pg2_11_img045.jpg,pg2_11,pg,test,10
1307,pg2_11_img046.jpg,pg2_11,pg,test,10
1308,pg2_11_img047.jpg,pg2_11,pg,test,10
1309,pg2_11_img048.jpg,pg2_11,pg,test,10
1310,pg2_11_img049.jpg,pg2_11,pg,test,10
1311,pg2_11_img050.jpg,pg2_11,pg,test,10
1312,pg2_11_img051.jpg,pg2_11,pg,test,10
1313,pg2_11_img052.jpg,pg2_11,pg,test,10
1314,pg2_11_img053.jpg,pg2_11,pg,test,10
1315,pg2_11_img054.jpg,pg2_11,pg,test,10
1316,pg2_11_img055.jpg,pg2_11,pg,test,10
1317,pg2_11_img056.jpg,pg2_11,pg,test,10
1318,pg2_11_img057.jpg,pg2_11,pg,test,10
1319,pg2_11_img058.jpg,pg2_11,pg,test,10
1320,pg2_11_img059.jpg,pg2_11,pg,test,10
1321,pg2_11_img060.jpg,pg2_11,pg,test,10
1322,pg2_11_img061.jpg,pg2_11,pg,test,10
1323,pg2_11_img062.jpg,pg2_11,pg,test,10
1324,pg2_11_img063.jpg,pg2_11,pg,test,10
1325,pg2_11_img064.jpg,pg2_11,pg,test,10
1326,pg2_11_img065.jpg,pg2_11,pg,test,10
1327,pg2_11_img066.jpg,pg2_11,pg,test,10
1328,pg2_11_img067.jpg,pg2_11,pg,test,10
1329,pg2_11_img068.jpg,pg2_11,pg,test,10
1330,pg2_11_img069.jpg,pg2_11,pg,test,10
1331,pg2_11_img070.jpg,pg2_11,pg,test,10
1332,pg2_11_img071.jpg,pg2_11,pg,test,10
1333,pg2_11_img072.jpg,pg2_11,pg,test,10
1334,pg2_11_img073.jpg,pg2_11,pg,test,10
1335,pg2_11_img074.jpg,pg2_11,pg,test,10
1336,pg2_11_img075.jpg,pg2_11,pg,test,10
1337,pg2_11_img076.jpg,pg2_11,pg,test,10
1338,pg2_11_img077.jpg,pg2_11,pg,test,10
1339,pg2_11_img078.jpg,pg2_11,pg,test,10
1340,pg2_11_img079.jpg,pg2_11,pg,test,10
1341,pg2_11_img080.jpg,pg2_11,pg,test,10
1342,pg2_11_img081.jpg,pg2_11,pg,test,10
1343,pg2_11_img082.jpg,pg2_11,pg,test,10
1344,pg2_11_img083.jpg,pg2_11,pg,test,10
1345,pg2_11_img084.jpg,pg2_11,pg,test,10
1346,pg2_11_img085.jpg,pg2_11,pg,test,10
1347,pg2_11_img086.jpg,pg2_11,pg,test,10
1348,pg2_11_img087.jpg,pg2_11,pg,test,10
1349,pg2_11_img088.jpg,pg2_11,pg,test,10
1350,pg2_11_img089.jpg,pg2_11,pg,test,10
1351,pg2_11_img090.jpg,pg2_11,pg,test,10
1352,pg2_11_img091.jpg,pg2_11,pg,test,10
1353,pg2_11_img092.jpg,pg2_11,pg,test,10
1354,pg2_11_img093.jpg,pg2_11,pg,test,10
1355,pg2_11_img094.jpg,pg2_11,pg,test,10
1356,pg2_11_img095.jpg,pg2_11,pg,test,10
1357,pg2_11_img096.jpg,pg2_11,pg,test,10
1358,pg2_11_img097.jpg,pg2_11,pg,test,10
1359,pg2_12_img001.jpg,pg2_12,pg,test,10
1360,pg2_12_img002.jpg,pg2_12,pg,test,10
1361,pg2_12_img003.jpg,pg2_12,pg,test,10
1362,pg2_12_img004.jpg,pg2_12,pg,test,10
1363,pg2_12_img005.jpg,pg2_12,pg,test,10
1364,pg2_12_img006.jpg,pg2_12,pg,test,10
1365,pg2_12_img007.jpg,pg2_12,pg,test,10
1366,pg2_12_img008.jpg,pg2_12,pg,test,10
1367,pg2_12_img009.jpg,pg2_12,pg,test,10
1368,pg2_12_img010.jpg,pg2_12,pg,test,10
1369,pg2_12_img011.jpg,pg2_12,pg,test,10
1370,pg2_12_img012.jpg,pg2_12,pg,test,10
1371,pg2_12_img013.jpg,pg2_12,pg,test,10
1372,pg2_12_img014.jpg,pg2_12,pg,test,10
1373,pg2_12_img015.jpg,pg2_12,pg,test,10
1374,pg2_12_img016.jpg,pg2_12,pg,test,10
1375,pg2_12_img017.jpg,pg2_12,pg,test,10
1376,pg2_12_img018.jpg,pg2_12,pg,test,10
1377,pg2_12_img019.jpg,pg2_12,pg,test,10
1378,pg2_12_img020.jpg,pg2_12,pg,test,10
1379,pg2_12_img021.jpg,pg2_12,pg,test,10
1380,pg2_12_img022.jpg,pg2_12,pg,test,10
1381,pg2_12_img023.jpg,pg2_12,pg,test,10
1382,pg2_12_img024.jpg,pg2_12,pg,test,10
1383,pg2_12_img025.jpg,pg2_12,pg,test,10
1384,pg2_12_img026.jpg,pg2_12,pg,test,10
1385,pg2_12_img027.jpg,pg2_12,pg,test,10
1386,pg2_12_img028.jpg,pg2_12,pg,test,10
1387,pg2_12_img029.jpg,pg2_12,pg,test,10
1388,pg2_12_img030.jpg,pg2_12,pg,test,10
1389,pg2_12_img031.jpg,pg2_12,pg,test,10
1390,pg2_12_img032.jpg,pg2_12,pg,test,10
1391,pg2_12_img033.jpg,pg2_12,pg,test,10
1392,pg2_12_img034.jpg,pg2_12,pg,test,10
1393,pg2_12_img035.jpg,pg2_12,pg,test,10
1394,pg2_12_img036.jpg,pg2_12,pg,test,10
1395,pg2_12_img037.jpg,pg2_12,pg,test,10
1396,pg2_12_img038.jpg,pg2_12,pg,test,10
1397,pg2_12_img039.jpg,pg2_12,pg,test,10
1398,pg2_12_img040.jpg,pg2_12,pg,test,10
1399,pg2_12_img041.jpg,pg2_12,pg,test,10
1400,pg2_12_img042.jpg,pg2_12,pg,test,10
1401,pg2_12_img043.jpg,pg2_12,pg,test,10
1402,pg2_12_img044.jpg,pg2_12,pg,test,10
1403,pg2_12_img045.jpg,pg2_12,pg,test,10
1404,pg2_12_img046.jpg,pg2_12,pg,test,10
1405,pg2_12_img047.jpg,pg2_12,pg,test,10
1406,pg2_12_img048.jpg,pg2_12,pg,test,10
1407,pg2_12_img049.jpg,pg2_12,pg,test,10
1408,pg2_12_img050.jpg,pg2_12,pg,test,10
1409,pg2_12_img051.jpg,pg2_12,pg,test,10
1410,pg2_12_img052.jpg,pg2_12,pg,test,10
1411,pg2_12_img053.jpg,pg2_12,pg,test,10
1412,pg2_12_img054.jpg,pg2_12,pg,test,10
1413,pg2_12_img055.jpg,pg2_12,pg,test,10
1414,pg2_12_img056.jpg,pg2_12,pg,test,10
1415,pg2_12_img057.jpg,pg2_12,pg,test,10
1416,pg2_12_img058.jpg,pg2_12,pg,test,10
1417,pg2_12_img059.jpg,pg2_12,pg,test,10
1418,pg2_12_img060.jpg,pg2_12,pg,test,10
1419,pg2_12_img061.jpg,pg2_12,pg,test,10
1420,pg2_12_img062.jpg,pg2_12,pg,test,10
1421,pg2_12_img063.jpg,pg2_12,pg,test,10
1422,pg2_12_img064.jpg,pg2_12,pg,test,10
1423,pg2_12_img065.jpg,pg2_12,pg,test,10
1424,pg2_12_img066.jpg,pg2_12,pg,test,10
1425,pg2_12_img067.jpg,pg2_12,pg,test,10
1426,pg2_12_img068.jpg,pg2_12,pg,test,10
1427,pg2_12_img069.jpg,pg2_12,pg,test,10
1428,pg2_12_img070.jpg,pg2_12,pg,test,10
1429,pg2_12_img071.jpg,pg2_12,pg,test,10
1430,pg2_12_img072.jpg,pg2_12,pg,test,10
1431,pg2_12_img073.jpg,pg2_12,pg,test,10
1432,pg2_12_img074.jpg,pg2_12,pg,test,10
1433,pg2_12_img075.jpg,pg2_12,pg,test,10
1434,pg2_12_img076.jpg,pg2_12,pg,test,10
1435,pg2_12_img077.jpg,pg2_12,pg,test,10
1436,pg2_12_img078.jpg,pg2_12,pg,test,10
1437,pg2_12_img079.jpg,pg2_12,pg,test,10
1438,pg2_12_img080.jpg,pg2_12,pg,test,10
1439,pg2_12_img081.jpg,pg2_12,pg,test,10
1440,pg2_12_img082.jpg,pg2_12,pg,test,10
1441,pg2_12_img083.jpg,pg2_12,pg,test,10
1442,pg2_12_img084.jpg,pg2_12,pg,test,10
1443,pg2_12_img085.jpg,pg2_12,pg,test,10
1444,pg2_12_img086.jpg,pg2_12,pg,test,10
1445,pg2_12_img087.jpg,pg2_12,pg,test,10
1446,pg2_12_img088.jpg,pg2_12,pg,test,10
1447,pg2_12_img089.jpg,pg2_12,pg,test,10
1448,pg2_12_img090.jpg,pg2_12,pg,test,10
1449,pg2_12_img091.jpg,pg2_12,pg,test,10
1450,pg2_12_img092.jpg,pg2_12,pg,test,10
1451,pg2_12_img093.jpg,pg2_12,pg,test,10
1452,pg2_12_img094.jpg,pg2_12,pg,test,10
1453,pg2_12_img095.jpg,pg2_12,pg,test,10
1454,pg2_12_img096.jpg,pg2_12,pg,test,10
1455,pg2_12_img097.jpg,pg2_12,pg,test,10
1456,pg2_1_img001.jpg,pg2_1,pg,train,10
1457,pg2_1_img002.jpg,pg2_1,pg,train,10
1458,pg2_1_img003.jpg,pg2_1,pg,train,10
1459,pg2_1_img004.jpg,pg2_1,pg,train,10
1460,pg2_1_img005.jpg,pg2_1,pg,train,10
1461,pg2_1_img006.jpg,pg2_1,pg,train,10
1462,pg2_1_img007.jpg,pg2_1,pg,train,10
1463,pg2_1_img008.jpg,pg2_1,pg,train,10
1464,pg2_1_img009.jpg,pg2_1,pg,train,10
1465,pg2_1_img010.jpg,pg2_1,pg,train,10
1466,pg2_1_img011.jpg,pg2_1,pg,train,10
1467,pg2_1_img012.jpg,pg2_1,pg,train,10
1468,pg2_1_img013.jpg,pg2_1,pg,train,10
1469,pg2_1_img014.jpg,pg2_1,pg,train,10
1470,pg2_1_img015.jpg,pg2_1,pg,train,10
1471,pg2_1_img016.jpg,pg2_1,pg,train,10
1472,pg2_1_img017.jpg,pg2_1,pg,train,10
1473,pg2_1_img018.jpg,pg2_1,pg,train,10
1474,pg2_1_img019.jpg,pg2_1,pg,train,10
1475,pg2_1_img020.jpg,pg2_1,pg,train,10
1476,pg2_1_img021.jpg,pg2_1,pg,train,10
1477,pg2_1_img022.jpg,pg2_1,pg,train,10
1478,pg2_1_img023.jpg,pg2_1,pg,train,10
1479,pg2_1_img024.jpg,pg2_1,pg,train,10
1480,pg2_1_img025.jpg,pg2_1,pg,train,10
1481,pg2_1_img026.jpg,pg2_1,pg,train,10
1482,pg2_1_img027.jpg,pg2_1,pg,train,10
1483,pg2_1_img028.jpg,pg2_1,pg,train,10
1484,pg2_1_img029.jpg,pg2_1,pg,train,10
1485,pg2_1_img030.jpg,pg2_1,pg,train,10
1486,pg2_1_img031.jpg,pg2_1,pg,train,10
1487,pg2_1_img032.jpg,pg2_1,pg,train,10
1488,pg2_1_img033.jpg,pg2_1,pg,train,10
1489,pg2_1_img034.jpg,pg2_1,pg,train,10
1490,pg2_1_img035.jpg,pg2_1,pg,train,10
1491,pg2_1_img036.jpg,pg2_1,pg,train,10
1492,pg2_1_img037.jpg,pg2_1,pg,train,10
1493,pg2_1_img038.jpg,pg2_1,pg,train,10
1494,pg2_1_img039.jpg,pg2_1,pg,train,10
1495,pg2_1_img040.jpg,pg2_1,pg,train,10
1496,pg2_1_img041.jpg,pg2_1,pg,train,10
1497,pg2_1_img042.jpg,pg2_1,pg,train,10
1498,pg2_1_img043.jpg,pg2_1,pg,train,10
1499,pg2_1_img044.jpg,pg2_1,pg,train,10
1500,pg2_1_img045.jpg,pg2_1,pg,train,10
1501,pg2_1_img046.jpg,pg2_1,pg,train,10
1502,pg2_1_img047.jpg,pg2_1,pg,train,10
1503,pg2_1_img048.jpg,pg2_1,pg,train,10
1504,pg2_1_img049.jpg,pg2_1,pg,train,10
1505,pg2_1_img050.jpg,pg2_1,pg,train,10
1506,pg2_1_img051.jpg,pg2_1,pg,train,10
1507,pg2_1_img052.jpg,pg2_1,pg,train,10
1508,pg2_1_img053.jpg,pg2_1,pg,train,10
1509,pg2_1_img054.jpg,pg2_1,pg,train,10
1510,pg2_1_img055.jpg,pg2_1,pg,train,10
1511,pg2_1_img056.jpg,pg2_1,pg,train,10
1512,pg2_1_img057.jpg,pg2_1,pg,train,10
1513,pg2_1_img058.jpg,pg2_1,pg,train,10
1514,pg2_1_img059.jpg,pg2_1,pg,train,10
1515,pg2_1_img060.jpg,pg2_1,pg,train,10
1516,pg2_1_img061.jpg,pg2_1,pg,train,10
1517,pg2_1_img062.jpg,pg2_1,pg,train,10
1518,pg2_1_img063.jpg,pg2_1,pg,train,10
1519,pg2_1_img064.jpg,pg2_1,pg,train,10
1520,pg2_1_img065.jpg,pg2_1,pg,train,10
1521,pg2_1_img066.jpg,pg2_1,pg,train,10
1522,pg2_1_img067.jpg,pg2_1,pg,train,10
1523,pg2_1_img068.jpg,pg2_1,pg,train,10
1524,pg2_1_img069.jpg,pg2_1,pg,train,10
1525,pg2_1_img070.jpg,pg2_1,pg,train,10
1526,pg2_1_img071.jpg,pg2_1,pg,train,10
1527,pg2_1_img072.jpg,pg2_1,pg,train,10
1528,pg2_1_img073.jpg,pg2_1,pg,train,10
1529,pg2_1_img074.jpg,pg2_1,pg,train,10
1530,pg2_1_img075.jpg,pg2_1,pg,train,10
1531,pg2_1_img076.jpg,pg2_1,pg,train,10
1532,pg2_1_img077.jpg,pg2_1,pg,train,10
1533,pg2_1_img078.jpg,pg2_1,pg,train,10
1534,pg2_1_img079.jpg,pg2_1,pg,train,10
1535,pg2_1_img080.jpg,pg2_1,pg,train,10
1536,pg2_1_img081.jpg,pg2_1,pg,train,10
1537,pg2_1_img082.jpg,pg2_1,pg,train,10
1538,pg2_1_img083.jpg,pg2_1,pg,train,10
1539,pg2_1_img084.jpg,pg2_1,pg,train,10
1540,pg2_1_img085.jpg,pg2_1,pg,train,10
1541,pg2_1_img086.jpg,pg2_1,pg,train,10
1542,pg2_1_img087.jpg,pg2_1,pg,train,10
1543,pg2_1_img088.jpg,pg2_1,pg,train,10
1544,pg2_1_img089.jpg,pg2_1,pg,train,10
1545,pg2_1_img090.jpg,pg2_1,pg,train,10
1546,pg2_1_img091.jpg,pg2_1,pg,train,10
1547,pg2_1_img092.jpg,pg2_1,pg,train,10
1548,pg2_1_img093.jpg,pg2_1,pg,train,10
1549,pg2_1_img094.jpg,pg2_1,pg,train,10
1550,pg2_1_img095.jpg,pg2_1,pg,train,10
1551,pg2_1_img096.jpg,pg2_1,pg,train,10
1552,pg2_1_img097.jpg,pg2_1,pg,train,10
1553,pg2_2_img001.jpg,pg2_2,pg,train,10
1554,pg2_2_img002.jpg,pg2_2,pg,train,10
1555,pg2_2_img003.jpg,pg2_2,pg,train,10
1556,pg2_2_img004.jpg,pg2_2,pg,train,10
1557,pg2_2_img005.jpg,pg2_2,pg,train,10
1558,pg2_2_img006.jpg,pg2_2,pg,train,10
1559,pg2_2_img007.jpg,pg2_2,pg,train,10
1560,pg2_2_img008.jpg,pg2_2,pg,train,10
1561,pg2_2_img009.jpg,pg2_2,pg,train,10
1562,pg2_2_img010.jpg,pg2_2,pg,train,10
1563,pg2_2_img011.jpg,pg2_2,pg,train,10
1564,pg2_2_img012.jpg,pg2_2,pg,train,10
1565,pg2_2_img013.jpg,pg2_2,pg,train,10
1566,pg2_2_img014.jpg,pg2_2,pg,train,10
1567,pg2_2_img015.jpg,pg2_2,pg,train,10
1568,pg2_2_img016.jpg,pg2_2,pg,train,10
1569,pg2_2_img017.jpg,pg2_2,pg,train,10
1570,pg2_2_img018.jpg,pg2_2,pg,train,10
1571,pg2_2_img019.jpg,pg2_2,pg,train,10
1572,pg2_2_img020.jpg,pg2_2,pg,train,10
1573,pg2_2_img021.jpg,pg2_2,pg,train,10
1574,pg2_2_img022.jpg,pg2_2,pg,train,10
1575,pg2_2_img023.jpg,pg2_2,pg,train,10
1576,pg2_2_img024.jpg,pg2_2,pg,train,10
1577,pg2_2_img025.jpg,pg2_2,pg,train,10
1578,pg2_2_img026.jpg,pg2_2,pg,train,10
1579,pg2_2_img027.jpg,pg2_2,pg,train,10
1580,pg2_2_img028.jpg,pg2_2,pg,train,10
1581,pg2_2_img029.jpg,pg2_2,pg,train,10
1582,pg2_2_img030.jpg,pg2_2,pg,train,10
1583,pg2_2_img031.jpg,pg2_2,pg,train,10
1584,pg2_2_img032.jpg,pg2_2,pg,train,10
1585,pg2_2_img033.jpg,pg2_2,pg,train,10
1586,pg2_2_img034.jpg,pg2_2,pg,train,10
1587,pg2_2_img035.jpg,pg2_2,pg,train,10
1588,pg2_2_img036.jpg,pg2_2,pg,train,10
1589,pg2_2_img037.jpg,pg2_2,pg,train,10
1590,pg2_2_img038.jpg,pg2_2,pg,train,10
1591,pg2_2_img039.jpg,pg2_2,pg,train,10
1592,pg2_2_img040.jpg,pg2_2,pg,train,10
1593,pg2_2_img041.jpg,pg2_2,pg,train,10
1594,pg2_2_img042.jpg,pg2_2,pg,train,10
1595,pg2_2_img043.jpg,pg2_2,pg,train,10
1596,pg2_2_img044.jpg,pg2_2,pg,train,10
1597,pg2_2_img045.jpg,pg2_2,pg,train,10
1598,pg2_2_img046.jpg,pg2_2,pg,train,10
1599,pg2_2_img047.jpg,pg2_2,pg,train,10
1600,pg2_2_img048.jpg,pg2_2,pg,train,10
1601,pg2_2_img049.jpg,pg2_2,pg,train,10
1602,pg2_2_img050.jpg,pg2_2,pg,train,10
1603,pg2_2_img051.jpg,pg2_2,pg,train,10
1604,pg2_2_img052.jpg,pg2_2,pg,train,10
1605,pg2_2_img053.jpg,pg2_2,pg,train,10
1606,pg2_2_img054.jpg,pg2_2,pg,train,10
1607,pg2_2_img055.jpg,pg2_2,pg,train,10
1608,pg2_2_img056.jpg,pg2_2,pg,train,10
1609,pg2_2_img057.jpg,pg2_2,pg,train,10
1610,pg2_2_img058.jpg,pg2_2,pg,train,10
1611,pg2_2_img059.jpg,pg2_2,pg,train,10
1612,pg2_2_img060.jpg,pg2_2,pg,train,10
1613,pg2_2_img061.jpg,pg2_2,pg,train,10
1614,pg2_2_img062.jpg,pg2_2,pg,train,10
1615,pg2_2_img063.jpg,pg2_2,pg,train,10
1616,pg2_2_img064.jpg,pg2_2,pg,train,10
1617,pg2_2_img065.jpg,pg2_2,pg,train,10
1618,pg2_2_img066.jpg,pg2_2,pg,train,10
1619,pg2_2_img067.jpg,pg2_2,pg,train,10
1620,pg2_2_img068.jpg,pg2_2,pg,train,10
1621,pg2_2_img069.jpg,pg2_2,pg,train,10
1622,pg2_2_img070.jpg,pg2_2,pg,train,10
1623,pg2_2_img071.jpg,pg2_2,pg,train,10
1624,pg2_2_img072.jpg,pg2_2,pg,train,10
1625,pg2_2_img073.jpg,pg2_2,pg,train,10
1626,pg2_2_img074.jpg,pg2_2,pg,train,10
1627,pg2_2_img075.jpg,pg2_2,pg,train,10
1628,pg2_2_img076.jpg,pg2_2,pg,train,10
1629,pg2_2_img077.jpg,pg2_2,pg,train,10
1630,pg2_2_img078.jpg,pg2_2,pg,train,10
1631,pg2_2_img079.jpg,pg2_2,pg,train,10
1632,pg2_2_img080.jpg,pg2_2,pg,train,10
1633,pg2_2_img081.jpg,pg2_2,pg,train,10
1634,pg2_2_img082.jpg,pg2_2,pg,train,10
1635,pg2_2_img083.jpg,pg2_2,pg,train,10
1636,pg2_2_img084.jpg,pg2_2,pg,train,10
1637,pg2_2_img085.jpg,pg2_2,pg,train,10
1638,pg2_2_img086.jpg,pg2_2,pg,train,10
1639,pg2_2_img087.jpg,pg2_2,pg,train,10
1640,pg2_2_img088.jpg,pg2_2,pg,train,10
1641,pg2_2_img089.jpg,pg2_2,pg,train,10
1642,pg2_2_img090.jpg,pg2_2,pg,train,10
1643,pg2_2_img091.jpg,pg2_2,pg,train,10
1644,pg2_2_img092.jpg,pg2_2,pg,train,10
1645,pg2_2_img093.jpg,pg2_2,pg,train,10
1646,pg2_2_img094.jpg,pg2_2,pg,train,10
1647,pg2_2_img095.jpg,pg2_2,pg,train,10
1648,pg2_2_img096.jpg,pg2_2,pg,train,10
1649,pg2_2_img097.jpg,pg2_2,pg,train,10
1650,pg2_3_img001.jpg,pg2_3,pg,test,10
1651,pg2_3_img002.jpg,pg2_3,pg,test,10
1652,pg2_3_img003.jpg,pg2_3,pg,test,10
1653,pg2_3_img004.jpg,pg2_3,pg,test,10
1654,pg2_3_img005.jpg,pg2_3,pg,test,10
1655,pg2_3_img006.jpg,pg2_3,pg,test,10
1656,pg2_3_img007.jpg,pg2_3,pg,test,10
1657,pg2_3_img008.jpg,pg2_3,pg,test,10
1658,pg2_3_img009.jpg,pg2_3,pg,test,10
1659,pg2_3_img010.jpg,pg2_3,pg,test,10
1660,pg2_3_img011.jpg,pg2_3,pg,test,10
1661,pg2_3_img012.jpg,pg2_3,pg,test,10
1662,pg2_3_img013.jpg,pg2_3,pg,test,10
1663,pg2_3_img014.jpg,pg2_3,pg,test,10
1664,pg2_3_img015.jpg,pg2_3,pg,test,10
1665,pg2_3_img016.jpg,pg2_3,pg,test,10
1666,pg2_3_img017.jpg,pg2_3,pg,test,10
1667,pg2_3_img018.jpg,pg2_3,pg,test,10
1668,pg2_3_img019.jpg,pg2_3,pg,test,10
1669,pg2_3_img020.jpg,pg2_3,pg,test,10
1670,pg2_3_img021.jpg,pg2_3,pg,test,10
1671,pg2_3_img022.jpg,pg2_3,pg,test,10
1672,pg2_3_img023.jpg,pg2_3,pg,test,10
1673,pg2_3_img024.jpg,pg2_3,pg,test,10
1674,pg2_3_img025.jpg,pg2_3,pg,test,10
1675,pg2_3_img026.jpg,pg2_3,pg,test,10
1676,pg2_3_img027.jpg,pg2_3,pg,test,10
1677,pg2_3_img028.jpg,pg2_3,pg,test,10
1678,pg2_3_img029.jpg,pg2_3,pg,test,10
1679,pg2_3_img030.jpg,pg2_3,pg,test,10
1680,pg2_3_img031.jpg,pg2_3,pg,test,10
1681,pg2_3_img032.jpg,pg2_3,pg,test,10
1682,pg2_3_img033.jpg,pg2_3,pg,test,10
1683,pg2_3_img034.jpg,pg2_3,pg,test,10
1684,pg2_3_img035.jpg,pg2_3,pg,test,10
1685,pg2_3_img036.jpg,pg2_3,pg,test,10
1686,pg2_3_img037.jpg,pg2_3,pg,test,10
1687,pg2_3_img038.jpg,pg2_3,pg,test,10
1688,pg2_3_img039.jpg,pg2_3,pg,test,10
1689,pg2_3_img040.jpg,pg2_3,pg,test,10
1690,pg2_3_img041.jpg,pg2_3,pg,test,10
1691,pg2_3_img042.jpg,pg2_3,pg,test,10
1692,pg2_3_img043.jpg,pg2_3,pg,test,10
1693,pg2_3_img044.jpg,pg2_3,pg,test,10
1694,pg2_3_img045.jpg,pg2_3,pg,test,10
1695,pg2_3_img046.jpg,pg2_3,pg,test,10
1696,pg2_3_img047.jpg,pg2_3,pg,test,10
1697,pg2_3_img048.jpg,pg2_3,pg,test,10
1698,pg2_3_img049.jpg,pg2_3,pg,test,10
1699,pg2_3_img050.jpg,pg2_3,pg,test,10
1700,pg2_3_img051.jpg,pg2_3,pg,test,10
1701,pg2_3_img052.jpg,pg2_3,pg,test,10
1702,pg2_3_img053.jpg,pg2_3,pg,test,10
1703,pg2_3_img054.jpg,pg2_3,pg,test,10
1704,pg2_3_img055.jpg,pg2_3,pg,test,10
1705,pg2_3_img056.jpg,pg2_3,pg,test,10
1706,pg2_3_img057.jpg,pg2_3,pg,test,10
1707,pg2_3_img058.jpg,pg2_3,pg,test,10
1708,pg2_3_img059.jpg,pg2_3,pg,test,10
1709,pg2_3_img060.jpg,pg2_3,pg,test,10
1710,pg2_3_img061.jpg,pg2_3,pg,test,10
1711,pg2_3_img062.jpg,pg2_3,pg,test,10
1712,pg2_3_img063.jpg,pg2_3,pg,test,10
1713,pg2_3_img064.jpg,pg2_3,pg,test,10
1714,pg2_3_img065.jpg,pg2_3,pg,test,10
1715,pg2_3_img066.jpg,pg2_3,pg,test,10
1716,pg2_3_img067.jpg,pg2_3,pg,test,10
1717,pg2_3_img068.jpg,pg2_3,pg,test,10
1718,pg2_3_img069.jpg,pg2_3,pg,test,10
1719,pg2_3_img070.jpg,pg2_3,pg,test,10
1720,pg2_3_img071.jpg,pg2_3,pg,test,10
1721,pg2_3_img072.jpg,pg2_3,pg,test,10
1722,pg2_3_img073.jpg,pg2_3,pg,test,10
1723,pg2_3_img074.jpg,pg2_3,pg,test,10
1724,pg2_3_img075.jpg,pg2_3,pg,test,10
1725,pg2_3_img076.jpg,pg2_3,pg,test,10
1726,pg2_3_img077.jpg,pg2_3,pg,test,10
1727,pg2_3_img078.jpg,pg2_3,pg,test,10
1728,pg2_3_img079.jpg,pg2_3,pg,test,10
1729,pg2_3_img080.jpg,pg2_3,pg,test,10
1730,pg2_3_img081.jpg,pg2_3,pg,test,10
1731,pg2_3_img082.jpg,pg2_3,pg,test,10
1732,pg2_3_img083.jpg,pg2_3,pg,test,10
1733,pg2_3_img084.jpg,pg2_3,pg,test,10
1734,pg2_3_img085.jpg,pg2_3,pg,test,10
1735,pg2_3_img086.jpg,pg2_3,pg,test,10
1736,pg2_3_img087.jpg,pg2_3,pg,test,10
1737,pg2_3_img088.jpg,pg2_3,pg,test,10
1738,pg2_3_img089.jpg,pg2_3,pg,test,10
1739,pg2_3_img090.jpg,pg2_3,pg,test,10
1740,pg2_3_img091.jpg,pg2_3,pg,test,10
1741,pg2_3_img092.jpg,pg2_3,pg,test,10
1742,pg2_3_img093.jpg,pg2_3,pg,test,10
1743,pg2_3_img094.jpg,pg2_3,pg,test,10
1744,pg2_3_img095.jpg,pg2_3,pg,test,10
1745,pg2_3_img096.jpg,pg2_3,pg,test,10
1746,pg2_3_img097.jpg,pg2_3,pg,test,10
1747,pg2_4_img001.jpg,pg2_4,pg,train,10
1748,pg2_4_img002.jpg,pg2_4,pg,train,10
1749,pg2_4_img003.jpg,pg2_4,pg,train,10
1750,pg2_4_img004.jpg,pg2_4,pg,train,10
1751,pg2_4_img005.jpg,pg2_4,pg,train,10
1752,pg2_4_img006.jpg,pg2_4,pg,train,10
1753,pg2_4_img007.jpg,pg2_4,pg,train,10
1754,pg2_4_img008.jpg,pg2_4,pg,train,10
1755,pg2_4_img009.jpg,pg2_4,pg,train,10
1756,pg2_4_img010.jpg,pg2_4,pg,train,10
1757,pg2_4_img011.jpg,pg2_4,pg,train,10
1758,pg2_4_img012.jpg,pg2_4,pg,train,10
1759,pg2_4_img013.jpg,pg2_4,pg,train,10
1760,pg2_4_img014.jpg,pg2_4,pg,train,10
1761,pg2_4_img015.jpg,pg2_4,pg,train,10
1762,pg2_4_img016.jpg,pg2_4,pg,train,10
1763,pg2_4_img017.jpg,pg2_4,pg,train,10
1764,pg2_4_img018.jpg,pg2_4,pg,train,10
1765,pg2_4_img019.jpg,pg2_4,pg,train,10
1766,pg2_4_img020.jpg,pg2_4,pg,train,10
1767,pg2_4_img021.jpg,pg2_4,pg,train,10
1768,pg2_4_img022.jpg,pg2_4,pg,train,10
1769,pg2_4_img023.jpg,pg2_4,pg,train,10
1770,pg2_4_img024.jpg,pg2_4,pg,train,10
1771,pg2_4_img025.jpg,pg2_4,pg,train,10
1772,pg2_4_img026.jpg,pg2_4,pg,train,10
1773,pg2_4_img027.jpg,pg2_4,pg,train,10
1774,pg2_4_img028.jpg,pg2_4,pg,train,10
1775,pg2_4_img029.jpg,pg2_4,pg,train,10
1776,pg2_4_img030.jpg,pg2_4,pg,train,10
1777,pg2_4_img031.jpg,pg2_4,pg,train,10
1778,pg2_4_img032.jpg,pg2_4,pg,train,10
1779,pg2_4_img033.jpg,pg2_4,pg,train,10
1780,pg2_4_img034.jpg,pg2_4,pg,train,10
1781,pg2_4_img035.jpg,pg2_4,pg,train,10
1782,pg2_4_img036.jpg,pg2_4,pg,train,10
1783,pg2_4_img037.jpg,pg2_4,pg,train,10
1784,pg2_4_img038.jpg,pg2_4,pg,train,10
1785,pg2_4_img039.jpg,pg2_4,pg,train,10
1786,pg2_4_img040.jpg,pg2_4,pg,train,10
1787,pg2_4_img041.jpg,pg2_4,pg,train,10
1788,pg2_4_img042.jpg,pg2_4,pg,train,10
1789,pg2_4_img043.jpg,pg2_4,pg,train,10
1790,pg2_4_img044.jpg,pg2_4,pg,train,10
1791,pg2_4_img045.jpg,pg2_4,pg,train,10
1792,pg2_4_img046.jpg,pg2_4,pg,train,10
1793,pg2_4_img047.jpg,pg2_4,pg,train,10
1794,pg2_4_img048.jpg,pg2_4,pg,train,10
1795,pg2_4_img049.jpg,pg2_4,pg,train,10
1796,pg2_4_img050.jpg,pg2_4,pg,train,10
1797,pg2_4_img051.jpg,pg2_4,pg,train,10
1798,pg2_4_img052.jpg,pg2_4,pg,train,10
1799,pg2_4_img053.jpg,pg2_4,pg,train,10
1800,pg2_4_img054.jpg,pg2_4,pg,train,10
1801,pg2_4_img055.jpg,pg2_4,pg,train,10
1802,pg2_4_img056.jpg,pg2_4,pg,train,10
1803,pg2_4_img057.jpg,pg2_4,pg,train,10
1804,pg2_4_img058.jpg,pg2_4,pg,train,10
1805,pg2_4_img059.jpg,pg2_4,pg,train,10
1806,pg2_4_img060.jpg,pg2_4,pg,train,10
1807,pg2_4_img061.jpg,pg2_4,pg,train,10
1808,pg2_4_img062.jpg,pg2_4,pg,train,10
1809,pg2_4_img063.jpg,pg2_4,pg,train,10
1810,pg2_4_img064.jpg,pg2_4,pg,train,10
1811,pg2_4_img065.jpg,pg2_4,pg,train,10
1812,pg2_4_img066.jpg,pg2_4,pg,train,10
1813,pg2_4_img067.jpg,pg2_4,pg,train,10
1814,pg2_4_img068.jpg,pg2_4,pg,train,10
1815,pg2_4_img069.jpg,pg2_4,pg,train,10
1816,pg2_4_img070.jpg,pg2_4,pg,train,10
1817,pg2_4_img071.jpg,pg2_4,pg,train,10
1818,pg2_4_img072.jpg,pg2_4,pg,train,10
1819,pg2_4_img073.jpg,pg2_4,pg,train,10
1820,pg2_4_img074.jpg,pg2_4,pg,train,10
1821,pg2_4_img075.jpg,pg2_4,pg,train,10
1822,pg2_4_img076.jpg,pg2_4,pg,train,10
1823,pg2_4_img077.jpg,pg2_4,pg,train,10
1824,pg2_4_img078.jpg,pg2_4,pg,train,10
1825,pg2_4_img079.jpg,pg2_4,pg,train,10
1826,pg2_4_img080.jpg,pg2_4,pg,train,10
1827,pg2_4_img081.jpg,pg2_4,pg,train,10
1828,pg2_4_img082.jpg,pg2_4,pg,train,10
1829,pg2_4_img083.jpg,pg2_4,pg,train,10
1830,pg2_4_img084.jpg,pg2_4,pg,train,10
1831,pg2_4_img085.jpg,pg2_4,pg,train,10
1832,pg2_4_img086.jpg,pg2_4,pg,train,10
1833,pg2_4_img087.jpg,pg2_4,pg,train,10
1834,pg2_4_img088.jpg,pg2_4,pg,train,10
1835,pg2_4_img089.jpg,pg2_4,pg,train,10
1836,pg2_4_img090.jpg,pg2_4,pg,train,10
1837,pg2_4_img091.jpg,pg2_4,pg,train,10
1838,pg2_4_img092.jpg,pg2_4,pg,train,10
1839,pg2_4_img093.jpg,pg2_4,pg,train,10
1840,pg2_4_img094.jpg,pg2_4,pg,train,10
1841,pg2_4_img095.jpg,pg2_4,pg,train,10
1842,pg2_4_img096.jpg,pg2_4,pg,train,10
1843,pg2_4_img097.jpg,pg2_4,pg,train,10
1844,pg2_5_img001.jpg,pg2_5,pg,train,10
1845,pg2_5_img002.jpg,pg2_5,pg,train,10
1846,pg2_5_img003.jpg,pg2_5,pg,train,10
1847,pg2_5_img004.jpg,pg2_5,pg,train,10
1848,pg2_5_img005.jpg,pg2_5,pg,train,10
1849,pg2_5_img006.jpg,pg2_5,pg,train,10
1850,pg2_5_img007.jpg,pg2_5,pg,train,10
1851,pg2_5_img008.jpg,pg2_5,pg,train,10
1852,pg2_5_img009.jpg,pg2_5,pg,train,10
1853,pg2_5_img010.jpg,pg2_5,pg,train,10
1854,pg2_5_img011.jpg,pg2_5,pg,train,10
1855,pg2_5_img012.jpg,pg2_5,pg,train,10
1856,pg2_5_img013.jpg,pg2_5,pg,train,10
1857,pg2_5_img014.jpg,pg2_5,pg,train,10
1858,pg2_5_img015.jpg,pg2_5,pg,train,10
1859,pg2_5_img016.jpg,pg2_5,pg,train,10
1860,pg2_5_img017.jpg,pg2_5,pg,train,10
1861,pg2_5_img018.jpg,pg2_5,pg,train,10
1862,pg2_5_img019.jpg,pg2_5,pg,train,10
1863,pg2_5_img020.jpg,pg2_5,pg,train,10
1864,pg2_5_img021.jpg,pg2_5,pg,train,10
1865,pg2_5_img022.jpg,pg2_5,pg,train,10
1866,pg2_5_img023.jpg,pg2_5,pg,train,10
1867,pg2_5_img024.jpg,pg2_5,pg,train,10
1868,pg2_5_img025.jpg,pg2_5,pg,train,10
1869,pg2_5_img026.jpg,pg2_5,pg,train,10
1870,pg2_5_img027.jpg,pg2_5,pg,train,10
1871,pg2_5_img028.jpg,pg2_5,pg,train,10
1872,pg2_5_img029.jpg,pg2_5,pg,train,10
1873,pg2_5_img030.jpg,pg2_5,pg,train,10
1874,pg2_5_img031.jpg,pg2_5,pg,train,10
1875,pg2_5_img032.jpg,pg2_5,pg,train,10
1876,pg2_5_img033.jpg,pg2_5,pg,train,10
1877,pg2_5_img034.jpg,pg2_5,pg,train,10
1878,pg2_5_img035.jpg,pg2_5,pg,train,10
1879,pg2_5_img036.jpg,pg2_5,pg,train,10
1880,pg2_5_img037.jpg,pg2_5,pg,train,10
1881,pg2_5_img038.jpg,pg2_5,pg,train,10
1882,pg2_5_img039.jpg,pg2_5,pg,train,10
1883,pg2_5_img040.jpg,pg2_5,pg,train,10
1884,pg2_5_img041.jpg,pg2_5,pg,train,10
1885,pg2_5_img042.jpg,pg2_5,pg,train,10
1886,pg2_5_img043.jpg,pg2_5,pg,train,10
1887,pg2_5_img044.jpg,pg2_5,pg,train,10
1888,pg2_5_img045.jpg,pg2_5,pg,train,10
1889,pg2_5_img046.jpg,pg2_5,pg,train,10
1890,pg2_5_img047.jpg,pg2_5,pg,train,10
1891,pg2_5_img048.jpg,pg2_5,pg,train,10
1892,pg2_5_img049.jpg,pg2_5,pg,train,10
1893,pg2_5_img050.jpg,pg2_5,pg,train,10
1894,pg2_5_img051.jpg,pg2_5,pg,train,10
1895,pg2_5_img052.jpg,pg2_5,pg,train,10
1896,pg2_5_img053.jpg,pg2_5,pg,train,10
1897,pg2_5_img054.jpg,pg2_5,pg,train,10
1898,pg2_5_img055.jpg,pg2_5,pg,train,10
1899,pg2_5_img056.jpg,pg2_5,pg,train,10
1900,pg2_5_img057.jpg,pg2_5,pg,train,10
1901,pg2_5_img058.jpg,pg2_5,pg,train,10
1902,pg2_5_img059.jpg,pg2_5,pg,train,10
1903,pg2_5_img060.jpg,pg2_5,pg,train,10
1904,pg2_5_img061.jpg,pg2_5,pg,train,10
1905,pg2_5_img062.jpg,pg2_5,pg,train,10
1906,pg2_5_img063.jpg,pg2_5,pg,train,10
1907,pg2_5_img064.jpg,pg2_5,pg,train,10
1908,pg2_5_img065.jpg,pg2_5,pg,train,10
1909,pg2_5_img066.jpg,pg2_5,pg,train,10
1910,pg2_5_img067.jpg,pg2_5,pg,train,10
1911,pg2_5_img068.jpg,pg2_5,pg,train,10
1912,pg2_5_img069.jpg,pg2_5,pg,train,10
1913,pg2_5_img070.jpg,pg2_5,pg,train,10
1914,pg2_5_img071.jpg,pg2_5,pg,train,10
1915,pg2_5_img072.jpg,pg2_5,pg,train,10
1916,pg2_5_img073.jpg,pg2_5,pg,train,10
1917,pg2_5_img074.jpg,pg2_5,pg,train,10
1918,pg2_5_img075.jpg,pg2_5,pg,train,10
1919,pg2_5_img076.jpg,pg2_5,pg,train,10
1920,pg2_5_img077.jpg,pg2_5,pg,train,10
1921,pg2_5_img078.jpg,pg2_5,pg,train,10
1922,pg2_5_img079.jpg,pg2_5,pg,train,10
1923,pg2_5_img080.jpg,pg2_5,pg,train,10
1924,pg2_5_img081.jpg,pg2_5,pg,train,10
1925,pg2_5_img082.jpg,pg2_5,pg,train,10
1926,pg2_5_img083.jpg,pg2_5,pg,train,10
1927,pg2_5_img084.jpg,pg2_5,pg,train,10
1928,pg2_5_img085.jpg,pg2_5,pg,train,10
1929,pg2_5_img086.jpg,pg2_5,pg,train,10
1930,pg2_5_img087.jpg,pg2_5,pg,train,10
1931,pg2_5_img088.jpg,pg2_5,pg,train,10
1932,pg2_5_img089.jpg,pg2_5,pg,train,10
1933,pg2_5_img090.jpg,pg2_5,pg,train,10
1934,pg2_5_img091.jpg,pg2_5,pg,train,10
1935,pg2_5_img092.jpg,pg2_5,pg,train,10
1936,pg2_5_img093.jpg,pg2_5,pg,train,10
1937,pg2_5_img094.jpg,pg2_5,pg,train,10
1938,pg2_5_img095.jpg,pg2_5,pg,train,10
1939,pg2_5_img096.jpg,pg2_5,pg,train,10
1940,pg2_5_img097.jpg,pg2_5,pg,train,10
1941,pg2_6_img001.jpg,pg2_6,pg,train,10
1942,pg2_6_img002.jpg,pg2_6,pg,train,10
1943,pg2_6_img003.jpg,pg2_6,pg,train,10
1944,pg2_6_img004.jpg,pg2_6,pg,train,10
1945,pg2_6_img005.jpg,pg2_6,pg,train,10
1946,pg2_6_img006.jpg,pg2_6,pg,train,10
1947,pg2_6_img007.jpg,pg2_6,pg,train,10
1948,pg2_6_img008.jpg,pg2_6,pg,train,10
1949,pg2_6_img009.jpg,pg2_6,pg,train,10
1950,pg2_6_img010.jpg,pg2_6,pg,train,10
1951,pg2_6_img011.jpg,pg2_6,pg,train,10
1952,pg2_6_img012.jpg,pg2_6,pg,train,10
1953,pg2_6_img013.jpg,pg2_6,pg,train,10
1954,pg2_6_img014.jpg,pg2_6,pg,train,10
1955,pg2_6_img015.jpg,pg2_6,pg,train,10
1956,pg2_6_img016.jpg,pg2_6,pg,train,10
1957,pg2_6_img017.jpg,pg2_6,pg,train,10
1958,pg2_6_img018.jpg,pg2_6,pg,train,10
1959,pg2_6_img019.jpg,pg2_6,pg,train,10
1960,pg2_6_img020.jpg,pg2_6,pg,train,10
1961,pg2_6_img021.jpg,pg2_6,pg,train,10
1962,pg2_6_img022.jpg,pg2_6,pg,train,10
1963,pg2_6_img023.jpg,pg2_6,pg,train,10
1964,pg2_6_img024.jpg,pg2_6,pg,train,10
1965,pg2_6_img025.jpg,pg2_6,pg,train,10
1966,pg2_6_img026.jpg,pg2_6,pg,train,10
1967,pg2_6_img027.jpg,pg2_6,pg,train,10
1968,pg2_6_img028.jpg,pg2_6,pg,train,10
1969,pg2_6_img029.jpg,pg2_6,pg,train,10
1970,pg2_6_img030.jpg,pg2_6,pg,train,10
1971,pg2_6_img031.jpg,pg2_6,pg,train,10
1972,pg2_6_img032.jpg,pg2_6,pg,train,10
1973,pg2_6_img033.jpg,pg2_6,pg,train,10
1974,pg2_6_img034.jpg,pg2_6,pg,train,10
1975,pg2_6_img035.jpg,pg2_6,pg,train,10
1976,pg2_6_img036.jpg,pg2_6,pg,train,10
1977,pg2_6_img037.jpg,pg2_6,pg,train,10
1978,pg2_6_img038.jpg,pg2_6,pg,train,10
1979,pg2_6_img039.jpg,pg2_6,pg,train,10
1980,pg2_6_img040.jpg,pg2_6,pg,train,10
1981,pg2_6_img041.jpg,pg2_6,pg,train,10
1982,pg2_6_img042.jpg,pg2_6,pg,train,10
1983,pg2_6_img043.jpg,pg2_6,pg,train,10
1984,pg2_6_img044.jpg,pg2_6,pg,train,10
1985,pg2_6_img045.jpg,pg2_6,pg,train,10
1986,pg2_6_img046.jpg,pg2_6,pg,train,10
1987,pg2_6_img047.jpg,pg2_6,pg,train,10
1988,pg2_6_img048.jpg,pg2_6,pg,train,10
1989,pg2_6_img049.jpg,pg2_6,pg,train,10
1990,pg2_6_img050.jpg,pg2_6,pg,train,10
1991,pg2_6_img051.jpg,pg2_6,pg,train,10
1992,pg2_6_img052.jpg,pg2_6,pg,train,10
1993,pg2_6_img053.jpg,pg2_6,pg,train,10
1994,pg2_6_img054.jpg,pg2_6,pg,train,10
1995,pg2_6_img055.jpg,pg2_6,pg,train,10
1996,pg2_6_img056.jpg,pg2_6,pg,train,10
1997,pg2_6_img057.jpg,pg2_6,pg,train,10
1998,pg2_6_img058.jpg,pg2_6,pg,train,10
1999,pg2_6_img059.jpg,pg2_6,pg,train,10
2000,pg2_6_img060.jpg,pg2_6,pg,train,10
2001,pg2_6_img061.jpg,pg2_6,pg,train,10
2002,pg2_6_img062.jpg,pg2_6,pg,train,10
2003,pg2_6_img063.jpg,pg2_6,pg,train,10
2004,pg2_6_img064.jpg,pg2_6,pg,train,10
2005,pg2_6_img065.jpg,pg2_6,pg,train,10
2006,pg2_6_img066.jpg,pg2_6,pg,train,10
2007,pg2_6_img067.jpg,pg2_6,pg,train,10
2008,pg2_6_img068.jpg,pg2_6,pg,train,10
2009,pg2_6_img069.jpg,pg2_6,pg,train,10
2010,pg2_6_img070.jpg,pg2_6,pg,train,10
2011,pg2_6_img071.jpg,pg2_6,pg,train,10
2012,pg2_6_img072.jpg,pg2_6,pg,train,10
2013,pg2_6_img073.jpg,pg2_6,pg,train,10
2014,pg2_6_img074.jpg,pg2_6,pg,train,10
2015,pg2_6_img075.jpg,pg2_6,pg,train,10
2016,pg2_6_img076.jpg,pg2_6,pg,train,10
2017,pg2_6_img077.jpg,pg2_6,pg,train,10
2018,pg2_6_img078.jpg,pg2_6,pg,train,10
2019,pg2_6_img079.jpg,pg2_6,pg,train,10
2020,pg2_6_img080.jpg,pg2_6,pg,train,10
2021,pg2_6_img081.jpg,pg2_6,pg,train,10
2022,pg2_6_img082.jpg,pg2_6,pg,train,10
2023,pg2_6_img083.jpg,pg2_6,pg,train,10
2024,pg2_6_img084.jpg,pg2_6,pg,train,10
2025,pg2_6_img085.jpg,pg2_6,pg,train,10
2026,pg2_6_img086.jpg,pg2_6,pg,train,10
2027,pg2_6_img087.jpg,pg2_6,pg,train,10
2028,pg2_6_img088.jpg,pg2_6,pg,train,10
2029,pg2_6_img089.jpg,pg2_6,pg,train,10
2030,pg2_6_img090.jpg,pg2_6,pg,train,10
2031,pg2_6_img091.jpg,pg2_6,pg,train,10
2032,pg2_6_img092.jpg,pg2_6,pg,train,10
2033,pg2_6_img093.jpg,pg2_6,pg,train,10
2034,pg2_6_img094.jpg,pg2_6,pg,train,10
2035,pg2_6_img095.jpg,pg2_6,pg,train,10
2036,pg2_6_img096.jpg,pg2_6,pg,train,10
2037,pg2_6_img097.jpg,pg2_6,pg,train,10
2038,pg2_7_img001.jpg,pg2_7,pg,train,10
2039,pg2_7_img002.jpg,pg2_7,pg,train,10
2040,pg2_7_img003.jpg,pg2_7,pg,train,10
2041,pg2_7_img004.jpg,pg2_7,pg,train,10
2042,pg2_7_img005.jpg,pg2_7,pg,train,10
2043,pg2_7_img006.jpg,pg2_7,pg,train,10
2044,pg2_7_img007.jpg,pg2_7,pg,train,10
2045,pg2_7_img008.jpg,pg2_7,pg,train,10
2046,pg2_7_img009.jpg,pg2_7,pg,train,10
2047,pg2_7_img010.jpg,pg2_7,pg,train,10
2048,pg2_7_img011.jpg,pg2_7,pg,train,10
2049,pg2_7_img012.jpg,pg2_7,pg,train,10
2050,pg2_7_img013.jpg,pg2_7,pg,train,10
2051,pg2_7_img014.jpg,pg2_7,pg,train,10
2052,pg2_7_img015.jpg,pg2_7,pg,train,10
2053,pg2_7_img016.jpg,pg2_7,pg,train,10
2054,pg2_7_img017.jpg,pg2_7,pg,train,10
2055,pg2_7_img018.jpg,pg2_7,pg,train,10
2056,pg2_7_img019.jpg,pg2_7,pg,train,10
2057,pg2_7_img020.jpg,pg2_7,pg,train,10
2058,pg2_7_img021.jpg,pg2_7,pg,train,10
2059,pg2_7_img022.jpg,pg2_7,pg,train,10
2060,pg2_7_img023.jpg,pg2_7,pg,train,10
2061,pg2_7_img024.jpg,pg2_7,pg,train,10
2062,pg2_7_img025.jpg,pg2_7,pg,train,10
2063,pg2_7_img026.jpg,pg2_7,pg,train,10
2064,pg2_7_img027.jpg,pg2_7,pg,train,10
2065,pg2_7_img028.jpg,pg2_7,pg,train,10
2066,pg2_7_img029.jpg,pg2_7,pg,train,10
2067,pg2_7_img030.jpg,pg2_7,pg,train,10
2068,pg2_7_img031.jpg,pg2_7,pg,train,10
2069,pg2_7_img032.jpg,pg2_7,pg,train,10
2070,pg2_7_img033.jpg,pg2_7,pg,train,10
2071,pg2_7_img034.jpg,pg2_7,pg,train,10
2072,pg2_7_img035.jpg,pg2_7,pg,train,10
2073,pg2_7_img036.jpg,pg2_7,pg,train,10
2074,pg2_7_img037.jpg,pg2_7,pg,train,10
2075,pg2_7_img038.jpg,pg2_7,pg,train,10
2076,pg2_7_img039.jpg,pg2_7,pg,train,10
2077,pg2_7_img040.jpg,pg2_7,pg,train,10
2078,pg2_7_img041.jpg,pg2_7,pg,train,10
2079,pg2_7_img042.jpg,pg2_7,pg,train,10
2080,pg2_7_img043.jpg,pg2_7,pg,train,10
2081,pg2_7_img044.jpg,pg2_7,pg,train,10
2082,pg2_7_img045.jpg,pg2_7,pg,train,10
2083,pg2_7_img046.jpg,pg2_7,pg,train,10
2084,pg2_7_img047.jpg,pg2_7,pg,train,10
2085,pg2_7_img048.jpg,pg2_7,pg,train,10
2086,pg2_7_img049.jpg,pg2_7,pg,train,10
2087,pg2_7_img050.jpg,pg2_7,pg,train,10
2088,pg2_7_img051.jpg,pg2_7,pg,train,10
2089,pg2_7_img052.jpg,pg2_7,pg,train,10
2090,pg2_7_img053.jpg,pg2_7,pg,train,10
2091,pg2_7_img054.jpg,pg2_7,pg,train,10
2092,pg2_7_img055.jpg,pg2_7,pg,train,10
2093,pg2_7_img056.jpg,pg2_7,pg,train,10
2094,pg2_7_img057.jpg,pg2_7,pg,train,10
2095,pg2_7_img058.jpg,pg2_7,pg,train,10
2096,pg2_7_img059.jpg,pg2_7,pg,train,10
2097,pg2_7_img060.jpg,pg2_7,pg,train,10
2098,pg2_7_img061.jpg,pg2_7,pg,train,10
2099,pg2_7_img062.jpg,pg2_7,pg,train,10
2100,pg2_7_img063.jpg,pg2_7,pg,train,10
2101,pg2_7_img064.jpg,pg2_7,pg,train,10
2102,pg2_7_img065.jpg,pg2_7,pg,train,10
2103,pg2_7_img066.jpg,pg2_7,pg,train,10
2104,pg2_7_img067.jpg,pg2_7,pg,train,10
2105,pg2_7_img068.jpg,pg2_7,pg,train,10
2106,pg2_7_img069.jpg,pg2_7,pg,train,10
2107,pg2_7_img070.jpg,pg2_7,pg,train,10
2108,pg2_7_img071.jpg,pg2_7,pg,train,10
2109,pg2_7_img072.jpg,pg2_7,pg,train,10
2110,pg2_7_img073.jpg,pg2_7,pg,train,10
2111,pg2_7_img074.jpg,pg2_7,pg,train,10
2112,pg2_7_img075.jpg,pg2_7,pg,train,10
2113,pg2_7_img076.jpg,pg2_7,pg,train,10
2114,pg2_7_img077.jpg,pg2_7,pg,train,10
2115,pg2_7_img078.jpg,pg2_7,pg,train,10
2116,pg2_7_img079.jpg,pg2_7,pg,train,10
2117,pg2_7_img080.jpg,pg2_7,pg,train,10
2118,pg2_7_img081.jpg,pg2_7,pg,train,10
2119,pg2_7_img082.jpg,pg2_7,pg,train,10
2120,pg2_7_img083.jpg,pg2_7,pg,train,10
2121,pg2_7_img084.jpg,pg2_7,pg,train,10
2122,pg2_7_img085.jpg,pg2_7,pg,train,10
2123,pg2_7_img086.jpg,pg2_7,pg,train,10
2124,pg2_7_img087.jpg,pg2_7,pg,train,10
2125,pg2_7_img088.jpg,pg2_7,pg,train,10
2126,pg2_7_img089.jpg,pg2_7,pg,train,10
2127,pg2_7_img090.jpg,pg2_7,pg,train,10
2128,pg2_7_img091.jpg,pg2_7,pg,train,10
2129,pg2_7_img092.jpg,pg2_7,pg,train,10
2130,pg2_7_img093.jpg,pg2_7,pg,train,10
2131,pg2_7_img094.jpg,pg2_7,pg,train,10
2132,pg2_7_img095.jpg,pg2_7,pg,train,10
2133,pg2_7_img096.jpg,pg2_7,pg,train,10
2134,pg2_7_img097.jpg,pg2_7,pg,train,10
2135,pg2_8_img001.jpg,pg2_8,pg,train,10
2136,pg2_8_img002.jpg,pg2_8,pg,train,10
2137,pg2_8_img003.jpg,pg2_8,pg,train,10
2138,pg2_8_img004.jpg,pg2_8,pg,train,10
2139,pg2_8_img005.jpg,pg2_8,pg,train,10
2140,pg2_8_img006.jpg,pg2_8,pg,train,10
2141,pg2_8_img007.jpg,pg2_8,pg,train,10
2142,pg2_8_img008.jpg,pg2_8,pg,train,10
2143,pg2_8_img009.jpg,pg2_8,pg,train,10
2144,pg2_8_img010.jpg,pg2_8,pg,train,10
2145,pg2_8_img011.jpg,pg2_8,pg,train,10
2146,pg2_8_img012.jpg,pg2_8,pg,train,10
2147,pg2_8_img013.jpg,pg2_8,pg,train,10
2148,pg2_8_img014.jpg,pg2_8,pg,train,10
2149,pg2_8_img015.jpg,pg2_8,pg,train,10
2150,pg2_8_img016.jpg,pg2_8,pg,train,10
2151,pg2_8_img017.jpg,pg2_8,pg,train,10
2152,pg2_8_img018.jpg,pg2_8,pg,train,10
2153,pg2_8_img019.jpg,pg2_8,pg,train,10
2154,pg2_8_img020.jpg,pg2_8,pg,train,10
2155,pg2_8_img021.jpg,pg2_8,pg,train,10
2156,pg2_8_img022.jpg,pg2_8,pg,train,10
2157,pg2_8_img023.jpg,pg2_8,pg,train,10
2158,pg2_8_img024.jpg,pg2_8,pg,train,10
2159,pg2_8_img025.jpg,pg2_8,pg,train,10
2160,pg2_8_img026.jpg,pg2_8,pg,train,10
2161,pg2_8_img027.jpg,pg2_8,pg,train,10
2162,pg2_8_img028.jpg,pg2_8,pg,train,10
2163,pg2_8_img029.jpg,pg2_8,pg,train,10
2164,pg2_8_img030.jpg,pg2_8,pg,train,10
2165,pg2_8_img031.jpg,pg2_8,pg,train,10
2166,pg2_8_img032.jpg,pg2_8,pg,train,10
2167,pg2_8_img033.jpg,pg2_8,pg,train,10
2168,pg2_8_img034.jpg,pg2_8,pg,train,10
2169,pg2_8_img035.jpg,pg2_8,pg,train,10
2170,pg2_8_img036.jpg,pg2_8,pg,train,10
2171,pg2_8_img037.jpg,pg2_8,pg,train,10
2172,pg2_8_img038.jpg,pg2_8,pg,train,10
2173,pg2_8_img039.jpg,pg2_8,pg,train,10
2174,pg2_8_img040.jpg,pg2_8,pg,train,10
2175,pg2_8_img041.jpg,pg2_8,pg,train,10
2176,pg2_8_img042.jpg,pg2_8,pg,train,10
2177,pg2_8_img043.jpg,pg2_8,pg,train,10
2178,pg2_8_img044.jpg,pg2_8,pg,train,10
2179,pg2_8_img045.jpg,pg2_8,pg,train,10
2180,pg2_8_img046.jpg,pg2_8,pg,train,10
2181,pg2_8_img047.jpg,pg2_8,pg,train,10
2182,pg2_8_img048.jpg,pg2_8,pg,train,10
2183,pg2_8_img049.jpg,pg2_8,pg,train,10
2184,pg2_8_img050.jpg,pg2_8,pg,train,10
2185,pg2_8_img051.jpg,pg2_8,pg,train,10
2186,pg2_8_img052.jpg,pg2_8,pg,train,10
2187,pg2_8_img053.jpg,pg2_8,pg,train,10
2188,pg2_8_img054.jpg,pg2_8,pg,train,10
2189,pg2_8_img055.jpg,pg2_8,pg,train,10
2190,pg2_8_img056.jpg,pg2_8,pg,train,10
2191,pg2_8_img057.jpg,pg2_8,pg,train,10
2192,pg2_8_img058.jpg,pg2_8,pg,train,10
2193,pg2_8_img059.jpg,pg2_8,pg,train,10
2194,pg2_8_img060.jpg,pg2_8,pg,train,10
2195,pg2_8_img061.jpg,pg2_8,pg,train,10
2196,pg2_8_img062.jpg,pg2_8,pg,train,10
2197,pg2_8_img063.jpg,pg2_8,pg,train,10
2198,pg2_8_img064.jpg,pg2_8,pg,train,10
2199,pg2_8_img065.jpg,pg2_8,pg,train,10
2200,pg2_8_img066.jpg,pg2_8,pg,train,10
2201,pg2_8_img067.jpg,pg2_8,pg,train,10
2202,pg2_8_img068.jpg,pg2_8,pg,train,10
2203,pg2_8_img069.jpg,pg2_8,pg,train,10
2204,pg2_8_img070.jpg,pg2_8,pg,train,10
2205,pg2_8_img071.jpg,pg2_8,pg,train,10
2206,pg2_8_img072.jpg,pg2_8,pg,train,10
2207,pg2_8_img073.jpg,pg2_8,pg,train,10
2208,pg2_8_img074.jpg,pg2_8,pg,train,10
2209,pg2_8_img075.jpg,pg2_8,pg,train,10
2210,pg2_8_img076.jpg,pg2_8,pg,train,10
2211,pg2_8_img077.jpg,pg2_8,pg,train,10
2212,pg2_8_img078.jpg,pg2_8,pg,train,10
2213,pg2_8_img079.jpg,pg2_8,pg,train,10
2214,pg2_8_img080.jpg,pg2_8,pg,train,10
2215,pg2_8_img081.jpg,pg2_8,pg,train,10
2216,pg2_8_img082.jpg,pg2_8,pg,train,10
2217,pg2_8_img083.jpg,pg2_8,pg,train,10
2218,pg2_8_img084.jpg,pg2_8,pg,train,10
2219,pg2_8_img085.jpg,pg2_8,pg,train,10
2220,pg2_8_img086.jpg,pg2_8,pg,train,10
2221,pg2_8_img087.jpg,pg2_8,pg,train,10
2222,pg2_8_img088.jpg,pg2_8,pg,train,10
2223,pg2_8_img089.jpg,pg2_8,pg,train,10
2224,pg2_8_img090.jpg,pg2_8,pg,train,10
2225,pg2_8_img091.jpg,pg2_8,pg,train,10
2226,pg2_8_img092.jpg,pg2_8,pg,train,10
2227,pg2_8_img093.jpg,pg2_8,pg,train,10
2228,pg2_8_img094.jpg,pg2_8,pg,train,10
2229,pg2_8_img095.jpg,pg2_8,pg,train,10
2230,pg2_8_img096.jpg,pg2_8,pg,train,10
2231,pg2_8_img097.jpg,pg2_8,pg,train,10
2232,pg2_9_img001.jpg,pg2_9,pg,train,10
2233,pg2_9_img002.jpg,pg2_9,pg,train,10
2234,pg2_9_img003.jpg,pg2_9,pg,train,10
2235,pg2_9_img004.jpg,pg2_9,pg,train,10
2236,pg2_9_img005.jpg,pg2_9,pg,train,10
2237,pg2_9_img006.jpg,pg2_9,pg,train,10
2238,pg2_9_img007.jpg,pg2_9,pg,train,10
2239,pg2_9_img008.jpg,pg2_9,pg,train,10
2240,pg2_9_img009.jpg,pg2_9,pg,train,10
2241,pg2_9_img010.jpg,pg2_9,pg,train,10
2242,pg2_9_img011.jpg,pg2_9,pg,train,10
2243,pg2_9_img012.jpg,pg2_9,pg,train,10
2244,pg2_9_img013.jpg,pg2_9,pg,train,10
2245,pg2_9_img014.jpg,pg2_9,pg,train,10
2246,pg2_9_img015.jpg,pg2_9,pg,train,10
2247,pg2_9_img016.jpg,pg2_9,pg,train,10
2248,pg2_9_img017.jpg,pg2_9,pg,train,10
2249,pg2_9_img018.jpg,pg2_9,pg,train,10
2250,pg2_9_img019.jpg,pg2_9,pg,train,10
2251,pg2_9_img020.jpg,pg2_9,pg,train,10
2252,pg2_9_img021.jpg,pg2_9,pg,train,10
2253,pg2_9_img022.jpg,pg2_9,pg,train,10
2254,pg2_9_img023.jpg,pg2_9,pg,train,10
2255,pg2_9_img024.jpg,pg2_9,pg,train,10
2256,pg2_9_img025.jpg,pg2_9,pg,train,10
2257,pg2_9_img026.jpg,pg2_9,pg,train,10
2258,pg2_9_img027.jpg,pg2_9,pg,train,10
2259,pg2_9_img028.jpg,pg2_9,pg,train,10
2260,pg2_9_img029.jpg,pg2_9,pg,train,10
2261,pg2_9_img030.jpg,pg2_9,pg,train,10
2262,pg2_9_img031.jpg,pg2_9,pg,train,10
2263,pg2_9_img032.jpg,pg2_9,pg,train,10
2264,pg2_9_img033.jpg,pg2_9,pg,train,10
2265,pg2_9_img034.jpg,pg2_9,pg,train,10
2266,pg2_9_img035.jpg,pg2_9,pg,train,10
2267,pg2_9_img036.jpg,pg2_9,pg,train,10
2268,pg2_9_img037.jpg,pg2_9,pg,train,10
2269,pg2_9_img038.jpg,pg2_9,pg,train,10
2270,pg2_9_img039.jpg,pg2_9,pg,train,10
2271,pg2_9_img040.jpg,pg2_9,pg,train,10
2272,pg2_9_img041.jpg,pg2_9,pg,train,10
2273,pg2_9_img042.jpg,pg2_9,pg,train,10
2274,pg2_9_img043.jpg,pg2_9,pg,train,10
2275,pg2_9_img044.jpg,pg2_9,pg,train,10
2276,pg2_9_img045.jpg,pg2_9,pg,train,10
2277,pg2_9_img046.jpg,pg2_9,pg,train,10
2278,pg2_9_img047.jpg,pg2_9,pg,train,10
2279,pg2_9_img048.jpg,pg2_9,pg,train,10
2280,pg2_9_img049.jpg,pg2_9,pg,train,10
2281,pg2_9_img050.jpg,pg2_9,pg,train,10
2282,pg2_9_img051.jpg,pg2_9,pg,train,10
2283,pg2_9_img052.jpg,pg2_9,pg,train,10
2284,pg2_9_img053.jpg,pg2_9,pg,train,10
2285,pg2_9_img054.jpg,pg2_9,pg,train,10
2286,pg2_9_img055.jpg,pg2_9,pg,train,10
2287,pg2_9_img056.jpg,pg2_9,pg,train,10
2288,pg2_9_img057.jpg,pg2_9,pg,train,10
2289,pg2_9_img058.jpg,pg2_9,pg,train,10
2290,pg2_9_img059.jpg,pg2_9,pg,train,10
2291,pg2_9_img060.jpg,pg2_9,pg,train,10
2292,pg2_9_img061.jpg,pg2_9,pg,train,10
2293,pg2_9_img062.jpg,pg2_9,pg,train,10
2294,pg2_9_img063.jpg,pg2_9,pg,train,10
2295,pg2_9_img064.jpg,pg2_9,pg,train,10
2296,pg2_9_img065.jpg,pg2_9,pg,train,10
2297,pg2_9_img066.jpg,pg2_9,pg,train,10
2298,pg2_9_img067.jpg,pg2_9,pg,train,10
2299,pg2_9_img068.jpg,pg2_9,pg,train,10
2300,pg2_9_img069.jpg,pg2_9,pg,train,10
2301,pg2_9_img070.jpg,pg2_9,pg,train,10
2302,pg2_9_img071.jpg,pg2_9,pg,train,10
2303,pg2_9_img072.jpg,pg2_9,pg,train,10
2304,pg2_9_img073.jpg,pg2_9,pg,train,10
2305,pg2_9_img074.jpg,pg2_9,pg,train,10
2306,pg2_9_img075.jpg,pg2_9,pg,train,10
2307,pg2_9_img076.jpg,pg2_9,pg,train,10
2308,pg2_9_img077.jpg,pg2_9,pg,train,10
2309,pg2_9_img078.jpg,pg2_9,pg,train,10
2310,pg2_9_img079.jpg,pg2_9,pg,train,10
2311,pg2_9_img080.jpg,pg2_9,pg,train,10
2312,pg2_9_img081.jpg,pg2_9,pg,train,10
2313,pg2_9_img082.jpg,pg2_9,pg,train,10
2314,pg2_9_img083.jpg,pg2_9,pg,train,10
2315,pg2_9_img084.jpg,pg2_9,pg,train,10
2316,pg2_9_img085.jpg,pg2_9,pg,train,10
2317,pg2_9_img086.jpg,pg2_9,pg,train,10
2318,pg2_9_img087.jpg,pg2_9,pg,train,10
2319,pg2_9_img088.jpg,pg2_9,pg,train,10
2320,pg2_9_img089.jpg,pg2_9,pg,train,10
2321,pg2_9_img090.jpg,pg2_9,pg,train,10
2322,pg2_9_img091.jpg,pg2_9,pg,train,10
2323,pg2_9_img092.jpg,pg2_9,pg,train,10
2324,pg2_9_img093.jpg,pg2_9,pg,train,10
2325,pg2_9_img094.jpg,pg2_9,pg,train,10
2326,pg2_9_img095.jpg,pg2_9,pg,train,10
2327,pg2_9_img096.jpg,pg2_9,pg,train,10
2328,pg2_9_img097.jpg,pg2_9,pg,train,10
2329,pg3_10_img001.jpg,pg3_10,pg,train,10
2330,pg3_10_img002.jpg,pg3_10,pg,train,10
2331,pg3_10_img003.jpg,pg3_10,pg,train,10
2332,pg3_10_img004.jpg,pg3_10,pg,train,10
2333,pg3_10_img005.jpg,pg3_10,pg,train,10
2334,pg3_10_img006.jpg,pg3_10,pg,train,10
2335,pg3_10_img007.jpg,pg3_10,pg,train,10
2336,pg3_10_img008.jpg,pg3_10,pg,train,10
2337,pg3_10_img009.jpg,pg3_10,pg,train,10
2338,pg3_10_img010.jpg,pg3_10,pg,train,10
2339,pg3_10_img011.jpg,pg3_10,pg,train,10
2340,pg3_10_img012.jpg,pg3_10,pg,train,10
2341,pg3_10_img013.jpg,pg3_10,pg,train,10
2342,pg3_10_img014.jpg,pg3_10,pg,train,10
2343,pg3_10_img015.jpg,pg3_10,pg,train,10
2344,pg3_10_img016.jpg,pg3_10,pg,train,10
2345,pg3_10_img017.jpg,pg3_10,pg,train,10
2346,pg3_10_img018.jpg,pg3_10,pg,train,10
2347,pg3_10_img019.jpg,pg3_10,pg,train,10
2348,pg3_10_img020.jpg,pg3_10,pg,train,10
2349,pg3_10_img021.jpg,pg3_10,pg,train,10
2350,pg3_10_img022.jpg,pg3_10,pg,train,10
2351,pg3_10_img023.jpg,pg3_10,pg,train,10
2352,pg3_10_img024.jpg,pg3_10,pg,train,10
2353,pg3_10_img025.jpg,pg3_10,pg,train,10
2354,pg3_10_img026.jpg,pg3_10,pg,train,10
2355,pg3_10_img027.jpg,pg3_10,pg,train,10
2356,pg3_10_img028.jpg,pg3_10,pg,train,10
2357,pg3_10_img029.jpg,pg3_10,pg,train,10
2358,pg3_10_img030.jpg,pg3_10,pg,train,10
2359,pg3_10_img031.jpg,pg3_10,pg,train,10
2360,pg3_10_img032.jpg,pg3_10,pg,train,10
2361,pg3_10_img033.jpg,pg3_10,pg,train,10
2362,pg3_10_img034.jpg,pg3_10,pg,train,10
2363,pg3_10_img035.jpg,pg3_10,pg,train,10
2364,pg3_10_img036.jpg,pg3_10,pg,train,10
2365,pg3_10_img037.jpg,pg3_10,pg,train,10
2366,pg3_10_img038.jpg,pg3_10,pg,train,10
2367,pg3_10_img039.jpg,pg3_10,pg,train,10
2368,pg3_10_img040.jpg,pg3_10,pg,train,10
2369,pg3_10_img041.jpg,pg3_10,pg,train,10
2370,pg3_10_img042.jpg,pg3_10,pg,train,10
2371,pg3_10_img043.jpg,pg3_10,pg,train,10
2372,pg3_10_img044.jpg,pg3_10,pg,train,10
2373,pg3_10_img045.jpg,pg3_10,pg,train,10
2374,pg3_10_img046.jpg,pg3_10,pg,train,10
2375,pg3_10_img047.jpg,pg3_10,pg,train,10
2376,pg3_10_img048.jpg,pg3_10,pg,train,10
2377,pg3_10_img049.jpg,pg3_10,pg,train,10
2378,pg3_10_img050.jpg,pg3_10,pg,train,10
2379,pg3_10_img051.jpg,pg3_10,pg,train,10
2380,pg3_10_img052.jpg,pg3_10,pg,train,10
2381,pg3_10_img053.jpg,pg3_10,pg,train,10
2382,pg3_10_img054.jpg,pg3_10,pg,train,10
2383,pg3_10_img055.jpg,pg3_10,pg,train,10
2384,pg3_10_img056.jpg,pg3_10,pg,train,10
2385,pg3_10_img057.jpg,pg3_10,pg,train,10
2386,pg3_10_img058.jpg,pg3_10,pg,train,10
2387,pg3_10_img059.jpg,pg3_10,pg,train,10
2388,pg3_10_img060.jpg,pg3_10,pg,train,10
2389,pg3_10_img061.jpg,pg3_10,pg,train,10
2390,pg3_10_img062.jpg,pg3_10,pg,train,10
2391,pg3_10_img063.jpg,pg3_10,pg,train,10
2392,pg3_10_img064.jpg,pg3_10,pg,train,10
2393,pg3_10_img065.jpg,pg3_10,pg,train,10
2394,pg3_10_img066.jpg,pg3_10,pg,train,10
2395,pg3_10_img067.jpg,pg3_10,pg,train,10
2396,pg3_10_img068.jpg,pg3_10,pg,train,10
2397,pg3_10_img069.jpg,pg3_10,pg,train,10
2398,pg3_10_img070.jpg,pg3_10,pg,train,10
2399,pg3_10_img071.jpg,pg3_10,pg,train,10
2400,pg3_10_img072.jpg,pg3_10,pg,train,10
2401,pg3_10_img073.jpg,pg3_10,pg,train,10
2402,pg3_10_img074.jpg,pg3_10,pg,train,10
2403,pg3_10_img075.jpg,pg3_10,pg,train,10
2404,pg3_10_img076.jpg,pg3_10,pg,train,10
2405,pg3_10_img077.jpg,pg3_10,pg,train,10
2406,pg3_10_img078.jpg,pg3_10,pg,train,10
2407,pg3_10_img079.jpg,pg3_10,pg,train,10
2408,pg3_10_img080.jpg,pg3_10,pg,train,10
2409,pg3_10_img081.jpg,pg3_10,pg,train,10
2410,pg3_10_img082.jpg,pg3_10,pg,train,10
2411,pg3_10_img083.jpg,pg3_10,pg,train,10
2412,pg3_10_img084.jpg,pg3_10,pg,train,10
2413,pg3_10_img085.jpg,pg3_10,pg,train,10
2414,pg3_10_img086.jpg,pg3_10,pg,train,10
2415,pg3_10_img087.jpg,pg3_10,pg,train,10
2416,pg3_10_img088.jpg,pg3_10,pg,train,10
2417,pg3_10_img089.jpg,pg3_10,pg,train,10
2418,pg3_10_img090.jpg,pg3_10,pg,train,10
2419,pg3_10_img091.jpg,pg3_10,pg,train,10
2420,pg3_10_img092.jpg,pg3_10,pg,train,10
2421,pg3_10_img093.jpg,pg3_10,pg,train,10
2422,pg3_10_img094.jpg,pg3_10,pg,train,10
2423,pg3_10_img095.jpg,pg3_10,pg,train,10
2424,pg3_10_img096.jpg,pg3_10,pg,train,10
2425,pg3_10_img097.jpg,pg3_10,pg,train,10
2426,pg3_11_img001.jpg,pg3_11,pg,train,10
2427,pg3_11_img002.jpg,pg3_11,pg,train,10
2428,pg3_11_img003.jpg,pg3_11,pg,train,10
2429,pg3_11_img004.jpg,pg3_11,pg,train,10
2430,pg3_11_img005.jpg,pg3_11,pg,train,10
2431,pg3_11_img006.jpg,pg3_11,pg,train,10
2432,pg3_11_img007.jpg,pg3_11,pg,train,10
2433,pg3_11_img008.jpg,pg3_11,pg,train,10
2434,pg3_11_img009.jpg,pg3_11,pg,train,10
2435,pg3_11_img010.jpg,pg3_11,pg,train,10
2436,pg3_11_img011.jpg,pg3_11,pg,train,10
2437,pg3_11_img012.jpg,pg3_11,pg,train,10
2438,pg3_11_img013.jpg,pg3_11,pg,train,10
2439,pg3_11_img014.jpg,pg3_11,pg,train,10
2440,pg3_11_img015.jpg,pg3_11,pg,train,10
2441,pg3_11_img016.jpg,pg3_11,pg,train,10
2442,pg3_11_img017.jpg,pg3_11,pg,train,10
2443,pg3_11_img018.jpg,pg3_11,pg,train,10
2444,pg3_11_img019.jpg,pg3_11,pg,train,10
2445,pg3_11_img020.jpg,pg3_11,pg,train,10
2446,pg3_11_img021.jpg,pg3_11,pg,train,10
2447,pg3_11_img022.jpg,pg3_11,pg,train,10
2448,pg3_11_img023.jpg,pg3_11,pg,train,10
2449,pg3_11_img024.jpg,pg3_11,pg,train,10
2450,pg3_11_img025.jpg,pg3_11,pg,train,10
2451,pg3_11_img026.jpg,pg3_11,pg,train,10
2452,pg3_11_img027.jpg,pg3_11,pg,train,10
2453,pg3_11_img028.jpg,pg3_11,pg,train,10
2454,pg3_11_img029.jpg,pg3_11,pg,train,10
2455,pg3_11_img030.jpg,pg3_11,pg,train,10
2456,pg3_11_img031.jpg,pg3_11,pg,train,10
2457,pg3_11_img032.jpg,pg3_11,pg,train,10
2458,pg3_11_img033.jpg,pg3_11,pg,train,10
2459,pg3_11_img034.jpg,pg3_11,pg,train,10
2460,pg3_11_img035.jpg,pg3_11,pg,train,10
2461,pg3_11_img036.jpg,pg3_11,pg,train,10
2462,pg3_11_img037.jpg,pg3_11,pg,train,10
2463,pg3_11_img038.jpg,pg3_11,pg,train,10
2464,pg3_11_img039.jpg,pg3_11,pg,train,10
2465,pg3_11_img040.jpg,pg3_11,pg,train,10
2466,pg3_11_img041.jpg,pg3_11,pg,train,10
2467,pg3_11_img042.jpg,pg3_11,pg,train,10
2468,pg3_11_img043.jpg,pg3_11,pg,train,10
2469,pg3_11_img044.jpg,pg3_11,pg,train,10
2470,pg3_11_img045.jpg,pg3_11,pg,train,10
2471,pg3_11_img046.jpg,pg3_11,pg,train,10
2472,pg3_11_img047.jpg,pg3_11,pg,train,10
2473,pg3_11_img048.jpg,pg3_11,pg,train,10
2474,pg3_11_img049.jpg,pg3_11,pg,train,10
2475,pg3_11_img050.jpg,pg3_11,pg,train,10
2476,pg3_11_img051.jpg,pg3_11,pg,train,10
2477,pg3_11_img052.jpg,pg3_11,pg,train,10
2478,pg3_11_img053.jpg,pg3_11,pg,train,10
2479,pg3_11_img054.jpg,pg3_11,pg,train,10
2480,pg3_11_img055.jpg,pg3_11,pg,train,10
2481,pg3_11_img056.jpg,pg3_11,pg,train,10
2482,pg3_11_img057.jpg,pg3_11,pg,train,10
2483,pg3_11_img058.jpg,pg3_11,pg,train,10
2484,pg3_11_img059.jpg,pg3_11,pg,train,10
2485,pg3_11_img060.jpg,pg3_11,pg,train,10
2486,pg3_11_img061.jpg,pg3_11,pg,train,10
2487,pg3_11_img062.jpg,pg3_11,pg,train,10
2488,pg3_11_img063.jpg,pg3_11,pg,train,10
2489,pg3_11_img064.jpg,pg3_11,pg,train,10
2490,pg3_11_img065.jpg,pg3_11,pg,train,10
2491,pg3_11_img066.jpg,pg3_11,pg,train,10
2492,pg3_11_img067.jpg,pg3_11,pg,train,10
2493,pg3_11_img068.jpg,pg3_11,pg,train,10
2494,pg3_11_img069.jpg,pg3_11,pg,train,10
2495,pg3_11_img070.jpg,pg3_11,pg,train,10
2496,pg3_11_img071.jpg,pg3_11,pg,train,10
2497,pg3_11_img072.jpg,pg3_11,pg,train,10
2498,pg3_11_img073.jpg,pg3_11,pg,train,10
2499,pg3_11_img074.jpg,pg3_11,pg,train,10
2500,pg3_11_img075.jpg,pg3_11,pg,train,10
2501,pg3_11_img076.jpg,pg3_11,pg,train,10
2502,pg3_11_img077.jpg,pg3_11,pg,train,10
2503,pg3_11_img078.jpg,pg3_11,pg,train,10
2504,pg3_11_img079.jpg,pg3_11,pg,train,10
2505,pg3_11_img080.jpg,pg3_11,pg,train,10
2506,pg3_11_img081.jpg,pg3_11,pg,train,10
2507,pg3_11_img082.jpg,pg3_11,pg,train,10
2508,pg3_11_img083.jpg,pg3_11,pg,train,10
2509,pg3_11_img084.jpg,pg3_11,pg,train,10
2510,pg3_11_img085.jpg,pg3_11,pg,train,10
2511,pg3_11_img086.jpg,pg3_11,pg,train,10
2512,pg3_11_img087.jpg,pg3_11,pg,train,10
2513,pg3_11_img088.jpg,pg3_11,pg,train,10
2514,pg3_11_img089.jpg,pg3_11,pg,train,10
2515,pg3_11_img090.jpg,pg3_11,pg,train,10
2516,pg3_11_img091.jpg,pg3_11,pg,train,10
2517,pg3_11_img092.jpg,pg3_11,pg,train,10
2518,pg3_11_img093.jpg,pg3_11,pg,train,10
2519,pg3_11_img094.jpg,pg3_11,pg,train,10
2520,pg3_11_img095.jpg,pg3_11,pg,train,10
2521,pg3_11_img096.jpg,pg3_11,pg,train,10
2522,pg3_11_img097.jpg,pg3_11,pg,train,10
2523,pg3_12_img001.jpg,pg3_12,pg,train,10
2524,pg3_12_img002.jpg,pg3_12,pg,train,10
2525,pg3_12_img003.jpg,pg3_12,pg,train,10
2526,pg3_12_img004.jpg,pg3_12,pg,train,10
2527,pg3_12_img005.jpg,pg3_12,pg,train,10
2528,pg3_12_img006.jpg,pg3_12,pg,train,10
2529,pg3_12_img007.jpg,pg3_12,pg,train,10
2530,pg3_12_img008.jpg,pg3_12,pg,train,10
2531,pg3_12_img009.jpg,pg3_12,pg,train,10
2532,pg3_12_img010.jpg,pg3_12,pg,train,10
2533,pg3_12_img011.jpg,pg3_12,pg,train,10
2534,pg3_12_img012.jpg,pg3_12,pg,train,10
2535,pg3_12_img013.jpg,pg3_12,pg,train,10
2536,pg3_12_img014.jpg,pg3_12,pg,train,10
2537,pg3_12_img015.jpg,pg3_12,pg,train,10
2538,pg3_12_img016.jpg,pg3_12,pg,train,10
2539,pg3_12_img017.jpg,pg3_12,pg,train,10
2540,pg3_12_img018.jpg,pg3_12,pg,train,10
2541,pg3_12_img019.jpg,pg3_12,pg,train,10
2542,pg3_12_img020.jpg,pg3_12,pg,train,10
2543,pg3_12_img021.jpg,pg3_12,pg,train,10
2544,pg3_12_img022.jpg,pg3_12,pg,train,10
2545,pg3_12_img023.jpg,pg3_12,pg,train,10
2546,pg3_12_img024.jpg,pg3_12,pg,train,10
2547,pg3_12_img025.jpg,pg3_12,pg,train,10
2548,pg3_12_img026.jpg,pg3_12,pg,train,10
2549,pg3_12_img027.jpg,pg3_12,pg,train,10
2550,pg3_12_img028.jpg,pg3_12,pg,train,10
2551,pg3_12_img029.jpg,pg3_12,pg,train,10
2552,pg3_12_img030.jpg,pg3_12,pg,train,10
2553,pg3_12_img031.jpg,pg3_12,pg,train,10
2554,pg3_12_img032.jpg,pg3_12,pg,train,10
2555,pg3_12_img033.jpg,pg3_12,pg,train,10
2556,pg3_12_img034.jpg,pg3_12,pg,train,10
2557,pg3_12_img035.jpg,pg3_12,pg,train,10
2558,pg3_12_img036.jpg,pg3_12,pg,train,10
2559,pg3_12_img037.jpg,pg3_12,pg,train,10
2560,pg3_12_img038.jpg,pg3_12,pg,train,10
2561,pg3_12_img039.jpg,pg3_12,pg,train,10
2562,pg3_12_img040.jpg,pg3_12,pg,train,10
2563,pg3_12_img041.jpg,pg3_12,pg,train,10
2564,pg3_12_img042.jpg,pg3_12,pg,train,10
2565,pg3_12_img043.jpg,pg3_12,pg,train,10
2566,pg3_12_img044.jpg,pg3_12,pg,train,10
2567,pg3_12_img045.jpg,pg3_12,pg,train,10
2568,pg3_12_img046.jpg,pg3_12,pg,train,10
2569,pg3_12_img047.jpg,pg3_12,pg,train,10
2570,pg3_12_img048.jpg,pg3_12,pg,train,10
2571,pg3_12_img049.jpg,pg3_12,pg,train,10
2572,pg3_12_img050.jpg,pg3_12,pg,train,10
2573,pg3_12_img051.jpg,pg3_12,pg,train,10
2574,pg3_12_img052.jpg,pg3_12,pg,train,10
2575,pg3_12_img053.jpg,pg3_12,pg,train,10
2576,pg3_12_img054.jpg,pg3_12,pg,train,10
2577,pg3_12_img055.jpg,pg3_12,pg,train,10
2578,pg3_12_img056.jpg,pg3_12,pg,train,10
2579,pg3_12_img057.jpg,pg3_12,pg,train,10
2580,pg3_12_img058.jpg,pg3_12,pg,train,10
2581,pg3_12_img059.jpg,pg3_12,pg,train,10
2582,pg3_12_img060.jpg,pg3_12,pg,train,10
2583,pg3_12_img061.jpg,pg3_12,pg,train,10
2584,pg3_12_img062.jpg,pg3_12,pg,train,10
2585,pg3_12_img063.jpg,pg3_12,pg,train,10
2586,pg3_12_img064.jpg,pg3_12,pg,train,10
2587,pg3_12_img065.jpg,pg3_12,pg,train,10
2588,pg3_12_img066.jpg,pg3_12,pg,train,10
2589,pg3_12_img067.jpg,pg3_12,pg,train,10
2590,pg3_12_img068.jpg,pg3_12,pg,train,10
2591,pg3_12_img069.jpg,pg3_12,pg,train,10
2592,pg3_12_img070.jpg,pg3_12,pg,train,10
2593,pg3_12_img071.jpg,pg3_12,pg,train,10
2594,pg3_12_img072.jpg,pg3_12,pg,train,10
2595,pg3_12_img073.jpg,pg3_12,pg,train,10
2596,pg3_12_img074.jpg,pg3_12,pg,train,10
2597,pg3_12_img075.jpg,pg3_12,pg,train,10
2598,pg3_12_img076.jpg,pg3_12,pg,train,10
2599,pg3_12_img077.jpg,pg3_12,pg,train,10
2600,pg3_12_img078.jpg,pg3_12,pg,train,10
2601,pg3_12_img079.jpg,pg3_12,pg,train,10
2602,pg3_12_img080.jpg,pg3_12,pg,train,10
2603,pg3_12_img081.jpg,pg3_12,pg,train,10
2604,pg3_12_img082.jpg,pg3_12,pg,train,10
2605,pg3_12_img083.jpg,pg3_12,pg,train,10
2606,pg3_12_img084.jpg,pg3_12,pg,train,10
2607,pg3_12_img085.jpg,pg3_12,pg,train,10
2608,pg3_12_img086.jpg,pg3_12,pg,train,10
2609,pg3_12_img087.jpg,pg3_12,pg,train,10
2610,pg3_12_img088.jpg,pg3_12,pg,train,10
2611,pg3_12_img089.jpg,pg3_12,pg,train,10
2612,pg3_12_img090.jpg,pg3_12,pg,train,10
2613,pg3_12_img091.jpg,pg3_12,pg,train,10
2614,pg3_12_img092.jpg,pg3_12,pg,train,10
2615,pg3_12_img093.jpg,pg3_12,pg,train,10
2616,pg3_12_img094.jpg,pg3_12,pg,train,10
2617,pg3_12_img095.jpg,pg3_12,pg,train,10
2618,pg3_12_img096.jpg,pg3_12,pg,train,10
2619,pg3_12_img097.jpg,pg3_12,pg,train,10
2620,pg3_1_img001.jpg,pg3_1,pg,val,10
2621,pg3_1_img002.jpg,pg3_1,pg,val,10
2622,pg3_1_img003.jpg,pg3_1,pg,val,10
2623,pg3_1_img004.jpg,pg3_1,pg,val,10
2624,pg3_1_img005.jpg,pg3_1,pg,val,10
2625,pg3_1_img006.jpg,pg3_1,pg,val,10
2626,pg3_1_img007.jpg,pg3_1,pg,val,10
2627,pg3_1_img008.jpg,pg3_1,pg,val,10
2628,pg3_1_img009.jpg,pg3_1,pg,val,10
2629,pg3_1_img010.jpg,pg3_1,pg,val,10
2630,pg3_1_img011.jpg,pg3_1,pg,val,10
2631,pg3_1_img012.jpg,pg3_1,pg,val,10
2632,pg3_1_img013.jpg,pg3_1,pg,val,10
2633,pg3_1_img014.jpg,pg3_1,pg,val,10
2634,pg3_1_img015.jpg,pg3_1,pg,val,10
2635,pg3_1_img016.jpg,pg3_1,pg,val,10
2636,pg3_1_img017.jpg,pg3_1,pg,val,10
2637,pg3_1_img018.jpg,pg3_1,pg,val,10
2638,pg3_1_img019.jpg,pg3_1,pg,val,10
2639,pg3_1_img020.jpg,pg3_1,pg,val,10
2640,pg3_1_img021.jpg,pg3_1,pg,val,10
2641,pg3_1_img022.jpg,pg3_1,pg,val,10
2642,pg3_1_img023.jpg,pg3_1,pg,val,10
2643,pg3_1_img024.jpg,pg3_1,pg,val,10
2644,pg3_1_img025.jpg,pg3_1,pg,val,10
2645,pg3_1_img026.jpg,pg3_1,pg,val,10
2646,pg3_1_img027.jpg,pg3_1,pg,val,10
2647,pg3_1_img028.jpg,pg3_1,pg,val,10
2648,pg3_1_img029.jpg,pg3_1,pg,val,10
2649,pg3_1_img030.jpg,pg3_1,pg,val,10
2650,pg3_1_img031.jpg,pg3_1,pg,val,10
2651,pg3_1_img032.jpg,pg3_1,pg,val,10
2652,pg3_1_img033.jpg,pg3_1,pg,val,10
2653,pg3_1_img034.jpg,pg3_1,pg,val,10
2654,pg3_1_img035.jpg,pg3_1,pg,val,10
2655,pg3_1_img036.jpg,pg3_1,pg,val,10
2656,pg3_1_img037.jpg,pg3_1,pg,val,10
2657,pg3_1_img038.jpg,pg3_1,pg,val,10
2658,pg3_1_img039.jpg,pg3_1,pg,val,10
2659,pg3_1_img040.jpg,pg3_1,pg,val,10
2660,pg3_1_img041.jpg,pg3_1,pg,val,10
2661,pg3_1_img042.jpg,pg3_1,pg,val,10
2662,pg3_1_img043.jpg,pg3_1,pg,val,10
2663,pg3_1_img044.jpg,pg3_1,pg,val,10
2664,pg3_1_img045.jpg,pg3_1,pg,val,10
2665,pg3_1_img046.jpg,pg3_1,pg,val,10
2666,pg3_1_img047.jpg,pg3_1,pg,val,10
2667,pg3_1_img048.jpg,pg3_1,pg,val,10
2668,pg3_1_img049.jpg,pg3_1,pg,val,10
2669,pg3_1_img050.jpg,pg3_1,pg,val,10
2670,pg3_1_img051.jpg,pg3_1,pg,val,10
2671,pg3_1_img052.jpg,pg3_1,pg,val,10
2672,pg3_1_img053.jpg,pg3_1,pg,val,10
2673,pg3_1_img054.jpg,pg3_1,pg,val,10
2674,pg3_1_img055.jpg,pg3_1,pg,val,10
2675,pg3_1_img056.jpg,pg3_1,pg,val,10
2676,pg3_1_img057.jpg,pg3_1,pg,val,10
2677,pg3_1_img058.jpg,pg3_1,pg,val,10
2678,pg3_1_img059.jpg,pg3_1,pg,val,10
2679,pg3_1_img060.jpg,pg3_1,pg,val,10
2680,pg3_1_img061.jpg,pg3_1,pg,val,10
2681,pg3_1_img062.jpg,pg3_1,pg,val,10
2682,pg3_1_img063.jpg,pg3_1,pg,val,10
2683,pg3_1_img064.jpg,pg3_1,pg,val,10
2684,pg3_1_img065.jpg,pg3_1,pg,val,10
2685,pg3_1_img066.jpg,pg3_1,pg,val,10
2686,pg3_1_img067.jpg,pg3_1,pg,val,10
2687,pg3_1_img068.jpg,pg3_1,pg,val,10
2688,pg3_1_img069.jpg,pg3_1,pg,val,10
2689,pg3_1_img070.jpg,pg3_1,pg,val,10
2690,pg3_1_img071.jpg,pg3_1,pg,val,10
2691,pg3_1_img072.jpg,pg3_1,pg,val,10
2692,pg3_1_img073.jpg,pg3_1,pg,val,10
2693,pg3_1_img074.jpg,pg3_1,pg,val,10
2694,pg3_1_img075.jpg,pg3_1,pg,val,10
2695,pg3_1_img076.jpg,pg3_1,pg,val,10
2696,pg3_1_img077.jpg,pg3_1,pg,val,10
2697,pg3_1_img078.jpg,pg3_1,pg,val,10
2698,pg3_1_img079.jpg,pg3_1,pg,val,10
2699,pg3_1_img080.jpg,pg3_1,pg,val,10
2700,pg3_1_img081.jpg,pg3_1,pg,val,10
2701,pg3_1_img082.jpg,pg3_1,pg,val,10
2702,pg3_1_img083.jpg,pg3_1,pg,val,10
2703,pg3_1_img084.jpg,pg3_1,pg,val,10
2704,pg3_1_img085.jpg,pg3_1,pg,val,10
2705,pg3_1_img086.jpg,pg3_1,pg,val,10
2706,pg3_1_img087.jpg,pg3_1,pg,val,10
2707,pg3_1_img088.jpg,pg3_1,pg,val,10
2708,pg3_1_img089.jpg,pg3_1,pg,val,10
2709,pg3_1_img090.jpg,pg3_1,pg,val,10
2710,pg3_1_img091.jpg,pg3_1,pg,val,10
2711,pg3_1_img092.jpg,pg3_1,pg,val,10
2712,pg3_1_img093.jpg,pg3_1,pg,val,10
2713,pg3_1_img094.jpg,pg3_1,pg,val,10
2714,pg3_1_img095.jpg,pg3_1,pg,val,10
2715,pg3_1_img096.jpg,pg3_1,pg,val,10
2716,pg3_1_img097.jpg,pg3_1,pg,val,10
2717,pg3_2_img001.jpg,pg3_2,pg,test,10
2718,pg3_2_img002.jpg,pg3_2,pg,test,10
2719,pg3_2_img003.jpg,pg3_2,pg,test,10
2720,pg3_2_img004.jpg,pg3_2,pg,test,10
2721,pg3_2_img005.jpg,pg3_2,pg,test,10
2722,pg3_2_img006.jpg,pg3_2,pg,test,10
2723,pg3_2_img007.jpg,pg3_2,pg,test,10
2724,pg3_2_img008.jpg,pg3_2,pg,test,10
2725,pg3_2_img009.jpg,pg3_2,pg,test,10
2726,pg3_2_img010.jpg,pg3_2,pg,test,10
2727,pg3_2_img011.jpg,pg3_2,pg,test,10
2728,pg3_2_img012.jpg,pg3_2,pg,test,10
2729,pg3_2_img013.jpg,pg3_2,pg,test,10
2730,pg3_2_img014.jpg,pg3_2,pg,test,10
2731,pg3_2_img015.jpg,pg3_2,pg,test,10
2732,pg3_2_img016.jpg,pg3_2,pg,test,10
2733,pg3_2_img017.jpg,pg3_2,pg,test,10
2734,pg3_2_img018.jpg,pg3_2,pg,test,10
2735,pg3_2_img019.jpg,pg3_2,pg,test,10
2736,pg3_2_img020.jpg,pg3_2,pg,test,10
2737,pg3_2_img021.jpg,pg3_2,pg,test,10
2738,pg3_2_img022.jpg,pg3_2,pg,test,10
2739,pg3_2_img023.jpg,pg3_2,pg,test,10
2740,pg3_2_img024.jpg,pg3_2,pg,test,10
2741,pg3_2_img025.jpg,pg3_2,pg,test,10
2742,pg3_2_img026.jpg,pg3_2,pg,test,10
2743,pg3_2_img027.jpg,pg3_2,pg,test,10
2744,pg3_2_img028.jpg,pg3_2,pg,test,10
2745,pg3_2_img029.jpg,pg3_2,pg,test,10
2746,pg3_2_img030.jpg,pg3_2,pg,test,10
2747,pg3_2_img031.jpg,pg3_2,pg,test,10
2748,pg3_2_img032.jpg,pg3_2,pg,test,10
2749,pg3_2_img033.jpg,pg3_2,pg,test,10
2750,pg3_2_img034.jpg,pg3_2,pg,test,10
2751,pg3_2_img035.jpg,pg3_2,pg,test,10
2752,pg3_2_img036.jpg,pg3_2,pg,test,10
2753,pg3_2_img037.jpg,pg3_2,pg,test,10
2754,pg3_2_img038.jpg,pg3_2,pg,test,10
2755,pg3_2_img039.jpg,pg3_2,pg,test,10
2756,pg3_2_img040.jpg,pg3_2,pg,test,10
2757,pg3_2_img041.jpg,pg3_2,pg,test,10
2758,pg3_2_img042.jpg,pg3_2,pg,test,10
2759,pg3_2_img043.jpg,pg3_2,pg,test,10
2760,pg3_2_img044.jpg,pg3_2,pg,test,10
2761,pg3_2_img045.jpg,pg3_2,pg,test,10
2762,pg3_2_img046.jpg,pg3_2,pg,test,10
2763,pg3_2_img047.jpg,pg3_2,pg,test,10
2764,pg3_2_img048.jpg,pg3_2,pg,test,10
2765,pg3_2_img049.jpg,pg3_2,pg,test,10
2766,pg3_2_img050.jpg,pg3_2,pg,test,10
2767,pg3_2_img051.jpg,pg3_2,pg,test,10
2768,pg3_2_img052.jpg,pg3_2,pg,test,10
2769,pg3_2_img053.jpg,pg3_2,pg,test,10
2770,pg3_2_img054.jpg,pg3_2,pg,test,10
2771,pg3_2_img055.jpg,pg3_2,pg,test,10
2772,pg3_2_img056.jpg,pg3_2,pg,test,10
2773,pg3_2_img057.jpg,pg3_2,pg,test,10
2774,pg3_2_img058.jpg,pg3_2,pg,test,10
2775,pg3_2_img059.jpg,pg3_2,pg,test,10
2776,pg3_2_img060.jpg,pg3_2,pg,test,10
2777,pg3_2_img061.jpg,pg3_2,pg,test,10
2778,pg3_2_img062.jpg,pg3_2,pg,test,10
2779,pg3_2_img063.jpg,pg3_2,pg,test,10
2780,pg3_2_img064.jpg,pg3_2,pg,test,10
2781,pg3_2_img065.jpg,pg3_2,pg,test,10
2782,pg3_2_img066.jpg,pg3_2,pg,test,10
2783,pg3_2_img067.jpg,pg3_2,pg,test,10
2784,pg3_2_img068.jpg,pg3_2,pg,test,10
2785,pg3_2_img069.jpg,pg3_2,pg,test,10
2786,pg3_2_img070.jpg,pg3_2,pg,test,10
2787,pg3_2_img071.jpg,pg3_2,pg,test,10
2788,pg3_2_img072.jpg,pg3_2,pg,test,10
2789,pg3_2_img073.jpg,pg3_2,pg,test,10
2790,pg3_2_img074.jpg,pg3_2,pg,test,10
2791,pg3_2_img075.jpg,pg3_2,pg,test,10
2792,pg3_2_img076.jpg,pg3_2,pg,test,10
2793,pg3_2_img077.jpg,pg3_2,pg,test,10
2794,pg3_2_img078.jpg,pg3_2,pg,test,10
2795,pg3_2_img079.jpg,pg3_2,pg,test,10
2796,pg3_2_img080.jpg,pg3_2,pg,test,10
2797,pg3_2_img081.jpg,pg3_2,pg,test,10
2798,pg3_2_img082.jpg,pg3_2,pg,test,10
2799,pg3_2_img083.jpg,pg3_2,pg,test,10
2800,pg3_2_img084.jpg,pg3_2,pg,test,10
2801,pg3_2_img085.jpg,pg3_2,pg,test,10
2802,pg3_2_img086.jpg,pg3_2,pg,test,10
2803,pg3_2_img087.jpg,pg3_2,pg,test,10
2804,pg3_2_img088.jpg,pg3_2,pg,test,10
2805,pg3_2_img089.jpg,pg3_2,pg,test,10
2806,pg3_2_img090.jpg,pg3_2,pg,test,10
2807,pg3_2_img091.jpg,pg3_2,pg,test,10
2808,pg3_2_img092.jpg,pg3_2,pg,test,10
2809,pg3_2_img093.jpg,pg3_2,pg,test,10
2810,pg3_2_img094.jpg,pg3_2,pg,test,10
2811,pg3_2_img095.jpg,pg3_2,pg,test,10
2812,pg3_2_img096.jpg,pg3_2,pg,test,10
2813,pg3_2_img097.jpg,pg3_2,pg,test,10
2814,pg3_3_img001.jpg,pg3_3,pg,val,10
2815,pg3_3_img002.jpg,pg3_3,pg,val,10
2816,pg3_3_img003.jpg,pg3_3,pg,val,10
2817,pg3_3_img004.jpg,pg3_3,pg,val,10
2818,pg3_3_img005.jpg,pg3_3,pg,val,10
2819,pg3_3_img006.jpg,pg3_3,pg,val,10
2820,pg3_3_img007.jpg,pg3_3,pg,val,10
2821,pg3_3_img008.jpg,pg3_3,pg,val,10
2822,pg3_3_img009.jpg,pg3_3,pg,val,10
2823,pg3_3_img010.jpg,pg3_3,pg,val,10
2824,pg3_3_img011.jpg,pg3_3,pg,val,10
2825,pg3_3_img012.jpg,pg3_3,pg,val,10
2826,pg3_3_img013.jpg,pg3_3,pg,val,10
2827,pg3_3_img014.jpg,pg3_3,pg,val,10
2828,pg3_3_img015.jpg,pg3_3,pg,val,10
2829,pg3_3_img016.jpg,pg3_3,pg,val,10
2830,pg3_3_img017.jpg,pg3_3,pg,val,10
2831,pg3_3_img018.jpg,pg3_3,pg,val,10
2832,pg3_3_img019.jpg,pg3_3,pg,val,10
2833,pg3_3_img020.jpg,pg3_3,pg,val,10
2834,pg3_3_img021.jpg,pg3_3,pg,val,10
2835,pg3_3_img022.jpg,pg3_3,pg,val,10
2836,pg3_3_img023.jpg,pg3_3,pg,val,10
2837,pg3_3_img024.jpg,pg3_3,pg,val,10
2838,pg3_3_img025.jpg,pg3_3,pg,val,10
2839,pg3_3_img026.jpg,pg3_3,pg,val,10
2840,pg3_3_img027.jpg,pg3_3,pg,val,10
2841,pg3_3_img028.jpg,pg3_3,pg,val,10
2842,pg3_3_img029.jpg,pg3_3,pg,val,10
2843,pg3_3_img030.jpg,pg3_3,pg,val,10
2844,pg3_3_img031.jpg,pg3_3,pg,val,10
2845,pg3_3_img032.jpg,pg3_3,pg,val,10
2846,pg3_3_img033.jpg,pg3_3,pg,val,10
2847,pg3_3_img034.jpg,pg3_3,pg,val,10
2848,pg3_3_img035.jpg,pg3_3,pg,val,10
2849,pg3_3_img036.jpg,pg3_3,pg,val,10
2850,pg3_3_img037.jpg,pg3_3,pg,val,10
2851,pg3_3_img038.jpg,pg3_3,pg,val,10
2852,pg3_3_img039.jpg,pg3_3,pg,val,10
2853,pg3_3_img040.jpg,pg3_3,pg,val,10
2854,pg3_3_img041.jpg,pg3_3,pg,val,10
2855,pg3_3_img042.jpg,pg3_3,pg,val,10
2856,pg3_3_img043.jpg,pg3_3,pg,val,10
2857,pg3_3_img044.jpg,pg3_3,pg,val,10
2858,pg3_3_img045.jpg,pg3_3,pg,val,10
2859,pg3_3_img046.jpg,pg3_3,pg,val,10
2860,pg3_3_img047.jpg,pg3_3,pg,val,10
2861,pg3_3_img048.jpg,pg3_3,pg,val,10
2862,pg3_3_img049.jpg,pg3_3,pg,val,10
2863,pg3_3_img050.jpg,pg3_3,pg,val,10
2864,pg3_3_img051.jpg,pg3_3,pg,val,10
2865,pg3_3_img052.jpg,pg3_3,pg,val,10
2866,pg3_3_img053.jpg,pg3_3,pg,val,10
2867,pg3_3_img054.jpg,pg3_3,pg,val,10
2868,pg3_3_img055.jpg,pg3_3,pg,val,10
2869,pg3_3_img056.jpg,pg3_3,pg,val,10
2870,pg3_3_img057.jpg,pg3_3,pg,val,10
2871,pg3_3_img058.jpg,pg3_3,pg,val,10
2872,pg3_3_img059.jpg,pg3_3,pg,val,10
2873,pg3_3_img060.jpg,pg3_3,pg,val,10
2874,pg3_3_img061.jpg,pg3_3,pg,val,10
2875,pg3_3_img062.jpg,pg3_3,pg,val,10
2876,pg3_3_img063.jpg,pg3_3,pg,val,10
2877,pg3_3_img064.jpg,pg3_3,pg,val,10
2878,pg3_3_img065.jpg,pg3_3,pg,val,10
2879,pg3_3_img066.jpg,pg3_3,pg,val,10
2880,pg3_3_img067.jpg,pg3_3,pg,val,10
2881,pg3_3_img068.jpg,pg3_3,pg,val,10
2882,pg3_3_img069.jpg,pg3_3,pg,val,10
2883,pg3_3_img070.jpg,pg3_3,pg,val,10
2884,pg3_3_img071.jpg,pg3_3,pg,val,10
2885,pg3_3_img072.jpg,pg3_3,pg,val,10
2886,pg3_3_img073.jpg,pg3_3,pg,val,10
2887,pg3_3_img074.jpg,pg3_3,pg,val,10
2888,pg3_3_img075.jpg,pg3_3,pg,val,10
2889,pg3_3_img076.jpg,pg3_3,pg,val,10
2890,pg3_3_img077.jpg,pg3_3,pg,val,10
2891,pg3_3_img078.jpg,pg3_3,pg,val,10
2892,pg3_3_img079.jpg,pg3_3,pg,val,10
2893,pg3_3_img080.jpg,pg3_3,pg,val,10
2894,pg3_3_img081.jpg,pg3_3,pg,val,10
2895,pg3_3_img082.jpg,pg3_3,pg,val,10
2896,pg3_3_img083.jpg,pg3_3,pg,val,10
2897,pg3_3_img084.jpg,pg3_3,pg,val,10
2898,pg3_3_img085.jpg,pg3_3,pg,val,10
2899,pg3_3_img086.jpg,pg3_3,pg,val,10
2900,pg3_3_img087.jpg,pg3_3,pg,val,10
2901,pg3_3_img088.jpg,pg3_3,pg,val,10
2902,pg3_3_img089.jpg,pg3_3,pg,val,10
2903,pg3_3_img090.jpg,pg3_3,pg,val,10
2904,pg3_3_img091.jpg,pg3_3,pg,val,10
2905,pg3_3_img092.jpg,pg3_3,pg,val,10
2906,pg3_3_img093.jpg,pg3_3,pg,val,10
2907,pg3_3_img094.jpg,pg3_3,pg,val,10
2908,pg3_3_img095.jpg,pg3_3,pg,val,10
2909,pg3_3_img096.jpg,pg3_3,pg,val,10
2910,pg3_3_img097.jpg,pg3_3,pg,val,10
2911,pg3_4_img001.jpg,pg3_4,pg,train,10
2912,pg3_4_img002.jpg,pg3_4,pg,train,10
2913,pg3_4_img003.jpg,pg3_4,pg,train,10
2914,pg3_4_img004.jpg,pg3_4,pg,train,10
2915,pg3_4_img005.jpg,pg3_4,pg,train,10
2916,pg3_4_img006.jpg,pg3_4,pg,train,10
2917,pg3_4_img007.jpg,pg3_4,pg,train,10
2918,pg3_4_img008.jpg,pg3_4,pg,train,10
2919,pg3_4_img009.jpg,pg3_4,pg,train,10
2920,pg3_4_img010.jpg,pg3_4,pg,train,10
2921,pg3_4_img011.jpg,pg3_4,pg,train,10
2922,pg3_4_img012.jpg,pg3_4,pg,train,10
2923,pg3_4_img013.jpg,pg3_4,pg,train,10
2924,pg3_4_img014.jpg,pg3_4,pg,train,10
2925,pg3_4_img015.jpg,pg3_4,pg,train,10
2926,pg3_4_img016.jpg,pg3_4,pg,train,10
2927,pg3_4_img017.jpg,pg3_4,pg,train,10
2928,pg3_4_img018.jpg,pg3_4,pg,train,10
2929,pg3_4_img019.jpg,pg3_4,pg,train,10
2930,pg3_4_img020.jpg,pg3_4,pg,train,10
2931,pg3_4_img021.jpg,pg3_4,pg,train,10
2932,pg3_4_img022.jpg,pg3_4,pg,train,10
2933,pg3_4_img023.jpg,pg3_4,pg,train,10
2934,pg3_4_img024.jpg,pg3_4,pg,train,10
2935,pg3_4_img025.jpg,pg3_4,pg,train,10
2936,pg3_4_img026.jpg,pg3_4,pg,train,10
2937,pg3_4_img027.jpg,pg3_4,pg,train,10
2938,pg3_4_img028.jpg,pg3_4,pg,train,10
2939,pg3_4_img029.jpg,pg3_4,pg,train,10
2940,pg3_4_img030.jpg,pg3_4,pg,train,10
2941,pg3_4_img031.jpg,pg3_4,pg,train,10
2942,pg3_4_img032.jpg,pg3_4,pg,train,10
2943,pg3_4_img033.jpg,pg3_4,pg,train,10
2944,pg3_4_img034.jpg,pg3_4,pg,train,10
2945,pg3_4_img035.jpg,pg3_4,pg,train,10
2946,pg3_4_img036.jpg,pg3_4,pg,train,10
2947,pg3_4_img037.jpg,pg3_4,pg,train,10
2948,pg3_4_img038.jpg,pg3_4,pg,train,10
2949,pg3_4_img039.jpg,pg3_4,pg,train,10
2950,pg3_4_img040.jpg,pg3_4,pg,train,10
2951,pg3_4_img041.jpg,pg3_4,pg,train,10
2952,pg3_4_img042.jpg,pg3_4,pg,train,10
2953,pg3_4_img043.jpg,pg3_4,pg,train,10
2954,pg3_4_img044.jpg,pg3_4,pg,train,10
2955,pg3_4_img045.jpg,pg3_4,pg,train,10
2956,pg3_4_img046.jpg,pg3_4,pg,train,10
2957,pg3_4_img047.jpg,pg3_4,pg,train,10
2958,pg3_4_img048.jpg,pg3_4,pg,train,10
2959,pg3_4_img049.jpg,pg3_4,pg,train,10
2960,pg3_4_img050.jpg,pg3_4,pg,train,10
2961,pg3_4_img051.jpg,pg3_4,pg,train,10
2962,pg3_4_img052.jpg,pg3_4,pg,train,10
2963,pg3_4_img053.jpg,pg3_4,pg,train,10
2964,pg3_4_img054.jpg,pg3_4,pg,train,10
2965,pg3_4_img055.jpg,pg3_4,pg,train,10
2966,pg3_4_img056.jpg,pg3_4,pg,train,10
2967,pg3_4_img057.jpg,pg3_4,pg,train,10
2968,pg3_4_img058.jpg,pg3_4,pg,train,10
2969,pg3_4_img059.jpg,pg3_4,pg,train,10
2970,pg3_4_img060.jpg,pg3_4,pg,train,10
2971,pg3_4_img061.jpg,pg3_4,pg,train,10
2972,pg3_4_img062.jpg,pg3_4,pg,train,10
2973,pg3_4_img063.jpg,pg3_4,pg,train,10
2974,pg3_4_img064.jpg,pg3_4,pg,train,10
2975,pg3_4_img065.jpg,pg3_4,pg,train,10
2976,pg3_4_img066.jpg,pg3_4,pg,train,10
2977,pg3_4_img067.jpg,pg3_4,pg,train,10
2978,pg3_4_img068.jpg,pg3_4,pg,train,10
2979,pg3_4_img069.jpg,pg3_4,pg,train,10
2980,pg3_4_img070.jpg,pg3_4,pg,train,10
2981,pg3_4_img071.jpg,pg3_4,pg,train,10
2982,pg3_4_img072.jpg,pg3_4,pg,train,10
2983,pg3_4_img073.jpg,pg3_4,pg,train,10
2984,pg3_4_img074.jpg,pg3_4,pg,train,10
2985,pg3_4_img075.jpg,pg3_4,pg,train,10
2986,pg3_4_img076.jpg,pg3_4,pg,train,10
2987,pg3_4_img077.jpg,pg3_4,pg,train,10
2988,pg3_4_img078.jpg,pg3_4,pg,train,10
2989,pg3_4_img079.jpg,pg3_4,pg,train,10
2990,pg3_4_img080.jpg,pg3_4,pg,train,10
2991,pg3_4_img081.jpg,pg3_4,pg,train,10
2992,pg3_4_img082.jpg,pg3_4,pg,train,10
2993,pg3_4_img083.jpg,pg3_4,pg,train,10
2994,pg3_4_img084.jpg,pg3_4,pg,train,10
2995,pg3_4_img085.jpg,pg3_4,pg,train,10
2996,pg3_4_img086.jpg,pg3_4,pg,train,10
2997,pg3_4_img087.jpg,pg3_4,pg,train,10
2998,pg3_4_img088.jpg,pg3_4,pg,train,10
2999,pg3_4_img089.jpg,pg3_4,pg,train,10
3000,pg3_4_img090.jpg,pg3_4,pg,train,10
3001,pg3_4_img091.jpg,pg3_4,pg,train,10
3002,pg3_4_img092.jpg,pg3_4,pg,train,10
3003,pg3_4_img093.jpg,pg3_4,pg,train,10
3004,pg3_4_img094.jpg,pg3_4,pg,train,10
3005,pg3_4_img095.jpg,pg3_4,pg,train,10
3006,pg3_4_img096.jpg,pg3_4,pg,train,10
3007,pg3_4_img097.jpg,pg3_4,pg,train,10
3008,pg3_5_img001.jpg,pg3_5,pg,test,10
3009,pg3_5_img002.jpg,pg3_5,pg,test,10
3010,pg3_5_img003.jpg,pg3_5,pg,test,10
3011,pg3_5_img004.jpg,pg3_5,pg,test,10
3012,pg3_5_img005.jpg,pg3_5,pg,test,10
3013,pg3_5_img006.jpg,pg3_5,pg,test,10
3014,pg3_5_img007.jpg,pg3_5,pg,test,10
3015,pg3_5_img008.jpg,pg3_5,pg,test,10
3016,pg3_5_img009.jpg,pg3_5,pg,test,10
3017,pg3_5_img010.jpg,pg3_5,pg,test,10
3018,pg3_5_img011.jpg,pg3_5,pg,test,10
3019,pg3_5_img012.jpg,pg3_5,pg,test,10
3020,pg3_5_img013.jpg,pg3_5,pg,test,10
3021,pg3_5_img014.jpg,pg3_5,pg,test,10
3022,pg3_5_img015.jpg,pg3_5,pg,test,10
3023,pg3_5_img016.jpg,pg3_5,pg,test,10
3024,pg3_5_img017.jpg,pg3_5,pg,test,10
3025,pg3_5_img018.jpg,pg3_5,pg,test,10
3026,pg3_5_img019.jpg,pg3_5,pg,test,10
3027,pg3_5_img020.jpg,pg3_5,pg,test,10
3028,pg3_5_img021.jpg,pg3_5,pg,test,10
3029,pg3_5_img022.jpg,pg3_5,pg,test,10
3030,pg3_5_img023.jpg,pg3_5,pg,test,10
3031,pg3_5_img024.jpg,pg3_5,pg,test,10
3032,pg3_5_img025.jpg,pg3_5,pg,test,10
3033,pg3_5_img026.jpg,pg3_5,pg,test,10
3034,pg3_5_img027.jpg,pg3_5,pg,test,10
3035,pg3_5_img028.jpg,pg3_5,pg,test,10
3036,pg3_5_img029.jpg,pg3_5,pg,test,10
3037,pg3_5_img030.jpg,pg3_5,pg,test,10
3038,pg3_5_img031.jpg,pg3_5,pg,test,10
3039,pg3_5_img032.jpg,pg3_5,pg,test,10
3040,pg3_5_img033.jpg,pg3_5,pg,test,10
3041,pg3_5_img034.jpg,pg3_5,pg,test,10
3042,pg3_5_img035.jpg,pg3_5,pg,test,10
3043,pg3_5_img036.jpg,pg3_5,pg,test,10
3044,pg3_5_img037.jpg,pg3_5,pg,test,10
3045,pg3_5_img038.jpg,pg3_5,pg,test,10
3046,pg3_5_img039.jpg,pg3_5,pg,test,10
3047,pg3_5_img040.jpg,pg3_5,pg,test,10
3048,pg3_5_img041.jpg,pg3_5,pg,test,10
3049,pg3_5_img042.jpg,pg3_5,pg,test,10
3050,pg3_5_img043.jpg,pg3_5,pg,test,10
3051,pg3_5_img044.jpg,pg3_5,pg,test,10
3052,pg3_5_img045.jpg,pg3_5,pg,test,10
3053,pg3_5_img046.jpg,pg3_5,pg,test,10
3054,pg3_5_img047.jpg,pg3_5,pg,test,10
3055,pg3_5_img048.jpg,pg3_5,pg,test,10
3056,pg3_5_img049.jpg,pg3_5,pg,test,10
3057,pg3_5_img050.jpg,pg3_5,pg,test,10
3058,pg3_5_img051.jpg,pg3_5,pg,test,10
3059,pg3_5_img052.jpg,pg3_5,pg,test,10
3060,pg3_5_img053.jpg,pg3_5,pg,test,10
3061,pg3_5_img054.jpg,pg3_5,pg,test,10
3062,pg3_5_img055.jpg,pg3_5,pg,test,10
3063,pg3_5_img056.jpg,pg3_5,pg,test,10
3064,pg3_5_img057.jpg,pg3_5,pg,test,10
3065,pg3_5_img058.jpg,pg3_5,pg,test,10
3066,pg3_5_img059.jpg,pg3_5,pg,test,10
3067,pg3_5_img060.jpg,pg3_5,pg,test,10
3068,pg3_5_img061.jpg,pg3_5,pg,test,10
3069,pg3_5_img062.jpg,pg3_5,pg,test,10
3070,pg3_5_img063.jpg,pg3_5,pg,test,10
3071,pg3_5_img064.jpg,pg3_5,pg,test,10
3072,pg3_5_img065.jpg,pg3_5,pg,test,10
3073,pg3_5_img066.jpg,pg3_5,pg,test,10
3074,pg3_5_img067.jpg,pg3_5,pg,test,10
3075,pg3_5_img068.jpg,pg3_5,pg,test,10
3076,pg3_5_img069.jpg,pg3_5,pg,test,10
3077,pg3_5_img070.jpg,pg3_5,pg,test,10
3078,pg3_5_img071.jpg,pg3_5,pg,test,10
3079,pg3_5_img072.jpg,pg3_5,pg,test,10
3080,pg3_5_img073.jpg,pg3_5,pg,test,10
3081,pg3_5_img074.jpg,pg3_5,pg,test,10
3082,pg3_5_img075.jpg,pg3_5,pg,test,10
3083,pg3_5_img076.jpg,pg3_5,pg,test,10
3084,pg3_5_img077.jpg,pg3_5,pg,test,10
3085,pg3_5_img078.jpg,pg3_5,pg,test,10
3086,pg3_5_img079.jpg,pg3_5,pg,test,10
3087,pg3_5_img080.jpg,pg3_5,pg,test,10
3088,pg3_5_img081.jpg,pg3_5,pg,test,10
3089,pg3_5_img082.jpg,pg3_5,pg,test,10
3090,pg3_5_img083.jpg,pg3_5,pg,test,10
3091,pg3_5_img084.jpg,pg3_5,pg,test,10
3092,pg3_5_img085.jpg,pg3_5,pg,test,10
3093,pg3_5_img086.jpg,pg3_5,pg,test,10
3094,pg3_5_img087.jpg,pg3_5,pg,test,10
3095,pg3_5_img088.jpg,pg3_5,pg,test,10
3096,pg3_5_img089.jpg,pg3_5,pg,test,10
3097,pg3_5_img090.jpg,pg3_5,pg,test,10
3098,pg3_5_img091.jpg,pg3_5,pg,test,10
3099,pg3_5_img092.jpg,pg3_5,pg,test,10
3100,pg3_5_img093.jpg,pg3_5,pg,test,10
3101,pg3_5_img094.jpg,pg3_5,pg,test,10
3102,pg3_5_img095.jpg,pg3_5,pg,test,10
3103,pg3_5_img096.jpg,pg3_5,pg,test,10
3104,pg3_5_img097.jpg,pg3_5,pg,test,10
3105,pg3_7_img001.jpg,pg3_7,pg,train,10
3106,pg3_7_img002.jpg,pg3_7,pg,train,10
3107,pg3_7_img003.jpg,pg3_7,pg,train,10
3108,pg3_7_img004.jpg,pg3_7,pg,train,10
3109,pg3_7_img005.jpg,pg3_7,pg,train,10
3110,pg3_7_img006.jpg,pg3_7,pg,train,10
3111,pg3_7_img007.jpg,pg3_7,pg,train,10
3112,pg3_7_img008.jpg,pg3_7,pg,train,10
3113,pg3_7_img009.jpg,pg3_7,pg,train,10
3114,pg3_7_img010.jpg,pg3_7,pg,train,10
3115,pg3_7_img011.jpg,pg3_7,pg,train,10
3116,pg3_7_img012.jpg,pg3_7,pg,train,10
3117,pg3_7_img013.jpg,pg3_7,pg,train,10
3118,pg3_7_img014.jpg,pg3_7,pg,train,10
3119,pg3_7_img015.jpg,pg3_7,pg,train,10
3120,pg3_7_img016.jpg,pg3_7,pg,train,10
3121,pg3_7_img017.jpg,pg3_7,pg,train,10
3122,pg3_7_img018.jpg,pg3_7,pg,train,10
3123,pg3_7_img019.jpg,pg3_7,pg,train,10
3124,pg3_7_img020.jpg,pg3_7,pg,train,10
3125,pg3_7_img021.jpg,pg3_7,pg,train,10
3126,pg3_7_img022.jpg,pg3_7,pg,train,10
3127,pg3_7_img023.jpg,pg3_7,pg,train,10
3128,pg3_7_img024.jpg,pg3_7,pg,train,10
3129,pg3_7_img025.jpg,pg3_7,pg,train,10
3130,pg3_7_img026.jpg,pg3_7,pg,train,10
3131,pg3_7_img027.jpg,pg3_7,pg,train,10
3132,pg3_7_img028.jpg,pg3_7,pg,train,10
3133,pg3_7_img029.jpg,pg3_7,pg,train,10
3134,pg3_7_img030.jpg,pg3_7,pg,train,10
3135,pg3_7_img031.jpg,pg3_7,pg,train,10
3136,pg3_7_img032.jpg,pg3_7,pg,train,10
3137,pg3_7_img033.jpg,pg3_7,pg,train,10
3138,pg3_7_img034.jpg,pg3_7,pg,train,10
3139,pg3_7_img035.jpg,pg3_7,pg,train,10
3140,pg3_7_img036.jpg,pg3_7,pg,train,10
3141,pg3_7_img037.jpg,pg3_7,pg,train,10
3142,pg3_7_img038.jpg,pg3_7,pg,train,10
3143,pg3_7_img039.jpg,pg3_7,pg,train,10
3144,pg3_7_img040.jpg,pg3_7,pg,train,10
3145,pg3_7_img041.jpg,pg3_7,pg,train,10
3146,pg3_7_img042.jpg,pg3_7,pg,train,10
3147,pg3_7_img043.jpg,pg3_7,pg,train,10
3148,pg3_7_img044.jpg,pg3_7,pg,train,10
3149,pg3_7_img045.jpg,pg3_7,pg,train,10
3150,pg3_7_img046.jpg,pg3_7,pg,train,10
3151,pg3_7_img047.jpg,pg3_7,pg,train,10
3152,pg3_7_img048.jpg,pg3_7,pg,train,10
3153,pg3_7_img049.jpg,pg3_7,pg,train,10
3154,pg3_7_img050.jpg,pg3_7,pg,train,10
3155,pg3_7_img051.jpg,pg3_7,pg,train,10
3156,pg3_7_img052.jpg,pg3_7,pg,train,10
3157,pg3_7_img053.jpg,pg3_7,pg,train,10
3158,pg3_7_img054.jpg,pg3_7,pg,train,10
3159,pg3_7_img055.jpg,pg3_7,pg,train,10
3160,pg3_7_img056.jpg,pg3_7,pg,train,10
3161,pg3_7_img057.jpg,pg3_7,pg,train,10
3162,pg3_7_img058.jpg,pg3_7,pg,train,10
3163,pg3_7_img059.jpg,pg3_7,pg,train,10
3164,pg3_7_img060.jpg,pg3_7,pg,train,10
3165,pg3_7_img061.jpg,pg3_7,pg,train,10
3166,pg3_7_img062.jpg,pg3_7,pg,train,10
3167,pg3_7_img063.jpg,pg3_7,pg,train,10
3168,pg3_7_img064.jpg,pg3_7,pg,train,10
3169,pg3_7_img065.jpg,pg3_7,pg,train,10
3170,pg3_7_img066.jpg,pg3_7,pg,train,10
3171,pg3_7_img067.jpg,pg3_7,pg,train,10
3172,pg3_7_img068.jpg,pg3_7,pg,train,10
3173,pg3_7_img069.jpg,pg3_7,pg,train,10
3174,pg3_7_img070.jpg,pg3_7,pg,train,10
3175,pg3_7_img071.jpg,pg3_7,pg,train,10
3176,pg3_7_img072.jpg,pg3_7,pg,train,10
3177,pg3_7_img073.jpg,pg3_7,pg,train,10
3178,pg3_7_img074.jpg,pg3_7,pg,train,10
3179,pg3_7_img075.jpg,pg3_7,pg,train,10
3180,pg3_7_img076.jpg,pg3_7,pg,train,10
3181,pg3_7_img077.jpg,pg3_7,pg,train,10
3182,pg3_7_img078.jpg,pg3_7,pg,train,10
3183,pg3_7_img079.jpg,pg3_7,pg,train,10
3184,pg3_7_img080.jpg,pg3_7,pg,train,10
3185,pg3_7_img081.jpg,pg3_7,pg,train,10
3186,pg3_7_img082.jpg,pg3_7,pg,train,10
3187,pg3_7_img083.jpg,pg3_7,pg,train,10
3188,pg3_7_img084.jpg,pg3_7,pg,train,10
3189,pg3_7_img085.jpg,pg3_7,pg,train,10
3190,pg3_7_img086.jpg,pg3_7,pg,train,10
3191,pg3_7_img087.jpg,pg3_7,pg,train,10
3192,pg3_7_img088.jpg,pg3_7,pg,train,10
3193,pg3_7_img089.jpg,pg3_7,pg,train,10
3194,pg3_7_img090.jpg,pg3_7,pg,train,10
3195,pg3_7_img091.jpg,pg3_7,pg,train,10
3196,pg3_7_img092.jpg,pg3_7,pg,train,10
3197,pg3_7_img093.jpg,pg3_7,pg,train,10
3198,pg3_7_img094.jpg,pg3_7,pg,train,10
3199,pg3_7_img095.jpg,pg3_7,pg,train,10
3200,pg3_7_img096.jpg,pg3_7,pg,train,10
3201,pg3_7_img097.jpg,pg3_7,pg,train,10
3202,pg3_8_img001.jpg,pg3_8,pg,train,10
3203,pg3_8_img002.jpg,pg3_8,pg,train,10
3204,pg3_8_img003.jpg,pg3_8,pg,train,10
3205,pg3_8_img004.jpg,pg3_8,pg,train,10
3206,pg3_8_img005.jpg,pg3_8,pg,train,10
3207,pg3_8_img006.jpg,pg3_8,pg,train,10
3208,pg3_8_img007.jpg,pg3_8,pg,train,10
3209,pg3_8_img008.jpg,pg3_8,pg,train,10
3210,pg3_8_img009.jpg,pg3_8,pg,train,10
3211,pg3_8_img010.jpg,pg3_8,pg,train,10
3212,pg3_8_img011.jpg,pg3_8,pg,train,10
3213,pg3_8_img012.jpg,pg3_8,pg,train,10
3214,pg3_8_img013.jpg,pg3_8,pg,train,10
3215,pg3_8_img014.jpg,pg3_8,pg,train,10
3216,pg3_8_img015.jpg,pg3_8,pg,train,10
3217,pg3_8_img016.jpg,pg3_8,pg,train,10
3218,pg3_8_img017.jpg,pg3_8,pg,train,10
3219,pg3_8_img018.jpg,pg3_8,pg,train,10
3220,pg3_8_img019.jpg,pg3_8,pg,train,10
3221,pg3_8_img020.jpg,pg3_8,pg,train,10
3222,pg3_8_img021.jpg,pg3_8,pg,train,10
3223,pg3_8_img022.jpg,pg3_8,pg,train,10
3224,pg3_8_img023.jpg,pg3_8,pg,train,10
3225,pg3_8_img024.jpg,pg3_8,pg,train,10
3226,pg3_8_img025.jpg,pg3_8,pg,train,10
3227,pg3_8_img026.jpg,pg3_8,pg,train,10
3228,pg3_8_img027.jpg,pg3_8,pg,train,10
3229,pg3_8_img028.jpg,pg3_8,pg,train,10
3230,pg3_8_img029.jpg,pg3_8,pg,train,10
3231,pg3_8_img030.jpg,pg3_8,pg,train,10
3232,pg3_8_img031.jpg,pg3_8,pg,train,10
3233,pg3_8_img032.jpg,pg3_8,pg,train,10
3234,pg3_8_img033.jpg,pg3_8,pg,train,10
3235,pg3_8_img034.jpg,pg3_8,pg,train,10
3236,pg3_8_img035.jpg,pg3_8,pg,train,10
3237,pg3_8_img036.jpg,pg3_8,pg,train,10
3238,pg3_8_img037.jpg,pg3_8,pg,train,10
3239,pg3_8_img038.jpg,pg3_8,pg,train,10
3240,pg3_8_img039.jpg,pg3_8,pg,train,10
3241,pg3_8_img040.jpg,pg3_8,pg,train,10
3242,pg3_8_img041.jpg,pg3_8,pg,train,10
3243,pg3_8_img042.jpg,pg3_8,pg,train,10
3244,pg3_8_img043.jpg,pg3_8,pg,train,10
3245,pg3_8_img044.jpg,pg3_8,pg,train,10
3246,pg3_8_img045.jpg,pg3_8,pg,train,10
3247,pg3_8_img046.jpg,pg3_8,pg,train,10
3248,pg3_8_img047.jpg,pg3_8,pg,train,10
3249,pg3_8_img048.jpg,pg3_8,pg,train,10
3250,pg3_8_img049.jpg,pg3_8,pg,train,10
3251,pg3_8_img050.jpg,pg3_8,pg,train,10
3252,pg3_8_img051.jpg,pg3_8,pg,train,10
3253,pg3_8_img052.jpg,pg3_8,pg,train,10
3254,pg3_8_img053.jpg,pg3_8,pg,train,10
3255,pg3_8_img054.jpg,pg3_8,pg,train,10
3256,pg3_8_img055.jpg,pg3_8,pg,train,10
3257,pg3_8_img056.jpg,pg3_8,pg,train,10
3258,pg3_8_img057.jpg,pg3_8,pg,train,10
3259,pg3_8_img058.jpg,pg3_8,pg,train,10
3260,pg3_8_img059.jpg,pg3_8,pg,train,10
3261,pg3_8_img060.jpg,pg3_8,pg,train,10
3262,pg3_8_img061.jpg,pg3_8,pg,train,10
3263,pg3_8_img062.jpg,pg3_8,pg,train,10
3264,pg3_8_img063.jpg,pg3_8,pg,train,10
3265,pg3_8_img064.jpg,pg3_8,pg,train,10
3266,pg3_8_img065.jpg,pg3_8,pg,train,10
3267,pg3_8_img066.jpg,pg3_8,pg,train,10
3268,pg3_8_img067.jpg,pg3_8,pg,train,10
3269,pg3_8_img068.jpg,pg3_8,pg,train,10
3270,pg3_8_img069.jpg,pg3_8,pg,train,10
3271,pg3_8_img070.jpg,pg3_8,pg,train,10
3272,pg3_8_img071.jpg,pg3_8,pg,train,10
3273,pg3_8_img072.jpg,pg3_8,pg,train,10
3274,pg3_8_img073.jpg,pg3_8,pg,train,10
3275,pg3_8_img074.jpg,pg3_8,pg,train,10
3276,pg3_8_img075.jpg,pg3_8,pg,train,10
3277,pg3_8_img076.jpg,pg3_8,pg,train,10
3278,pg3_8_img077.jpg,pg3_8,pg,train,10
3279,pg3_8_img078.jpg,pg3_8,pg,train,10
3280,pg3_8_img079.jpg,pg3_8,pg,train,10
3281,pg3_8_img080.jpg,pg3_8,pg,train,10
3282,pg3_8_img081.jpg,pg3_8,pg,train,10
3283,pg3_8_img082.jpg,pg3_8,pg,train,10
3284,pg3_8_img083.jpg,pg3_8,pg,train,10
3285,pg3_8_img084.jpg,pg3_8,pg,train,10
3286,pg3_8_img085.jpg,pg3_8,pg,train,10
3287,pg3_8_img086.jpg,pg3_8,pg,train,10
3288,pg3_8_img087.jpg,pg3_8,pg,train,10
3289,pg3_8_img088.jpg,pg3_8,pg,train,10
3290,pg3_8_img089.jpg,pg3_8,pg,train,10
3291,pg3_8_img090.jpg,pg3_8,pg,train,10
3292,pg3_8_img091.jpg,pg3_8,pg,train,10
3293,pg3_8_img092.jpg,pg3_8,pg,train,10
3294,pg3_8_img093.jpg,pg3_8,pg,train,10
3295,pg3_8_img094.jpg,pg3_8,pg,train,10
3296,pg3_8_img095.jpg,pg3_8,pg,train,10
3297,pg3_8_img096.jpg,pg3_8,pg,train,10
3298,pg3_8_img097.jpg,pg3_8,pg,train,10
3299,pg3_9_img001.jpg,pg3_9,pg,train,10
3300,pg3_9_img002.jpg,pg3_9,pg,train,10
3301,pg3_9_img003.jpg,pg3_9,pg,train,10
3302,pg3_9_img004.jpg,pg3_9,pg,train,10
3303,pg3_9_img005.jpg,pg3_9,pg,train,10
3304,pg3_9_img006.jpg,pg3_9,pg,train,10
3305,pg3_9_img007.jpg,pg3_9,pg,train,10
3306,pg3_9_img008.jpg,pg3_9,pg,train,10
3307,pg3_9_img009.jpg,pg3_9,pg,train,10
3308,pg3_9_img010.jpg,pg3_9,pg,train,10
3309,pg3_9_img011.jpg,pg3_9,pg,train,10
3310,pg3_9_img012.jpg,pg3_9,pg,train,10
3311,pg3_9_img013.jpg,pg3_9,pg,train,10
3312,pg3_9_img014.jpg,pg3_9,pg,train,10
3313,pg3_9_img015.jpg,pg3_9,pg,train,10
3314,pg3_9_img016.jpg,pg3_9,pg,train,10
3315,pg3_9_img017.jpg,pg3_9,pg,train,10
3316,pg3_9_img018.jpg,pg3_9,pg,train,10
3317,pg3_9_img019.jpg,pg3_9,pg,train,10
3318,pg3_9_img020.jpg,pg3_9,pg,train,10
3319,pg3_9_img021.jpg,pg3_9,pg,train,10
3320,pg3_9_img022.jpg,pg3_9,pg,train,10
3321,pg3_9_img023.jpg,pg3_9,pg,train,10
3322,pg3_9_img024.jpg,pg3_9,pg,train,10
3323,pg3_9_img025.jpg,pg3_9,pg,train,10
3324,pg3_9_img026.jpg,pg3_9,pg,train,10
3325,pg3_9_img027.jpg,pg3_9,pg,train,10
3326,pg3_9_img028.jpg,pg3_9,pg,train,10
3327,pg3_9_img029.jpg,pg3_9,pg,train,10
3328,pg3_9_img030.jpg,pg3_9,pg,train,10
3329,pg3_9_img031.jpg,pg3_9,pg,train,10
3330,pg3_9_img032.jpg,pg3_9,pg,train,10
3331,pg3_9_img033.jpg,pg3_9,pg,train,10
3332,pg3_9_img034.jpg,pg3_9,pg,train,10
3333,pg3_9_img035.jpg,pg3_9,pg,train,10
3334,pg3_9_img036.jpg,pg3_9,pg,train,10
3335,pg3_9_img037.jpg,pg3_9,pg,train,10
3336,pg3_9_img038.jpg,pg3_9,pg,train,10
3337,pg3_9_img039.jpg,pg3_9,pg,train,10
3338,pg3_9_img040.jpg,pg3_9,pg,train,10
3339,pg3_9_img041.jpg,pg3_9,pg,train,10
3340,pg3_9_img042.jpg,pg3_9,pg,train,10
3341,pg3_9_img043.jpg,pg3_9,pg,train,10
3342,pg3_9_img044.jpg,pg3_9,pg,train,10
3343,pg3_9_img045.jpg,pg3_9,pg,train,10
3344,pg3_9_img046.jpg,pg3_9,pg,train,10
3345,pg3_9_img047.jpg,pg3_9,pg,train,10
3346,pg3_9_img048.jpg,pg3_9,pg,train,10
3347,pg3_9_img049.jpg,pg3_9,pg,train,10
3348,pg3_9_img050.jpg,pg3_9,pg,train,10
3349,pg3_9_img051.jpg,pg3_9,pg,train,10
3350,pg3_9_img052.jpg,pg3_9,pg,train,10
3351,pg3_9_img053.jpg,pg3_9,pg,train,10
3352,pg3_9_img054.jpg,pg3_9,pg,train,10
3353,pg3_9_img055.jpg,pg3_9,pg,train,10
3354,pg3_9_img056.jpg,pg3_9,pg,train,10
3355,pg3_9_img057.jpg,pg3_9,pg,train,10
3356,pg3_9_img058.jpg,pg3_9,pg,train,10
3357,pg3_9_img059.jpg,pg3_9,pg,train,10
3358,pg3_9_img060.jpg,pg3_9,pg,train,10
3359,pg3_9_img061.jpg,pg3_9,pg,train,10
3360,pg3_9_img062.jpg,pg3_9,pg,train,10
3361,pg3_9_img063.jpg,pg3_9,pg,train,10
3362,pg3_9_img064.jpg,pg3_9,pg,train,10
3363,pg3_9_img065.jpg,pg3_9,pg,train,10
3364,pg3_9_img066.jpg,pg3_9,pg,train,10
3365,pg3_9_img067.jpg,pg3_9,pg,train,10
3366,pg3_9_img068.jpg,pg3_9,pg,train,10
3367,pg3_9_img069.jpg,pg3_9,pg,train,10
3368,pg3_9_img070.jpg,pg3_9,pg,train,10
3369,pg3_9_img071.jpg,pg3_9,pg,train,10
3370,pg3_9_img072.jpg,pg3_9,pg,train,10
3371,pg3_9_img073.jpg,pg3_9,pg,train,10
3372,pg3_9_img074.jpg,pg3_9,pg,train,10
3373,pg3_9_img075.jpg,pg3_9,pg,train,10
3374,pg3_9_img076.jpg,pg3_9,pg,train,10
3375,pg3_9_img077.jpg,pg3_9,pg,train,10
3376,pg3_9_img078.jpg,pg3_9,pg,train,10
3377,pg3_9_img079.jpg,pg3_9,pg,train,10
3378,pg3_9_img080.jpg,pg3_9,pg,train,10
3379,pg3_9_img081.jpg,pg3_9,pg,train,10
3380,pg3_9_img082.jpg,pg3_9,pg,train,10
3381,pg3_9_img083.jpg,pg3_9,pg,train,10
3382,pg3_9_img084.jpg,pg3_9,pg,train,10
3383,pg3_9_img085.jpg,pg3_9,pg,train,10
3384,pg3_9_img086.jpg,pg3_9,pg,train,10
3385,pg3_9_img087.jpg,pg3_9,pg,train,10
3386,pg3_9_img088.jpg,pg3_9,pg,train,10
3387,pg3_9_img089.jpg,pg3_9,pg,train,10
3388,pg3_9_img090.jpg,pg3_9,pg,train,10
3389,pg3_9_img091.jpg,pg3_9,pg,train,10
3390,pg3_9_img092.jpg,pg3_9,pg,train,10
3391,pg3_9_img093.jpg,pg3_9,pg,train,10
3392,pg3_9_img094.jpg,pg3_9,pg,train,10
3393,pg3_9_img095.jpg,pg3_9,pg,train,10
3394,pg3_9_img096.jpg,pg3_9,pg,train,10
3395,pg3_9_img097.jpg,pg3_9,pg,train,10
3396,pg4_10_img001.jpg,pg4_10,pg,test,11
3397,pg4_10_img002.jpg,pg4_10,pg,test,11
3398,pg4_10_img003.jpg,pg4_10,pg,test,11
3399,pg4_10_img004.jpg,pg4_10,pg,test,11
3400,pg4_10_img005.jpg,pg4_10,pg,test,11
3401,pg4_10_img006.jpg,pg4_10,pg,test,11
3402,pg4_10_img007.jpg,pg4_10,pg,test,11
3403,pg4_10_img008.jpg,pg4_10,pg,test,11
3404,pg4_10_img009.jpg,pg4_10,pg,test,11
3405,pg4_10_img010.jpg,pg4_10,pg,test,11
3406,pg4_10_img011.jpg,pg4_10,pg,test,11
3407,pg4_10_img012.jpg,pg4_10,pg,test,11
3408,pg4_10_img013.jpg,pg4_10,pg,test,11
3409,pg4_10_img014.jpg,pg4_10,pg,test,11
3410,pg4_10_img015.jpg,pg4_10,pg,test,11
3411,pg4_10_img016.jpg,pg4_10,pg,test,11
3412,pg4_10_img017.jpg,pg4_10,pg,test,11
3413,pg4_10_img018.jpg,pg4_10,pg,test,11
3414,pg4_10_img019.jpg,pg4_10,pg,test,11
3415,pg4_10_img020.jpg,pg4_10,pg,test,11
3416,pg4_10_img021.jpg,pg4_10,pg,test,11
3417,pg4_10_img022.jpg,pg4_10,pg,test,11
3418,pg4_10_img023.jpg,pg4_10,pg,test,11
3419,pg4_10_img024.jpg,pg4_10,pg,test,11
3420,pg4_10_img025.jpg,pg4_10,pg,test,11
3421,pg4_10_img026.jpg,pg4_10,pg,test,11
3422,pg4_10_img027.jpg,pg4_10,pg,test,11
3423,pg4_10_img028.jpg,pg4_10,pg,test,11
3424,pg4_10_img029.jpg,pg4_10,pg,test,11
3425,pg4_10_img030.jpg,pg4_10,pg,test,11
3426,pg4_10_img031.jpg,pg4_10,pg,test,11
3427,pg4_10_img032.jpg,pg4_10,pg,test,11
3428,pg4_10_img033.jpg,pg4_10,pg,test,11
3429,pg4_10_img034.jpg,pg4_10,pg,test,11
3430,pg4_10_img035.jpg,pg4_10,pg,test,11
3431,pg4_10_img036.jpg,pg4_10,pg,test,11
3432,pg4_10_img037.jpg,pg4_10,pg,test,11
3433,pg4_10_img038.jpg,pg4_10,pg,test,11
3434,pg4_10_img039.jpg,pg4_10,pg,test,11
3435,pg4_10_img040.jpg,pg4_10,pg,test,11
3436,pg4_10_img041.jpg,pg4_10,pg,test,11
3437,pg4_10_img042.jpg,pg4_10,pg,test,11
3438,pg4_10_img043.jpg,pg4_10,pg,test,11
3439,pg4_10_img044.jpg,pg4_10,pg,test,11
3440,pg4_10_img045.jpg,pg4_10,pg,test,11
3441,pg4_10_img046.jpg,pg4_10,pg,test,11
3442,pg4_10_img047.jpg,pg4_10,pg,test,11
3443,pg4_10_img048.jpg,pg4_10,pg,test,11
3444,pg4_10_img049.jpg,pg4_10,pg,test,11
3445,pg4_10_img050.jpg,pg4_10,pg,test,11
3446,pg4_10_img051.jpg,pg4_10,pg,test,11
3447,pg4_10_img052.jpg,pg4_10,pg,test,11
3448,pg4_10_img053.jpg,pg4_10,pg,test,11
3449,pg4_10_img054.jpg,pg4_10,pg,test,11
3450,pg4_10_img055.jpg,pg4_10,pg,test,11
3451,pg4_10_img056.jpg,pg4_10,pg,test,11
3452,pg4_10_img057.jpg,pg4_10,pg,test,11
3453,pg4_10_img058.jpg,pg4_10,pg,test,11
3454,pg4_10_img059.jpg,pg4_10,pg,test,11
3455,pg4_10_img060.jpg,pg4_10,pg,test,11
3456,pg4_10_img061.jpg,pg4_10,pg,test,11
3457,pg4_10_img062.jpg,pg4_10,pg,test,11
3458,pg4_10_img063.jpg,pg4_10,pg,test,11
3459,pg4_10_img064.jpg,pg4_10,pg,test,11
3460,pg4_10_img065.jpg,pg4_10,pg,test,11
3461,pg4_10_img066.jpg,pg4_10,pg,test,11
3462,pg4_10_img067.jpg,pg4_10,pg,test,11
3463,pg4_10_img068.jpg,pg4_10,pg,test,11
3464,pg4_10_img069.jpg,pg4_10,pg,test,11
3465,pg4_10_img070.jpg,pg4_10,pg,test,11
3466,pg4_10_img071.jpg,pg4_10,pg,test,11
3467,pg4_10_img072.jpg,pg4_10,pg,test,11
3468,pg4_10_img073.jpg,pg4_10,pg,test,11
3469,pg4_10_img074.jpg,pg4_10,pg,test,11
3470,pg4_10_img075.jpg,pg4_10,pg,test,11
3471,pg4_10_img076.jpg,pg4_10,pg,test,11
3472,pg4_10_img077.jpg,pg4_10,pg,test,11
3473,pg4_10_img078.jpg,pg4_10,pg,test,11
3474,pg4_10_img079.jpg,pg4_10,pg,test,11
3475,pg4_10_img080.jpg,pg4_10,pg,test,11
3476,pg4_10_img081.jpg,pg4_10,pg,test,11
3477,pg4_10_img082.jpg,pg4_10,pg,test,11
3478,pg4_10_img083.jpg,pg4_10,pg,test,11
3479,pg4_10_img084.jpg,pg4_10,pg,test,11
3480,pg4_10_img085.jpg,pg4_10,pg,test,11
3481,pg4_10_img086.jpg,pg4_10,pg,test,11
3482,pg4_10_img087.jpg,pg4_10,pg,test,11
3483,pg4_10_img088.jpg,pg4_10,pg,test,11
3484,pg4_10_img089.jpg,pg4_10,pg,test,11
3485,pg4_10_img090.jpg,pg4_10,pg,test,11
3486,pg4_10_img091.jpg,pg4_10,pg,test,11
3487,pg4_10_img092.jpg,pg4_10,pg,test,11
3488,pg4_10_img093.jpg,pg4_10,pg,test,11
3489,pg4_10_img094.jpg,pg4_10,pg,test,11
3490,pg4_10_img095.jpg,pg4_10,pg,test,11
3491,pg4_10_img096.jpg,pg4_10,pg,test,11
3492,pg4_10_img097.jpg,pg4_10,pg,test,11
3493,pg4_11_img001.jpg,pg4_11,pg,train,10
3494,pg4_11_img002.jpg,pg4_11,pg,train,10
3495,pg4_11_img003.jpg,pg4_11,pg,train,10
3496,pg4_11_img004.jpg,pg4_11,pg,train,10
3497,pg4_11_img005.jpg,pg4_11,pg,train,10
3498,pg4_11_img006.jpg,pg4_11,pg,train,10
3499,pg4_11_img007.jpg,pg4_11,pg,train,10
3500,pg4_11_img008.jpg,pg4_11,pg,train,10
3501,pg4_11_img009.jpg,pg4_11,pg,train,10
3502,pg4_11_img010.jpg,pg4_11,pg,train,10
3503,pg4_11_img011.jpg,pg4_11,pg,train,10
3504,pg4_11_img012.jpg,pg4_11,pg,train,10
3505,pg4_11_img013.jpg,pg4_11,pg,train,10
3506,pg4_11_img014.jpg,pg4_11,pg,train,10
3507,pg4_11_img015.jpg,pg4_11,pg,train,10
3508,pg4_11_img016.jpg,pg4_11,pg,train,10
3509,pg4_11_img017.jpg,pg4_11,pg,train,10
3510,pg4_11_img018.jpg,pg4_11,pg,train,10
3511,pg4_11_img019.jpg,pg4_11,pg,train,10
3512,pg4_11_img020.jpg,pg4_11,pg,train,10
3513,pg4_11_img021.jpg,pg4_11,pg,train,10
3514,pg4_11_img022.jpg,pg4_11,pg,train,10
3515,pg4_11_img023.jpg,pg4_11,pg,train,10
3516,pg4_11_img024.jpg,pg4_11,pg,train,10
3517,pg4_11_img025.jpg,pg4_11,pg,train,10
3518,pg4_11_img026.jpg,pg4_11,pg,train,10
3519,pg4_11_img027.jpg,pg4_11,pg,train,10
3520,pg4_11_img028.jpg,pg4_11,pg,train,10
3521,pg4_11_img029.jpg,pg4_11,pg,train,10
3522,pg4_11_img030.jpg,pg4_11,pg,train,10
3523,pg4_11_img031.jpg,pg4_11,pg,train,10
3524,pg4_11_img032.jpg,pg4_11,pg,train,10
3525,pg4_11_img033.jpg,pg4_11,pg,train,10
3526,pg4_11_img034.jpg,pg4_11,pg,train,10
3527,pg4_11_img035.jpg,pg4_11,pg,train,10
3528,pg4_11_img036.jpg,pg4_11,pg,train,10
3529,pg4_11_img037.jpg,pg4_11,pg,train,10
3530,pg4_11_img038.jpg,pg4_11,pg,train,10
3531,pg4_11_img039.jpg,pg4_11,pg,train,10
3532,pg4_11_img040.jpg,pg4_11,pg,train,10
3533,pg4_11_img041.jpg,pg4_11,pg,train,10
3534,pg4_11_img042.jpg,pg4_11,pg,train,10
3535,pg4_11_img043.jpg,pg4_11,pg,train,10
3536,pg4_11_img044.jpg,pg4_11,pg,train,10
3537,pg4_11_img045.jpg,pg4_11,pg,train,10
3538,pg4_11_img046.jpg,pg4_11,pg,train,10
3539,pg4_11_img047.jpg,pg4_11,pg,train,10
3540,pg4_11_img048.jpg,pg4_11,pg,train,10
3541,pg4_11_img049.jpg,pg4_11,pg,train,10
3542,pg4_11_img050.jpg,pg4_11,pg,train,10
3543,pg4_11_img051.jpg,pg4_11,pg,train,10
3544,pg4_11_img052.jpg,pg4_11,pg,train,10
3545,pg4_11_img053.jpg,pg4_11,pg,train,10
3546,pg4_11_img054.jpg,pg4_11,pg,train,10
3547,pg4_11_img055.jpg,pg4_11,pg,train,10
3548,pg4_11_img056.jpg,pg4_11,pg,train,10
3549,pg4_11_img057.jpg,pg4_11,pg,train,10
3550,pg4_11_img058.jpg,pg4_11,pg,train,10
3551,pg4_11_img059.jpg,pg4_11,pg,train,10
3552,pg4_11_img060.jpg,pg4_11,pg,train,10
3553,pg4_11_img061.jpg,pg4_11,pg,train,10
3554,pg4_11_img062.jpg,pg4_11,pg,train,10
3555,pg4_11_img063.jpg,pg4_11,pg,train,10
3556,pg4_11_img064.jpg,pg4_11,pg,train,10
3557,pg4_11_img065.jpg,pg4_11,pg,train,10
3558,pg4_11_img066.jpg,pg4_11,pg,train,10
3559,pg4_11_img067.jpg,pg4_11,pg,train,10
3560,pg4_11_img068.jpg,pg4_11,pg,train,10
3561,pg4_11_img069.jpg,pg4_11,pg,train,10
3562,pg4_11_img070.jpg,pg4_11,pg,train,10
3563,pg4_11_img071.jpg,pg4_11,pg,train,10
3564,pg4_11_img072.jpg,pg4_11,pg,train,10
3565,pg4_11_img073.jpg,pg4_11,pg,train,10
3566,pg4_11_img074.jpg,pg4_11,pg,train,10
3567,pg4_11_img075.jpg,pg4_11,pg,train,10
3568,pg4_11_img076.jpg,pg4_11,pg,train,10
3569,pg4_11_img077.jpg,pg4_11,pg,train,10
3570,pg4_11_img078.jpg,pg4_11,pg,train,10
3571,pg4_11_img079.jpg,pg4_11,pg,train,10
3572,pg4_11_img080.jpg,pg4_11,pg,train,10
3573,pg4_11_img081.jpg,pg4_11,pg,train,10
3574,pg4_11_img082.jpg,pg4_11,pg,train,10
3575,pg4_11_img083.jpg,pg4_11,pg,train,10
3576,pg4_11_img084.jpg,pg4_11,pg,train,10
3577,pg4_11_img085.jpg,pg4_11,pg,train,10
3578,pg4_11_img086.jpg,pg4_11,pg,train,10
3579,pg4_11_img087.jpg,pg4_11,pg,train,10
3580,pg4_11_img088.jpg,pg4_11,pg,train,10
3581,pg4_11_img089.jpg,pg4_11,pg,train,10
3582,pg4_11_img090.jpg,pg4_11,pg,train,10
3583,pg4_11_img091.jpg,pg4_11,pg,train,10
3584,pg4_11_img092.jpg,pg4_11,pg,train,10
3585,pg4_11_img093.jpg,pg4_11,pg,train,10
3586,pg4_11_img094.jpg,pg4_11,pg,train,10
3587,pg4_11_img095.jpg,pg4_11,pg,train,10
3588,pg4_11_img096.jpg,pg4_11,pg,train,10
3589,pg4_11_img097.jpg,pg4_11,pg,train,10
3590,pg4_12_img001.jpg,pg4_12,pg,train,10
3591,pg4_12_img002.jpg,pg4_12,pg,train,10
3592,pg4_12_img003.jpg,pg4_12,pg,train,10
3593,pg4_12_img004.jpg,pg4_12,pg,train,10
3594,pg4_12_img005.jpg,pg4_12,pg,train,10
3595,pg4_12_img006.jpg,pg4_12,pg,train,10
3596,pg4_12_img007.jpg,pg4_12,pg,train,10
3597,pg4_12_img008.jpg,pg4_12,pg,train,10
3598,pg4_12_img009.jpg,pg4_12,pg,train,10
3599,pg4_12_img010.jpg,pg4_12,pg,train,10
3600,pg4_12_img011.jpg,pg4_12,pg,train,10
3601,pg4_12_img012.jpg,pg4_12,pg,train,10
3602,pg4_12_img013.jpg,pg4_12,pg,train,10
3603,pg4_12_img014.jpg,pg4_12,pg,train,10
3604,pg4_12_img015.jpg,pg4_12,pg,train,10
3605,pg4_12_img016.jpg,pg4_12,pg,train,10
3606,pg4_12_img017.jpg,pg4_12,pg,train,10
3607,pg4_12_img018.jpg,pg4_12,pg,train,10
3608,pg4_12_img019.jpg,pg4_12,pg,train,10
3609,pg4_12_img020.jpg,pg4_12,pg,train,10
3610,pg4_12_img021.jpg,pg4_12,pg,train,10
3611,pg4_12_img022.jpg,pg4_12,pg,train,10
3612,pg4_12_img023.jpg,pg4_12,pg,train,10
3613,pg4_12_img024.jpg,pg4_12,pg,train,10
3614,pg4_12_img025.jpg,pg4_12,pg,train,10
3615,pg4_12_img026.jpg,pg4_12,pg,train,10
3616,pg4_12_img027.jpg,pg4_12,pg,train,10
3617,pg4_12_img028.jpg,pg4_12,pg,train,10
3618,pg4_12_img029.jpg,pg4_12,pg,train,10
3619,pg4_12_img030.jpg,pg4_12,pg,train,10
3620,pg4_12_img031.jpg,pg4_12,pg,train,10
3621,pg4_12_img032.jpg,pg4_12,pg,train,10
3622,pg4_12_img033.jpg,pg4_12,pg,train,10
3623,pg4_12_img034.jpg,pg4_12,pg,train,10
3624,pg4_12_img035.jpg,pg4_12,pg,train,10
3625,pg4_12_img036.jpg,pg4_12,pg,train,10
3626,pg4_12_img037.jpg,pg4_12,pg,train,10
3627,pg4_12_img038.jpg,pg4_12,pg,train,10
3628,pg4_12_img039.jpg,pg4_12,pg,train,10
3629,pg4_12_img040.jpg,pg4_12,pg,train,10
3630,pg4_12_img041.jpg,pg4_12,pg,train,10
3631,pg4_12_img042.jpg,pg4_12,pg,train,10
3632,pg4_12_img043.jpg,pg4_12,pg,train,10
3633,pg4_12_img044.jpg,pg4_12,pg,train,10
3634,pg4_12_img045.jpg,pg4_12,pg,train,10
3635,pg4_12_img046.jpg,pg4_12,pg,train,10
3636,pg4_12_img047.jpg,pg4_12,pg,train,10
3637,pg4_12_img048.jpg,pg4_12,pg,train,10
3638,pg4_12_img049.jpg,pg4_12,pg,train,10
3639,pg4_12_img050.jpg,pg4_12,pg,train,10
3640,pg4_12_img051.jpg,pg4_12,pg,train,10
3641,pg4_12_img052.jpg,pg4_12,pg,train,10
3642,pg4_12_img053.jpg,pg4_12,pg,train,10
3643,pg4_12_img054.jpg,pg4_12,pg,train,10
3644,pg4_12_img055.jpg,pg4_12,pg,train,10
3645,pg4_12_img056.jpg,pg4_12,pg,train,10
3646,pg4_12_img057.jpg,pg4_12,pg,train,10
3647,pg4_12_img058.jpg,pg4_12,pg,train,10
3648,pg4_12_img059.jpg,pg4_12,pg,train,10
3649,pg4_12_img060.jpg,pg4_12,pg,train,10
3650,pg4_12_img061.jpg,pg4_12,pg,train,10
3651,pg4_12_img062.jpg,pg4_12,pg,train,10
3652,pg4_12_img063.jpg,pg4_12,pg,train,10
3653,pg4_12_img064.jpg,pg4_12,pg,train,10
3654,pg4_12_img065.jpg,pg4_12,pg,train,10
3655,pg4_12_img066.jpg,pg4_12,pg,train,10
3656,pg4_12_img067.jpg,pg4_12,pg,train,10
3657,pg4_12_img068.jpg,pg4_12,pg,train,10
3658,pg4_12_img069.jpg,pg4_12,pg,train,10
3659,pg4_12_img070.jpg,pg4_12,pg,train,10
3660,pg4_12_img071.jpg,pg4_12,pg,train,10
3661,pg4_12_img072.jpg,pg4_12,pg,train,10
3662,pg4_12_img073.jpg,pg4_12,pg,train,10
3663,pg4_12_img074.jpg,pg4_12,pg,train,10
3664,pg4_12_img075.jpg,pg4_12,pg,train,10
3665,pg4_12_img076.jpg,pg4_12,pg,train,10
3666,pg4_12_img077.jpg,pg4_12,pg,train,10
3667,pg4_12_img078.jpg,pg4_12,pg,train,10
3668,pg4_12_img079.jpg,pg4_12,pg,train,10
3669,pg4_12_img080.jpg,pg4_12,pg,train,10
3670,pg4_12_img081.jpg,pg4_12,pg,train,10
3671,pg4_12_img082.jpg,pg4_12,pg,train,10
3672,pg4_12_img083.jpg,pg4_12,pg,train,10
3673,pg4_12_img084.jpg,pg4_12,pg,train,10
3674,pg4_12_img085.jpg,pg4_12,pg,train,10
3675,pg4_12_img086.jpg,pg4_12,pg,train,10
3676,pg4_12_img087.jpg,pg4_12,pg,train,10
3677,pg4_12_img088.jpg,pg4_12,pg,train,10
3678,pg4_12_img089.jpg,pg4_12,pg,train,10
3679,pg4_12_img090.jpg,pg4_12,pg,train,10
3680,pg4_12_img091.jpg,pg4_12,pg,train,10
3681,pg4_12_img092.jpg,pg4_12,pg,train,10
3682,pg4_12_img093.jpg,pg4_12,pg,train,10
3683,pg4_12_img094.jpg,pg4_12,pg,train,10
3684,pg4_12_img095.jpg,pg4_12,pg,train,10
3685,pg4_12_img096.jpg,pg4_12,pg,train,10
3686,pg4_12_img097.jpg,pg4_12,pg,train,10
3687,pg4_1_img001.jpg,pg4_1,pg,train,10
3688,pg4_1_img002.jpg,pg4_1,pg,train,10
3689,pg4_1_img003.jpg,pg4_1,pg,train,10
3690,pg4_1_img004.jpg,pg4_1,pg,train,10
3691,pg4_1_img005.jpg,pg4_1,pg,train,10
3692,pg4_1_img006.jpg,pg4_1,pg,train,10
3693,pg4_1_img007.jpg,pg4_1,pg,train,10
3694,pg4_1_img008.jpg,pg4_1,pg,train,10
3695,pg4_1_img009.jpg,pg4_1,pg,train,10
3696,pg4_1_img010.jpg,pg4_1,pg,train,10
3697,pg4_1_img011.jpg,pg4_1,pg,train,10
3698,pg4_1_img012.jpg,pg4_1,pg,train,10
3699,pg4_1_img013.jpg,pg4_1,pg,train,10
3700,pg4_1_img014.jpg,pg4_1,pg,train,10
3701,pg4_1_img015.jpg,pg4_1,pg,train,10
3702,pg4_1_img016.jpg,pg4_1,pg,train,10
3703,pg4_1_img017.jpg,pg4_1,pg,train,10
3704,pg4_1_img018.jpg,pg4_1,pg,train,10
3705,pg4_1_img019.jpg,pg4_1,pg,train,10
3706,pg4_1_img020.jpg,pg4_1,pg,train,10
3707,pg4_1_img021.jpg,pg4_1,pg,train,10
3708,pg4_1_img022.jpg,pg4_1,pg,train,10
3709,pg4_1_img023.jpg,pg4_1,pg,train,10
3710,pg4_1_img024.jpg,pg4_1,pg,train,10
3711,pg4_1_img025.jpg,pg4_1,pg,train,10
3712,pg4_1_img026.jpg,pg4_1,pg,train,10
3713,pg4_1_img027.jpg,pg4_1,pg,train,10
3714,pg4_1_img028.jpg,pg4_1,pg,train,10
3715,pg4_1_img029.jpg,pg4_1,pg,train,10
3716,pg4_1_img030.jpg,pg4_1,pg,train,10
3717,pg4_1_img031.jpg,pg4_1,pg,train,10
3718,pg4_1_img032.jpg,pg4_1,pg,train,10
3719,pg4_1_img033.jpg,pg4_1,pg,train,10
3720,pg4_1_img034.jpg,pg4_1,pg,train,10
3721,pg4_1_img035.jpg,pg4_1,pg,train,10
3722,pg4_1_img036.jpg,pg4_1,pg,train,10
3723,pg4_1_img037.jpg,pg4_1,pg,train,10
3724,pg4_1_img038.jpg,pg4_1,pg,train,10
3725,pg4_1_img039.jpg,pg4_1,pg,train,10
3726,pg4_1_img040.jpg,pg4_1,pg,train,10
3727,pg4_1_img041.jpg,pg4_1,pg,train,10
3728,pg4_1_img042.jpg,pg4_1,pg,train,10
3729,pg4_1_img043.jpg,pg4_1,pg,train,10
3730,pg4_1_img044.jpg,pg4_1,pg,train,10
3731,pg4_1_img045.jpg,pg4_1,pg,train,10
3732,pg4_1_img046.jpg,pg4_1,pg,train,10
3733,pg4_1_img047.jpg,pg4_1,pg,train,10
3734,pg4_1_img048.jpg,pg4_1,pg,train,10
3735,pg4_1_img049.jpg,pg4_1,pg,train,10
3736,pg4_1_img050.jpg,pg4_1,pg,train,10
3737,pg4_1_img051.jpg,pg4_1,pg,train,10
3738,pg4_1_img052.jpg,pg4_1,pg,train,10
3739,pg4_1_img053.jpg,pg4_1,pg,train,10
3740,pg4_1_img054.jpg,pg4_1,pg,train,10
3741,pg4_1_img055.jpg,pg4_1,pg,train,10
3742,pg4_1_img056.jpg,pg4_1,pg,train,10
3743,pg4_1_img057.jpg,pg4_1,pg,train,10
3744,pg4_1_img058.jpg,pg4_1,pg,train,10
3745,pg4_1_img059.jpg,pg4_1,pg,train,10
3746,pg4_1_img060.jpg,pg4_1,pg,train,10
3747,pg4_1_img061.jpg,pg4_1,pg,train,10
3748,pg4_1_img062.jpg,pg4_1,pg,train,10
3749,pg4_1_img063.jpg,pg4_1,pg,train,10
3750,pg4_1_img064.jpg,pg4_1,pg,train,10
3751,pg4_1_img065.jpg,pg4_1,pg,train,10
3752,pg4_1_img066.jpg,pg4_1,pg,train,10
3753,pg4_1_img067.jpg,pg4_1,pg,train,10
3754,pg4_1_img068.jpg,pg4_1,pg,train,10
3755,pg4_1_img069.jpg,pg4_1,pg,train,10
3756,pg4_1_img070.jpg,pg4_1,pg,train,10
3757,pg4_1_img071.jpg,pg4_1,pg,train,10
3758,pg4_1_img072.jpg,pg4_1,pg,train,10
3759,pg4_1_img073.jpg,pg4_1,pg,train,10
3760,pg4_1_img074.jpg,pg4_1,pg,train,10
3761,pg4_1_img075.jpg,pg4_1,pg,train,10
3762,pg4_1_img076.jpg,pg4_1,pg,train,10
3763,pg4_1_img077.jpg,pg4_1,pg,train,10
3764,pg4_1_img078.jpg,pg4_1,pg,train,10
3765,pg4_1_img079.jpg,pg4_1,pg,train,10
3766,pg4_1_img080.jpg,pg4_1,pg,train,10
3767,pg4_1_img081.jpg,pg4_1,pg,train,10
3768,pg4_1_img082.jpg,pg4_1,pg,train,10
3769,pg4_1_img083.jpg,pg4_1,pg,train,10
3770,pg4_1_img084.jpg,pg4_1,pg,train,10
3771,pg4_1_img085.jpg,pg4_1,pg,train,10
3772,pg4_1_img086.jpg,pg4_1,pg,train,10
3773,pg4_1_img087.jpg,pg4_1,pg,train,10
3774,pg4_1_img088.jpg,pg4_1,pg,train,10
3775,pg4_1_img089.jpg,pg4_1,pg,train,10
3776,pg4_1_img090.jpg,pg4_1,pg,train,10
3777,pg4_1_img091.jpg,pg4_1,pg,train,10
3778,pg4_1_img092.jpg,pg4_1,pg,train,10
3779,pg4_1_img093.jpg,pg4_1,pg,train,10
3780,pg4_1_img094.jpg,pg4_1,pg,train,10
3781,pg4_1_img095.jpg,pg4_1,pg,train,10
3782,pg4_1_img096.jpg,pg4_1,pg,train,10
3783,pg4_1_img097.jpg,pg4_1,pg,train,10
3784,pg4_2_img001.jpg,pg4_2,pg,train,10
3785,pg4_2_img002.jpg,pg4_2,pg,train,10
3786,pg4_2_img003.jpg,pg4_2,pg,train,10
3787,pg4_2_img004.jpg,pg4_2,pg,train,10
3788,pg4_2_img005.jpg,pg4_2,pg,train,10
3789,pg4_2_img006.jpg,pg4_2,pg,train,10
3790,pg4_2_img007.jpg,pg4_2,pg,train,10
3791,pg4_2_img008.jpg,pg4_2,pg,train,10
3792,pg4_2_img009.jpg,pg4_2,pg,train,10
3793,pg4_2_img010.jpg,pg4_2,pg,train,10
3794,pg4_2_img011.jpg,pg4_2,pg,train,10
3795,pg4_2_img012.jpg,pg4_2,pg,train,10
3796,pg4_2_img013.jpg,pg4_2,pg,train,10
3797,pg4_2_img014.jpg,pg4_2,pg,train,10
3798,pg4_2_img015.jpg,pg4_2,pg,train,10
3799,pg4_2_img016.jpg,pg4_2,pg,train,10
3800,pg4_2_img017.jpg,pg4_2,pg,train,10
3801,pg4_2_img018.jpg,pg4_2,pg,train,10
3802,pg4_2_img019.jpg,pg4_2,pg,train,10
3803,pg4_2_img020.jpg,pg4_2,pg,train,10
3804,pg4_2_img021.jpg,pg4_2,pg,train,10
3805,pg4_2_img022.jpg,pg4_2,pg,train,10
3806,pg4_2_img023.jpg,pg4_2,pg,train,10
3807,pg4_2_img024.jpg,pg4_2,pg,train,10
3808,pg4_2_img025.jpg,pg4_2,pg,train,10
3809,pg4_2_img026.jpg,pg4_2,pg,train,10
3810,pg4_2_img027.jpg,pg4_2,pg,train,10
3811,pg4_2_img028.jpg,pg4_2,pg,train,10
3812,pg4_2_img029.jpg,pg4_2,pg,train,10
3813,pg4_2_img030.jpg,pg4_2,pg,train,10
3814,pg4_2_img031.jpg,pg4_2,pg,train,10
3815,pg4_2_img032.jpg,pg4_2,pg,train,10
3816,pg4_2_img033.jpg,pg4_2,pg,train,10
3817,pg4_2_img034.jpg,pg4_2,pg,train,10
3818,pg4_2_img035.jpg,pg4_2,pg,train,10
3819,pg4_2_img036.jpg,pg4_2,pg,train,10
3820,pg4_2_img037.jpg,pg4_2,pg,train,10
3821,pg4_2_img038.jpg,pg4_2,pg,train,10
3822,pg4_2_img039.jpg,pg4_2,pg,train,10
3823,pg4_2_img040.jpg,pg4_2,pg,train,10
3824,pg4_2_img041.jpg,pg4_2,pg,train,10
3825,pg4_2_img042.jpg,pg4_2,pg,train,10
3826,pg4_2_img043.jpg,pg4_2,pg,train,10
3827,pg4_2_img044.jpg,pg4_2,pg,train,10
3828,pg4_2_img045.jpg,pg4_2,pg,train,10
3829,pg4_2_img046.jpg,pg4_2,pg,train,10
3830,pg4_2_img047.jpg,pg4_2,pg,train,10
3831,pg4_2_img048.jpg,pg4_2,pg,train,10
3832,pg4_2_img049.jpg,pg4_2,pg,train,10
3833,pg4_2_img050.jpg,pg4_2,pg,train,10
3834,pg4_2_img051.jpg,pg4_2,pg,train,10
3835,pg4_2_img052.jpg,pg4_2,pg,train,10
3836,pg4_2_img053.jpg,pg4_2,pg,train,10
3837,pg4_2_img054.jpg,pg4_2,pg,train,10
3838,pg4_2_img055.jpg,pg4_2,pg,train,10
3839,pg4_2_img056.jpg,pg4_2,pg,train,10
3840,pg4_2_img057.jpg,pg4_2,pg,train,10
3841,pg4_2_img058.jpg,pg4_2,pg,train,10
3842,pg4_2_img059.jpg,pg4_2,pg,train,10
3843,pg4_2_img060.jpg,pg4_2,pg,train,10
3844,pg4_2_img061.jpg,pg4_2,pg,train,10
3845,pg4_2_img062.jpg,pg4_2,pg,train,10
3846,pg4_2_img063.jpg,pg4_2,pg,train,10
3847,pg4_2_img064.jpg,pg4_2,pg,train,10
3848,pg4_2_img065.jpg,pg4_2,pg,train,10
3849,pg4_2_img066.jpg,pg4_2,pg,train,10
3850,pg4_2_img067.jpg,pg4_2,pg,train,10
3851,pg4_2_img068.jpg,pg4_2,pg,train,10
3852,pg4_2_img069.jpg,pg4_2,pg,train,10
3853,pg4_2_img070.jpg,pg4_2,pg,train,10
3854,pg4_2_img071.jpg,pg4_2,pg,train,10
3855,pg4_2_img072.jpg,pg4_2,pg,train,10
3856,pg4_2_img073.jpg,pg4_2,pg,train,10
3857,pg4_2_img074.jpg,pg4_2,pg,train,10
3858,pg4_2_img075.jpg,pg4_2,pg,train,10
3859,pg4_2_img076.jpg,pg4_2,pg,train,10
3860,pg4_2_img077.jpg,pg4_2,pg,train,10
3861,pg4_2_img078.jpg,pg4_2,pg,train,10
3862,pg4_2_img079.jpg,pg4_2,pg,train,10
3863,pg4_2_img080.jpg,pg4_2,pg,train,10
3864,pg4_2_img081.jpg,pg4_2,pg,train,10
3865,pg4_2_img082.jpg,pg4_2,pg,train,10
3866,pg4_2_img083.jpg,pg4_2,pg,train,10
3867,pg4_2_img084.jpg,pg4_2,pg,train,10
3868,pg4_2_img085.jpg,pg4_2,pg,train,10
3869,pg4_2_img086.jpg,pg4_2,pg,train,10
3870,pg4_2_img087.jpg,pg4_2,pg,train,10
3871,pg4_2_img088.jpg,pg4_2,pg,train,10
3872,pg4_2_img089.jpg,pg4_2,pg,train,10
3873,pg4_2_img090.jpg,pg4_2,pg,train,10
3874,pg4_2_img091.jpg,pg4_2,pg,train,10
3875,pg4_2_img092.jpg,pg4_2,pg,train,10
3876,pg4_2_img093.jpg,pg4_2,pg,train,10
3877,pg4_2_img094.jpg,pg4_2,pg,train,10
3878,pg4_2_img095.jpg,pg4_2,pg,train,10
3879,pg4_2_img096.jpg,pg4_2,pg,train,10
3880,pg4_2_img097.jpg,pg4_2,pg,train,10
3881,pg4_3_img001.jpg,pg4_3,pg,train,10
3882,pg4_3_img002.jpg,pg4_3,pg,train,10
3883,pg4_3_img003.jpg,pg4_3,pg,train,10
3884,pg4_3_img004.jpg,pg4_3,pg,train,10
3885,pg4_3_img005.jpg,pg4_3,pg,train,10
3886,pg4_3_img006.jpg,pg4_3,pg,train,10
3887,pg4_3_img007.jpg,pg4_3,pg,train,10
3888,pg4_3_img008.jpg,pg4_3,pg,train,10
3889,pg4_3_img009.jpg,pg4_3,pg,train,10
3890,pg4_3_img010.jpg,pg4_3,pg,train,10
3891,pg4_3_img011.jpg,pg4_3,pg,train,10
3892,pg4_3_img012.jpg,pg4_3,pg,train,10
3893,pg4_3_img013.jpg,pg4_3,pg,train,10
3894,pg4_3_img014.jpg,pg4_3,pg,train,10
3895,pg4_3_img015.jpg,pg4_3,pg,train,10
3896,pg4_3_img016.jpg,pg4_3,pg,train,10
3897,pg4_3_img017.jpg,pg4_3,pg,train,10
3898,pg4_3_img018.jpg,pg4_3,pg,train,10
3899,pg4_3_img019.jpg,pg4_3,pg,train,10
3900,pg4_3_img020.jpg,pg4_3,pg,train,10
3901,pg4_3_img021.jpg,pg4_3,pg,train,10
3902,pg4_3_img022.jpg,pg4_3,pg,train,10
3903,pg4_3_img023.jpg,pg4_3,pg,train,10
3904,pg4_3_img024.jpg,pg4_3,pg,train,10
3905,pg4_3_img025.jpg,pg4_3,pg,train,10
3906,pg4_3_img026.jpg,pg4_3,pg,train,10
3907,pg4_3_img027.jpg,pg4_3,pg,train,10
3908,pg4_3_img028.jpg,pg4_3,pg,train,10
3909,pg4_3_img029.jpg,pg4_3,pg,train,10
3910,pg4_3_img030.jpg,pg4_3,pg,train,10
3911,pg4_3_img031.jpg,pg4_3,pg,train,10
3912,pg4_3_img032.jpg,pg4_3,pg,train,10
3913,pg4_3_img033.jpg,pg4_3,pg,train,10
3914,pg4_3_img034.jpg,pg4_3,pg,train,10
3915,pg4_3_img035.jpg,pg4_3,pg,train,10
3916,pg4_3_img036.jpg,pg4_3,pg,train,10
3917,pg4_3_img037.jpg,pg4_3,pg,train,10
3918,pg4_3_img038.jpg,pg4_3,pg,train,10
3919,pg4_3_img039.jpg,pg4_3,pg,train,10
3920,pg4_3_img040.jpg,pg4_3,pg,train,10
3921,pg4_3_img041.jpg,pg4_3,pg,train,10
3922,pg4_3_img042.jpg,pg4_3,pg,train,10
3923,pg4_3_img043.jpg,pg4_3,pg,train,10
3924,pg4_3_img044.jpg,pg4_3,pg,train,10
3925,pg4_3_img045.jpg,pg4_3,pg,train,10
3926,pg4_3_img046.jpg,pg4_3,pg,train,10
3927,pg4_3_img047.jpg,pg4_3,pg,train,10
3928,pg4_3_img048.jpg,pg4_3,pg,train,10
3929,pg4_3_img049.jpg,pg4_3,pg,train,10
3930,pg4_3_img050.jpg,pg4_3,pg,train,10
3931,pg4_3_img051.jpg,pg4_3,pg,train,10
3932,pg4_3_img052.jpg,pg4_3,pg,train,10
3933,pg4_3_img053.jpg,pg4_3,pg,train,10
3934,pg4_3_img054.jpg,pg4_3,pg,train,10
3935,pg4_3_img055.jpg,pg4_3,pg,train,10
3936,pg4_3_img056.jpg,pg4_3,pg,train,10
3937,pg4_3_img057.jpg,pg4_3,pg,train,10
3938,pg4_3_img058.jpg,pg4_3,pg,train,10
3939,pg4_3_img059.jpg,pg4_3,pg,train,10
3940,pg4_3_img060.jpg,pg4_3,pg,train,10
3941,pg4_3_img061.jpg,pg4_3,pg,train,10
3942,pg4_3_img062.jpg,pg4_3,pg,train,10
3943,pg4_3_img063.jpg,pg4_3,pg,train,10
3944,pg4_3_img064.jpg,pg4_3,pg,train,10
3945,pg4_3_img065.jpg,pg4_3,pg,train,10
3946,pg4_3_img066.jpg,pg4_3,pg,train,10
3947,pg4_3_img067.jpg,pg4_3,pg,train,10
3948,pg4_3_img068.jpg,pg4_3,pg,train,10
3949,pg4_3_img069.jpg,pg4_3,pg,train,10
3950,pg4_3_img070.jpg,pg4_3,pg,train,10
3951,pg4_3_img071.jpg,pg4_3,pg,train,10
3952,pg4_3_img072.jpg,pg4_3,pg,train,10
3953,pg4_3_img073.jpg,pg4_3,pg,train,10
3954,pg4_3_img074.jpg,pg4_3,pg,train,10
3955,pg4_3_img075.jpg,pg4_3,pg,train,10
3956,pg4_3_img076.jpg,pg4_3,pg,train,10
3957,pg4_3_img077.jpg,pg4_3,pg,train,10
3958,pg4_3_img078.jpg,pg4_3,pg,train,10
3959,pg4_3_img079.jpg,pg4_3,pg,train,10
3960,pg4_3_img080.jpg,pg4_3,pg,train,10
3961,pg4_3_img081.jpg,pg4_3,pg,train,10
3962,pg4_3_img082.jpg,pg4_3,pg,train,10
3963,pg4_3_img083.jpg,pg4_3,pg,train,10
3964,pg4_3_img084.jpg,pg4_3,pg,train,10
3965,pg4_3_img085.jpg,pg4_3,pg,train,10
3966,pg4_3_img086.jpg,pg4_3,pg,train,10
3967,pg4_3_img087.jpg,pg4_3,pg,train,10
3968,pg4_3_img088.jpg,pg4_3,pg,train,10
3969,pg4_3_img089.jpg,pg4_3,pg,train,10
3970,pg4_3_img090.jpg,pg4_3,pg,train,10
3971,pg4_3_img091.jpg,pg4_3,pg,train,10
3972,pg4_3_img092.jpg,pg4_3,pg,train,10
3973,pg4_3_img093.jpg,pg4_3,pg,train,10
3974,pg4_3_img094.jpg,pg4_3,pg,train,10
3975,pg4_3_img095.jpg,pg4_3,pg,train,10
3976,pg4_3_img096.jpg,pg4_3,pg,train,10
3977,pg4_3_img097.jpg,pg4_3,pg,train,10
3978,pg4_4_img001.jpg,pg4_4,pg,train,10
3979,pg4_4_img002.jpg,pg4_4,pg,train,10
3980,pg4_4_img003.jpg,pg4_4,pg,train,10
3981,pg4_4_img004.jpg,pg4_4,pg,train,10
3982,pg4_4_img005.jpg,pg4_4,pg,train,10
3983,pg4_4_img006.jpg,pg4_4,pg,train,10
3984,pg4_4_img007.jpg,pg4_4,pg,train,10
3985,pg4_4_img008.jpg,pg4_4,pg,train,10
3986,pg4_4_img009.jpg,pg4_4,pg,train,10
3987,pg4_4_img010.jpg,pg4_4,pg,train,10
3988,pg4_4_img011.jpg,pg4_4,pg,train,10
3989,pg4_4_img012.jpg,pg4_4,pg,train,10
3990,pg4_4_img013.jpg,pg4_4,pg,train,10
3991,pg4_4_img014.jpg,pg4_4,pg,train,10
3992,pg4_4_img015.jpg,pg4_4,pg,train,10
3993,pg4_4_img016.jpg,pg4_4,pg,train,10
3994,pg4_4_img017.jpg,pg4_4,pg,train,10
3995,pg4_4_img018.jpg,pg4_4,pg,train,10
3996,pg4_4_img019.jpg,pg4_4,pg,train,10
3997,pg4_4_img020.jpg,pg4_4,pg,train,10
3998,pg4_4_img021.jpg,pg4_4,pg,train,10
3999,pg4_4_img022.jpg,pg4_4,pg,train,10
4000,pg4_4_img023.jpg,pg4_4,pg,train,10
4001,pg4_4_img024.jpg,pg4_4,pg,train,10
4002,pg4_4_img025.jpg,pg4_4,pg,train,10
4003,pg4_4_img026.jpg,pg4_4,pg,train,10
4004,pg4_4_img027.jpg,pg4_4,pg,train,10
4005,pg4_4_img028.jpg,pg4_4,pg,train,10
4006,pg4_4_img029.jpg,pg4_4,pg,train,10
4007,pg4_4_img030.jpg,pg4_4,pg,train,10
4008,pg4_4_img031.jpg,pg4_4,pg,train,10
4009,pg4_4_img032.jpg,pg4_4,pg,train,10
4010,pg4_4_img033.jpg,pg4_4,pg,train,10
4011,pg4_4_img034.jpg,pg4_4,pg,train,10
4012,pg4_4_img035.jpg,pg4_4,pg,train,10
4013,pg4_4_img036.jpg,pg4_4,pg,train,10
4014,pg4_4_img037.jpg,pg4_4,pg,train,10
4015,pg4_4_img038.jpg,pg4_4,pg,train,10
4016,pg4_4_img039.jpg,pg4_4,pg,train,10
4017,pg4_4_img040.jpg,pg4_4,pg,train,10
4018,pg4_4_img041.jpg,pg4_4,pg,train,10
4019,pg4_4_img042.jpg,pg4_4,pg,train,10
4020,pg4_4_img043.jpg,pg4_4,pg,train,10
4021,pg4_4_img044.jpg,pg4_4,pg,train,10
4022,pg4_4_img045.jpg,pg4_4,pg,train,10
4023,pg4_4_img046.jpg,pg4_4,pg,train,10
4024,pg4_4_img047.jpg,pg4_4,pg,train,10
4025,pg4_4_img048.jpg,pg4_4,pg,train,10
4026,pg4_4_img049.jpg,pg4_4,pg,train,10
4027,pg4_4_img050.jpg,pg4_4,pg,train,10
4028,pg4_4_img051.jpg,pg4_4,pg,train,10
4029,pg4_4_img052.jpg,pg4_4,pg,train,10
4030,pg4_4_img053.jpg,pg4_4,pg,train,10
4031,pg4_4_img054.jpg,pg4_4,pg,train,10
4032,pg4_4_img055.jpg,pg4_4,pg,train,10
4033,pg4_4_img056.jpg,pg4_4,pg,train,10
4034,pg4_4_img057.jpg,pg4_4,pg,train,10
4035,pg4_4_img058.jpg,pg4_4,pg,train,10
4036,pg4_4_img059.jpg,pg4_4,pg,train,10
4037,pg4_4_img060.jpg,pg4_4,pg,train,10
4038,pg4_4_img061.jpg,pg4_4,pg,train,10
4039,pg4_4_img062.jpg,pg4_4,pg,train,10
4040,pg4_4_img063.jpg,pg4_4,pg,train,10
4041,pg4_4_img064.jpg,pg4_4,pg,train,10
4042,pg4_4_img065.jpg,pg4_4,pg,train,10
4043,pg4_4_img066.jpg,pg4_4,pg,train,10
4044,pg4_4_img067.jpg,pg4_4,pg,train,10
4045,pg4_4_img068.jpg,pg4_4,pg,train,10
4046,pg4_4_img069.jpg,pg4_4,pg,train,10
4047,pg4_4_img070.jpg,pg4_4,pg,train,10
4048,pg4_4_img071.jpg,pg4_4,pg,train,10
4049,pg4_4_img072.jpg,pg4_4,pg,train,10
4050,pg4_4_img073.jpg,pg4_4,pg,train,10
4051,pg4_4_img074.jpg,pg4_4,pg,train,10
4052,pg4_4_img075.jpg,pg4_4,pg,train,10
4053,pg4_4_img076.jpg,pg4_4,pg,train,10
4054,pg4_4_img077.jpg,pg4_4,pg,train,10
4055,pg4_4_img078.jpg,pg4_4,pg,train,10
4056,pg4_4_img079.jpg,pg4_4,pg,train,10
4057,pg4_4_img080.jpg,pg4_4,pg,train,10
4058,pg4_4_img081.jpg,pg4_4,pg,train,10
4059,pg4_4_img082.jpg,pg4_4,pg,train,10
4060,pg4_4_img083.jpg,pg4_4,pg,train,10
4061,pg4_4_img084.jpg,pg4_4,pg,train,10
4062,pg4_4_img085.jpg,pg4_4,pg,train,10
4063,pg4_4_img086.jpg,pg4_4,pg,train,10
4064,pg4_4_img087.jpg,pg4_4,pg,train,10
4065,pg4_4_img088.jpg,pg4_4,pg,train,10
4066,pg4_4_img089.jpg,pg4_4,pg,train,10
4067,pg4_4_img090.jpg,pg4_4,pg,train,10
4068,pg4_4_img091.jpg,pg4_4,pg,train,10
4069,pg4_4_img092.jpg,pg4_4,pg,train,10
4070,pg4_4_img093.jpg,pg4_4,pg,train,10
4071,pg4_4_img094.jpg,pg4_4,pg,train,10
4072,pg4_4_img095.jpg,pg4_4,pg,train,10
4073,pg4_4_img096.jpg,pg4_4,pg,train,10
4074,pg4_4_img097.jpg,pg4_4,pg,train,10
4075,pg4_5_img001.jpg,pg4_5,pg,train,10
4076,pg4_5_img002.jpg,pg4_5,pg,train,10
4077,pg4_5_img003.jpg,pg4_5,pg,train,10
4078,pg4_5_img004.jpg,pg4_5,pg,train,10
4079,pg4_5_img005.jpg,pg4_5,pg,train,10
4080,pg4_5_img006.jpg,pg4_5,pg,train,10
4081,pg4_5_img007.jpg,pg4_5,pg,train,10
4082,pg4_5_img008.jpg,pg4_5,pg,train,10
4083,pg4_5_img009.jpg,pg4_5,pg,train,10
4084,pg4_5_img010.jpg,pg4_5,pg,train,10
4085,pg4_5_img011.jpg,pg4_5,pg,train,10
4086,pg4_5_img012.jpg,pg4_5,pg,train,10
4087,pg4_5_img013.jpg,pg4_5,pg,train,10
4088,pg4_5_img014.jpg,pg4_5,pg,train,10
4089,pg4_5_img015.jpg,pg4_5,pg,train,10
4090,pg4_5_img016.jpg,pg4_5,pg,train,10
4091,pg4_5_img017.jpg,pg4_5,pg,train,10
4092,pg4_5_img018.jpg,pg4_5,pg,train,10
4093,pg4_5_img019.jpg,pg4_5,pg,train,10
4094,pg4_5_img020.jpg,pg4_5,pg,train,10
4095,pg4_5_img021.jpg,pg4_5,pg,train,10
4096,pg4_5_img022.jpg,pg4_5,pg,train,10
4097,pg4_5_img023.jpg,pg4_5,pg,train,10
4098,pg4_5_img024.jpg,pg4_5,pg,train,10
4099,pg4_5_img025.jpg,pg4_5,pg,train,10
4100,pg4_5_img026.jpg,pg4_5,pg,train,10
4101,pg4_5_img027.jpg,pg4_5,pg,train,10
4102,pg4_5_img028.jpg,pg4_5,pg,train,10
4103,pg4_5_img029.jpg,pg4_5,pg,train,10
4104,pg4_5_img030.jpg,pg4_5,pg,train,10
4105,pg4_5_img031.jpg,pg4_5,pg,train,10
4106,pg4_5_img032.jpg,pg4_5,pg,train,10
4107,pg4_5_img033.jpg,pg4_5,pg,train,10
4108,pg4_5_img034.jpg,pg4_5,pg,train,10
4109,pg4_5_img035.jpg,pg4_5,pg,train,10
4110,pg4_5_img036.jpg,pg4_5,pg,train,10
4111,pg4_5_img037.jpg,pg4_5,pg,train,10
4112,pg4_5_img038.jpg,pg4_5,pg,train,10
4113,pg4_5_img039.jpg,pg4_5,pg,train,10
4114,pg4_5_img040.jpg,pg4_5,pg,train,10
4115,pg4_5_img041.jpg,pg4_5,pg,train,10
4116,pg4_5_img042.jpg,pg4_5,pg,train,10
4117,pg4_5_img043.jpg,pg4_5,pg,train,10
4118,pg4_5_img044.jpg,pg4_5,pg,train,10
4119,pg4_5_img045.jpg,pg4_5,pg,train,10
4120,pg4_5_img046.jpg,pg4_5,pg,train,10
4121,pg4_5_img047.jpg,pg4_5,pg,train,10
4122,pg4_5_img048.jpg,pg4_5,pg,train,10
4123,pg4_5_img049.jpg,pg4_5,pg,train,10
4124,pg4_5_img050.jpg,pg4_5,pg,train,10
4125,pg4_5_img051.jpg,pg4_5,pg,train,10
4126,pg4_5_img052.jpg,pg4_5,pg,train,10
4127,pg4_5_img053.jpg,pg4_5,pg,train,10
4128,pg4_5_img054.jpg,pg4_5,pg,train,10
4129,pg4_5_img055.jpg,pg4_5,pg,train,10
4130,pg4_5_img056.jpg,pg4_5,pg,train,10
4131,pg4_5_img057.jpg,pg4_5,pg,train,10
4132,pg4_5_img058.jpg,pg4_5,pg,train,10
4133,pg4_5_img059.jpg,pg4_5,pg,train,10
4134,pg4_5_img060.jpg,pg4_5,pg,train,10
4135,pg4_5_img061.jpg,pg4_5,pg,train,10
4136,pg4_5_img062.jpg,pg4_5,pg,train,10
4137,pg4_5_img063.jpg,pg4_5,pg,train,10
4138,pg4_5_img064.jpg,pg4_5,pg,train,10
4139,pg4_5_img065.jpg,pg4_5,pg,train,10
4140,pg4_5_img066.jpg,pg4_5,pg,train,10
4141,pg4_5_img067.jpg,pg4_5,pg,train,10
4142,pg4_5_img068.jpg,pg4_5,pg,train,10
4143,pg4_5_img069.jpg,pg4_5,pg,train,10
4144,pg4_5_img070.jpg,pg4_5,pg,train,10
4145,pg4_5_img071.jpg,pg4_5,pg,train,10
4146,pg4_5_img072.jpg,pg4_5,pg,train,10
4147,pg4_5_img073.jpg,pg4_5,pg,train,10
4148,pg4_5_img074.jpg,pg4_5,pg,train,10
4149,pg4_5_img075.jpg,pg4_5,pg,train,10
4150,pg4_5_img076.jpg,pg4_5,pg,train,10
4151,pg4_5_img077.jpg,pg4_5,pg,train,10
4152,pg4_5_img078.jpg,pg4_5,pg,train,10
4153,pg4_5_img079.jpg,pg4_5,pg,train,10
4154,pg4_5_img080.jpg,pg4_5,pg,train,10
4155,pg4_5_img081.jpg,pg4_5,pg,train,10
4156,pg4_5_img082.jpg,pg4_5,pg,train,10
4157,pg4_5_img083.jpg,pg4_5,pg,train,10
4158,pg4_5_img084.jpg,pg4_5,pg,train,10
4159,pg4_5_img085.jpg,pg4_5,pg,train,10
4160,pg4_5_img086.jpg,pg4_5,pg,train,10
4161,pg4_5_img087.jpg,pg4_5,pg,train,10
4162,pg4_5_img088.jpg,pg4_5,pg,train,10
4163,pg4_5_img089.jpg,pg4_5,pg,train,10
4164,pg4_5_img090.jpg,pg4_5,pg,train,10
4165,pg4_5_img091.jpg,pg4_5,pg,train,10
4166,pg4_5_img092.jpg,pg4_5,pg,train,10
4167,pg4_5_img093.jpg,pg4_5,pg,train,10
4168,pg4_5_img094.jpg,pg4_5,pg,train,10
4169,pg4_5_img095.jpg,pg4_5,pg,train,10
4170,pg4_5_img096.jpg,pg4_5,pg,train,10
4171,pg4_5_img097.jpg,pg4_5,pg,train,10
4172,pg4_6_img001.jpg,pg4_6,pg,train,10
4173,pg4_6_img002.jpg,pg4_6,pg,train,10
4174,pg4_6_img003.jpg,pg4_6,pg,train,10
4175,pg4_6_img004.jpg,pg4_6,pg,train,10
4176,pg4_6_img005.jpg,pg4_6,pg,train,10
4177,pg4_6_img006.jpg,pg4_6,pg,train,10
4178,pg4_6_img007.jpg,pg4_6,pg,train,10
4179,pg4_6_img008.jpg,pg4_6,pg,train,10
4180,pg4_6_img009.jpg,pg4_6,pg,train,10
4181,pg4_6_img010.jpg,pg4_6,pg,train,10
4182,pg4_6_img011.jpg,pg4_6,pg,train,10
4183,pg4_6_img012.jpg,pg4_6,pg,train,10
4184,pg4_6_img013.jpg,pg4_6,pg,train,10
4185,pg4_6_img014.jpg,pg4_6,pg,train,10
4186,pg4_6_img015.jpg,pg4_6,pg,train,10
4187,pg4_6_img016.jpg,pg4_6,pg,train,10
4188,pg4_6_img017.jpg,pg4_6,pg,train,10
4189,pg4_6_img018.jpg,pg4_6,pg,train,10
4190,pg4_6_img019.jpg,pg4_6,pg,train,10
4191,pg4_6_img020.jpg,pg4_6,pg,train,10
4192,pg4_6_img021.jpg,pg4_6,pg,train,10
4193,pg4_6_img022.jpg,pg4_6,pg,train,10
4194,pg4_6_img023.jpg,pg4_6,pg,train,10
4195,pg4_6_img024.jpg,pg4_6,pg,train,10
4196,pg4_6_img025.jpg,pg4_6,pg,train,10
4197,pg4_6_img026.jpg,pg4_6,pg,train,10
4198,pg4_6_img027.jpg,pg4_6,pg,train,10
4199,pg4_6_img028.jpg,pg4_6,pg,train,10
4200,pg4_6_img029.jpg,pg4_6,pg,train,10
4201,pg4_6_img030.jpg,pg4_6,pg,train,10
4202,pg4_6_img031.jpg,pg4_6,pg,train,10
4203,pg4_6_img032.jpg,pg4_6,pg,train,10
4204,pg4_6_img033.jpg,pg4_6,pg,train,10
4205,pg4_6_img034.jpg,pg4_6,pg,train,10
4206,pg4_6_img035.jpg,pg4_6,pg,train,10
4207,pg4_6_img036.jpg,pg4_6,pg,train,10
4208,pg4_6_img037.jpg,pg4_6,pg,train,10
4209,pg4_6_img038.jpg,pg4_6,pg,train,10
4210,pg4_6_img039.jpg,pg4_6,pg,train,10
4211,pg4_6_img040.jpg,pg4_6,pg,train,10
4212,pg4_6_img041.jpg,pg4_6,pg,train,10
4213,pg4_6_img042.jpg,pg4_6,pg,train,10
4214,pg4_6_img043.jpg,pg4_6,pg,train,10
4215,pg4_6_img044.jpg,pg4_6,pg,train,10
4216,pg4_6_img045.jpg,pg4_6,pg,train,10
4217,pg4_6_img046.jpg,pg4_6,pg,train,10
4218,pg4_6_img047.jpg,pg4_6,pg,train,10
4219,pg4_6_img048.jpg,pg4_6,pg,train,10
4220,pg4_6_img049.jpg,pg4_6,pg,train,10
4221,pg4_6_img050.jpg,pg4_6,pg,train,10
4222,pg4_6_img051.jpg,pg4_6,pg,train,10
4223,pg4_6_img052.jpg,pg4_6,pg,train,10
4224,pg4_6_img053.jpg,pg4_6,pg,train,10
4225,pg4_6_img054.jpg,pg4_6,pg,train,10
4226,pg4_6_img055.jpg,pg4_6,pg,train,10
4227,pg4_6_img056.jpg,pg4_6,pg,train,10
4228,pg4_6_img057.jpg,pg4_6,pg,train,10
4229,pg4_6_img058.jpg,pg4_6,pg,train,10
4230,pg4_6_img059.jpg,pg4_6,pg,train,10
4231,pg4_6_img060.jpg,pg4_6,pg,train,10
4232,pg4_6_img061.jpg,pg4_6,pg,train,10
4233,pg4_6_img062.jpg,pg4_6,pg,train,10
4234,pg4_6_img063.jpg,pg4_6,pg,train,10
4235,pg4_6_img064.jpg,pg4_6,pg,train,10
4236,pg4_6_img065.jpg,pg4_6,pg,train,10
4237,pg4_6_img066.jpg,pg4_6,pg,train,10
4238,pg4_6_img067.jpg,pg4_6,pg,train,10
4239,pg4_6_img068.jpg,pg4_6,pg,train,10
4240,pg4_6_img069.jpg,pg4_6,pg,train,10
4241,pg4_6_img070.jpg,pg4_6,pg,train,10
4242,pg4_6_img071.jpg,pg4_6,pg,train,10
4243,pg4_6_img072.jpg,pg4_6,pg,train,10
4244,pg4_6_img073.jpg,pg4_6,pg,train,10
4245,pg4_6_img074.jpg,pg4_6,pg,train,10
4246,pg4_6_img075.jpg,pg4_6,pg,train,10
4247,pg4_6_img076.jpg,pg4_6,pg,train,10
4248,pg4_6_img077.jpg,pg4_6,pg,train,10
4249,pg4_6_img078.jpg,pg4_6,pg,train,10
4250,pg4_6_img079.jpg,pg4_6,pg,train,10
4251,pg4_6_img080.jpg,pg4_6,pg,train,10
4252,pg4_6_img081.jpg,pg4_6,pg,train,10
4253,pg4_6_img082.jpg,pg4_6,pg,train,10
4254,pg4_6_img083.jpg,pg4_6,pg,train,10
4255,pg4_6_img084.jpg,pg4_6,pg,train,10
4256,pg4_6_img085.jpg,pg4_6,pg,train,10
4257,pg4_6_img086.jpg,pg4_6,pg,train,10
4258,pg4_6_img087.jpg,pg4_6,pg,train,10
4259,pg4_6_img088.jpg,pg4_6,pg,train,10
4260,pg4_6_img089.jpg,pg4_6,pg,train,10
4261,pg4_6_img090.jpg,pg4_6,pg,train,10
4262,pg4_6_img091.jpg,pg4_6,pg,train,10
4263,pg4_6_img092.jpg,pg4_6,pg,train,10
4264,pg4_6_img093.jpg,pg4_6,pg,train,10
4265,pg4_6_img094.jpg,pg4_6,pg,train,10
4266,pg4_6_img095.jpg,pg4_6,pg,train,10
4267,pg4_6_img096.jpg,pg4_6,pg,train,10
4268,pg4_6_img097.jpg,pg4_6,pg,train,10
4269,pg4_7_img001.jpg,pg4_7,pg,train,10
4270,pg4_7_img002.jpg,pg4_7,pg,train,10
4271,pg4_7_img003.jpg,pg4_7,pg,train,10
4272,pg4_7_img004.jpg,pg4_7,pg,train,10
4273,pg4_7_img005.jpg,pg4_7,pg,train,10
4274,pg4_7_img006.jpg,pg4_7,pg,train,10
4275,pg4_7_img007.jpg,pg4_7,pg,train,10
4276,pg4_7_img008.jpg,pg4_7,pg,train,10
4277,pg4_7_img009.jpg,pg4_7,pg,train,10
4278,pg4_7_img010.jpg,pg4_7,pg,train,10
4279,pg4_7_img011.jpg,pg4_7,pg,train,10
4280,pg4_7_img012.jpg,pg4_7,pg,train,10
4281,pg4_7_img013.jpg,pg4_7,pg,train,10
4282,pg4_7_img014.jpg,pg4_7,pg,train,10
4283,pg4_7_img015.jpg,pg4_7,pg,train,10
4284,pg4_7_img016.jpg,pg4_7,pg,train,10
4285,pg4_7_img017.jpg,pg4_7,pg,train,10
4286,pg4_7_img018.jpg,pg4_7,pg,train,10
4287,pg4_7_img019.jpg,pg4_7,pg,train,10
4288,pg4_7_img020.jpg,pg4_7,pg,train,10
4289,pg4_7_img021.jpg,pg4_7,pg,train,10
4290,pg4_7_img022.jpg,pg4_7,pg,train,10
4291,pg4_7_img023.jpg,pg4_7,pg,train,10
4292,pg4_7_img024.jpg,pg4_7,pg,train,10
4293,pg4_7_img025.jpg,pg4_7,pg,train,10
4294,pg4_7_img026.jpg,pg4_7,pg,train,10
4295,pg4_7_img027.jpg,pg4_7,pg,train,10
4296,pg4_7_img028.jpg,pg4_7,pg,train,10
4297,pg4_7_img029.jpg,pg4_7,pg,train,10
4298,pg4_7_img030.jpg,pg4_7,pg,train,10
4299,pg4_7_img031.jpg,pg4_7,pg,train,10
4300,pg4_7_img032.jpg,pg4_7,pg,train,10
4301,pg4_7_img033.jpg,pg4_7,pg,train,10
4302,pg4_7_img034.jpg,pg4_7,pg,train,10
4303,pg4_7_img035.jpg,pg4_7,pg,train,10
4304,pg4_7_img036.jpg,pg4_7,pg,train,10
4305,pg4_7_img037.jpg,pg4_7,pg,train,10
4306,pg4_7_img038.jpg,pg4_7,pg,train,10
4307,pg4_7_img039.jpg,pg4_7,pg,train,10
4308,pg4_7_img040.jpg,pg4_7,pg,train,10
4309,pg4_7_img041.jpg,pg4_7,pg,train,10
4310,pg4_7_img042.jpg,pg4_7,pg,train,10
4311,pg4_7_img043.jpg,pg4_7,pg,train,10
4312,pg4_7_img044.jpg,pg4_7,pg,train,10
4313,pg4_7_img045.jpg,pg4_7,pg,train,10
4314,pg4_7_img046.jpg,pg4_7,pg,train,10
4315,pg4_7_img047.jpg,pg4_7,pg,train,10
4316,pg4_7_img048.jpg,pg4_7,pg,train,10
4317,pg4_7_img049.jpg,pg4_7,pg,train,10
4318,pg4_7_img050.jpg,pg4_7,pg,train,10
4319,pg4_7_img051.jpg,pg4_7,pg,train,10
4320,pg4_7_img052.jpg,pg4_7,pg,train,10
4321,pg4_7_img053.jpg,pg4_7,pg,train,10
4322,pg4_7_img054.jpg,pg4_7,pg,train,10
4323,pg4_7_img055.jpg,pg4_7,pg,train,10
4324,pg4_7_img056.jpg,pg4_7,pg,train,10
4325,pg4_7_img057.jpg,pg4_7,pg,train,10
4326,pg4_7_img058.jpg,pg4_7,pg,train,10
4327,pg4_7_img059.jpg,pg4_7,pg,train,10
4328,pg4_7_img060.jpg,pg4_7,pg,train,10
4329,pg4_7_img061.jpg,pg4_7,pg,train,10
4330,pg4_7_img062.jpg,pg4_7,pg,train,10
4331,pg4_7_img063.jpg,pg4_7,pg,train,10
4332,pg4_7_img064.jpg,pg4_7,pg,train,10
4333,pg4_7_img065.jpg,pg4_7,pg,train,10
4334,pg4_7_img066.jpg,pg4_7,pg,train,10
4335,pg4_7_img067.jpg,pg4_7,pg,train,10
4336,pg4_7_img068.jpg,pg4_7,pg,train,10
4337,pg4_7_img069.jpg,pg4_7,pg,train,10
4338,pg4_7_img070.jpg,pg4_7,pg,train,10
4339,pg4_7_img071.jpg,pg4_7,pg,train,10
4340,pg4_7_img072.jpg,pg4_7,pg,train,10
4341,pg4_7_img073.jpg,pg4_7,pg,train,10
4342,pg4_7_img074.jpg,pg4_7,pg,train,10
4343,pg4_7_img075.jpg,pg4_7,pg,train,10
4344,pg4_7_img076.jpg,pg4_7,pg,train,10
4345,pg4_7_img077.jpg,pg4_7,pg,train,10
4346,pg4_7_img078.jpg,pg4_7,pg,train,10
4347,pg4_7_img079.jpg,pg4_7,pg,train,10
4348,pg4_7_img080.jpg,pg4_7,pg,train,10
4349,pg4_7_img081.jpg,pg4_7,pg,train,10
4350,pg4_7_img082.jpg,pg4_7,pg,train,10
4351,pg4_7_img083.jpg,pg4_7,pg,train,10
4352,pg4_7_img084.jpg,pg4_7,pg,train,10
4353,pg4_7_img085.jpg,pg4_7,pg,train,10
4354,pg4_7_img086.jpg,pg4_7,pg,train,10
4355,pg4_7_img087.jpg,pg4_7,pg,train,10
4356,pg4_7_img088.jpg,pg4_7,pg,train,10
4357,pg4_7_img089.jpg,pg4_7,pg,train,10
4358,pg4_7_img090.jpg,pg4_7,pg,train,10
4359,pg4_7_img091.jpg,pg4_7,pg,train,10
4360,pg4_7_img092.jpg,pg4_7,pg,train,10
4361,pg4_7_img093.jpg,pg4_7,pg,train,10
4362,pg4_7_img094.jpg,pg4_7,pg,train,10
4363,pg4_7_img095.jpg,pg4_7,pg,train,10
4364,pg4_7_img096.jpg,pg4_7,pg,train,10
4365,pg4_7_img097.jpg,pg4_7,pg,train,10
4366,pg4_8_img001.jpg,pg4_8,pg,train,10
4367,pg4_8_img002.jpg,pg4_8,pg,train,10
4368,pg4_8_img003.jpg,pg4_8,pg,train,10
4369,pg4_8_img004.jpg,pg4_8,pg,train,10
4370,pg4_8_img005.jpg,pg4_8,pg,train,10
4371,pg4_8_img006.jpg,pg4_8,pg,train,10
4372,pg4_8_img007.jpg,pg4_8,pg,train,10
4373,pg4_8_img008.jpg,pg4_8,pg,train,10
4374,pg4_8_img009.jpg,pg4_8,pg,train,10
4375,pg4_8_img010.jpg,pg4_8,pg,train,10
4376,pg4_8_img011.jpg,pg4_8,pg,train,10
4377,pg4_8_img012.jpg,pg4_8,pg,train,10
4378,pg4_8_img013.jpg,pg4_8,pg,train,10
4379,pg4_8_img014.jpg,pg4_8,pg,train,10
4380,pg4_8_img015.jpg,pg4_8,pg,train,10
4381,pg4_8_img016.jpg,pg4_8,pg,train,10
4382,pg4_8_img017.jpg,pg4_8,pg,train,10
4383,pg4_8_img018.jpg,pg4_8,pg,train,10
4384,pg4_8_img019.jpg,pg4_8,pg,train,10
4385,pg4_8_img020.jpg,pg4_8,pg,train,10
4386,pg4_8_img021.jpg,pg4_8,pg,train,10
4387,pg4_8_img022.jpg,pg4_8,pg,train,10
4388,pg4_8_img023.jpg,pg4_8,pg,train,10
4389,pg4_8_img024.jpg,pg4_8,pg,train,10
4390,pg4_8_img025.jpg,pg4_8,pg,train,10
4391,pg4_8_img026.jpg,pg4_8,pg,train,10
4392,pg4_8_img027.jpg,pg4_8,pg,train,10
4393,pg4_8_img028.jpg,pg4_8,pg,train,10
4394,pg4_8_img029.jpg,pg4_8,pg,train,10
4395,pg4_8_img030.jpg,pg4_8,pg,train,10
4396,pg4_8_img031.jpg,pg4_8,pg,train,10
4397,pg4_8_img032.jpg,pg4_8,pg,train,10
4398,pg4_8_img033.jpg,pg4_8,pg,train,10
4399,pg4_8_img034.jpg,pg4_8,pg,train,10
4400,pg4_8_img035.jpg,pg4_8,pg,train,10
4401,pg4_8_img036.jpg,pg4_8,pg,train,10
4402,pg4_8_img037.jpg,pg4_8,pg,train,10
4403,pg4_8_img038.jpg,pg4_8,pg,train,10
4404,pg4_8_img039.jpg,pg4_8,pg,train,10
4405,pg4_8_img040.jpg,pg4_8,pg,train,10
4406,pg4_8_img041.jpg,pg4_8,pg,train,10
4407,pg4_8_img042.jpg,pg4_8,pg,train,10
4408,pg4_8_img043.jpg,pg4_8,pg,train,10
4409,pg4_8_img044.jpg,pg4_8,pg,train,10
4410,pg4_8_img045.jpg,pg4_8,pg,train,10
4411,pg4_8_img046.jpg,pg4_8,pg,train,10
4412,pg4_8_img047.jpg,pg4_8,pg,train,10
4413,pg4_8_img048.jpg,pg4_8,pg,train,10
4414,pg4_8_img049.jpg,pg4_8,pg,train,10
4415,pg4_8_img050.jpg,pg4_8,pg,train,10
4416,pg4_8_img051.jpg,pg4_8,pg,train,10
4417,pg4_8_img052.jpg,pg4_8,pg,train,10
4418,pg4_8_img053.jpg,pg4_8,pg,train,10
4419,pg4_8_img054.jpg,pg4_8,pg,train,10
4420,pg4_8_img055.jpg,pg4_8,pg,train,10
4421,pg4_8_img056.jpg,pg4_8,pg,train,10
4422,pg4_8_img057.jpg,pg4_8,pg,train,10
4423,pg4_8_img058.jpg,pg4_8,pg,train,10
4424,pg4_8_img059.jpg,pg4_8,pg,train,10
4425,pg4_8_img060.jpg,pg4_8,pg,train,10
4426,pg4_8_img061.jpg,pg4_8,pg,train,10
4427,pg4_8_img062.jpg,pg4_8,pg,train,10
4428,pg4_8_img063.jpg,pg4_8,pg,train,10
4429,pg4_8_img064.jpg,pg4_8,pg,train,10
4430,pg4_8_img065.jpg,pg4_8,pg,train,10
4431,pg4_8_img066.jpg,pg4_8,pg,train,10
4432,pg4_8_img067.jpg,pg4_8,pg,train,10
4433,pg4_8_img068.jpg,pg4_8,pg,train,10
4434,pg4_8_img069.jpg,pg4_8,pg,train,10
4435,pg4_8_img070.jpg,pg4_8,pg,train,10
4436,pg4_8_img071.jpg,pg4_8,pg,train,10
4437,pg4_8_img072.jpg,pg4_8,pg,train,10
4438,pg4_8_img073.jpg,pg4_8,pg,train,10
4439,pg4_8_img074.jpg,pg4_8,pg,train,10
4440,pg4_8_img075.jpg,pg4_8,pg,train,10
4441,pg4_8_img076.jpg,pg4_8,pg,train,10
4442,pg4_8_img077.jpg,pg4_8,pg,train,10
4443,pg4_8_img078.jpg,pg4_8,pg,train,10
4444,pg4_8_img079.jpg,pg4_8,pg,train,10
4445,pg4_8_img080.jpg,pg4_8,pg,train,10
4446,pg4_8_img081.jpg,pg4_8,pg,train,10
4447,pg4_8_img082.jpg,pg4_8,pg,train,10
4448,pg4_8_img083.jpg,pg4_8,pg,train,10
4449,pg4_8_img084.jpg,pg4_8,pg,train,10
4450,pg4_8_img085.jpg,pg4_8,pg,train,10
4451,pg4_8_img086.jpg,pg4_8,pg,train,10
4452,pg4_8_img087.jpg,pg4_8,pg,train,10
4453,pg4_8_img088.jpg,pg4_8,pg,train,10
4454,pg4_8_img089.jpg,pg4_8,pg,train,10
4455,pg4_8_img090.jpg,pg4_8,pg,train,10
4456,pg4_8_img091.jpg,pg4_8,pg,train,10
4457,pg4_8_img092.jpg,pg4_8,pg,train,10
4458,pg4_8_img093.jpg,pg4_8,pg,train,10
4459,pg4_8_img094.jpg,pg4_8,pg,train,10
4460,pg4_8_img095.jpg,pg4_8,pg,train,10
4461,pg4_8_img096.jpg,pg4_8,pg,train,10
4462,pg4_8_img097.jpg,pg4_8,pg,train,10
4463,pg4_9_img001.jpg,pg4_9,pg,train,10
4464,pg4_9_img002.jpg,pg4_9,pg,train,10
4465,pg4_9_img003.jpg,pg4_9,pg,train,10
4466,pg4_9_img004.jpg,pg4_9,pg,train,10
4467,pg4_9_img005.jpg,pg4_9,pg,train,10
4468,pg4_9_img006.jpg,pg4_9,pg,train,10
4469,pg4_9_img007.jpg,pg4_9,pg,train,10
4470,pg4_9_img008.jpg,pg4_9,pg,train,10
4471,pg4_9_img009.jpg,pg4_9,pg,train,10
4472,pg4_9_img010.jpg,pg4_9,pg,train,10
4473,pg4_9_img011.jpg,pg4_9,pg,train,10
4474,pg4_9_img012.jpg,pg4_9,pg,train,10
4475,pg4_9_img013.jpg,pg4_9,pg,train,10
4476,pg4_9_img014.jpg,pg4_9,pg,train,10
4477,pg4_9_img015.jpg,pg4_9,pg,train,10
4478,pg4_9_img016.jpg,pg4_9,pg,train,10
4479,pg4_9_img017.jpg,pg4_9,pg,train,10
4480,pg4_9_img018.jpg,pg4_9,pg,train,10
4481,pg4_9_img019.jpg,pg4_9,pg,train,10
4482,pg4_9_img020.jpg,pg4_9,pg,train,10
4483,pg4_9_img021.jpg,pg4_9,pg,train,10
4484,pg4_9_img022.jpg,pg4_9,pg,train,10
4485,pg4_9_img023.jpg,pg4_9,pg,train,10
4486,pg4_9_img024.jpg,pg4_9,pg,train,10
4487,pg4_9_img025.jpg,pg4_9,pg,train,10
4488,pg4_9_img026.jpg,pg4_9,pg,train,10
4489,pg4_9_img027.jpg,pg4_9,pg,train,10
4490,pg4_9_img028.jpg,pg4_9,pg,train,10
4491,pg4_9_img029.jpg,pg4_9,pg,train,10
4492,pg4_9_img030.jpg,pg4_9,pg,train,10
4493,pg4_9_img031.jpg,pg4_9,pg,train,10
4494,pg4_9_img032.jpg,pg4_9,pg,train,10
4495,pg4_9_img033.jpg,pg4_9,pg,train,10
4496,pg4_9_img034.jpg,pg4_9,pg,train,10
4497,pg4_9_img035.jpg,pg4_9,pg,train,10
4498,pg4_9_img036.jpg,pg4_9,pg,train,10
4499,pg4_9_img037.jpg,pg4_9,pg,train,10
4500,pg4_9_img038.jpg,pg4_9,pg,train,10
4501,pg4_9_img039.jpg,pg4_9,pg,train,10
4502,pg4_9_img040.jpg,pg4_9,pg,train,10
4503,pg4_9_img041.jpg,pg4_9,pg,train,10
4504,pg4_9_img042.jpg,pg4_9,pg,train,10
4505,pg4_9_img043.jpg,pg4_9,pg,train,10
4506,pg4_9_img044.jpg,pg4_9,pg,train,10
4507,pg4_9_img045.jpg,pg4_9,pg,train,10
4508,pg4_9_img046.jpg,pg4_9,pg,train,10
4509,pg4_9_img047.jpg,pg4_9,pg,train,10
4510,pg4_9_img048.jpg,pg4_9,pg,train,10
4511,pg4_9_img049.jpg,pg4_9,pg,train,10
4512,pg4_9_img050.jpg,pg4_9,pg,train,10
4513,pg4_9_img051.jpg,pg4_9,pg,train,10
4514,pg4_9_img052.jpg,pg4_9,pg,train,10
4515,pg4_9_img053.jpg,pg4_9,pg,train,10
4516,pg4_9_img054.jpg,pg4_9,pg,train,10
4517,pg4_9_img055.jpg,pg4_9,pg,train,10
4518,pg4_9_img056.jpg,pg4_9,pg,train,10
4519,pg4_9_img057.jpg,pg4_9,pg,train,10
4520,pg4_9_img058.jpg,pg4_9,pg,train,10
4521,pg4_9_img059.jpg,pg4_9,pg,train,10
4522,pg4_9_img060.jpg,pg4_9,pg,train,10
4523,pg4_9_img061.jpg,pg4_9,pg,train,10
4524,pg4_9_img062.jpg,pg4_9,pg,train,10
4525,pg4_9_img063.jpg,pg4_9,pg,train,10
4526,pg4_9_img064.jpg,pg4_9,pg,train,10
4527,pg4_9_img065.jpg,pg4_9,pg,train,10
4528,pg4_9_img066.jpg,pg4_9,pg,train,10
4529,pg4_9_img067.jpg,pg4_9,pg,train,10
4530,pg4_9_img068.jpg,pg4_9,pg,train,10
4531,pg4_9_img069.jpg,pg4_9,pg,train,10
4532,pg4_9_img070.jpg,pg4_9,pg,train,10
4533,pg4_9_img071.jpg,pg4_9,pg,train,10
4534,pg4_9_img072.jpg,pg4_9,pg,train,10
4535,pg4_9_img073.jpg,pg4_9,pg,train,10
4536,pg4_9_img074.jpg,pg4_9,pg,train,10
4537,pg4_9_img075.jpg,pg4_9,pg,train,10
4538,pg4_9_img076.jpg,pg4_9,pg,train,10
4539,pg4_9_img077.jpg,pg4_9,pg,train,10
4540,pg4_9_img078.jpg,pg4_9,pg,train,10
4541,pg4_9_img079.jpg,pg4_9,pg,train,10
4542,pg4_9_img080.jpg,pg4_9,pg,train,10
4543,pg4_9_img081.jpg,pg4_9,pg,train,10
4544,pg4_9_img082.jpg,pg4_9,pg,train,10
4545,pg4_9_img083.jpg,pg4_9,pg,train,10
4546,pg4_9_img084.jpg,pg4_9,pg,train,10
4547,pg4_9_img085.jpg,pg4_9,pg,train,10
4548,pg4_9_img086.jpg,pg4_9,pg,train,10
4549,pg4_9_img087.jpg,pg4_9,pg,train,10
4550,pg4_9_img088.jpg,pg4_9,pg,train,10
4551,pg4_9_img089.jpg,pg4_9,pg,train,10
4552,pg4_9_img090.jpg,pg4_9,pg,train,10
4553,pg4_9_img091.jpg,pg4_9,pg,train,10
4554,pg4_9_img092.jpg,pg4_9,pg,train,10
4555,pg4_9_img093.jpg,pg4_9,pg,train,10
4556,pg4_9_img094.jpg,pg4_9,pg,train,10
4557,pg4_9_img095.jpg,pg4_9,pg,train,10
4558,pg4_9_img096.jpg,pg4_9,pg,train,10
4559,pg4_9_img097.jpg,pg4_9,pg,train,10
4560,pg5_10_img001.jpg,pg5_10,pg,train,10
4561,pg5_10_img002.jpg,pg5_10,pg,train,10
4562,pg5_10_img003.jpg,pg5_10,pg,train,10
4563,pg5_10_img004.jpg,pg5_10,pg,train,10
4564,pg5_10_img005.jpg,pg5_10,pg,train,10
4565,pg5_10_img006.jpg,pg5_10,pg,train,10
4566,pg5_10_img007.jpg,pg5_10,pg,train,10
4567,pg5_10_img008.jpg,pg5_10,pg,train,10
4568,pg5_10_img009.jpg,pg5_10,pg,train,10
4569,pg5_10_img010.jpg,pg5_10,pg,train,10
4570,pg5_10_img011.jpg,pg5_10,pg,train,10
4571,pg5_10_img012.jpg,pg5_10,pg,train,10
4572,pg5_10_img013.jpg,pg5_10,pg,train,10
4573,pg5_10_img014.jpg,pg5_10,pg,train,10
4574,pg5_10_img015.jpg,pg5_10,pg,train,10
4575,pg5_10_img016.jpg,pg5_10,pg,train,10
4576,pg5_10_img017.jpg,pg5_10,pg,train,10
4577,pg5_10_img018.jpg,pg5_10,pg,train,10
4578,pg5_10_img019.jpg,pg5_10,pg,train,10
4579,pg5_10_img020.jpg,pg5_10,pg,train,10
4580,pg5_10_img021.jpg,pg5_10,pg,train,10
4581,pg5_10_img022.jpg,pg5_10,pg,train,10
4582,pg5_10_img023.jpg,pg5_10,pg,train,10
4583,pg5_10_img024.jpg,pg5_10,pg,train,10
4584,pg5_10_img025.jpg,pg5_10,pg,train,10
4585,pg5_10_img026.jpg,pg5_10,pg,train,10
4586,pg5_10_img027.jpg,pg5_10,pg,train,10
4587,pg5_10_img028.jpg,pg5_10,pg,train,10
4588,pg5_10_img029.jpg,pg5_10,pg,train,10
4589,pg5_10_img030.jpg,pg5_10,pg,train,10
4590,pg5_10_img031.jpg,pg5_10,pg,train,10
4591,pg5_10_img032.jpg,pg5_10,pg,train,10
4592,pg5_10_img033.jpg,pg5_10,pg,train,10
4593,pg5_10_img034.jpg,pg5_10,pg,train,10
4594,pg5_10_img035.jpg,pg5_10,pg,train,10
4595,pg5_10_img036.jpg,pg5_10,pg,train,10
4596,pg5_10_img037.jpg,pg5_10,pg,train,10
4597,pg5_10_img038.jpg,pg5_10,pg,train,10
4598,pg5_10_img039.jpg,pg5_10,pg,train,10
4599,pg5_10_img040.jpg,pg5_10,pg,train,10
4600,pg5_10_img041.jpg,pg5_10,pg,train,10
4601,pg5_10_img042.jpg,pg5_10,pg,train,10
4602,pg5_10_img043.jpg,pg5_10,pg,train,10
4603,pg5_10_img044.jpg,pg5_10,pg,train,10
4604,pg5_10_img045.jpg,pg5_10,pg,train,10
4605,pg5_10_img046.jpg,pg5_10,pg,train,10
4606,pg5_10_img047.jpg,pg5_10,pg,train,10
4607,pg5_10_img048.jpg,pg5_10,pg,train,10
4608,pg5_10_img049.jpg,pg5_10,pg,train,10
4609,pg5_10_img050.jpg,pg5_10,pg,train,10
4610,pg5_10_img051.jpg,pg5_10,pg,train,10
4611,pg5_10_img052.jpg,pg5_10,pg,train,10
4612,pg5_10_img053.jpg,pg5_10,pg,train,10
4613,pg5_10_img054.jpg,pg5_10,pg,train,10
4614,pg5_10_img055.jpg,pg5_10,pg,train,10
4615,pg5_10_img056.jpg,pg5_10,pg,train,10
4616,pg5_10_img057.jpg,pg5_10,pg,train,10
4617,pg5_10_img058.jpg,pg5_10,pg,train,10
4618,pg5_10_img059.jpg,pg5_10,pg,train,10
4619,pg5_10_img060.jpg,pg5_10,pg,train,10
4620,pg5_10_img061.jpg,pg5_10,pg,train,10
4621,pg5_10_img062.jpg,pg5_10,pg,train,10
4622,pg5_10_img063.jpg,pg5_10,pg,train,10
4623,pg5_10_img064.jpg,pg5_10,pg,train,10
4624,pg5_10_img065.jpg,pg5_10,pg,train,10
4625,pg5_10_img066.jpg,pg5_10,pg,train,10
4626,pg5_10_img067.jpg,pg5_10,pg,train,10
4627,pg5_10_img068.jpg,pg5_10,pg,train,10
4628,pg5_10_img069.jpg,pg5_10,pg,train,10
4629,pg5_10_img070.jpg,pg5_10,pg,train,10
4630,pg5_10_img071.jpg,pg5_10,pg,train,10
4631,pg5_10_img072.jpg,pg5_10,pg,train,10
4632,pg5_10_img073.jpg,pg5_10,pg,train,10
4633,pg5_10_img074.jpg,pg5_10,pg,train,10
4634,pg5_10_img075.jpg,pg5_10,pg,train,10
4635,pg5_10_img076.jpg,pg5_10,pg,train,10
4636,pg5_10_img077.jpg,pg5_10,pg,train,10
4637,pg5_10_img078.jpg,pg5_10,pg,train,10
4638,pg5_10_img079.jpg,pg5_10,pg,train,10
4639,pg5_10_img080.jpg,pg5_10,pg,train,10
4640,pg5_10_img081.jpg,pg5_10,pg,train,10
4641,pg5_10_img082.jpg,pg5_10,pg,train,10
4642,pg5_10_img083.jpg,pg5_10,pg,train,10
4643,pg5_10_img084.jpg,pg5_10,pg,train,10
4644,pg5_10_img085.jpg,pg5_10,pg,train,10
4645,pg5_10_img086.jpg,pg5_10,pg,train,10
4646,pg5_10_img087.jpg,pg5_10,pg,train,10
4647,pg5_10_img088.jpg,pg5_10,pg,train,10
4648,pg5_10_img089.jpg,pg5_10,pg,train,10
4649,pg5_10_img090.jpg,pg5_10,pg,train,10
4650,pg5_10_img091.jpg,pg5_10,pg,train,10
4651,pg5_10_img092.jpg,pg5_10,pg,train,10
4652,pg5_10_img093.jpg,pg5_10,pg,train,10
4653,pg5_10_img094.jpg,pg5_10,pg,train,10
4654,pg5_10_img095.jpg,pg5_10,pg,train,10
4655,pg5_10_img096.jpg,pg5_10,pg,train,10
4656,pg5_10_img097.jpg,pg5_10,pg,train,10
4657,pg5_11_img001.jpg,pg5_11,pg,train,10
4658,pg5_11_img002.jpg,pg5_11,pg,train,10
4659,pg5_11_img003.jpg,pg5_11,pg,train,10
4660,pg5_11_img004.jpg,pg5_11,pg,train,10
4661,pg5_11_img005.jpg,pg5_11,pg,train,10
4662,pg5_11_img006.jpg,pg5_11,pg,train,10
4663,pg5_11_img007.jpg,pg5_11,pg,train,10
4664,pg5_11_img008.jpg,pg5_11,pg,train,10
4665,pg5_11_img009.jpg,pg5_11,pg,train,10
4666,pg5_11_img010.jpg,pg5_11,pg,train,10
4667,pg5_11_img011.jpg,pg5_11,pg,train,10
4668,pg5_11_img012.jpg,pg5_11,pg,train,10
4669,pg5_11_img013.jpg,pg5_11,pg,train,10
4670,pg5_11_img014.jpg,pg5_11,pg,train,10
4671,pg5_11_img015.jpg,pg5_11,pg,train,10
4672,pg5_11_img016.jpg,pg5_11,pg,train,10
4673,pg5_11_img017.jpg,pg5_11,pg,train,10
4674,pg5_11_img018.jpg,pg5_11,pg,train,10
4675,pg5_11_img019.jpg,pg5_11,pg,train,10
4676,pg5_11_img020.jpg,pg5_11,pg,train,10
4677,pg5_11_img021.jpg,pg5_11,pg,train,10
4678,pg5_11_img022.jpg,pg5_11,pg,train,10
4679,pg5_11_img023.jpg,pg5_11,pg,train,10
4680,pg5_11_img024.jpg,pg5_11,pg,train,10
4681,pg5_11_img025.jpg,pg5_11,pg,train,10
4682,pg5_11_img026.jpg,pg5_11,pg,train,10
4683,pg5_11_img027.jpg,pg5_11,pg,train,10
4684,pg5_11_img028.jpg,pg5_11,pg,train,10
4685,pg5_11_img029.jpg,pg5_11,pg,train,10
4686,pg5_11_img030.jpg,pg5_11,pg,train,10
4687,pg5_11_img031.jpg,pg5_11,pg,train,10
4688,pg5_11_img032.jpg,pg5_11,pg,train,10
4689,pg5_11_img033.jpg,pg5_11,pg,train,10
4690,pg5_11_img034.jpg,pg5_11,pg,train,10
4691,pg5_11_img035.jpg,pg5_11,pg,train,10
4692,pg5_11_img036.jpg,pg5_11,pg,train,10
4693,pg5_11_img037.jpg,pg5_11,pg,train,10
4694,pg5_11_img038.jpg,pg5_11,pg,train,10
4695,pg5_11_img039.jpg,pg5_11,pg,train,10
4696,pg5_11_img040.jpg,pg5_11,pg,train,10
4697,pg5_11_img041.jpg,pg5_11,pg,train,10
4698,pg5_11_img042.jpg,pg5_11,pg,train,10
4699,pg5_11_img043.jpg,pg5_11,pg,train,10
4700,pg5_11_img044.jpg,pg5_11,pg,train,10
4701,pg5_11_img045.jpg,pg5_11,pg,train,10
4702,pg5_11_img046.jpg,pg5_11,pg,train,10
4703,pg5_11_img047.jpg,pg5_11,pg,train,10
4704,pg5_11_img048.jpg,pg5_11,pg,train,10
4705,pg5_11_img049.jpg,pg5_11,pg,train,10
4706,pg5_11_img050.jpg,pg5_11,pg,train,10
4707,pg5_11_img051.jpg,pg5_11,pg,train,10
4708,pg5_11_img052.jpg,pg5_11,pg,train,10
4709,pg5_11_img053.jpg,pg5_11,pg,train,10
4710,pg5_11_img054.jpg,pg5_11,pg,train,10
4711,pg5_11_img055.jpg,pg5_11,pg,train,10
4712,pg5_11_img056.jpg,pg5_11,pg,train,10
4713,pg5_11_img057.jpg,pg5_11,pg,train,10
4714,pg5_11_img058.jpg,pg5_11,pg,train,10
4715,pg5_11_img059.jpg,pg5_11,pg,train,10
4716,pg5_11_img060.jpg,pg5_11,pg,train,10
4717,pg5_11_img061.jpg,pg5_11,pg,train,10
4718,pg5_11_img062.jpg,pg5_11,pg,train,10
4719,pg5_11_img063.jpg,pg5_11,pg,train,10
4720,pg5_11_img064.jpg,pg5_11,pg,train,10
4721,pg5_11_img065.jpg,pg5_11,pg,train,10
4722,pg5_11_img066.jpg,pg5_11,pg,train,10
4723,pg5_11_img067.jpg,pg5_11,pg,train,10
4724,pg5_11_img068.jpg,pg5_11,pg,train,10
4725,pg5_11_img069.jpg,pg5_11,pg,train,10
4726,pg5_11_img070.jpg,pg5_11,pg,train,10
4727,pg5_11_img071.jpg,pg5_11,pg,train,10
4728,pg5_11_img072.jpg,pg5_11,pg,train,10
4729,pg5_11_img073.jpg,pg5_11,pg,train,10
4730,pg5_11_img074.jpg,pg5_11,pg,train,10
4731,pg5_11_img075.jpg,pg5_11,pg,train,10
4732,pg5_11_img076.jpg,pg5_11,pg,train,10
4733,pg5_11_img077.jpg,pg5_11,pg,train,10
4734,pg5_11_img078.jpg,pg5_11,pg,train,10
4735,pg5_11_img079.jpg,pg5_11,pg,train,10
4736,pg5_11_img080.jpg,pg5_11,pg,train,10
4737,pg5_11_img081.jpg,pg5_11,pg,train,10
4738,pg5_11_img082.jpg,pg5_11,pg,train,10
4739,pg5_11_img083.jpg,pg5_11,pg,train,10
4740,pg5_11_img084.jpg,pg5_11,pg,train,10
4741,pg5_11_img085.jpg,pg5_11,pg,train,10
4742,pg5_11_img086.jpg,pg5_11,pg,train,10
4743,pg5_11_img087.jpg,pg5_11,pg,train,10
4744,pg5_11_img088.jpg,pg5_11,pg,train,10
4745,pg5_11_img089.jpg,pg5_11,pg,train,10
4746,pg5_11_img090.jpg,pg5_11,pg,train,10
4747,pg5_11_img091.jpg,pg5_11,pg,train,10
4748,pg5_11_img092.jpg,pg5_11,pg,train,10
4749,pg5_11_img093.jpg,pg5_11,pg,train,10
4750,pg5_11_img094.jpg,pg5_11,pg,train,10
4751,pg5_11_img095.jpg,pg5_11,pg,train,10
4752,pg5_11_img096.jpg,pg5_11,pg,train,10
4753,pg5_11_img097.jpg,pg5_11,pg,train,10
4754,pg5_12_img001.jpg,pg5_12,pg,train,10
4755,pg5_12_img002.jpg,pg5_12,pg,train,10
4756,pg5_12_img003.jpg,pg5_12,pg,train,10
4757,pg5_12_img004.jpg,pg5_12,pg,train,10
4758,pg5_12_img005.jpg,pg5_12,pg,train,10
4759,pg5_12_img006.jpg,pg5_12,pg,train,10
4760,pg5_12_img007.jpg,pg5_12,pg,train,10
4761,pg5_12_img008.jpg,pg5_12,pg,train,10
4762,pg5_12_img009.jpg,pg5_12,pg,train,10
4763,pg5_12_img010.jpg,pg5_12,pg,train,10
4764,pg5_12_img011.jpg,pg5_12,pg,train,10
4765,pg5_12_img012.jpg,pg5_12,pg,train,10
4766,pg5_12_img013.jpg,pg5_12,pg,train,10
4767,pg5_12_img014.jpg,pg5_12,pg,train,10
4768,pg5_12_img015.jpg,pg5_12,pg,train,10
4769,pg5_12_img016.jpg,pg5_12,pg,train,10
4770,pg5_12_img017.jpg,pg5_12,pg,train,10
4771,pg5_12_img018.jpg,pg5_12,pg,train,10
4772,pg5_12_img019.jpg,pg5_12,pg,train,10
4773,pg5_12_img020.jpg,pg5_12,pg,train,10
4774,pg5_12_img021.jpg,pg5_12,pg,train,10
4775,pg5_12_img022.jpg,pg5_12,pg,train,10
4776,pg5_12_img023.jpg,pg5_12,pg,train,10
4777,pg5_12_img024.jpg,pg5_12,pg,train,10
4778,pg5_12_img025.jpg,pg5_12,pg,train,10
4779,pg5_12_img026.jpg,pg5_12,pg,train,10
4780,pg5_12_img027.jpg,pg5_12,pg,train,10
4781,pg5_12_img028.jpg,pg5_12,pg,train,10
4782,pg5_12_img029.jpg,pg5_12,pg,train,10
4783,pg5_12_img030.jpg,pg5_12,pg,train,10
4784,pg5_12_img031.jpg,pg5_12,pg,train,10
4785,pg5_12_img032.jpg,pg5_12,pg,train,10
4786,pg5_12_img033.jpg,pg5_12,pg,train,10
4787,pg5_12_img034.jpg,pg5_12,pg,train,10
4788,pg5_12_img035.jpg,pg5_12,pg,train,10
4789,pg5_12_img036.jpg,pg5_12,pg,train,10
4790,pg5_12_img037.jpg,pg5_12,pg,train,10
4791,pg5_12_img038.jpg,pg5_12,pg,train,10
4792,pg5_12_img039.jpg,pg5_12,pg,train,10
4793,pg5_12_img040.jpg,pg5_12,pg,train,10
4794,pg5_12_img041.jpg,pg5_12,pg,train,10
4795,pg5_12_img042.jpg,pg5_12,pg,train,10
4796,pg5_12_img043.jpg,pg5_12,pg,train,10
4797,pg5_12_img044.jpg,pg5_12,pg,train,10
4798,pg5_12_img045.jpg,pg5_12,pg,train,10
4799,pg5_12_img046.jpg,pg5_12,pg,train,10
4800,pg5_12_img047.jpg,pg5_12,pg,train,10
4801,pg5_12_img048.jpg,pg5_12,pg,train,10
4802,pg5_12_img049.jpg,pg5_12,pg,train,10
4803,pg5_12_img050.jpg,pg5_12,pg,train,10
4804,pg5_12_img051.jpg,pg5_12,pg,train,10
4805,pg5_12_img052.jpg,pg5_12,pg,train,10
4806,pg5_12_img053.jpg,pg5_12,pg,train,10
4807,pg5_12_img054.jpg,pg5_12,pg,train,10
4808,pg5_12_img055.jpg,pg5_12,pg,train,10
4809,pg5_12_img056.jpg,pg5_12,pg,train,10
4810,pg5_12_img057.jpg,pg5_12,pg,train,10
4811,pg5_12_img058.jpg,pg5_12,pg,train,10
4812,pg5_12_img059.jpg,pg5_12,pg,train,10
4813,pg5_12_img060.jpg,pg5_12,pg,train,10
4814,pg5_12_img061.jpg,pg5_12,pg,train,10
4815,pg5_12_img062.jpg,pg5_12,pg,train,10
4816,pg5_12_img063.jpg,pg5_12,pg,train,10
4817,pg5_12_img064.jpg,pg5_12,pg,train,10
4818,pg5_12_img065.jpg,pg5_12,pg,train,10
4819,pg5_12_img066.jpg,pg5_12,pg,train,10
4820,pg5_12_img067.jpg,pg5_12,pg,train,10
4821,pg5_12_img068.jpg,pg5_12,pg,train,10
4822,pg5_12_img069.jpg,pg5_12,pg,train,10
4823,pg5_12_img070.jpg,pg5_12,pg,train,10
4824,pg5_12_img071.jpg,pg5_12,pg,train,10
4825,pg5_12_img072.jpg,pg5_12,pg,train,10
4826,pg5_12_img073.jpg,pg5_12,pg,train,10
4827,pg5_12_img074.jpg,pg5_12,pg,train,10
4828,pg5_12_img075.jpg,pg5_12,pg,train,10
4829,pg5_12_img076.jpg,pg5_12,pg,train,10
4830,pg5_12_img077.jpg,pg5_12,pg,train,10
4831,pg5_12_img078.jpg,pg5_12,pg,train,10
4832,pg5_12_img079.jpg,pg5_12,pg,train,10
4833,pg5_12_img080.jpg,pg5_12,pg,train,10
4834,pg5_12_img081.jpg,pg5_12,pg,train,10
4835,pg5_12_img082.jpg,pg5_12,pg,train,10
4836,pg5_12_img083.jpg,pg5_12,pg,train,10
4837,pg5_12_img084.jpg,pg5_12,pg,train,10
4838,pg5_12_img085.jpg,pg5_12,pg,train,10
4839,pg5_12_img086.jpg,pg5_12,pg,train,10
4840,pg5_12_img087.jpg,pg5_12,pg,train,10
4841,pg5_12_img088.jpg,pg5_12,pg,train,10
4842,pg5_12_img089.jpg,pg5_12,pg,train,10
4843,pg5_12_img090.jpg,pg5_12,pg,train,10
4844,pg5_12_img091.jpg,pg5_12,pg,train,10
4845,pg5_12_img092.jpg,pg5_12,pg,train,10
4846,pg5_12_img093.jpg,pg5_12,pg,train,10
4847,pg5_12_img094.jpg,pg5_12,pg,train,10
4848,pg5_12_img095.jpg,pg5_12,pg,train,10
4849,pg5_12_img096.jpg,pg5_12,pg,train,10
4850,pg5_12_img097.jpg,pg5_12,pg,train,10
4851,pg5_1_img001.jpg,pg5_1,pg,train,10
4852,pg5_1_img002.jpg,pg5_1,pg,train,10
4853,pg5_1_img003.jpg,pg5_1,pg,train,10
4854,pg5_1_img004.jpg,pg5_1,pg,train,10
4855,pg5_1_img005.jpg,pg5_1,pg,train,10
4856,pg5_1_img006.jpg,pg5_1,pg,train,10
4857,pg5_1_img007.jpg,pg5_1,pg,train,10
4858,pg5_1_img008.jpg,pg5_1,pg,train,10
4859,pg5_1_img009.jpg,pg5_1,pg,train,10
4860,pg5_1_img010.jpg,pg5_1,pg,train,10
4861,pg5_1_img011.jpg,pg5_1,pg,train,10
4862,pg5_1_img012.jpg,pg5_1,pg,train,10
4863,pg5_1_img013.jpg,pg5_1,pg,train,10
4864,pg5_1_img014.jpg,pg5_1,pg,train,10
4865,pg5_1_img015.jpg,pg5_1,pg,train,10
4866,pg5_1_img016.jpg,pg5_1,pg,train,10
4867,pg5_1_img017.jpg,pg5_1,pg,train,10
4868,pg5_1_img018.jpg,pg5_1,pg,train,10
4869,pg5_1_img019.jpg,pg5_1,pg,train,10
4870,pg5_1_img020.jpg,pg5_1,pg,train,10
4871,pg5_1_img021.jpg,pg5_1,pg,train,10
4872,pg5_1_img022.jpg,pg5_1,pg,train,10
4873,pg5_1_img023.jpg,pg5_1,pg,train,10
4874,pg5_1_img024.jpg,pg5_1,pg,train,10
4875,pg5_1_img025.jpg,pg5_1,pg,train,10
4876,pg5_1_img026.jpg,pg5_1,pg,train,10
4877,pg5_1_img027.jpg,pg5_1,pg,train,10
4878,pg5_1_img028.jpg,pg5_1,pg,train,10
4879,pg5_1_img029.jpg,pg5_1,pg,train,10
4880,pg5_1_img030.jpg,pg5_1,pg,train,10
4881,pg5_1_img031.jpg,pg5_1,pg,train,10
4882,pg5_1_img032.jpg,pg5_1,pg,train,10
4883,pg5_1_img033.jpg,pg5_1,pg,train,10
4884,pg5_1_img034.jpg,pg5_1,pg,train,10
4885,pg5_1_img035.jpg,pg5_1,pg,train,10
4886,pg5_1_img036.jpg,pg5_1,pg,train,10
4887,pg5_1_img037.jpg,pg5_1,pg,train,10
4888,pg5_1_img038.jpg,pg5_1,pg,train,10
4889,pg5_1_img039.jpg,pg5_1,pg,train,10
4890,pg5_1_img040.jpg,pg5_1,pg,train,10
4891,pg5_1_img041.jpg,pg5_1,pg,train,10
4892,pg5_1_img042.jpg,pg5_1,pg,train,10
4893,pg5_1_img043.jpg,pg5_1,pg,train,10
4894,pg5_1_img044.jpg,pg5_1,pg,train,10
4895,pg5_1_img045.jpg,pg5_1,pg,train,10
4896,pg5_1_img046.jpg,pg5_1,pg,train,10
4897,pg5_1_img047.jpg,pg5_1,pg,train,10
4898,pg5_1_img048.jpg,pg5_1,pg,train,10
4899,pg5_1_img049.jpg,pg5_1,pg,train,10
4900,pg5_1_img050.jpg,pg5_1,pg,train,10
4901,pg5_1_img051.jpg,pg5_1,pg,train,10
4902,pg5_1_img052.jpg,pg5_1,pg,train,10
4903,pg5_1_img053.jpg,pg5_1,pg,train,10
4904,pg5_1_img054.jpg,pg5_1,pg,train,10
4905,pg5_1_img055.jpg,pg5_1,pg,train,10
4906,pg5_1_img056.jpg,pg5_1,pg,train,10
4907,pg5_1_img057.jpg,pg5_1,pg,train,10
4908,pg5_1_img058.jpg,pg5_1,pg,train,10
4909,pg5_1_img059.jpg,pg5_1,pg,train,10
4910,pg5_1_img060.jpg,pg5_1,pg,train,10
4911,pg5_1_img061.jpg,pg5_1,pg,train,10
4912,pg5_1_img062.jpg,pg5_1,pg,train,10
4913,pg5_1_img063.jpg,pg5_1,pg,train,10
4914,pg5_1_img064.jpg,pg5_1,pg,train,10
4915,pg5_1_img065.jpg,pg5_1,pg,train,10
4916,pg5_1_img066.jpg,pg5_1,pg,train,10
4917,pg5_1_img067.jpg,pg5_1,pg,train,10
4918,pg5_1_img068.jpg,pg5_1,pg,train,10
4919,pg5_1_img069.jpg,pg5_1,pg,train,10
4920,pg5_1_img070.jpg,pg5_1,pg,train,10
4921,pg5_1_img071.jpg,pg5_1,pg,train,10
4922,pg5_1_img072.jpg,pg5_1,pg,train,10
4923,pg5_1_img073.jpg,pg5_1,pg,train,10
4924,pg5_1_img074.jpg,pg5_1,pg,train,10
4925,pg5_1_img075.jpg,pg5_1,pg,train,10
4926,pg5_1_img076.jpg,pg5_1,pg,train,10
4927,pg5_1_img077.jpg,pg5_1,pg,train,10
4928,pg5_1_img078.jpg,pg5_1,pg,train,10
4929,pg5_1_img079.jpg,pg5_1,pg,train,10
4930,pg5_1_img080.jpg,pg5_1,pg,train,10
4931,pg5_1_img081.jpg,pg5_1,pg,train,10
4932,pg5_1_img082.jpg,pg5_1,pg,train,10
4933,pg5_1_img083.jpg,pg5_1,pg,train,10
4934,pg5_1_img084.jpg,pg5_1,pg,train,10
4935,pg5_1_img085.jpg,pg5_1,pg,train,10
4936,pg5_1_img086.jpg,pg5_1,pg,train,10
4937,pg5_1_img087.jpg,pg5_1,pg,train,10
4938,pg5_1_img088.jpg,pg5_1,pg,train,10
4939,pg5_1_img089.jpg,pg5_1,pg,train,10
4940,pg5_1_img090.jpg,pg5_1,pg,train,10
4941,pg5_1_img091.jpg,pg5_1,pg,train,10
4942,pg5_1_img092.jpg,pg5_1,pg,train,10
4943,pg5_1_img093.jpg,pg5_1,pg,train,10
4944,pg5_1_img094.jpg,pg5_1,pg,train,10
4945,pg5_1_img095.jpg,pg5_1,pg,train,10
4946,pg5_1_img096.jpg,pg5_1,pg,train,10
4947,pg5_1_img097.jpg,pg5_1,pg,train,10
4948,pg5_2_img001.jpg,pg5_2,pg,train,10
4949,pg5_2_img002.jpg,pg5_2,pg,train,10
4950,pg5_2_img003.jpg,pg5_2,pg,train,10
4951,pg5_2_img004.jpg,pg5_2,pg,train,10
4952,pg5_2_img005.jpg,pg5_2,pg,train,10
4953,pg5_2_img006.jpg,pg5_2,pg,train,10
4954,pg5_2_img007.jpg,pg5_2,pg,train,10
4955,pg5_2_img008.jpg,pg5_2,pg,train,10
4956,pg5_2_img009.jpg,pg5_2,pg,train,10
4957,pg5_2_img010.jpg,pg5_2,pg,train,10
4958,pg5_2_img011.jpg,pg5_2,pg,train,10
4959,pg5_2_img012.jpg,pg5_2,pg,train,10
4960,pg5_2_img013.jpg,pg5_2,pg,train,10
4961,pg5_2_img014.jpg,pg5_2,pg,train,10
4962,pg5_2_img015.jpg,pg5_2,pg,train,10
4963,pg5_2_img016.jpg,pg5_2,pg,train,10
4964,pg5_2_img017.jpg,pg5_2,pg,train,10
4965,pg5_2_img018.jpg,pg5_2,pg,train,10
4966,pg5_2_img019.jpg,pg5_2,pg,train,10
4967,pg5_2_img020.jpg,pg5_2,pg,train,10
4968,pg5_2_img021.jpg,pg5_2,pg,train,10
4969,pg5_2_img022.jpg,pg5_2,pg,train,10
4970,pg5_2_img023.jpg,pg5_2,pg,train,10
4971,pg5_2_img024.jpg,pg5_2,pg,train,10
4972,pg5_2_img025.jpg,pg5_2,pg,train,10
4973,pg5_2_img026.jpg,pg5_2,pg,train,10
4974,pg5_2_img027.jpg,pg5_2,pg,train,10
4975,pg5_2_img028.jpg,pg5_2,pg,train,10
4976,pg5_2_img029.jpg,pg5_2,pg,train,10
4977,pg5_2_img030.jpg,pg5_2,pg,train,10
4978,pg5_2_img031.jpg,pg5_2,pg,train,10
4979,pg5_2_img032.jpg,pg5_2,pg,train,10
4980,pg5_2_img033.jpg,pg5_2,pg,train,10
4981,pg5_2_img034.jpg,pg5_2,pg,train,10
4982,pg5_2_img035.jpg,pg5_2,pg,train,10
4983,pg5_2_img036.jpg,pg5_2,pg,train,10
4984,pg5_2_img037.jpg,pg5_2,pg,train,10
4985,pg5_2_img038.jpg,pg5_2,pg,train,10
4986,pg5_2_img039.jpg,pg5_2,pg,train,10
4987,pg5_2_img040.jpg,pg5_2,pg,train,10
4988,pg5_2_img041.jpg,pg5_2,pg,train,10
4989,pg5_2_img042.jpg,pg5_2,pg,train,10
4990,pg5_2_img043.jpg,pg5_2,pg,train,10
4991,pg5_2_img044.jpg,pg5_2,pg,train,10
4992,pg5_2_img045.jpg,pg5_2,pg,train,10
4993,pg5_2_img046.jpg,pg5_2,pg,train,10
4994,pg5_2_img047.jpg,pg5_2,pg,train,10
4995,pg5_2_img048.jpg,pg5_2,pg,train,10
4996,pg5_2_img049.jpg,pg5_2,pg,train,10
4997,pg5_2_img050.jpg,pg5_2,pg,train,10
4998,pg5_2_img051.jpg,pg5_2,pg,train,10
4999,pg5_2_img052.jpg,pg5_2,pg,train,10
5000,pg5_2_img053.jpg,pg5_2,pg,train,10
5001,pg5_2_img054.jpg,pg5_2,pg,train,10
5002,pg5_2_img055.jpg,pg5_2,pg,train,10
5003,pg5_2_img056.jpg,pg5_2,pg,train,10
5004,pg5_2_img057.jpg,pg5_2,pg,train,10
5005,pg5_2_img058.jpg,pg5_2,pg,train,10
5006,pg5_2_img059.jpg,pg5_2,pg,train,10
5007,pg5_2_img060.jpg,pg5_2,pg,train,10
5008,pg5_2_img061.jpg,pg5_2,pg,train,10
5009,pg5_2_img062.jpg,pg5_2,pg,train,10
5010,pg5_2_img063.jpg,pg5_2,pg,train,10
5011,pg5_2_img064.jpg,pg5_2,pg,train,10
5012,pg5_2_img065.jpg,pg5_2,pg,train,10
5013,pg5_2_img066.jpg,pg5_2,pg,train,10
5014,pg5_2_img067.jpg,pg5_2,pg,train,10
5015,pg5_2_img068.jpg,pg5_2,pg,train,10
5016,pg5_2_img069.jpg,pg5_2,pg,train,10
5017,pg5_2_img070.jpg,pg5_2,pg,train,10
5018,pg5_2_img071.jpg,pg5_2,pg,train,10
5019,pg5_2_img072.jpg,pg5_2,pg,train,10
5020,pg5_2_img073.jpg,pg5_2,pg,train,10
5021,pg5_2_img074.jpg,pg5_2,pg,train,10
5022,pg5_2_img075.jpg,pg5_2,pg,train,10
5023,pg5_2_img076.jpg,pg5_2,pg,train,10
5024,pg5_2_img077.jpg,pg5_2,pg,train,10
5025,pg5_2_img078.jpg,pg5_2,pg,train,10
5026,pg5_2_img079.jpg,pg5_2,pg,train,10
5027,pg5_2_img080.jpg,pg5_2,pg,train,10
5028,pg5_2_img081.jpg,pg5_2,pg,train,10
5029,pg5_2_img082.jpg,pg5_2,pg,train,10
5030,pg5_2_img083.jpg,pg5_2,pg,train,10
5031,pg5_2_img084.jpg,pg5_2,pg,train,10
5032,pg5_2_img085.jpg,pg5_2,pg,train,10
5033,pg5_2_img086.jpg,pg5_2,pg,train,10
5034,pg5_2_img087.jpg,pg5_2,pg,train,10
5035,pg5_2_img088.jpg,pg5_2,pg,train,10
5036,pg5_2_img089.jpg,pg5_2,pg,train,10
5037,pg5_2_img090.jpg,pg5_2,pg,train,10
5038,pg5_2_img091.jpg,pg5_2,pg,train,10
5039,pg5_2_img092.jpg,pg5_2,pg,train,10
5040,pg5_2_img093.jpg,pg5_2,pg,train,10
5041,pg5_2_img094.jpg,pg5_2,pg,train,10
5042,pg5_2_img095.jpg,pg5_2,pg,train,10
5043,pg5_2_img096.jpg,pg5_2,pg,train,10
5044,pg5_2_img097.jpg,pg5_2,pg,train,10
5045,pg5_3_img001.jpg,pg5_3,pg,train,10
5046,pg5_3_img002.jpg,pg5_3,pg,train,10
5047,pg5_3_img003.jpg,pg5_3,pg,train,10
5048,pg5_3_img004.jpg,pg5_3,pg,train,10
5049,pg5_3_img005.jpg,pg5_3,pg,train,10
5050,pg5_3_img006.jpg,pg5_3,pg,train,10
5051,pg5_3_img007.jpg,pg5_3,pg,train,10
5052,pg5_3_img008.jpg,pg5_3,pg,train,10
5053,pg5_3_img009.jpg,pg5_3,pg,train,10
5054,pg5_3_img010.jpg,pg5_3,pg,train,10
5055,pg5_3_img011.jpg,pg5_3,pg,train,10
5056,pg5_3_img012.jpg,pg5_3,pg,train,10
5057,pg5_3_img013.jpg,pg5_3,pg,train,10
5058,pg5_3_img014.jpg,pg5_3,pg,train,10
5059,pg5_3_img015.jpg,pg5_3,pg,train,10
5060,pg5_3_img016.jpg,pg5_3,pg,train,10
5061,pg5_3_img017.jpg,pg5_3,pg,train,10
5062,pg5_3_img018.jpg,pg5_3,pg,train,10
5063,pg5_3_img019.jpg,pg5_3,pg,train,10
5064,pg5_3_img020.jpg,pg5_3,pg,train,10
5065,pg5_3_img021.jpg,pg5_3,pg,train,10
5066,pg5_3_img022.jpg,pg5_3,pg,train,10
5067,pg5_3_img023.jpg,pg5_3,pg,train,10
5068,pg5_3_img024.jpg,pg5_3,pg,train,10
5069,pg5_3_img025.jpg,pg5_3,pg,train,10
5070,pg5_3_img026.jpg,pg5_3,pg,train,10
5071,pg5_3_img027.jpg,pg5_3,pg,train,10
5072,pg5_3_img028.jpg,pg5_3,pg,train,10
5073,pg5_3_img029.jpg,pg5_3,pg,train,10
5074,pg5_3_img030.jpg,pg5_3,pg,train,10
5075,pg5_3_img031.jpg,pg5_3,pg,train,10
5076,pg5_3_img032.jpg,pg5_3,pg,train,10
5077,pg5_3_img033.jpg,pg5_3,pg,train,10
5078,pg5_3_img034.jpg,pg5_3,pg,train,10
5079,pg5_3_img035.jpg,pg5_3,pg,train,10
5080,pg5_3_img036.jpg,pg5_3,pg,train,10
5081,pg5_3_img037.jpg,pg5_3,pg,train,10
5082,pg5_3_img038.jpg,pg5_3,pg,train,10
5083,pg5_3_img039.jpg,pg5_3,pg,train,10
5084,pg5_3_img040.jpg,pg5_3,pg,train,10
5085,pg5_3_img041.jpg,pg5_3,pg,train,10
5086,pg5_3_img042.jpg,pg5_3,pg,train,10
5087,pg5_3_img043.jpg,pg5_3,pg,train,10
5088,pg5_3_img044.jpg,pg5_3,pg,train,10
5089,pg5_3_img045.jpg,pg5_3,pg,train,10
5090,pg5_3_img046.jpg,pg5_3,pg,train,10
5091,pg5_3_img047.jpg,pg5_3,pg,train,10
5092,pg5_3_img048.jpg,pg5_3,pg,train,10
5093,pg5_3_img049.jpg,pg5_3,pg,train,10
5094,pg5_3_img050.jpg,pg5_3,pg,train,10
5095,pg5_3_img051.jpg,pg5_3,pg,train,10
5096,pg5_3_img052.jpg,pg5_3,pg,train,10
5097,pg5_3_img053.jpg,pg5_3,pg,train,10
5098,pg5_3_img054.jpg,pg5_3,pg,train,10
5099,pg5_3_img055.jpg,pg5_3,pg,train,10
5100,pg5_3_img056.jpg,pg5_3,pg,train,10
5101,pg5_3_img057.jpg,pg5_3,pg,train,10
5102,pg5_3_img058.jpg,pg5_3,pg,train,10
5103,pg5_3_img059.jpg,pg5_3,pg,train,10
5104,pg5_3_img060.jpg,pg5_3,pg,train,10
5105,pg5_3_img061.jpg,pg5_3,pg,train,10
5106,pg5_3_img062.jpg,pg5_3,pg,train,10
5107,pg5_3_img063.jpg,pg5_3,pg,train,10
5108,pg5_3_img064.jpg,pg5_3,pg,train,10
5109,pg5_3_img065.jpg,pg5_3,pg,train,10
5110,pg5_3_img066.jpg,pg5_3,pg,train,10
5111,pg5_3_img067.jpg,pg5_3,pg,train,10
5112,pg5_3_img068.jpg,pg5_3,pg,train,10
5113,pg5_3_img069.jpg,pg5_3,pg,train,10
5114,pg5_3_img070.jpg,pg5_3,pg,train,10
5115,pg5_3_img071.jpg,pg5_3,pg,train,10
5116,pg5_3_img072.jpg,pg5_3,pg,train,10
5117,pg5_3_img073.jpg,pg5_3,pg,train,10
5118,pg5_3_img074.jpg,pg5_3,pg,train,10
5119,pg5_3_img075.jpg,pg5_3,pg,train,10
5120,pg5_3_img076.jpg,pg5_3,pg,train,10
5121,pg5_3_img077.jpg,pg5_3,pg,train,10
5122,pg5_3_img078.jpg,pg5_3,pg,train,10
5123,pg5_3_img079.jpg,pg5_3,pg,train,10
5124,pg5_3_img080.jpg,pg5_3,pg,train,10
5125,pg5_3_img081.jpg,pg5_3,pg,train,10
5126,pg5_3_img082.jpg,pg5_3,pg,train,10
5127,pg5_3_img083.jpg,pg5_3,pg,train,10
5128,pg5_3_img084.jpg,pg5_3,pg,train,10
5129,pg5_3_img085.jpg,pg5_3,pg,train,10
5130,pg5_3_img086.jpg,pg5_3,pg,train,10
5131,pg5_3_img087.jpg,pg5_3,pg,train,10
5132,pg5_3_img088.jpg,pg5_3,pg,train,10
5133,pg5_3_img089.jpg,pg5_3,pg,train,10
5134,pg5_3_img090.jpg,pg5_3,pg,train,10
5135,pg5_3_img091.jpg,pg5_3,pg,train,10
5136,pg5_3_img092.jpg,pg5_3,pg,train,10
5137,pg5_3_img093.jpg,pg5_3,pg,train,10
5138,pg5_3_img094.jpg,pg5_3,pg,train,10
5139,pg5_3_img095.jpg,pg5_3,pg,train,10
5140,pg5_3_img096.jpg,pg5_3,pg,train,10
5141,pg5_3_img097.jpg,pg5_3,pg,train,10
5142,pg5_5_img001.jpg,pg5_5,pg,train,10
5143,pg5_5_img002.jpg,pg5_5,pg,train,10
5144,pg5_5_img003.jpg,pg5_5,pg,train,10
5145,pg5_5_img004.jpg,pg5_5,pg,train,10
5146,pg5_5_img005.jpg,pg5_5,pg,train,10
5147,pg5_5_img006.jpg,pg5_5,pg,train,10
5148,pg5_5_img007.jpg,pg5_5,pg,train,10
5149,pg5_5_img008.jpg,pg5_5,pg,train,10
5150,pg5_5_img009.jpg,pg5_5,pg,train,10
5151,pg5_5_img010.jpg,pg5_5,pg,train,10
5152,pg5_5_img011.jpg,pg5_5,pg,train,10
5153,pg5_5_img012.jpg,pg5_5,pg,train,10
5154,pg5_5_img013.jpg,pg5_5,pg,train,10
5155,pg5_5_img014.jpg,pg5_5,pg,train,10
5156,pg5_5_img015.jpg,pg5_5,pg,train,10
5157,pg5_5_img016.jpg,pg5_5,pg,train,10
5158,pg5_5_img017.jpg,pg5_5,pg,train,10
5159,pg5_5_img018.jpg,pg5_5,pg,train,10
5160,pg5_5_img019.jpg,pg5_5,pg,train,10
5161,pg5_5_img020.jpg,pg5_5,pg,train,10
5162,pg5_5_img021.jpg,pg5_5,pg,train,10
5163,pg5_5_img022.jpg,pg5_5,pg,train,10
5164,pg5_5_img023.jpg,pg5_5,pg,train,10
5165,pg5_5_img024.jpg,pg5_5,pg,train,10
5166,pg5_5_img025.jpg,pg5_5,pg,train,10
5167,pg5_5_img026.jpg,pg5_5,pg,train,10
5168,pg5_5_img027.jpg,pg5_5,pg,train,10
5169,pg5_5_img028.jpg,pg5_5,pg,train,10
5170,pg5_5_img029.jpg,pg5_5,pg,train,10
5171,pg5_5_img030.jpg,pg5_5,pg,train,10
5172,pg5_5_img031.jpg,pg5_5,pg,train,10
5173,pg5_5_img032.jpg,pg5_5,pg,train,10
5174,pg5_5_img033.jpg,pg5_5,pg,train,10
5175,pg5_5_img034.jpg,pg5_5,pg,train,10
5176,pg5_5_img035.jpg,pg5_5,pg,train,10
5177,pg5_5_img036.jpg,pg5_5,pg,train,10
5178,pg5_5_img037.jpg,pg5_5,pg,train,10
5179,pg5_5_img038.jpg,pg5_5,pg,train,10
5180,pg5_5_img039.jpg,pg5_5,pg,train,10
5181,pg5_5_img040.jpg,pg5_5,pg,train,10
5182,pg5_5_img041.jpg,pg5_5,pg,train,10
5183,pg5_5_img042.jpg,pg5_5,pg,train,10
5184,pg5_5_img043.jpg,pg5_5,pg,train,10
5185,pg5_5_img044.jpg,pg5_5,pg,train,10
5186,pg5_5_img045.jpg,pg5_5,pg,train,10
5187,pg5_5_img046.jpg,pg5_5,pg,train,10
5188,pg5_5_img047.jpg,pg5_5,pg,train,10
5189,pg5_5_img048.jpg,pg5_5,pg,train,10
5190,pg5_5_img049.jpg,pg5_5,pg,train,10
5191,pg5_5_img050.jpg,pg5_5,pg,train,10
5192,pg5_5_img051.jpg,pg5_5,pg,train,10
5193,pg5_5_img052.jpg,pg5_5,pg,train,10
5194,pg5_5_img053.jpg,pg5_5,pg,train,10
5195,pg5_5_img054.jpg,pg5_5,pg,train,10
5196,pg5_5_img055.jpg,pg5_5,pg,train,10
5197,pg5_5_img056.jpg,pg5_5,pg,train,10
5198,pg5_5_img057.jpg,pg5_5,pg,train,10
5199,pg5_5_img058.jpg,pg5_5,pg,train,10
5200,pg5_5_img059.jpg,pg5_5,pg,train,10
5201,pg5_5_img060.jpg,pg5_5,pg,train,10
5202,pg5_5_img061.jpg,pg5_5,pg,train,10
5203,pg5_5_img062.jpg,pg5_5,pg,train,10
5204,pg5_5_img063.jpg,pg5_5,pg,train,10
5205,pg5_5_img064.jpg,pg5_5,pg,train,10
5206,pg5_5_img065.jpg,pg5_5,pg,train,10
5207,pg5_5_img066.jpg,pg5_5,pg,train,10
5208,pg5_5_img067.jpg,pg5_5,pg,train,10
5209,pg5_5_img068.jpg,pg5_5,pg,train,10
5210,pg5_5_img069.jpg,pg5_5,pg,train,10
5211,pg5_5_img070.jpg,pg5_5,pg,train,10
5212,pg5_5_img071.jpg,pg5_5,pg,train,10
5213,pg5_5_img072.jpg,pg5_5,pg,train,10
5214,pg5_5_img073.jpg,pg5_5,pg,train,10
5215,pg5_5_img074.jpg,pg5_5,pg,train,10
5216,pg5_5_img075.jpg,pg5_5,pg,train,10
5217,pg5_5_img076.jpg,pg5_5,pg,train,10
5218,pg5_5_img077.jpg,pg5_5,pg,train,10
5219,pg5_5_img078.jpg,pg5_5,pg,train,10
5220,pg5_5_img079.jpg,pg5_5,pg,train,10
5221,pg5_5_img080.jpg,pg5_5,pg,train,10
5222,pg5_5_img081.jpg,pg5_5,pg,train,10
5223,pg5_5_img082.jpg,pg5_5,pg,train,10
5224,pg5_5_img083.jpg,pg5_5,pg,train,10
5225,pg5_5_img084.jpg,pg5_5,pg,train,10
5226,pg5_5_img085.jpg,pg5_5,pg,train,10
5227,pg5_5_img086.jpg,pg5_5,pg,train,10
5228,pg5_5_img087.jpg,pg5_5,pg,train,10
5229,pg5_5_img088.jpg,pg5_5,pg,train,10
5230,pg5_5_img089.jpg,pg5_5,pg,train,10
5231,pg5_5_img090.jpg,pg5_5,pg,train,10
5232,pg5_5_img091.jpg,pg5_5,pg,train,10
5233,pg5_5_img092.jpg,pg5_5,pg,train,10
5234,pg5_5_img093.jpg,pg5_5,pg,train,10
5235,pg5_5_img094.jpg,pg5_5,pg,train,10
5236,pg5_5_img095.jpg,pg5_5,pg,train,10
5237,pg5_5_img096.jpg,pg5_5,pg,train,10
5238,pg5_5_img097.jpg,pg5_5,pg,train,10
5239,pg5_6_img001.jpg,pg5_6,pg,val,10
5240,pg5_6_img002.jpg,pg5_6,pg,val,10
5241,pg5_6_img003.jpg,pg5_6,pg,val,10
5242,pg5_6_img004.jpg,pg5_6,pg,val,10
5243,pg5_6_img005.jpg,pg5_6,pg,val,10
5244,pg5_6_img006.jpg,pg5_6,pg,val,10
5245,pg5_6_img007.jpg,pg5_6,pg,val,10
5246,pg5_6_img008.jpg,pg5_6,pg,val,10
5247,pg5_6_img009.jpg,pg5_6,pg,val,10
5248,pg5_6_img010.jpg,pg5_6,pg,val,10
5249,pg5_6_img011.jpg,pg5_6,pg,val,10
5250,pg5_6_img012.jpg,pg5_6,pg,val,10
5251,pg5_6_img013.jpg,pg5_6,pg,val,10
5252,pg5_6_img014.jpg,pg5_6,pg,val,10
5253,pg5_6_img015.jpg,pg5_6,pg,val,10
5254,pg5_6_img016.jpg,pg5_6,pg,val,10
5255,pg5_6_img017.jpg,pg5_6,pg,val,10
5256,pg5_6_img018.jpg,pg5_6,pg,val,10
5257,pg5_6_img019.jpg,pg5_6,pg,val,10
5258,pg5_6_img020.jpg,pg5_6,pg,val,10
5259,pg5_6_img021.jpg,pg5_6,pg,val,10
5260,pg5_6_img022.jpg,pg5_6,pg,val,10
5261,pg5_6_img023.jpg,pg5_6,pg,val,10
5262,pg5_6_img024.jpg,pg5_6,pg,val,10
5263,pg5_6_img025.jpg,pg5_6,pg,val,10
5264,pg5_6_img026.jpg,pg5_6,pg,val,10
5265,pg5_6_img027.jpg,pg5_6,pg,val,10
5266,pg5_6_img028.jpg,pg5_6,pg,val,10
5267,pg5_6_img029.jpg,pg5_6,pg,val,10
5268,pg5_6_img030.jpg,pg5_6,pg,val,10
5269,pg5_6_img031.jpg,pg5_6,pg,val,10
5270,pg5_6_img032.jpg,pg5_6,pg,val,10
5271,pg5_6_img033.jpg,pg5_6,pg,val,10
5272,pg5_6_img034.jpg,pg5_6,pg,val,10
5273,pg5_6_img035.jpg,pg5_6,pg,val,10
5274,pg5_6_img036.jpg,pg5_6,pg,val,10
5275,pg5_6_img037.jpg,pg5_6,pg,val,10
5276,pg5_6_img038.jpg,pg5_6,pg,val,10
5277,pg5_6_img039.jpg,pg5_6,pg,val,10
5278,pg5_6_img040.jpg,pg5_6,pg,val,10
5279,pg5_6_img041.jpg,pg5_6,pg,val,10
5280,pg5_6_img042.jpg,pg5_6,pg,val,10
5281,pg5_6_img043.jpg,pg5_6,pg,val,10
5282,pg5_6_img044.jpg,pg5_6,pg,val,10
5283,pg5_6_img045.jpg,pg5_6,pg,val,10
5284,pg5_6_img046.jpg,pg5_6,pg,val,10
5285,pg5_6_img047.jpg,pg5_6,pg,val,10
5286,pg5_6_img048.jpg,pg5_6,pg,val,10
5287,pg5_6_img049.jpg,pg5_6,pg,val,10
5288,pg5_6_img050.jpg,pg5_6,pg,val,10
5289,pg5_6_img051.jpg,pg5_6,pg,val,10
5290,pg5_6_img052.jpg,pg5_6,pg,val,10
5291,pg5_6_img053.jpg,pg5_6,pg,val,10
5292,pg5_6_img054.jpg,pg5_6,pg,val,10
5293,pg5_6_img055.jpg,pg5_6,pg,val,10
5294,pg5_6_img056.jpg,pg5_6,pg,val,10
5295,pg5_6_img057.jpg,pg5_6,pg,val,10
5296,pg5_6_img058.jpg,pg5_6,pg,val,10
5297,pg5_6_img059.jpg,pg5_6,pg,val,10
5298,pg5_6_img060.jpg,pg5_6,pg,val,10
5299,pg5_6_img061.jpg,pg5_6,pg,val,10
5300,pg5_6_img062.jpg,pg5_6,pg,val,10
5301,pg5_6_img063.jpg,pg5_6,pg,val,10
5302,pg5_6_img064.jpg,pg5_6,pg,val,10
5303,pg5_6_img065.jpg,pg5_6,pg,val,10
5304,pg5_6_img066.jpg,pg5_6,pg,val,10
5305,pg5_6_img067.jpg,pg5_6,pg,val,10
5306,pg5_6_img068.jpg,pg5_6,pg,val,10
5307,pg5_6_img069.jpg,pg5_6,pg,val,10
5308,pg5_6_img070.jpg,pg5_6,pg,val,10
5309,pg5_6_img071.jpg,pg5_6,pg,val,10
5310,pg5_6_img072.jpg,pg5_6,pg,val,10
5311,pg5_6_img073.jpg,pg5_6,pg,val,10
5312,pg5_6_img074.jpg,pg5_6,pg,val,10
5313,pg5_6_img075.jpg,pg5_6,pg,val,10
5314,pg5_6_img076.jpg,pg5_6,pg,val,10
5315,pg5_6_img077.jpg,pg5_6,pg,val,10
5316,pg5_6_img078.jpg,pg5_6,pg,val,10
5317,pg5_6_img079.jpg,pg5_6,pg,val,10
5318,pg5_6_img080.jpg,pg5_6,pg,val,10
5319,pg5_6_img081.jpg,pg5_6,pg,val,10
5320,pg5_6_img082.jpg,pg5_6,pg,val,10
5321,pg5_6_img083.jpg,pg5_6,pg,val,10
5322,pg5_6_img084.jpg,pg5_6,pg,val,10
5323,pg5_6_img085.jpg,pg5_6,pg,val,10
5324,pg5_6_img086.jpg,pg5_6,pg,val,10
5325,pg5_6_img087.jpg,pg5_6,pg,val,10
5326,pg5_6_img088.jpg,pg5_6,pg,val,10
5327,pg5_6_img089.jpg,pg5_6,pg,val,10
5328,pg5_6_img090.jpg,pg5_6,pg,val,10
5329,pg5_6_img091.jpg,pg5_6,pg,val,10
5330,pg5_6_img092.jpg,pg5_6,pg,val,10
5331,pg5_6_img093.jpg,pg5_6,pg,val,10
5332,pg5_6_img094.jpg,pg5_6,pg,val,10
5333,pg5_6_img095.jpg,pg5_6,pg,val,10
5334,pg5_6_img096.jpg,pg5_6,pg,val,10
5335,pg5_6_img097.jpg,pg5_6,pg,val,10
5336,pg5_7_img001.jpg,pg5_7,pg,train,10
5337,pg5_7_img002.jpg,pg5_7,pg,train,10
5338,pg5_7_img003.jpg,pg5_7,pg,train,10
5339,pg5_7_img004.jpg,pg5_7,pg,train,10
5340,pg5_7_img005.jpg,pg5_7,pg,train,10
5341,pg5_7_img006.jpg,pg5_7,pg,train,10
5342,pg5_7_img007.jpg,pg5_7,pg,train,10
5343,pg5_7_img008.jpg,pg5_7,pg,train,10
5344,pg5_7_img009.jpg,pg5_7,pg,train,10
5345,pg5_7_img010.jpg,pg5_7,pg,train,10
5346,pg5_7_img011.jpg,pg5_7,pg,train,10
5347,pg5_7_img012.jpg,pg5_7,pg,train,10
5348,pg5_7_img013.jpg,pg5_7,pg,train,10
5349,pg5_7_img014.jpg,pg5_7,pg,train,10
5350,pg5_7_img015.jpg,pg5_7,pg,train,10
5351,pg5_7_img016.jpg,pg5_7,pg,train,10
5352,pg5_7_img017.jpg,pg5_7,pg,train,10
5353,pg5_7_img018.jpg,pg5_7,pg,train,10
5354,pg5_7_img019.jpg,pg5_7,pg,train,10
5355,pg5_7_img020.jpg,pg5_7,pg,train,10
5356,pg5_7_img021.jpg,pg5_7,pg,train,10
5357,pg5_7_img022.jpg,pg5_7,pg,train,10
5358,pg5_7_img023.jpg,pg5_7,pg,train,10
5359,pg5_7_img024.jpg,pg5_7,pg,train,10
5360,pg5_7_img025.jpg,pg5_7,pg,train,10
5361,pg5_7_img026.jpg,pg5_7,pg,train,10
5362,pg5_7_img027.jpg,pg5_7,pg,train,10
5363,pg5_7_img028.jpg,pg5_7,pg,train,10
5364,pg5_7_img029.jpg,pg5_7,pg,train,10
5365,pg5_7_img030.jpg,pg5_7,pg,train,10
5366,pg5_7_img031.jpg,pg5_7,pg,train,10
5367,pg5_7_img032.jpg,pg5_7,pg,train,10
5368,pg5_7_img033.jpg,pg5_7,pg,train,10
5369,pg5_7_img034.jpg,pg5_7,pg,train,10
5370,pg5_7_img035.jpg,pg5_7,pg,train,10
5371,pg5_7_img036.jpg,pg5_7,pg,train,10
5372,pg5_7_img037.jpg,pg5_7,pg,train,10
5373,pg5_7_img038.jpg,pg5_7,pg,train,10
5374,pg5_7_img039.jpg,pg5_7,pg,train,10
5375,pg5_7_img040.jpg,pg5_7,pg,train,10
5376,pg5_7_img041.jpg,pg5_7,pg,train,10
5377,pg5_7_img042.jpg,pg5_7,pg,train,10
5378,pg5_7_img043.jpg,pg5_7,pg,train,10
5379,pg5_7_img044.jpg,pg5_7,pg,train,10
5380,pg5_7_img045.jpg,pg5_7,pg,train,10
5381,pg5_7_img046.jpg,pg5_7,pg,train,10
5382,pg5_7_img047.jpg,pg5_7,pg,train,10
5383,pg5_7_img048.jpg,pg5_7,pg,train,10
5384,pg5_7_img049.jpg,pg5_7,pg,train,10
5385,pg5_7_img050.jpg,pg5_7,pg,train,10
5386,pg5_7_img051.jpg,pg5_7,pg,train,10
5387,pg5_7_img052.jpg,pg5_7,pg,train,10
5388,pg5_7_img053.jpg,pg5_7,pg,train,10
5389,pg5_7_img054.jpg,pg5_7,pg,train,10
5390,pg5_7_img055.jpg,pg5_7,pg,train,10
5391,pg5_7_img056.jpg,pg5_7,pg,train,10
5392,pg5_7_img057.jpg,pg5_7,pg,train,10
5393,pg5_7_img058.jpg,pg5_7,pg,train,10
5394,pg5_7_img059.jpg,pg5_7,pg,train,10
5395,pg5_7_img060.jpg,pg5_7,pg,train,10
5396,pg5_7_img061.jpg,pg5_7,pg,train,10
5397,pg5_7_img062.jpg,pg5_7,pg,train,10
5398,pg5_7_img063.jpg,pg5_7,pg,train,10
5399,pg5_7_img064.jpg,pg5_7,pg,train,10
5400,pg5_7_img065.jpg,pg5_7,pg,train,10
5401,pg5_7_img066.jpg,pg5_7,pg,train,10
5402,pg5_7_img067.jpg,pg5_7,pg,train,10
5403,pg5_7_img068.jpg,pg5_7,pg,train,10
5404,pg5_7_img069.jpg,pg5_7,pg,train,10
5405,pg5_7_img070.jpg,pg5_7,pg,train,10
5406,pg5_7_img071.jpg,pg5_7,pg,train,10
5407,pg5_7_img072.jpg,pg5_7,pg,train,10
5408,pg5_7_img073.jpg,pg5_7,pg,train,10
5409,pg5_7_img074.jpg,pg5_7,pg,train,10
5410,pg5_7_img075.jpg,pg5_7,pg,train,10
5411,pg5_7_img076.jpg,pg5_7,pg,train,10
5412,pg5_7_img077.jpg,pg5_7,pg,train,10
5413,pg5_7_img078.jpg,pg5_7,pg,train,10
5414,pg5_7_img079.jpg,pg5_7,pg,train,10
5415,pg5_7_img080.jpg,pg5_7,pg,train,10
5416,pg5_7_img081.jpg,pg5_7,pg,train,10
5417,pg5_7_img082.jpg,pg5_7,pg,train,10
5418,pg5_7_img083.jpg,pg5_7,pg,train,10
5419,pg5_7_img084.jpg,pg5_7,pg,train,10
5420,pg5_7_img085.jpg,pg5_7,pg,train,10
5421,pg5_7_img086.jpg,pg5_7,pg,train,10
5422,pg5_7_img087.jpg,pg5_7,pg,train,10
5423,pg5_7_img088.jpg,pg5_7,pg,train,10
5424,pg5_7_img089.jpg,pg5_7,pg,train,10
5425,pg5_7_img090.jpg,pg5_7,pg,train,10
5426,pg5_7_img091.jpg,pg5_7,pg,train,10
5427,pg5_7_img092.jpg,pg5_7,pg,train,10
5428,pg5_7_img093.jpg,pg5_7,pg,train,10
5429,pg5_7_img094.jpg,pg5_7,pg,train,10
5430,pg5_7_img095.jpg,pg5_7,pg,train,10
5431,pg5_7_img096.jpg,pg5_7,pg,train,10
5432,pg5_7_img097.jpg,pg5_7,pg,train,10
5433,pg5_8_img001.jpg,pg5_8,pg,train,10
5434,pg5_8_img002.jpg,pg5_8,pg,train,10
5435,pg5_8_img003.jpg,pg5_8,pg,train,10
5436,pg5_8_img004.jpg,pg5_8,pg,train,10
5437,pg5_8_img005.jpg,pg5_8,pg,train,10
5438,pg5_8_img006.jpg,pg5_8,pg,train,10
5439,pg5_8_img007.jpg,pg5_8,pg,train,10
5440,pg5_8_img008.jpg,pg5_8,pg,train,10
5441,pg5_8_img009.jpg,pg5_8,pg,train,10
5442,pg5_8_img010.jpg,pg5_8,pg,train,10
5443,pg5_8_img011.jpg,pg5_8,pg,train,10
5444,pg5_8_img012.jpg,pg5_8,pg,train,10
5445,pg5_8_img013.jpg,pg5_8,pg,train,10
5446,pg5_8_img014.jpg,pg5_8,pg,train,10
5447,pg5_8_img015.jpg,pg5_8,pg,train,10
5448,pg5_8_img016.jpg,pg5_8,pg,train,10
5449,pg5_8_img017.jpg,pg5_8,pg,train,10
5450,pg5_8_img018.jpg,pg5_8,pg,train,10
5451,pg5_8_img019.jpg,pg5_8,pg,train,10
5452,pg5_8_img020.jpg,pg5_8,pg,train,10
5453,pg5_8_img021.jpg,pg5_8,pg,train,10
5454,pg5_8_img022.jpg,pg5_8,pg,train,10
5455,pg5_8_img023.jpg,pg5_8,pg,train,10
5456,pg5_8_img024.jpg,pg5_8,pg,train,10
5457,pg5_8_img025.jpg,pg5_8,pg,train,10
5458,pg5_8_img026.jpg,pg5_8,pg,train,10
5459,pg5_8_img027.jpg,pg5_8,pg,train,10
5460,pg5_8_img028.jpg,pg5_8,pg,train,10
5461,pg5_8_img029.jpg,pg5_8,pg,train,10
5462,pg5_8_img030.jpg,pg5_8,pg,train,10
5463,pg5_8_img031.jpg,pg5_8,pg,train,10
5464,pg5_8_img032.jpg,pg5_8,pg,train,10
5465,pg5_8_img033.jpg,pg5_8,pg,train,10
5466,pg5_8_img034.jpg,pg5_8,pg,train,10
5467,pg5_8_img035.jpg,pg5_8,pg,train,10
5468,pg5_8_img036.jpg,pg5_8,pg,train,10
5469,pg5_8_img037.jpg,pg5_8,pg,train,10
5470,pg5_8_img038.jpg,pg5_8,pg,train,10
5471,pg5_8_img039.jpg,pg5_8,pg,train,10
5472,pg5_8_img040.jpg,pg5_8,pg,train,10
5473,pg5_8_img041.jpg,pg5_8,pg,train,10
5474,pg5_8_img042.jpg,pg5_8,pg,train,10
5475,pg5_8_img043.jpg,pg5_8,pg,train,10
5476,pg5_8_img044.jpg,pg5_8,pg,train,10
5477,pg5_8_img045.jpg,pg5_8,pg,train,10
5478,pg5_8_img046.jpg,pg5_8,pg,train,10
5479,pg5_8_img047.jpg,pg5_8,pg,train,10
5480,pg5_8_img048.jpg,pg5_8,pg,train,10
5481,pg5_8_img049.jpg,pg5_8,pg,train,10
5482,pg5_8_img050.jpg,pg5_8,pg,train,10
5483,pg5_8_img051.jpg,pg5_8,pg,train,10
5484,pg5_8_img052.jpg,pg5_8,pg,train,10
5485,pg5_8_img053.jpg,pg5_8,pg,train,10
5486,pg5_8_img054.jpg,pg5_8,pg,train,10
5487,pg5_8_img055.jpg,pg5_8,pg,train,10
5488,pg5_8_img056.jpg,pg5_8,pg,train,10
5489,pg5_8_img057.jpg,pg5_8,pg,train,10
5490,pg5_8_img058.jpg,pg5_8,pg,train,10
5491,pg5_8_img059.jpg,pg5_8,pg,train,10
5492,pg5_8_img060.jpg,pg5_8,pg,train,10
5493,pg5_8_img061.jpg,pg5_8,pg,train,10
5494,pg5_8_img062.jpg,pg5_8,pg,train,10
5495,pg5_8_img063.jpg,pg5_8,pg,train,10
5496,pg5_8_img064.jpg,pg5_8,pg,train,10
5497,pg5_8_img065.jpg,pg5_8,pg,train,10
5498,pg5_8_img066.jpg,pg5_8,pg,train,10
5499,pg5_8_img067.jpg,pg5_8,pg,train,10
5500,pg5_8_img068.jpg,pg5_8,pg,train,10
5501,pg5_8_img069.jpg,pg5_8,pg,train,10
5502,pg5_8_img070.jpg,pg5_8,pg,train,10
5503,pg5_8_img071.jpg,pg5_8,pg,train,10
5504,pg5_8_img072.jpg,pg5_8,pg,train,10
5505,pg5_8_img073.jpg,pg5_8,pg,train,10
5506,pg5_8_img074.jpg,pg5_8,pg,train,10
5507,pg5_8_img075.jpg,pg5_8,pg,train,10
5508,pg5_8_img076.jpg,pg5_8,pg,train,10
5509,pg5_8_img077.jpg,pg5_8,pg,train,10
5510,pg5_8_img078.jpg,pg5_8,pg,train,10
5511,pg5_8_img079.jpg,pg5_8,pg,train,10
5512,pg5_8_img080.jpg,pg5_8,pg,train,10
5513,pg5_8_img081.jpg,pg5_8,pg,train,10
5514,pg5_8_img082.jpg,pg5_8,pg,train,10
5515,pg5_8_img083.jpg,pg5_8,pg,train,10
5516,pg5_8_img084.jpg,pg5_8,pg,train,10
5517,pg5_8_img085.jpg,pg5_8,pg,train,10
5518,pg5_8_img086.jpg,pg5_8,pg,train,10
5519,pg5_8_img087.jpg,pg5_8,pg,train,10
5520,pg5_8_img088.jpg,pg5_8,pg,train,10
5521,pg5_8_img089.jpg,pg5_8,pg,train,10
5522,pg5_8_img090.jpg,pg5_8,pg,train,10
5523,pg5_8_img091.jpg,pg5_8,pg,train,10
5524,pg5_8_img092.jpg,pg5_8,pg,train,10
5525,pg5_8_img093.jpg,pg5_8,pg,train,10
5526,pg5_8_img094.jpg,pg5_8,pg,train,10
5527,pg5_8_img095.jpg,pg5_8,pg,train,10
5528,pg5_8_img096.jpg,pg5_8,pg,train,10
5529,pg5_8_img097.jpg,pg5_8,pg,train,10
5530,pg6_10_img001.jpg,pg6_10,pg,train,10
5531,pg6_10_img002.jpg,pg6_10,pg,train,10
5532,pg6_10_img003.jpg,pg6_10,pg,train,10
5533,pg6_10_img004.jpg,pg6_10,pg,train,10
5534,pg6_10_img005.jpg,pg6_10,pg,train,10
5535,pg6_10_img006.jpg,pg6_10,pg,train,10
5536,pg6_10_img007.jpg,pg6_10,pg,train,10
5537,pg6_10_img008.jpg,pg6_10,pg,train,10
5538,pg6_10_img009.jpg,pg6_10,pg,train,10
5539,pg6_10_img010.jpg,pg6_10,pg,train,10
5540,pg6_10_img011.jpg,pg6_10,pg,train,10
5541,pg6_10_img012.jpg,pg6_10,pg,train,10
5542,pg6_10_img013.jpg,pg6_10,pg,train,10
5543,pg6_10_img014.jpg,pg6_10,pg,train,10
5544,pg6_10_img015.jpg,pg6_10,pg,train,10
5545,pg6_10_img016.jpg,pg6_10,pg,train,10
5546,pg6_10_img017.jpg,pg6_10,pg,train,10
5547,pg6_10_img018.jpg,pg6_10,pg,train,10
5548,pg6_10_img019.jpg,pg6_10,pg,train,10
5549,pg6_10_img020.jpg,pg6_10,pg,train,10
5550,pg6_10_img021.jpg,pg6_10,pg,train,10
5551,pg6_10_img022.jpg,pg6_10,pg,train,10
5552,pg6_10_img023.jpg,pg6_10,pg,train,10
5553,pg6_10_img024.jpg,pg6_10,pg,train,10
5554,pg6_10_img025.jpg,pg6_10,pg,train,10
5555,pg6_10_img026.jpg,pg6_10,pg,train,10
5556,pg6_10_img027.jpg,pg6_10,pg,train,10
5557,pg6_10_img028.jpg,pg6_10,pg,train,10
5558,pg6_10_img029.jpg,pg6_10,pg,train,10
5559,pg6_10_img030.jpg,pg6_10,pg,train,10
5560,pg6_10_img031.jpg,pg6_10,pg,train,10
5561,pg6_10_img032.jpg,pg6_10,pg,train,10
5562,pg6_10_img033.jpg,pg6_10,pg,train,10
5563,pg6_10_img034.jpg,pg6_10,pg,train,10
5564,pg6_10_img035.jpg,pg6_10,pg,train,10
5565,pg6_10_img036.jpg,pg6_10,pg,train,10
5566,pg6_10_img037.jpg,pg6_10,pg,train,10
5567,pg6_10_img038.jpg,pg6_10,pg,train,10
5568,pg6_10_img039.jpg,pg6_10,pg,train,10
5569,pg6_10_img040.jpg,pg6_10,pg,train,10
5570,pg6_10_img041.jpg,pg6_10,pg,train,10
5571,pg6_10_img042.jpg,pg6_10,pg,train,10
5572,pg6_10_img043.jpg,pg6_10,pg,train,10
5573,pg6_10_img044.jpg,pg6_10,pg,train,10
5574,pg6_10_img045.jpg,pg6_10,pg,train,10
5575,pg6_10_img046.jpg,pg6_10,pg,train,10
5576,pg6_10_img047.jpg,pg6_10,pg,train,10
5577,pg6_10_img048.jpg,pg6_10,pg,train,10
5578,pg6_10_img049.jpg,pg6_10,pg,train,10
5579,pg6_10_img050.jpg,pg6_10,pg,train,10
5580,pg6_10_img051.jpg,pg6_10,pg,train,10
5581,pg6_10_img052.jpg,pg6_10,pg,train,10
5582,pg6_10_img053.jpg,pg6_10,pg,train,10
5583,pg6_10_img054.jpg,pg6_10,pg,train,10
5584,pg6_10_img055.jpg,pg6_10,pg,train,10
5585,pg6_10_img056.jpg,pg6_10,pg,train,10
5586,pg6_10_img057.jpg,pg6_10,pg,train,10
5587,pg6_10_img058.jpg,pg6_10,pg,train,10
5588,pg6_10_img059.jpg,pg6_10,pg,train,10
5589,pg6_10_img060.jpg,pg6_10,pg,train,10
5590,pg6_10_img061.jpg,pg6_10,pg,train,10
5591,pg6_10_img062.jpg,pg6_10,pg,train,10
5592,pg6_10_img063.jpg,pg6_10,pg,train,10
5593,pg6_10_img064.jpg,pg6_10,pg,train,10
5594,pg6_10_img065.jpg,pg6_10,pg,train,10
5595,pg6_10_img066.jpg,pg6_10,pg,train,10
5596,pg6_10_img067.jpg,pg6_10,pg,train,10
5597,pg6_10_img068.jpg,pg6_10,pg,train,10
5598,pg6_10_img069.jpg,pg6_10,pg,train,10
5599,pg6_10_img070.jpg,pg6_10,pg,train,10
5600,pg6_10_img071.jpg,pg6_10,pg,train,10
5601,pg6_10_img072.jpg,pg6_10,pg,train,10
5602,pg6_10_img073.jpg,pg6_10,pg,train,10
5603,pg6_10_img074.jpg,pg6_10,pg,train,10
5604,pg6_10_img075.jpg,pg6_10,pg,train,10
5605,pg6_10_img076.jpg,pg6_10,pg,train,10
5606,pg6_10_img077.jpg,pg6_10,pg,train,10
5607,pg6_10_img078.jpg,pg6_10,pg,train,10
5608,pg6_10_img079.jpg,pg6_10,pg,train,10
5609,pg6_10_img080.jpg,pg6_10,pg,train,10
5610,pg6_10_img081.jpg,pg6_10,pg,train,10
5611,pg6_10_img082.jpg,pg6_10,pg,train,10
5612,pg6_10_img083.jpg,pg6_10,pg,train,10
5613,pg6_10_img084.jpg,pg6_10,pg,train,10
5614,pg6_10_img085.jpg,pg6_10,pg,train,10
5615,pg6_10_img086.jpg,pg6_10,pg,train,10
5616,pg6_10_img087.jpg,pg6_10,pg,train,10
5617,pg6_10_img088.jpg,pg6_10,pg,train,10
5618,pg6_10_img089.jpg,pg6_10,pg,train,10
5619,pg6_10_img090.jpg,pg6_10,pg,train,10
5620,pg6_10_img091.jpg,pg6_10,pg,train,10
5621,pg6_10_img092.jpg,pg6_10,pg,train,10
5622,pg6_10_img093.jpg,pg6_10,pg,train,10
5623,pg6_10_img094.jpg,pg6_10,pg,train,10
5624,pg6_10_img095.jpg,pg6_10,pg,train,10
5625,pg6_10_img096.jpg,pg6_10,pg,train,10
5626,pg6_10_img097.jpg,pg6_10,pg,train,10
5627,pg6_11_img001.jpg,pg6_11,pg,train,10
5628,pg6_11_img002.jpg,pg6_11,pg,train,10
5629,pg6_11_img003.jpg,pg6_11,pg,train,10
5630,pg6_11_img004.jpg,pg6_11,pg,train,10
5631,pg6_11_img005.jpg,pg6_11,pg,train,10
5632,pg6_11_img006.jpg,pg6_11,pg,train,10
5633,pg6_11_img007.jpg,pg6_11,pg,train,10
5634,pg6_11_img008.jpg,pg6_11,pg,train,10
5635,pg6_11_img009.jpg,pg6_11,pg,train,10
5636,pg6_11_img010.jpg,pg6_11,pg,train,10
5637,pg6_11_img011.jpg,pg6_11,pg,train,10
5638,pg6_11_img012.jpg,pg6_11,pg,train,10
5639,pg6_11_img013.jpg,pg6_11,pg,train,10
5640,pg6_11_img014.jpg,pg6_11,pg,train,10
5641,pg6_11_img015.jpg,pg6_11,pg,train,10
5642,pg6_11_img016.jpg,pg6_11,pg,train,10
5643,pg6_11_img017.jpg,pg6_11,pg,train,10
5644,pg6_11_img018.jpg,pg6_11,pg,train,10
5645,pg6_11_img019.jpg,pg6_11,pg,train,10
5646,pg6_11_img020.jpg,pg6_11,pg,train,10
5647,pg6_11_img021.jpg,pg6_11,pg,train,10
5648,pg6_11_img022.jpg,pg6_11,pg,train,10
5649,pg6_11_img023.jpg,pg6_11,pg,train,10
5650,pg6_11_img024.jpg,pg6_11,pg,train,10
5651,pg6_11_img025.jpg,pg6_11,pg,train,10
5652,pg6_11_img026.jpg,pg6_11,pg,train,10
5653,pg6_11_img027.jpg,pg6_11,pg,train,10
5654,pg6_11_img028.jpg,pg6_11,pg,train,10
5655,pg6_11_img029.jpg,pg6_11,pg,train,10
5656,pg6_11_img030.jpg,pg6_11,pg,train,10
5657,pg6_11_img031.jpg,pg6_11,pg,train,10
5658,pg6_11_img032.jpg,pg6_11,pg,train,10
5659,pg6_11_img033.jpg,pg6_11,pg,train,10
5660,pg6_11_img034.jpg,pg6_11,pg,train,10
5661,pg6_11_img035.jpg,pg6_11,pg,train,10
5662,pg6_11_img036.jpg,pg6_11,pg,train,10
5663,pg6_11_img037.jpg,pg6_11,pg,train,10
5664,pg6_11_img038.jpg,pg6_11,pg,train,10
5665,pg6_11_img039.jpg,pg6_11,pg,train,10
5666,pg6_11_img040.jpg,pg6_11,pg,train,10
5667,pg6_11_img041.jpg,pg6_11,pg,train,10
5668,pg6_11_img042.jpg,pg6_11,pg,train,10
5669,pg6_11_img043.jpg,pg6_11,pg,train,10
5670,pg6_11_img044.jpg,pg6_11,pg,train,10
5671,pg6_11_img045.jpg,pg6_11,pg,train,10
5672,pg6_11_img046.jpg,pg6_11,pg,train,10
5673,pg6_11_img047.jpg,pg6_11,pg,train,10
5674,pg6_11_img048.jpg,pg6_11,pg,train,10
5675,pg6_11_img049.jpg,pg6_11,pg,train,10
5676,pg6_11_img050.jpg,pg6_11,pg,train,10
5677,pg6_11_img051.jpg,pg6_11,pg,train,10
5678,pg6_11_img052.jpg,pg6_11,pg,train,10
5679,pg6_11_img053.jpg,pg6_11,pg,train,10
5680,pg6_11_img054.jpg,pg6_11,pg,train,10
5681,pg6_11_img055.jpg,pg6_11,pg,train,10
5682,pg6_11_img056.jpg,pg6_11,pg,train,10
5683,pg6_11_img057.jpg,pg6_11,pg,train,10
5684,pg6_11_img058.jpg,pg6_11,pg,train,10
5685,pg6_11_img059.jpg,pg6_11,pg,train,10
5686,pg6_11_img060.jpg,pg6_11,pg,train,10
5687,pg6_11_img061.jpg,pg6_11,pg,train,10
5688,pg6_11_img062.jpg,pg6_11,pg,train,10
5689,pg6_11_img063.jpg,pg6_11,pg,train,10
5690,pg6_11_img064.jpg,pg6_11,pg,train,10
5691,pg6_11_img065.jpg,pg6_11,pg,train,10
5692,pg6_11_img066.jpg,pg6_11,pg,train,10
5693,pg6_11_img067.jpg,pg6_11,pg,train,10
5694,pg6_11_img068.jpg,pg6_11,pg,train,10
5695,pg6_11_img069.jpg,pg6_11,pg,train,10
5696,pg6_11_img070.jpg,pg6_11,pg,train,10
5697,pg6_11_img071.jpg,pg6_11,pg,train,10
5698,pg6_11_img072.jpg,pg6_11,pg,train,10
5699,pg6_11_img073.jpg,pg6_11,pg,train,10
5700,pg6_11_img074.jpg,pg6_11,pg,train,10
5701,pg6_11_img075.jpg,pg6_11,pg,train,10
5702,pg6_11_img076.jpg,pg6_11,pg,train,10
5703,pg6_11_img077.jpg,pg6_11,pg,train,10
5704,pg6_11_img078.jpg,pg6_11,pg,train,10
5705,pg6_11_img079.jpg,pg6_11,pg,train,10
5706,pg6_11_img080.jpg,pg6_11,pg,train,10
5707,pg6_11_img081.jpg,pg6_11,pg,train,10
5708,pg6_11_img082.jpg,pg6_11,pg,train,10
5709,pg6_11_img083.jpg,pg6_11,pg,train,10
5710,pg6_11_img084.jpg,pg6_11,pg,train,10
5711,pg6_11_img085.jpg,pg6_11,pg,train,10
5712,pg6_11_img086.jpg,pg6_11,pg,train,10
5713,pg6_11_img087.jpg,pg6_11,pg,train,10
5714,pg6_11_img088.jpg,pg6_11,pg,train,10
5715,pg6_11_img089.jpg,pg6_11,pg,train,10
5716,pg6_11_img090.jpg,pg6_11,pg,train,10
5717,pg6_11_img091.jpg,pg6_11,pg,train,10
5718,pg6_11_img092.jpg,pg6_11,pg,train,10
5719,pg6_11_img093.jpg,pg6_11,pg,train,10
5720,pg6_11_img094.jpg,pg6_11,pg,train,10
5721,pg6_11_img095.jpg,pg6_11,pg,train,10
5722,pg6_11_img096.jpg,pg6_11,pg,train,10
5723,pg6_11_img097.jpg,pg6_11,pg,train,10
5724,pg6_12_img001.jpg,pg6_12,pg,train,10
5725,pg6_12_img002.jpg,pg6_12,pg,train,10
5726,pg6_12_img003.jpg,pg6_12,pg,train,10
5727,pg6_12_img004.jpg,pg6_12,pg,train,10
5728,pg6_12_img005.jpg,pg6_12,pg,train,10
5729,pg6_12_img006.jpg,pg6_12,pg,train,10
5730,pg6_12_img007.jpg,pg6_12,pg,train,10
5731,pg6_12_img008.jpg,pg6_12,pg,train,10
5732,pg6_12_img009.jpg,pg6_12,pg,train,10
5733,pg6_12_img010.jpg,pg6_12,pg,train,10
5734,pg6_12_img011.jpg,pg6_12,pg,train,10
5735,pg6_12_img012.jpg,pg6_12,pg,train,10
5736,pg6_12_img013.jpg,pg6_12,pg,train,10
5737,pg6_12_img014.jpg,pg6_12,pg,train,10
5738,pg6_12_img015.jpg,pg6_12,pg,train,10
5739,pg6_12_img016.jpg,pg6_12,pg,train,10
5740,pg6_12_img017.jpg,pg6_12,pg,train,10
5741,pg6_12_img018.jpg,pg6_12,pg,train,10
5742,pg6_12_img019.jpg,pg6_12,pg,train,10
5743,pg6_12_img020.jpg,pg6_12,pg,train,10
5744,pg6_12_img021.jpg,pg6_12,pg,train,10
5745,pg6_12_img022.jpg,pg6_12,pg,train,10
5746,pg6_12_img023.jpg,pg6_12,pg,train,10
5747,pg6_12_img024.jpg,pg6_12,pg,train,10
5748,pg6_12_img025.jpg,pg6_12,pg,train,10
5749,pg6_12_img026.jpg,pg6_12,pg,train,10
5750,pg6_12_img027.jpg,pg6_12,pg,train,10
5751,pg6_12_img028.jpg,pg6_12,pg,train,10
5752,pg6_12_img029.jpg,pg6_12,pg,train,10
5753,pg6_12_img030.jpg,pg6_12,pg,train,10
5754,pg6_12_img031.jpg,pg6_12,pg,train,10
5755,pg6_12_img032.jpg,pg6_12,pg,train,10
5756,pg6_12_img033.jpg,pg6_12,pg,train,10
5757,pg6_12_img034.jpg,pg6_12,pg,train,10
5758,pg6_12_img035.jpg,pg6_12,pg,train,10
5759,pg6_12_img036.jpg,pg6_12,pg,train,10
5760,pg6_12_img037.jpg,pg6_12,pg,train,10
5761,pg6_12_img038.jpg,pg6_12,pg,train,10
5762,pg6_12_img039.jpg,pg6_12,pg,train,10
5763,pg6_12_img040.jpg,pg6_12,pg,train,10
5764,pg6_12_img041.jpg,pg6_12,pg,train,10
5765,pg6_12_img042.jpg,pg6_12,pg,train,10
5766,pg6_12_img043.jpg,pg6_12,pg,train,10
5767,pg6_12_img044.jpg,pg6_12,pg,train,10
5768,pg6_12_img045.jpg,pg6_12,pg,train,10
5769,pg6_12_img046.jpg,pg6_12,pg,train,10
5770,pg6_12_img047.jpg,pg6_12,pg,train,10
5771,pg6_12_img048.jpg,pg6_12,pg,train,10
5772,pg6_12_img049.jpg,pg6_12,pg,train,10
5773,pg6_12_img050.jpg,pg6_12,pg,train,10
5774,pg6_12_img051.jpg,pg6_12,pg,train,10
5775,pg6_12_img052.jpg,pg6_12,pg,train,10
5776,pg6_12_img053.jpg,pg6_12,pg,train,10
5777,pg6_12_img054.jpg,pg6_12,pg,train,10
5778,pg6_12_img055.jpg,pg6_12,pg,train,10
5779,pg6_12_img056.jpg,pg6_12,pg,train,10
5780,pg6_12_img057.jpg,pg6_12,pg,train,10
5781,pg6_12_img058.jpg,pg6_12,pg,train,10
5782,pg6_12_img059.jpg,pg6_12,pg,train,10
5783,pg6_12_img060.jpg,pg6_12,pg,train,10
5784,pg6_12_img061.jpg,pg6_12,pg,train,10
5785,pg6_12_img062.jpg,pg6_12,pg,train,10
5786,pg6_12_img063.jpg,pg6_12,pg,train,10
5787,pg6_12_img064.jpg,pg6_12,pg,train,10
5788,pg6_12_img065.jpg,pg6_12,pg,train,10
5789,pg6_12_img066.jpg,pg6_12,pg,train,10
5790,pg6_12_img067.jpg,pg6_12,pg,train,10
5791,pg6_12_img068.jpg,pg6_12,pg,train,10
5792,pg6_12_img069.jpg,pg6_12,pg,train,10
5793,pg6_12_img070.jpg,pg6_12,pg,train,10
5794,pg6_12_img071.jpg,pg6_12,pg,train,10
5795,pg6_12_img072.jpg,pg6_12,pg,train,10
5796,pg6_12_img073.jpg,pg6_12,pg,train,10
5797,pg6_12_img074.jpg,pg6_12,pg,train,10
5798,pg6_12_img075.jpg,pg6_12,pg,train,10
5799,pg6_12_img076.jpg,pg6_12,pg,train,10
5800,pg6_12_img077.jpg,pg6_12,pg,train,10
5801,pg6_12_img078.jpg,pg6_12,pg,train,10
5802,pg6_12_img079.jpg,pg6_12,pg,train,10
5803,pg6_12_img080.jpg,pg6_12,pg,train,10
5804,pg6_12_img081.jpg,pg6_12,pg,train,10
5805,pg6_12_img082.jpg,pg6_12,pg,train,10
5806,pg6_12_img083.jpg,pg6_12,pg,train,10
5807,pg6_12_img084.jpg,pg6_12,pg,train,10
5808,pg6_12_img085.jpg,pg6_12,pg,train,10
5809,pg6_12_img086.jpg,pg6_12,pg,train,10
5810,pg6_12_img087.jpg,pg6_12,pg,train,10
5811,pg6_12_img088.jpg,pg6_12,pg,train,10
5812,pg6_12_img089.jpg,pg6_12,pg,train,10
5813,pg6_12_img090.jpg,pg6_12,pg,train,10
5814,pg6_12_img091.jpg,pg6_12,pg,train,10
5815,pg6_12_img092.jpg,pg6_12,pg,train,10
5816,pg6_12_img093.jpg,pg6_12,pg,train,10
5817,pg6_12_img094.jpg,pg6_12,pg,train,10
5818,pg6_12_img095.jpg,pg6_12,pg,train,10
5819,pg6_12_img096.jpg,pg6_12,pg,train,10
5820,pg6_12_img097.jpg,pg6_12,pg,train,10
5821,pg6_1_img001.jpg,pg6_1,pg,train,10
5822,pg6_1_img002.jpg,pg6_1,pg,train,10
5823,pg6_1_img003.jpg,pg6_1,pg,train,10
5824,pg6_1_img004.jpg,pg6_1,pg,train,10
5825,pg6_1_img005.jpg,pg6_1,pg,train,10
5826,pg6_1_img006.jpg,pg6_1,pg,train,10
5827,pg6_1_img007.jpg,pg6_1,pg,train,10
5828,pg6_1_img008.jpg,pg6_1,pg,train,10
5829,pg6_1_img009.jpg,pg6_1,pg,train,10
5830,pg6_1_img010.jpg,pg6_1,pg,train,10
5831,pg6_1_img011.jpg,pg6_1,pg,train,10
5832,pg6_1_img012.jpg,pg6_1,pg,train,10
5833,pg6_1_img013.jpg,pg6_1,pg,train,10
5834,pg6_1_img014.jpg,pg6_1,pg,train,10
5835,pg6_1_img015.jpg,pg6_1,pg,train,10
5836,pg6_1_img016.jpg,pg6_1,pg,train,10
5837,pg6_1_img017.jpg,pg6_1,pg,train,10
5838,pg6_1_img018.jpg,pg6_1,pg,train,10
5839,pg6_1_img019.jpg,pg6_1,pg,train,10
5840,pg6_1_img020.jpg,pg6_1,pg,train,10
5841,pg6_1_img021.jpg,pg6_1,pg,train,10
5842,pg6_1_img022.jpg,pg6_1,pg,train,10
5843,pg6_1_img023.jpg,pg6_1,pg,train,10
5844,pg6_1_img024.jpg,pg6_1,pg,train,10
5845,pg6_1_img025.jpg,pg6_1,pg,train,10
5846,pg6_1_img026.jpg,pg6_1,pg,train,10
5847,pg6_1_img027.jpg,pg6_1,pg,train,10
5848,pg6_1_img028.jpg,pg6_1,pg,train,10
5849,pg6_1_img029.jpg,pg6_1,pg,train,10
5850,pg6_1_img030.jpg,pg6_1,pg,train,10
5851,pg6_1_img031.jpg,pg6_1,pg,train,10
5852,pg6_1_img032.jpg,pg6_1,pg,train,10
5853,pg6_1_img033.jpg,pg6_1,pg,train,10
5854,pg6_1_img034.jpg,pg6_1,pg,train,10
5855,pg6_1_img035.jpg,pg6_1,pg,train,10
5856,pg6_1_img036.jpg,pg6_1,pg,train,10
5857,pg6_1_img037.jpg,pg6_1,pg,train,10
5858,pg6_1_img038.jpg,pg6_1,pg,train,10
5859,pg6_1_img039.jpg,pg6_1,pg,train,10
5860,pg6_1_img040.jpg,pg6_1,pg,train,10
5861,pg6_1_img041.jpg,pg6_1,pg,train,10
5862,pg6_1_img042.jpg,pg6_1,pg,train,10
5863,pg6_1_img043.jpg,pg6_1,pg,train,10
5864,pg6_1_img044.jpg,pg6_1,pg,train,10
5865,pg6_1_img045.jpg,pg6_1,pg,train,10
5866,pg6_1_img046.jpg,pg6_1,pg,train,10
5867,pg6_1_img047.jpg,pg6_1,pg,train,10
5868,pg6_1_img048.jpg,pg6_1,pg,train,10
5869,pg6_1_img049.jpg,pg6_1,pg,train,10
5870,pg6_1_img050.jpg,pg6_1,pg,train,10
5871,pg6_1_img051.jpg,pg6_1,pg,train,10
5872,pg6_1_img052.jpg,pg6_1,pg,train,10
5873,pg6_1_img053.jpg,pg6_1,pg,train,10
5874,pg6_1_img054.jpg,pg6_1,pg,train,10
5875,pg6_1_img055.jpg,pg6_1,pg,train,10
5876,pg6_1_img056.jpg,pg6_1,pg,train,10
5877,pg6_1_img057.jpg,pg6_1,pg,train,10
5878,pg6_1_img058.jpg,pg6_1,pg,train,10
5879,pg6_1_img059.jpg,pg6_1,pg,train,10
5880,pg6_1_img060.jpg,pg6_1,pg,train,10
5881,pg6_1_img061.jpg,pg6_1,pg,train,10
5882,pg6_1_img062.jpg,pg6_1,pg,train,10
5883,pg6_1_img063.jpg,pg6_1,pg,train,10
5884,pg6_1_img064.jpg,pg6_1,pg,train,10
5885,pg6_1_img065.jpg,pg6_1,pg,train,10
5886,pg6_1_img066.jpg,pg6_1,pg,train,10
5887,pg6_1_img067.jpg,pg6_1,pg,train,10
5888,pg6_1_img068.jpg,pg6_1,pg,train,10
5889,pg6_1_img069.jpg,pg6_1,pg,train,10
5890,pg6_1_img070.jpg,pg6_1,pg,train,10
5891,pg6_1_img071.jpg,pg6_1,pg,train,10
5892,pg6_1_img072.jpg,pg6_1,pg,train,10
5893,pg6_1_img073.jpg,pg6_1,pg,train,10
5894,pg6_1_img074.jpg,pg6_1,pg,train,10
5895,pg6_1_img075.jpg,pg6_1,pg,train,10
5896,pg6_1_img076.jpg,pg6_1,pg,train,10
5897,pg6_1_img077.jpg,pg6_1,pg,train,10
5898,pg6_1_img078.jpg,pg6_1,pg,train,10
5899,pg6_1_img079.jpg,pg6_1,pg,train,10
5900,pg6_1_img080.jpg,pg6_1,pg,train,10
5901,pg6_1_img081.jpg,pg6_1,pg,train,10
5902,pg6_1_img082.jpg,pg6_1,pg,train,10
5903,pg6_1_img083.jpg,pg6_1,pg,train,10
5904,pg6_1_img084.jpg,pg6_1,pg,train,10
5905,pg6_1_img085.jpg,pg6_1,pg,train,10
5906,pg6_1_img086.jpg,pg6_1,pg,train,10
5907,pg6_1_img087.jpg,pg6_1,pg,train,10
5908,pg6_1_img088.jpg,pg6_1,pg,train,10
5909,pg6_1_img089.jpg,pg6_1,pg,train,10
5910,pg6_1_img090.jpg,pg6_1,pg,train,10
5911,pg6_1_img091.jpg,pg6_1,pg,train,10
5912,pg6_1_img092.jpg,pg6_1,pg,train,10
5913,pg6_1_img093.jpg,pg6_1,pg,train,10
5914,pg6_1_img094.jpg,pg6_1,pg,train,10
5915,pg6_1_img095.jpg,pg6_1,pg,train,10
5916,pg6_1_img096.jpg,pg6_1,pg,train,10
5917,pg6_1_img097.jpg,pg6_1,pg,train,10
5918,pg6_2_img001.jpg,pg6_2,pg,train,10
5919,pg6_2_img002.jpg,pg6_2,pg,train,10
5920,pg6_2_img003.jpg,pg6_2,pg,train,10
5921,pg6_2_img004.jpg,pg6_2,pg,train,10
5922,pg6_2_img005.jpg,pg6_2,pg,train,10
5923,pg6_2_img006.jpg,pg6_2,pg,train,10
5924,pg6_2_img007.jpg,pg6_2,pg,train,10
5925,pg6_2_img008.jpg,pg6_2,pg,train,10
5926,pg6_2_img009.jpg,pg6_2,pg,train,10
5927,pg6_2_img010.jpg,pg6_2,pg,train,10
5928,pg6_2_img011.jpg,pg6_2,pg,train,10
5929,pg6_2_img012.jpg,pg6_2,pg,train,10
5930,pg6_2_img013.jpg,pg6_2,pg,train,10
5931,pg6_2_img014.jpg,pg6_2,pg,train,10
5932,pg6_2_img015.jpg,pg6_2,pg,train,10
5933,pg6_2_img016.jpg,pg6_2,pg,train,10
5934,pg6_2_img017.jpg,pg6_2,pg,train,10
5935,pg6_2_img018.jpg,pg6_2,pg,train,10
5936,pg6_2_img019.jpg,pg6_2,pg,train,10
5937,pg6_2_img020.jpg,pg6_2,pg,train,10
5938,pg6_2_img021.jpg,pg6_2,pg,train,10
5939,pg6_2_img022.jpg,pg6_2,pg,train,10
5940,pg6_2_img023.jpg,pg6_2,pg,train,10
5941,pg6_2_img024.jpg,pg6_2,pg,train,10
5942,pg6_2_img025.jpg,pg6_2,pg,train,10
5943,pg6_2_img026.jpg,pg6_2,pg,train,10
5944,pg6_2_img027.jpg,pg6_2,pg,train,10
5945,pg6_2_img028.jpg,pg6_2,pg,train,10
5946,pg6_2_img029.jpg,pg6_2,pg,train,10
5947,pg6_2_img030.jpg,pg6_2,pg,train,10
5948,pg6_2_img031.jpg,pg6_2,pg,train,10
5949,pg6_2_img032.jpg,pg6_2,pg,train,10
5950,pg6_2_img033.jpg,pg6_2,pg,train,10
5951,pg6_2_img034.jpg,pg6_2,pg,train,10
5952,pg6_2_img035.jpg,pg6_2,pg,train,10
5953,pg6_2_img036.jpg,pg6_2,pg,train,10
5954,pg6_2_img037.jpg,pg6_2,pg,train,10
5955,pg6_2_img038.jpg,pg6_2,pg,train,10
5956,pg6_2_img039.jpg,pg6_2,pg,train,10
5957,pg6_2_img040.jpg,pg6_2,pg,train,10
5958,pg6_2_img041.jpg,pg6_2,pg,train,10
5959,pg6_2_img042.jpg,pg6_2,pg,train,10
5960,pg6_2_img043.jpg,pg6_2,pg,train,10
5961,pg6_2_img044.jpg,pg6_2,pg,train,10
5962,pg6_2_img045.jpg,pg6_2,pg,train,10
5963,pg6_2_img046.jpg,pg6_2,pg,train,10
5964,pg6_2_img047.jpg,pg6_2,pg,train,10
5965,pg6_2_img048.jpg,pg6_2,pg,train,10
5966,pg6_2_img049.jpg,pg6_2,pg,train,10
5967,pg6_2_img050.jpg,pg6_2,pg,train,10
5968,pg6_2_img051.jpg,pg6_2,pg,train,10
5969,pg6_2_img052.jpg,pg6_2,pg,train,10
5970,pg6_2_img053.jpg,pg6_2,pg,train,10
5971,pg6_2_img054.jpg,pg6_2,pg,train,10
5972,pg6_2_img055.jpg,pg6_2,pg,train,10
5973,pg6_2_img056.jpg,pg6_2,pg,train,10
5974,pg6_2_img057.jpg,pg6_2,pg,train,10
5975,pg6_2_img058.jpg,pg6_2,pg,train,10
5976,pg6_2_img059.jpg,pg6_2,pg,train,10
5977,pg6_2_img060.jpg,pg6_2,pg,train,10
5978,pg6_2_img061.jpg,pg6_2,pg,train,10
5979,pg6_2_img062.jpg,pg6_2,pg,train,10
5980,pg6_2_img063.jpg,pg6_2,pg,train,10
5981,pg6_2_img064.jpg,pg6_2,pg,train,10
5982,pg6_2_img065.jpg,pg6_2,pg,train,10
5983,pg6_2_img066.jpg,pg6_2,pg,train,10
5984,pg6_2_img067.jpg,pg6_2,pg,train,10
5985,pg6_2_img068.jpg,pg6_2,pg,train,10
5986,pg6_2_img069.jpg,pg6_2,pg,train,10
5987,pg6_2_img070.jpg,pg6_2,pg,train,10
5988,pg6_2_img071.jpg,pg6_2,pg,train,10
5989,pg6_2_img072.jpg,pg6_2,pg,train,10
5990,pg6_2_img073.jpg,pg6_2,pg,train,10
5991,pg6_2_img074.jpg,pg6_2,pg,train,10
5992,pg6_2_img075.jpg,pg6_2,pg,train,10
5993,pg6_2_img076.jpg,pg6_2,pg,train,10
5994,pg6_2_img077.jpg,pg6_2,pg,train,10
5995,pg6_2_img078.jpg,pg6_2,pg,train,10
5996,pg6_2_img079.jpg,pg6_2,pg,train,10
5997,pg6_2_img080.jpg,pg6_2,pg,train,10
5998,pg6_2_img081.jpg,pg6_2,pg,train,10
5999,pg6_2_img082.jpg,pg6_2,pg,train,10
6000,pg6_2_img083.jpg,pg6_2,pg,train,10
6001,pg6_2_img084.jpg,pg6_2,pg,train,10
6002,pg6_2_img085.jpg,pg6_2,pg,train,10
6003,pg6_2_img086.jpg,pg6_2,pg,train,10
6004,pg6_2_img087.jpg,pg6_2,pg,train,10
6005,pg6_2_img088.jpg,pg6_2,pg,train,10
6006,pg6_2_img089.jpg,pg6_2,pg,train,10
6007,pg6_2_img090.jpg,pg6_2,pg,train,10
6008,pg6_2_img091.jpg,pg6_2,pg,train,10
6009,pg6_2_img092.jpg,pg6_2,pg,train,10
6010,pg6_2_img093.jpg,pg6_2,pg,train,10
6011,pg6_2_img094.jpg,pg6_2,pg,train,10
6012,pg6_2_img095.jpg,pg6_2,pg,train,10
6013,pg6_2_img096.jpg,pg6_2,pg,train,10
6014,pg6_2_img097.jpg,pg6_2,pg,train,10
6015,pg6_3_img001.jpg,pg6_3,pg,train,10
6016,pg6_3_img002.jpg,pg6_3,pg,train,10
6017,pg6_3_img003.jpg,pg6_3,pg,train,10
6018,pg6_3_img004.jpg,pg6_3,pg,train,10
6019,pg6_3_img005.jpg,pg6_3,pg,train,10
6020,pg6_3_img006.jpg,pg6_3,pg,train,10
6021,pg6_3_img007.jpg,pg6_3,pg,train,10
6022,pg6_3_img008.jpg,pg6_3,pg,train,10
6023,pg6_3_img009.jpg,pg6_3,pg,train,10
6024,pg6_3_img010.jpg,pg6_3,pg,train,10
6025,pg6_3_img011.jpg,pg6_3,pg,train,10
6026,pg6_3_img012.jpg,pg6_3,pg,train,10
6027,pg6_3_img013.jpg,pg6_3,pg,train,10
6028,pg6_3_img014.jpg,pg6_3,pg,train,10
6029,pg6_3_img015.jpg,pg6_3,pg,train,10
6030,pg6_3_img016.jpg,pg6_3,pg,train,10
6031,pg6_3_img017.jpg,pg6_3,pg,train,10
6032,pg6_3_img018.jpg,pg6_3,pg,train,10
6033,pg6_3_img019.jpg,pg6_3,pg,train,10
6034,pg6_3_img020.jpg,pg6_3,pg,train,10
6035,pg6_3_img021.jpg,pg6_3,pg,train,10
6036,pg6_3_img022.jpg,pg6_3,pg,train,10
6037,pg6_3_img023.jpg,pg6_3,pg,train,10
6038,pg6_3_img024.jpg,pg6_3,pg,train,10
6039,pg6_3_img025.jpg,pg6_3,pg,train,10
6040,pg6_3_img026.jpg,pg6_3,pg,train,10
6041,pg6_3_img027.jpg,pg6_3,pg,train,10
6042,pg6_3_img028.jpg,pg6_3,pg,train,10
6043,pg6_3_img029.jpg,pg6_3,pg,train,10
6044,pg6_3_img030.jpg,pg6_3,pg,train,10
6045,pg6_3_img031.jpg,pg6_3,pg,train,10
6046,pg6_3_img032.jpg,pg6_3,pg,train,10
6047,pg6_3_img033.jpg,pg6_3,pg,train,10
6048,pg6_3_img034.jpg,pg6_3,pg,train,10
6049,pg6_3_img035.jpg,pg6_3,pg,train,10
6050,pg6_3_img036.jpg,pg6_3,pg,train,10
6051,pg6_3_img037.jpg,pg6_3,pg,train,10
6052,pg6_3_img038.jpg,pg6_3,pg,train,10
6053,pg6_3_img039.jpg,pg6_3,pg,train,10
6054,pg6_3_img040.jpg,pg6_3,pg,train,10
6055,pg6_3_img041.jpg,pg6_3,pg,train,10
6056,pg6_3_img042.jpg,pg6_3,pg,train,10
6057,pg6_3_img043.jpg,pg6_3,pg,train,10
6058,pg6_3_img044.jpg,pg6_3,pg,train,10
6059,pg6_3_img045.jpg,pg6_3,pg,train,10
6060,pg6_3_img046.jpg,pg6_3,pg,train,10
6061,pg6_3_img047.jpg,pg6_3,pg,train,10
6062,pg6_3_img048.jpg,pg6_3,pg,train,10
6063,pg6_3_img049.jpg,pg6_3,pg,train,10
6064,pg6_3_img050.jpg,pg6_3,pg,train,10
6065,pg6_3_img051.jpg,pg6_3,pg,train,10
6066,pg6_3_img052.jpg,pg6_3,pg,train,10
6067,pg6_3_img053.jpg,pg6_3,pg,train,10
6068,pg6_3_img054.jpg,pg6_3,pg,train,10
6069,pg6_3_img055.jpg,pg6_3,pg,train,10
6070,pg6_3_img056.jpg,pg6_3,pg,train,10
6071,pg6_3_img057.jpg,pg6_3,pg,train,10
6072,pg6_3_img058.jpg,pg6_3,pg,train,10
6073,pg6_3_img059.jpg,pg6_3,pg,train,10
6074,pg6_3_img060.jpg,pg6_3,pg,train,10
6075,pg6_3_img061.jpg,pg6_3,pg,train,10
6076,pg6_3_img062.jpg,pg6_3,pg,train,10
6077,pg6_3_img063.jpg,pg6_3,pg,train,10
6078,pg6_3_img064.jpg,pg6_3,pg,train,10
6079,pg6_3_img065.jpg,pg6_3,pg,train,10
6080,pg6_3_img066.jpg,pg6_3,pg,train,10
6081,pg6_3_img067.jpg,pg6_3,pg,train,10
6082,pg6_3_img068.jpg,pg6_3,pg,train,10
6083,pg6_3_img069.jpg,pg6_3,pg,train,10
6084,pg6_3_img070.jpg,pg6_3,pg,train,10
6085,pg6_3_img071.jpg,pg6_3,pg,train,10
6086,pg6_3_img072.jpg,pg6_3,pg,train,10
6087,pg6_3_img073.jpg,pg6_3,pg,train,10
6088,pg6_3_img074.jpg,pg6_3,pg,train,10
6089,pg6_3_img075.jpg,pg6_3,pg,train,10
6090,pg6_3_img076.jpg,pg6_3,pg,train,10
6091,pg6_3_img077.jpg,pg6_3,pg,train,10
6092,pg6_3_img078.jpg,pg6_3,pg,train,10
6093,pg6_3_img079.jpg,pg6_3,pg,train,10
6094,pg6_3_img080.jpg,pg6_3,pg,train,10
6095,pg6_3_img081.jpg,pg6_3,pg,train,10
6096,pg6_3_img082.jpg,pg6_3,pg,train,10
6097,pg6_3_img083.jpg,pg6_3,pg,train,10
6098,pg6_3_img084.jpg,pg6_3,pg,train,10
6099,pg6_3_img085.jpg,pg6_3,pg,train,10
6100,pg6_3_img086.jpg,pg6_3,pg,train,10
6101,pg6_3_img087.jpg,pg6_3,pg,train,10
6102,pg6_3_img088.jpg,pg6_3,pg,train,10
6103,pg6_3_img089.jpg,pg6_3,pg,train,10
6104,pg6_3_img090.jpg,pg6_3,pg,train,10
6105,pg6_3_img091.jpg,pg6_3,pg,train,10
6106,pg6_3_img092.jpg,pg6_3,pg,train,10
6107,pg6_3_img093.jpg,pg6_3,pg,train,10
6108,pg6_3_img094.jpg,pg6_3,pg,train,10
6109,pg6_3_img095.jpg,pg6_3,pg,train,10
6110,pg6_3_img096.jpg,pg6_3,pg,train,10
6111,pg6_3_img097.jpg,pg6_3,pg,train,10
6112,pg6_4_img001.jpg,pg6_4,pg,train,10
6113,pg6_4_img002.jpg,pg6_4,pg,train,10
6114,pg6_4_img003.jpg,pg6_4,pg,train,10
6115,pg6_4_img004.jpg,pg6_4,pg,train,10
6116,pg6_4_img005.jpg,pg6_4,pg,train,10
6117,pg6_4_img006.jpg,pg6_4,pg,train,10
6118,pg6_4_img007.jpg,pg6_4,pg,train,10
6119,pg6_4_img008.jpg,pg6_4,pg,train,10
6120,pg6_4_img009.jpg,pg6_4,pg,train,10
6121,pg6_4_img010.jpg,pg6_4,pg,train,10
6122,pg6_4_img011.jpg,pg6_4,pg,train,10
6123,pg6_4_img012.jpg,pg6_4,pg,train,10
6124,pg6_4_img013.jpg,pg6_4,pg,train,10
6125,pg6_4_img014.jpg,pg6_4,pg,train,10
6126,pg6_4_img015.jpg,pg6_4,pg,train,10
6127,pg6_4_img016.jpg,pg6_4,pg,train,10
6128,pg6_4_img017.jpg,pg6_4,pg,train,10
6129,pg6_4_img018.jpg,pg6_4,pg,train,10
6130,pg6_4_img019.jpg,pg6_4,pg,train,10
6131,pg6_4_img020.jpg,pg6_4,pg,train,10
6132,pg6_4_img021.jpg,pg6_4,pg,train,10
6133,pg6_4_img022.jpg,pg6_4,pg,train,10
6134,pg6_4_img023.jpg,pg6_4,pg,train,10
6135,pg6_4_img024.jpg,pg6_4,pg,train,10
6136,pg6_4_img025.jpg,pg6_4,pg,train,10
6137,pg6_4_img026.jpg,pg6_4,pg,train,10
6138,pg6_4_img027.jpg,pg6_4,pg,train,10
6139,pg6_4_img028.jpg,pg6_4,pg,train,10
6140,pg6_4_img029.jpg,pg6_4,pg,train,10
6141,pg6_4_img030.jpg,pg6_4,pg,train,10
6142,pg6_4_img031.jpg,pg6_4,pg,train,10
6143,pg6_4_img032.jpg,pg6_4,pg,train,10
6144,pg6_4_img033.jpg,pg6_4,pg,train,10
6145,pg6_4_img034.jpg,pg6_4,pg,train,10
6146,pg6_4_img035.jpg,pg6_4,pg,train,10
6147,pg6_4_img036.jpg,pg6_4,pg,train,10
6148,pg6_4_img037.jpg,pg6_4,pg,train,10
6149,pg6_4_img038.jpg,pg6_4,pg,train,10
6150,pg6_4_img039.jpg,pg6_4,pg,train,10
6151,pg6_4_img040.jpg,pg6_4,pg,train,10
6152,pg6_4_img041.jpg,pg6_4,pg,train,10
6153,pg6_4_img042.jpg,pg6_4,pg,train,10
6154,pg6_4_img043.jpg,pg6_4,pg,train,10
6155,pg6_4_img044.jpg,pg6_4,pg,train,10
6156,pg6_4_img045.jpg,pg6_4,pg,train,10
6157,pg6_4_img046.jpg,pg6_4,pg,train,10
6158,pg6_4_img047.jpg,pg6_4,pg,train,10
6159,pg6_4_img048.jpg,pg6_4,pg,train,10
6160,pg6_4_img049.jpg,pg6_4,pg,train,10
6161,pg6_4_img050.jpg,pg6_4,pg,train,10
6162,pg6_4_img051.jpg,pg6_4,pg,train,10
6163,pg6_4_img052.jpg,pg6_4,pg,train,10
6164,pg6_4_img053.jpg,pg6_4,pg,train,10
6165,pg6_4_img054.jpg,pg6_4,pg,train,10
6166,pg6_4_img055.jpg,pg6_4,pg,train,10
6167,pg6_4_img056.jpg,pg6_4,pg,train,10
6168,pg6_4_img057.jpg,pg6_4,pg,train,10
6169,pg6_4_img058.jpg,pg6_4,pg,train,10
6170,pg6_4_img059.jpg,pg6_4,pg,train,10
6171,pg6_4_img060.jpg,pg6_4,pg,train,10
6172,pg6_4_img061.jpg,pg6_4,pg,train,10
6173,pg6_4_img062.jpg,pg6_4,pg,train,10
6174,pg6_4_img063.jpg,pg6_4,pg,train,10
6175,pg6_4_img064.jpg,pg6_4,pg,train,10
6176,pg6_4_img065.jpg,pg6_4,pg,train,10
6177,pg6_4_img066.jpg,pg6_4,pg,train,10
6178,pg6_4_img067.jpg,pg6_4,pg,train,10
6179,pg6_4_img068.jpg,pg6_4,pg,train,10
6180,pg6_4_img069.jpg,pg6_4,pg,train,10
6181,pg6_4_img070.jpg,pg6_4,pg,train,10
6182,pg6_4_img071.jpg,pg6_4,pg,train,10
6183,pg6_4_img072.jpg,pg6_4,pg,train,10
6184,pg6_4_img073.jpg,pg6_4,pg,train,10
6185,pg6_4_img074.jpg,pg6_4,pg,train,10
6186,pg6_4_img075.jpg,pg6_4,pg,train,10
6187,pg6_4_img076.jpg,pg6_4,pg,train,10
6188,pg6_4_img077.jpg,pg6_4,pg,train,10
6189,pg6_4_img078.jpg,pg6_4,pg,train,10
6190,pg6_4_img079.jpg,pg6_4,pg,train,10
6191,pg6_4_img080.jpg,pg6_4,pg,train,10
6192,pg6_4_img081.jpg,pg6_4,pg,train,10
6193,pg6_4_img082.jpg,pg6_4,pg,train,10
6194,pg6_4_img083.jpg,pg6_4,pg,train,10
6195,pg6_4_img084.jpg,pg6_4,pg,train,10
6196,pg6_4_img085.jpg,pg6_4,pg,train,10
6197,pg6_4_img086.jpg,pg6_4,pg,train,10
6198,pg6_4_img087.jpg,pg6_4,pg,train,10
6199,pg6_4_img088.jpg,pg6_4,pg,train,10
6200,pg6_4_img089.jpg,pg6_4,pg,train,10
6201,pg6_4_img090.jpg,pg6_4,pg,train,10
6202,pg6_4_img091.jpg,pg6_4,pg,train,10
6203,pg6_4_img092.jpg,pg6_4,pg,train,10
6204,pg6_4_img093.jpg,pg6_4,pg,train,10
6205,pg6_4_img094.jpg,pg6_4,pg,train,10
6206,pg6_4_img095.jpg,pg6_4,pg,train,10
6207,pg6_4_img096.jpg,pg6_4,pg,train,10
6208,pg6_4_img097.jpg,pg6_4,pg,train,10
6209,pg6_5_img001.jpg,pg6_5,pg,train,11
6210,pg6_5_img002.jpg,pg6_5,pg,train,11
6211,pg6_5_img003.jpg,pg6_5,pg,train,11
6212,pg6_5_img004.jpg,pg6_5,pg,train,11
6213,pg6_5_img005.jpg,pg6_5,pg,train,11
6214,pg6_5_img006.jpg,pg6_5,pg,train,11
6215,pg6_5_img007.jpg,pg6_5,pg,train,11
6216,pg6_5_img008.jpg,pg6_5,pg,train,11
6217,pg6_5_img009.jpg,pg6_5,pg,train,11
6218,pg6_5_img010.jpg,pg6_5,pg,train,11
6219,pg6_5_img011.jpg,pg6_5,pg,train,11
6220,pg6_5_img012.jpg,pg6_5,pg,train,11
6221,pg6_5_img013.jpg,pg6_5,pg,train,11
6222,pg6_5_img014.jpg,pg6_5,pg,train,11
6223,pg6_5_img015.jpg,pg6_5,pg,train,11
6224,pg6_5_img016.jpg,pg6_5,pg,train,11
6225,pg6_5_img017.jpg,pg6_5,pg,train,11
6226,pg6_5_img018.jpg,pg6_5,pg,train,11
6227,pg6_5_img019.jpg,pg6_5,pg,train,11
6228,pg6_5_img020.jpg,pg6_5,pg,train,11
6229,pg6_5_img021.jpg,pg6_5,pg,train,11
6230,pg6_5_img022.jpg,pg6_5,pg,train,11
6231,pg6_5_img023.jpg,pg6_5,pg,train,11
6232,pg6_5_img024.jpg,pg6_5,pg,train,11
6233,pg6_5_img025.jpg,pg6_5,pg,train,11
6234,pg6_5_img026.jpg,pg6_5,pg,train,11
6235,pg6_5_img027.jpg,pg6_5,pg,train,11
6236,pg6_5_img028.jpg,pg6_5,pg,train,11
6237,pg6_5_img029.jpg,pg6_5,pg,train,11
6238,pg6_5_img030.jpg,pg6_5,pg,train,11
6239,pg6_5_img031.jpg,pg6_5,pg,train,11
6240,pg6_5_img032.jpg,pg6_5,pg,train,11
6241,pg6_5_img033.jpg,pg6_5,pg,train,11
6242,pg6_5_img034.jpg,pg6_5,pg,train,11
6243,pg6_5_img035.jpg,pg6_5,pg,train,11
6244,pg6_5_img036.jpg,pg6_5,pg,train,11
6245,pg6_5_img037.jpg,pg6_5,pg,train,11
6246,pg6_5_img038.jpg,pg6_5,pg,train,11
6247,pg6_5_img039.jpg,pg6_5,pg,train,11
6248,pg6_5_img040.jpg,pg6_5,pg,train,11
6249,pg6_5_img041.jpg,pg6_5,pg,train,11
6250,pg6_5_img042.jpg,pg6_5,pg,train,11
6251,pg6_5_img043.jpg,pg6_5,pg,train,11
6252,pg6_5_img044.jpg,pg6_5,pg,train,11
6253,pg6_5_img045.jpg,pg6_5,pg,train,11
6254,pg6_5_img046.jpg,pg6_5,pg,train,11
6255,pg6_5_img047.jpg,pg6_5,pg,train,11
6256,pg6_5_img048.jpg,pg6_5,pg,train,11
6257,pg6_5_img049.jpg,pg6_5,pg,train,11
6258,pg6_5_img050.jpg,pg6_5,pg,train,11
6259,pg6_5_img051.jpg,pg6_5,pg,train,11
6260,pg6_5_img052.jpg,pg6_5,pg,train,11
6261,pg6_5_img053.jpg,pg6_5,pg,train,11
6262,pg6_5_img054.jpg,pg6_5,pg,train,11
6263,pg6_5_img055.jpg,pg6_5,pg,train,11
6264,pg6_5_img056.jpg,pg6_5,pg,train,11
6265,pg6_5_img057.jpg,pg6_5,pg,train,11
6266,pg6_5_img058.jpg,pg6_5,pg,train,11
6267,pg6_5_img059.jpg,pg6_5,pg,train,11
6268,pg6_5_img060.jpg,pg6_5,pg,train,11
6269,pg6_5_img061.jpg,pg6_5,pg,train,11
6270,pg6_5_img062.jpg,pg6_5,pg,train,11
6271,pg6_5_img063.jpg,pg6_5,pg,train,11
6272,pg6_5_img064.jpg,pg6_5,pg,train,11
6273,pg6_5_img065.jpg,pg6_5,pg,train,11
6274,pg6_5_img066.jpg,pg6_5,pg,train,11
6275,pg6_5_img067.jpg,pg6_5,pg,train,11
6276,pg6_5_img068.jpg,pg6_5,pg,train,11
6277,pg6_5_img069.jpg,pg6_5,pg,train,11
6278,pg6_5_img070.jpg,pg6_5,pg,train,11
6279,pg6_5_img071.jpg,pg6_5,pg,train,11
6280,pg6_5_img072.jpg,pg6_5,pg,train,11
6281,pg6_5_img073.jpg,pg6_5,pg,train,11
6282,pg6_5_img074.jpg,pg6_5,pg,train,11
6283,pg6_5_img075.jpg,pg6_5,pg,train,11
6284,pg6_5_img076.jpg,pg6_5,pg,train,11
6285,pg6_5_img077.jpg,pg6_5,pg,train,11
6286,pg6_5_img078.jpg,pg6_5,pg,train,11
6287,pg6_5_img079.jpg,pg6_5,pg,train,11
6288,pg6_5_img080.jpg,pg6_5,pg,train,11
6289,pg6_5_img081.jpg,pg6_5,pg,train,11
6290,pg6_5_img082.jpg,pg6_5,pg,train,11
6291,pg6_5_img083.jpg,pg6_5,pg,train,11
6292,pg6_5_img084.jpg,pg6_5,pg,train,11
6293,pg6_5_img085.jpg,pg6_5,pg,train,11
6294,pg6_5_img086.jpg,pg6_5,pg,train,11
6295,pg6_5_img087.jpg,pg6_5,pg,train,11
6296,pg6_5_img088.jpg,pg6_5,pg,train,11
6297,pg6_5_img089.jpg,pg6_5,pg,train,11
6298,pg6_5_img090.jpg,pg6_5,pg,train,11
6299,pg6_5_img091.jpg,pg6_5,pg,train,11
6300,pg6_5_img092.jpg,pg6_5,pg,train,11
6301,pg6_5_img093.jpg,pg6_5,pg,train,11
6302,pg6_5_img094.jpg,pg6_5,pg,train,11
6303,pg6_5_img095.jpg,pg6_5,pg,train,11
6304,pg6_5_img096.jpg,pg6_5,pg,train,11
6305,pg6_5_img097.jpg,pg6_5,pg,train,11
6306,pg6_6_img001.jpg,pg6_6,pg,train,10
6307,pg6_6_img002.jpg,pg6_6,pg,train,10
6308,pg6_6_img003.jpg,pg6_6,pg,train,10
6309,pg6_6_img004.jpg,pg6_6,pg,train,10
6310,pg6_6_img005.jpg,pg6_6,pg,train,10
6311,pg6_6_img006.jpg,pg6_6,pg,train,10
6312,pg6_6_img007.jpg,pg6_6,pg,train,10
6313,pg6_6_img008.jpg,pg6_6,pg,train,10
6314,pg6_6_img009.jpg,pg6_6,pg,train,10
6315,pg6_6_img010.jpg,pg6_6,pg,train,10
6316,pg6_6_img011.jpg,pg6_6,pg,train,10
6317,pg6_6_img012.jpg,pg6_6,pg,train,10
6318,pg6_6_img013.jpg,pg6_6,pg,train,10
6319,pg6_6_img014.jpg,pg6_6,pg,train,10
6320,pg6_6_img015.jpg,pg6_6,pg,train,10
6321,pg6_6_img016.jpg,pg6_6,pg,train,10
6322,pg6_6_img017.jpg,pg6_6,pg,train,10
6323,pg6_6_img018.jpg,pg6_6,pg,train,10
6324,pg6_6_img019.jpg,pg6_6,pg,train,10
6325,pg6_6_img020.jpg,pg6_6,pg,train,10
6326,pg6_6_img021.jpg,pg6_6,pg,train,10
6327,pg6_6_img022.jpg,pg6_6,pg,train,10
6328,pg6_6_img023.jpg,pg6_6,pg,train,10
6329,pg6_6_img024.jpg,pg6_6,pg,train,10
6330,pg6_6_img025.jpg,pg6_6,pg,train,10
6331,pg6_6_img026.jpg,pg6_6,pg,train,10
6332,pg6_6_img027.jpg,pg6_6,pg,train,10
6333,pg6_6_img028.jpg,pg6_6,pg,train,10
6334,pg6_6_img029.jpg,pg6_6,pg,train,10
6335,pg6_6_img030.jpg,pg6_6,pg,train,10
6336,pg6_6_img031.jpg,pg6_6,pg,train,10
6337,pg6_6_img032.jpg,pg6_6,pg,train,10
6338,pg6_6_img033.jpg,pg6_6,pg,train,10
6339,pg6_6_img034.jpg,pg6_6,pg,train,10
6340,pg6_6_img035.jpg,pg6_6,pg,train,10
6341,pg6_6_img036.jpg,pg6_6,pg,train,10
6342,pg6_6_img037.jpg,pg6_6,pg,train,10
6343,pg6_6_img038.jpg,pg6_6,pg,train,10
6344,pg6_6_img039.jpg,pg6_6,pg,train,10
6345,pg6_6_img040.jpg,pg6_6,pg,train,10
6346,pg6_6_img041.jpg,pg6_6,pg,train,10
6347,pg6_6_img042.jpg,pg6_6,pg,train,10
6348,pg6_6_img043.jpg,pg6_6,pg,train,10
6349,pg6_6_img044.jpg,pg6_6,pg,train,10
6350,pg6_6_img045.jpg,pg6_6,pg,train,10
6351,pg6_6_img046.jpg,pg6_6,pg,train,10
6352,pg6_6_img047.jpg,pg6_6,pg,train,10
6353,pg6_6_img048.jpg,pg6_6,pg,train,10
6354,pg6_6_img049.jpg,pg6_6,pg,train,10
6355,pg6_6_img050.jpg,pg6_6,pg,train,10
6356,pg6_6_img051.jpg,pg6_6,pg,train,10
6357,pg6_6_img052.jpg,pg6_6,pg,train,10
6358,pg6_6_img053.jpg,pg6_6,pg,train,10
6359,pg6_6_img054.jpg,pg6_6,pg,train,10
6360,pg6_6_img055.jpg,pg6_6,pg,train,10
6361,pg6_6_img056.jpg,pg6_6,pg,train,10
6362,pg6_6_img057.jpg,pg6_6,pg,train,10
6363,pg6_6_img058.jpg,pg6_6,pg,train,10
6364,pg6_6_img059.jpg,pg6_6,pg,train,10
6365,pg6_6_img060.jpg,pg6_6,pg,train,10
6366,pg6_6_img061.jpg,pg6_6,pg,train,10
6367,pg6_6_img062.jpg,pg6_6,pg,train,10
6368,pg6_6_img063.jpg,pg6_6,pg,train,10
6369,pg6_6_img064.jpg,pg6_6,pg,train,10
6370,pg6_6_img065.jpg,pg6_6,pg,train,10
6371,pg6_6_img066.jpg,pg6_6,pg,train,10
6372,pg6_6_img067.jpg,pg6_6,pg,train,10
6373,pg6_6_img068.jpg,pg6_6,pg,train,10
6374,pg6_6_img069.jpg,pg6_6,pg,train,10
6375,pg6_6_img070.jpg,pg6_6,pg,train,10
6376,pg6_6_img071.jpg,pg6_6,pg,train,10
6377,pg6_6_img072.jpg,pg6_6,pg,train,10
6378,pg6_6_img073.jpg,pg6_6,pg,train,10
6379,pg6_6_img074.jpg,pg6_6,pg,train,10
6380,pg6_6_img075.jpg,pg6_6,pg,train,10
6381,pg6_6_img076.jpg,pg6_6,pg,train,10
6382,pg6_6_img077.jpg,pg6_6,pg,train,10
6383,pg6_6_img078.jpg,pg6_6,pg,train,10
6384,pg6_6_img079.jpg,pg6_6,pg,train,10
6385,pg6_6_img080.jpg,pg6_6,pg,train,10
6386,pg6_6_img081.jpg,pg6_6,pg,train,10
6387,pg6_6_img082.jpg,pg6_6,pg,train,10
6388,pg6_6_img083.jpg,pg6_6,pg,train,10
6389,pg6_6_img084.jpg,pg6_6,pg,train,10
6390,pg6_6_img085.jpg,pg6_6,pg,train,10
6391,pg6_6_img086.jpg,pg6_6,pg,train,10
6392,pg6_6_img087.jpg,pg6_6,pg,train,10
6393,pg6_6_img088.jpg,pg6_6,pg,train,10
6394,pg6_6_img089.jpg,pg6_6,pg,train,10
6395,pg6_6_img090.jpg,pg6_6,pg,train,10
6396,pg6_6_img091.jpg,pg6_6,pg,train,10
6397,pg6_6_img092.jpg,pg6_6,pg,train,10
6398,pg6_6_img093.jpg,pg6_6,pg,train,10
6399,pg6_6_img094.jpg,pg6_6,pg,train,10
6400,pg6_6_img095.jpg,pg6_6,pg,train,10
6401,pg6_6_img096.jpg,pg6_6,pg,train,10
6402,pg6_6_img097.jpg,pg6_6,pg,train,10
6403,pg6_7_img001.jpg,pg6_7,pg,train,10
6404,pg6_7_img002.jpg,pg6_7,pg,train,10
6405,pg6_7_img003.jpg,pg6_7,pg,train,10
6406,pg6_7_img004.jpg,pg6_7,pg,train,10
6407,pg6_7_img005.jpg,pg6_7,pg,train,10
6408,pg6_7_img006.jpg,pg6_7,pg,train,10
6409,pg6_7_img007.jpg,pg6_7,pg,train,10
6410,pg6_7_img008.jpg,pg6_7,pg,train,10
6411,pg6_7_img009.jpg,pg6_7,pg,train,10
6412,pg6_7_img010.jpg,pg6_7,pg,train,10
6413,pg6_7_img011.jpg,pg6_7,pg,train,10
6414,pg6_7_img012.jpg,pg6_7,pg,train,10
6415,pg6_7_img013.jpg,pg6_7,pg,train,10
6416,pg6_7_img014.jpg,pg6_7,pg,train,10
6417,pg6_7_img015.jpg,pg6_7,pg,train,10
6418,pg6_7_img016.jpg,pg6_7,pg,train,10
6419,pg6_7_img017.jpg,pg6_7,pg,train,10
6420,pg6_7_img018.jpg,pg6_7,pg,train,10
6421,pg6_7_img019.jpg,pg6_7,pg,train,10
6422,pg6_7_img020.jpg,pg6_7,pg,train,10
6423,pg6_7_img021.jpg,pg6_7,pg,train,10
6424,pg6_7_img022.jpg,pg6_7,pg,train,10
6425,pg6_7_img023.jpg,pg6_7,pg,train,10
6426,pg6_7_img024.jpg,pg6_7,pg,train,10
6427,pg6_7_img025.jpg,pg6_7,pg,train,10
6428,pg6_7_img026.jpg,pg6_7,pg,train,10
6429,pg6_7_img027.jpg,pg6_7,pg,train,10
6430,pg6_7_img028.jpg,pg6_7,pg,train,10
6431,pg6_7_img029.jpg,pg6_7,pg,train,10
6432,pg6_7_img030.jpg,pg6_7,pg,train,10
6433,pg6_7_img031.jpg,pg6_7,pg,train,10
6434,pg6_7_img032.jpg,pg6_7,pg,train,10
6435,pg6_7_img033.jpg,pg6_7,pg,train,10
6436,pg6_7_img034.jpg,pg6_7,pg,train,10
6437,pg6_7_img035.jpg,pg6_7,pg,train,10
6438,pg6_7_img036.jpg,pg6_7,pg,train,10
6439,pg6_7_img037.jpg,pg6_7,pg,train,10
6440,pg6_7_img038.jpg,pg6_7,pg,train,10
6441,pg6_7_img039.jpg,pg6_7,pg,train,10
6442,pg6_7_img040.jpg,pg6_7,pg,train,10
6443,pg6_7_img041.jpg,pg6_7,pg,train,10
6444,pg6_7_img042.jpg,pg6_7,pg,train,10
6445,pg6_7_img043.jpg,pg6_7,pg,train,10
6446,pg6_7_img044.jpg,pg6_7,pg,train,10
6447,pg6_7_img045.jpg,pg6_7,pg,train,10
6448,pg6_7_img046.jpg,pg6_7,pg,train,10
6449,pg6_7_img047.jpg,pg6_7,pg,train,10
6450,pg6_7_img048.jpg,pg6_7,pg,train,10
6451,pg6_7_img049.jpg,pg6_7,pg,train,10
6452,pg6_7_img050.jpg,pg6_7,pg,train,10
6453,pg6_7_img051.jpg,pg6_7,pg,train,10
6454,pg6_7_img052.jpg,pg6_7,pg,train,10
6455,pg6_7_img053.jpg,pg6_7,pg,train,10
6456,pg6_7_img054.jpg,pg6_7,pg,train,10
6457,pg6_7_img055.jpg,pg6_7,pg,train,10
6458,pg6_7_img056.jpg,pg6_7,pg,train,10
6459,pg6_7_img057.jpg,pg6_7,pg,train,10
6460,pg6_7_img058.jpg,pg6_7,pg,train,10
6461,pg6_7_img059.jpg,pg6_7,pg,train,10
6462,pg6_7_img060.jpg,pg6_7,pg,train,10
6463,pg6_7_img061.jpg,pg6_7,pg,train,10
6464,pg6_7_img062.jpg,pg6_7,pg,train,10
6465,pg6_7_img063.jpg,pg6_7,pg,train,10
6466,pg6_7_img064.jpg,pg6_7,pg,train,10
6467,pg6_7_img065.jpg,pg6_7,pg,train,10
6468,pg6_7_img066.jpg,pg6_7,pg,train,10
6469,pg6_7_img067.jpg,pg6_7,pg,train,10
6470,pg6_7_img068.jpg,pg6_7,pg,train,10
6471,pg6_7_img069.jpg,pg6_7,pg,train,10
6472,pg6_7_img070.jpg,pg6_7,pg,train,10
6473,pg6_7_img071.jpg,pg6_7,pg,train,10
6474,pg6_7_img072.jpg,pg6_7,pg,train,10
6475,pg6_7_img073.jpg,pg6_7,pg,train,10
6476,pg6_7_img074.jpg,pg6_7,pg,train,10
6477,pg6_7_img075.jpg,pg6_7,pg,train,10
6478,pg6_7_img076.jpg,pg6_7,pg,train,10
6479,pg6_7_img077.jpg,pg6_7,pg,train,10
6480,pg6_7_img078.jpg,pg6_7,pg,train,10
6481,pg6_7_img079.jpg,pg6_7,pg,train,10
6482,pg6_7_img080.jpg,pg6_7,pg,train,10
6483,pg6_7_img081.jpg,pg6_7,pg,train,10
6484,pg6_7_img082.jpg,pg6_7,pg,train,10
6485,pg6_7_img083.jpg,pg6_7,pg,train,10
6486,pg6_7_img084.jpg,pg6_7,pg,train,10
6487,pg6_7_img085.jpg,pg6_7,pg,train,10
6488,pg6_7_img086.jpg,pg6_7,pg,train,10
6489,pg6_7_img087.jpg,pg6_7,pg,train,10
6490,pg6_7_img088.jpg,pg6_7,pg,train,10
6491,pg6_7_img089.jpg,pg6_7,pg,train,10
6492,pg6_7_img090.jpg,pg6_7,pg,train,10
6493,pg6_7_img091.jpg,pg6_7,pg,train,10
6494,pg6_7_img092.jpg,pg6_7,pg,train,10
6495,pg6_7_img093.jpg,pg6_7,pg,train,10
6496,pg6_7_img094.jpg,pg6_7,pg,train,10
6497,pg6_7_img095.jpg,pg6_7,pg,train,10
6498,pg6_7_img096.jpg,pg6_7,pg,train,10
6499,pg6_7_img097.jpg,pg6_7,pg,train,10
6500,pg6_8_img001.jpg,pg6_8,pg,train,10
6501,pg6_8_img002.jpg,pg6_8,pg,train,10
6502,pg6_8_img003.jpg,pg6_8,pg,train,10
6503,pg6_8_img004.jpg,pg6_8,pg,train,10
6504,pg6_8_img005.jpg,pg6_8,pg,train,10
6505,pg6_8_img006.jpg,pg6_8,pg,train,10
6506,pg6_8_img007.jpg,pg6_8,pg,train,10
6507,pg6_8_img008.jpg,pg6_8,pg,train,10
6508,pg6_8_img009.jpg,pg6_8,pg,train,10
6509,pg6_8_img010.jpg,pg6_8,pg,train,10
6510,pg6_8_img011.jpg,pg6_8,pg,train,10
6511,pg6_8_img012.jpg,pg6_8,pg,train,10
6512,pg6_8_img013.jpg,pg6_8,pg,train,10
6513,pg6_8_img014.jpg,pg6_8,pg,train,10
6514,pg6_8_img015.jpg,pg6_8,pg,train,10
6515,pg6_8_img016.jpg,pg6_8,pg,train,10
6516,pg6_8_img017.jpg,pg6_8,pg,train,10
6517,pg6_8_img018.jpg,pg6_8,pg,train,10
6518,pg6_8_img019.jpg,pg6_8,pg,train,10
6519,pg6_8_img020.jpg,pg6_8,pg,train,10
6520,pg6_8_img021.jpg,pg6_8,pg,train,10
6521,pg6_8_img022.jpg,pg6_8,pg,train,10
6522,pg6_8_img023.jpg,pg6_8,pg,train,10
6523,pg6_8_img024.jpg,pg6_8,pg,train,10
6524,pg6_8_img025.jpg,pg6_8,pg,train,10
6525,pg6_8_img026.jpg,pg6_8,pg,train,10
6526,pg6_8_img027.jpg,pg6_8,pg,train,10
6527,pg6_8_img028.jpg,pg6_8,pg,train,10
6528,pg6_8_img029.jpg,pg6_8,pg,train,10
6529,pg6_8_img030.jpg,pg6_8,pg,train,10
6530,pg6_8_img031.jpg,pg6_8,pg,train,10
6531,pg6_8_img032.jpg,pg6_8,pg,train,10
6532,pg6_8_img033.jpg,pg6_8,pg,train,10
6533,pg6_8_img034.jpg,pg6_8,pg,train,10
6534,pg6_8_img035.jpg,pg6_8,pg,train,10
6535,pg6_8_img036.jpg,pg6_8,pg,train,10
6536,pg6_8_img037.jpg,pg6_8,pg,train,10
6537,pg6_8_img038.jpg,pg6_8,pg,train,10
6538,pg6_8_img039.jpg,pg6_8,pg,train,10
6539,pg6_8_img040.jpg,pg6_8,pg,train,10
6540,pg6_8_img041.jpg,pg6_8,pg,train,10
6541,pg6_8_img042.jpg,pg6_8,pg,train,10
6542,pg6_8_img043.jpg,pg6_8,pg,train,10
6543,pg6_8_img044.jpg,pg6_8,pg,train,10
6544,pg6_8_img045.jpg,pg6_8,pg,train,10
6545,pg6_8_img046.jpg,pg6_8,pg,train,10
6546,pg6_8_img047.jpg,pg6_8,pg,train,10
6547,pg6_8_img048.jpg,pg6_8,pg,train,10
6548,pg6_8_img049.jpg,pg6_8,pg,train,10
6549,pg6_8_img050.jpg,pg6_8,pg,train,10
6550,pg6_8_img051.jpg,pg6_8,pg,train,10
6551,pg6_8_img052.jpg,pg6_8,pg,train,10
6552,pg6_8_img053.jpg,pg6_8,pg,train,10
6553,pg6_8_img054.jpg,pg6_8,pg,train,10
6554,pg6_8_img055.jpg,pg6_8,pg,train,10
6555,pg6_8_img056.jpg,pg6_8,pg,train,10
6556,pg6_8_img057.jpg,pg6_8,pg,train,10
6557,pg6_8_img058.jpg,pg6_8,pg,train,10
6558,pg6_8_img059.jpg,pg6_8,pg,train,10
6559,pg6_8_img060.jpg,pg6_8,pg,train,10
6560,pg6_8_img061.jpg,pg6_8,pg,train,10
6561,pg6_8_img062.jpg,pg6_8,pg,train,10
6562,pg6_8_img063.jpg,pg6_8,pg,train,10
6563,pg6_8_img064.jpg,pg6_8,pg,train,10
6564,pg6_8_img065.jpg,pg6_8,pg,train,10
6565,pg6_8_img066.jpg,pg6_8,pg,train,10
6566,pg6_8_img067.jpg,pg6_8,pg,train,10
6567,pg6_8_img068.jpg,pg6_8,pg,train,10
6568,pg6_8_img069.jpg,pg6_8,pg,train,10
6569,pg6_8_img070.jpg,pg6_8,pg,train,10
6570,pg6_8_img071.jpg,pg6_8,pg,train,10
6571,pg6_8_img072.jpg,pg6_8,pg,train,10
6572,pg6_8_img073.jpg,pg6_8,pg,train,10
6573,pg6_8_img074.jpg,pg6_8,pg,train,10
6574,pg6_8_img075.jpg,pg6_8,pg,train,10
6575,pg6_8_img076.jpg,pg6_8,pg,train,10
6576,pg6_8_img077.jpg,pg6_8,pg,train,10
6577,pg6_8_img078.jpg,pg6_8,pg,train,10
6578,pg6_8_img079.jpg,pg6_8,pg,train,10
6579,pg6_8_img080.jpg,pg6_8,pg,train,10
6580,pg6_8_img081.jpg,pg6_8,pg,train,10
6581,pg6_8_img082.jpg,pg6_8,pg,train,10
6582,pg6_8_img083.jpg,pg6_8,pg,train,10
6583,pg6_8_img084.jpg,pg6_8,pg,train,10
6584,pg6_8_img085.jpg,pg6_8,pg,train,10
6585,pg6_8_img086.jpg,pg6_8,pg,train,10
6586,pg6_8_img087.jpg,pg6_8,pg,train,10
6587,pg6_8_img088.jpg,pg6_8,pg,train,10
6588,pg6_8_img089.jpg,pg6_8,pg,train,10
6589,pg6_8_img090.jpg,pg6_8,pg,train,10
6590,pg6_8_img091.jpg,pg6_8,pg,train,10
6591,pg6_8_img092.jpg,pg6_8,pg,train,10
6592,pg6_8_img093.jpg,pg6_8,pg,train,10
6593,pg6_8_img094.jpg,pg6_8,pg,train,10
6594,pg6_8_img095.jpg,pg6_8,pg,train,10
6595,pg6_8_img096.jpg,pg6_8,pg,train,10
6596,pg6_8_img097.jpg,pg6_8,pg,train,10
6597,pg6_9_img001.jpg,pg6_9,pg,train,10
6598,pg6_9_img002.jpg,pg6_9,pg,train,10
6599,pg6_9_img003.jpg,pg6_9,pg,train,10
6600,pg6_9_img004.jpg,pg6_9,pg,train,10
6601,pg6_9_img005.jpg,pg6_9,pg,train,10
6602,pg6_9_img006.jpg,pg6_9,pg,train,10
6603,pg6_9_img007.jpg,pg6_9,pg,train,10
6604,pg6_9_img008.jpg,pg6_9,pg,train,10
6605,pg6_9_img009.jpg,pg6_9,pg,train,10
6606,pg6_9_img010.jpg,pg6_9,pg,train,10
6607,pg6_9_img011.jpg,pg6_9,pg,train,10
6608,pg6_9_img012.jpg,pg6_9,pg,train,10
6609,pg6_9_img013.jpg,pg6_9,pg,train,10
6610,pg6_9_img014.jpg,pg6_9,pg,train,10
6611,pg6_9_img015.jpg,pg6_9,pg,train,10
6612,pg6_9_img016.jpg,pg6_9,pg,train,10
6613,pg6_9_img017.jpg,pg6_9,pg,train,10
6614,pg6_9_img018.jpg,pg6_9,pg,train,10
6615,pg6_9_img019.jpg,pg6_9,pg,train,10
6616,pg6_9_img020.jpg,pg6_9,pg,train,10
6617,pg6_9_img021.jpg,pg6_9,pg,train,10
6618,pg6_9_img022.jpg,pg6_9,pg,train,10
6619,pg6_9_img023.jpg,pg6_9,pg,train,10
6620,pg6_9_img024.jpg,pg6_9,pg,train,10
6621,pg6_9_img025.jpg,pg6_9,pg,train,10
6622,pg6_9_img026.jpg,pg6_9,pg,train,10
6623,pg6_9_img027.jpg,pg6_9,pg,train,10
6624,pg6_9_img028.jpg,pg6_9,pg,train,10
6625,pg6_9_img029.jpg,pg6_9,pg,train,10
6626,pg6_9_img030.jpg,pg6_9,pg,train,10
6627,pg6_9_img031.jpg,pg6_9,pg,train,10
6628,pg6_9_img032.jpg,pg6_9,pg,train,10
6629,pg6_9_img033.jpg,pg6_9,pg,train,10
6630,pg6_9_img034.jpg,pg6_9,pg,train,10
6631,pg6_9_img035.jpg,pg6_9,pg,train,10
6632,pg6_9_img036.jpg,pg6_9,pg,train,10
6633,pg6_9_img037.jpg,pg6_9,pg,train,10
6634,pg6_9_img038.jpg,pg6_9,pg,train,10
6635,pg6_9_img039.jpg,pg6_9,pg,train,10
6636,pg6_9_img040.jpg,pg6_9,pg,train,10
6637,pg6_9_img041.jpg,pg6_9,pg,train,10
6638,pg6_9_img042.jpg,pg6_9,pg,train,10
6639,pg6_9_img043.jpg,pg6_9,pg,train,10
6640,pg6_9_img044.jpg,pg6_9,pg,train,10
6641,pg6_9_img045.jpg,pg6_9,pg,train,10
6642,pg6_9_img046.jpg,pg6_9,pg,train,10
6643,pg6_9_img047.jpg,pg6_9,pg,train,10
6644,pg6_9_img048.jpg,pg6_9,pg,train,10
6645,pg6_9_img049.jpg,pg6_9,pg,train,10
6646,pg6_9_img050.jpg,pg6_9,pg,train,10
6647,pg6_9_img051.jpg,pg6_9,pg,train,10
6648,pg6_9_img052.jpg,pg6_9,pg,train,10
6649,pg6_9_img053.jpg,pg6_9,pg,train,10
6650,pg6_9_img054.jpg,pg6_9,pg,train,10
6651,pg6_9_img055.jpg,pg6_9,pg,train,10
6652,pg6_9_img056.jpg,pg6_9,pg,train,10
6653,pg6_9_img057.jpg,pg6_9,pg,train,10
6654,pg6_9_img058.jpg,pg6_9,pg,train,10
6655,pg6_9_img059.jpg,pg6_9,pg,train,10
6656,pg6_9_img060.jpg,pg6_9,pg,train,10
6657,pg6_9_img061.jpg,pg6_9,pg,train,10
6658,pg6_9_img062.jpg,pg6_9,pg,train,10
6659,pg6_9_img063.jpg,pg6_9,pg,train,10
6660,pg6_9_img064.jpg,pg6_9,pg,train,10
6661,pg6_9_img065.jpg,pg6_9,pg,train,10
6662,pg6_9_img066.jpg,pg6_9,pg,train,10
6663,pg6_9_img067.jpg,pg6_9,pg,train,10
6664,pg6_9_img068.jpg,pg6_9,pg,train,10
6665,pg6_9_img069.jpg,pg6_9,pg,train,10
6666,pg6_9_img070.jpg,pg6_9,pg,train,10
6667,pg6_9_img071.jpg,pg6_9,pg,train,10
6668,pg6_9_img072.jpg,pg6_9,pg,train,10
6669,pg6_9_img073.jpg,pg6_9,pg,train,10
6670,pg6_9_img074.jpg,pg6_9,pg,train,10
6671,pg6_9_img075.jpg,pg6_9,pg,train,10
6672,pg6_9_img076.jpg,pg6_9,pg,train,10
6673,pg6_9_img077.jpg,pg6_9,pg,train,10
6674,pg6_9_img078.jpg,pg6_9,pg,train,10
6675,pg6_9_img079.jpg,pg6_9,pg,train,10
6676,pg6_9_img080.jpg,pg6_9,pg,train,10
6677,pg6_9_img081.jpg,pg6_9,pg,train,10
6678,pg6_9_img082.jpg,pg6_9,pg,train,10
6679,pg6_9_img083.jpg,pg6_9,pg,train,10
6680,pg6_9_img084.jpg,pg6_9,pg,train,10
6681,pg6_9_img085.jpg,pg6_9,pg,train,10
6682,pg6_9_img086.jpg,pg6_9,pg,train,10
6683,pg6_9_img087.jpg,pg6_9,pg,train,10
6684,pg6_9_img088.jpg,pg6_9,pg,train,10
6685,pg6_9_img089.jpg,pg6_9,pg,train,10
6686,pg6_9_img090.jpg,pg6_9,pg,train,10
6687,pg6_9_img091.jpg,pg6_9,pg,train,10
6688,pg6_9_img092.jpg,pg6_9,pg,train,10
6689,pg6_9_img093.jpg,pg6_9,pg,train,10
6690,pg6_9_img094.jpg,pg6_9,pg,train,10
6691,pg6_9_img095.jpg,pg6_9,pg,train,10
6692,pg6_9_img096.jpg,pg6_9,pg,train,10
6693,pg6_9_img097.jpg,pg6_9,pg,train,10
6694,pg7_10_img001.jpg,pg7_10,pg,val,10
6695,pg7_10_img002.jpg,pg7_10,pg,val,10
6696,pg7_10_img003.jpg,pg7_10,pg,val,10
6697,pg7_10_img004.jpg,pg7_10,pg,val,10
6698,pg7_10_img005.jpg,pg7_10,pg,val,10
6699,pg7_10_img006.jpg,pg7_10,pg,val,10
6700,pg7_10_img007.jpg,pg7_10,pg,val,10
6701,pg7_10_img008.jpg,pg7_10,pg,val,10
6702,pg7_10_img009.jpg,pg7_10,pg,val,10
6703,pg7_10_img010.jpg,pg7_10,pg,val,10
6704,pg7_10_img011.jpg,pg7_10,pg,val,10
6705,pg7_10_img012.jpg,pg7_10,pg,val,10
6706,pg7_10_img013.jpg,pg7_10,pg,val,10
6707,pg7_10_img014.jpg,pg7_10,pg,val,10
6708,pg7_10_img015.jpg,pg7_10,pg,val,10
6709,pg7_10_img016.jpg,pg7_10,pg,val,10
6710,pg7_10_img017.jpg,pg7_10,pg,val,10
6711,pg7_10_img018.jpg,pg7_10,pg,val,10
6712,pg7_10_img019.jpg,pg7_10,pg,val,10
6713,pg7_10_img020.jpg,pg7_10,pg,val,10
6714,pg7_10_img021.jpg,pg7_10,pg,val,10
6715,pg7_10_img022.jpg,pg7_10,pg,val,10
6716,pg7_10_img023.jpg,pg7_10,pg,val,10
6717,pg7_10_img024.jpg,pg7_10,pg,val,10
6718,pg7_10_img025.jpg,pg7_10,pg,val,10
6719,pg7_10_img026.jpg,pg7_10,pg,val,10
6720,pg7_10_img027.jpg,pg7_10,pg,val,10
6721,pg7_10_img028.jpg,pg7_10,pg,val,10
6722,pg7_10_img029.jpg,pg7_10,pg,val,10
6723,pg7_10_img030.jpg,pg7_10,pg,val,10
6724,pg7_10_img031.jpg,pg7_10,pg,val,10
6725,pg7_10_img032.jpg,pg7_10,pg,val,10
6726,pg7_10_img033.jpg,pg7_10,pg,val,10
6727,pg7_10_img034.jpg,pg7_10,pg,val,10
6728,pg7_10_img035.jpg,pg7_10,pg,val,10
6729,pg7_10_img036.jpg,pg7_10,pg,val,10
6730,pg7_10_img037.jpg,pg7_10,pg,val,10
6731,pg7_10_img038.jpg,pg7_10,pg,val,10
6732,pg7_10_img039.jpg,pg7_10,pg,val,10
6733,pg7_10_img040.jpg,pg7_10,pg,val,10
6734,pg7_10_img041.jpg,pg7_10,pg,val,10
6735,pg7_10_img042.jpg,pg7_10,pg,val,10
6736,pg7_10_img043.jpg,pg7_10,pg,val,10
6737,pg7_10_img044.jpg,pg7_10,pg,val,10
6738,pg7_10_img045.jpg,pg7_10,pg,val,10
6739,pg7_10_img046.jpg,pg7_10,pg,val,10
6740,pg7_10_img047.jpg,pg7_10,pg,val,10
6741,pg7_10_img048.jpg,pg7_10,pg,val,10
6742,pg7_10_img049.jpg,pg7_10,pg,val,10
6743,pg7_10_img050.jpg,pg7_10,pg,val,10
6744,pg7_10_img051.jpg,pg7_10,pg,val,10
6745,pg7_10_img052.jpg,pg7_10,pg,val,10
6746,pg7_10_img053.jpg,pg7_10,pg,val,10
6747,pg7_10_img054.jpg,pg7_10,pg,val,10
6748,pg7_10_img055.jpg,pg7_10,pg,val,10
6749,pg7_10_img056.jpg,pg7_10,pg,val,10
6750,pg7_10_img057.jpg,pg7_10,pg,val,10
6751,pg7_10_img058.jpg,pg7_10,pg,val,10
6752,pg7_10_img059.jpg,pg7_10,pg,val,10
6753,pg7_10_img060.jpg,pg7_10,pg,val,10
6754,pg7_10_img061.jpg,pg7_10,pg,val,10
6755,pg7_10_img062.jpg,pg7_10,pg,val,10
6756,pg7_10_img063.jpg,pg7_10,pg,val,10
6757,pg7_10_img064.jpg,pg7_10,pg,val,10
6758,pg7_10_img065.jpg,pg7_10,pg,val,10
6759,pg7_10_img066.jpg,pg7_10,pg,val,10
6760,pg7_10_img067.jpg,pg7_10,pg,val,10
6761,pg7_10_img068.jpg,pg7_10,pg,val,10
6762,pg7_10_img069.jpg,pg7_10,pg,val,10
6763,pg7_10_img070.jpg,pg7_10,pg,val,10
6764,pg7_10_img071.jpg,pg7_10,pg,val,10
6765,pg7_10_img072.jpg,pg7_10,pg,val,10
6766,pg7_10_img073.jpg,pg7_10,pg,val,10
6767,pg7_10_img074.jpg,pg7_10,pg,val,10
6768,pg7_10_img075.jpg,pg7_10,pg,val,10
6769,pg7_10_img076.jpg,pg7_10,pg,val,10
6770,pg7_10_img077.jpg,pg7_10,pg,val,10
6771,pg7_10_img078.jpg,pg7_10,pg,val,10
6772,pg7_10_img079.jpg,pg7_10,pg,val,10
6773,pg7_10_img080.jpg,pg7_10,pg,val,10
6774,pg7_10_img081.jpg,pg7_10,pg,val,10
6775,pg7_10_img082.jpg,pg7_10,pg,val,10
6776,pg7_10_img083.jpg,pg7_10,pg,val,10
6777,pg7_10_img084.jpg,pg7_10,pg,val,10
6778,pg7_10_img085.jpg,pg7_10,pg,val,10
6779,pg7_10_img086.jpg,pg7_10,pg,val,10
6780,pg7_10_img087.jpg,pg7_10,pg,val,10
6781,pg7_10_img088.jpg,pg7_10,pg,val,10
6782,pg7_10_img089.jpg,pg7_10,pg,val,10
6783,pg7_10_img090.jpg,pg7_10,pg,val,10
6784,pg7_10_img091.jpg,pg7_10,pg,val,10
6785,pg7_10_img092.jpg,pg7_10,pg,val,10
6786,pg7_10_img093.jpg,pg7_10,pg,val,10
6787,pg7_10_img094.jpg,pg7_10,pg,val,10
6788,pg7_10_img095.jpg,pg7_10,pg,val,10
6789,pg7_10_img096.jpg,pg7_10,pg,val,10
6790,pg7_10_img097.jpg,pg7_10,pg,val,10
6791,pg7_11_img001.jpg,pg7_11,pg,train,10
6792,pg7_11_img002.jpg,pg7_11,pg,train,10
6793,pg7_11_img003.jpg,pg7_11,pg,train,10
6794,pg7_11_img004.jpg,pg7_11,pg,train,10
6795,pg7_11_img005.jpg,pg7_11,pg,train,10
6796,pg7_11_img006.jpg,pg7_11,pg,train,10
6797,pg7_11_img007.jpg,pg7_11,pg,train,10
6798,pg7_11_img008.jpg,pg7_11,pg,train,10
6799,pg7_11_img009.jpg,pg7_11,pg,train,10
6800,pg7_11_img010.jpg,pg7_11,pg,train,10
6801,pg7_11_img011.jpg,pg7_11,pg,train,10
6802,pg7_11_img012.jpg,pg7_11,pg,train,10
6803,pg7_11_img013.jpg,pg7_11,pg,train,10
6804,pg7_11_img014.jpg,pg7_11,pg,train,10
6805,pg7_11_img015.jpg,pg7_11,pg,train,10
6806,pg7_11_img016.jpg,pg7_11,pg,train,10
6807,pg7_11_img017.jpg,pg7_11,pg,train,10
6808,pg7_11_img018.jpg,pg7_11,pg,train,10
6809,pg7_11_img019.jpg,pg7_11,pg,train,10
6810,pg7_11_img020.jpg,pg7_11,pg,train,10
6811,pg7_11_img021.jpg,pg7_11,pg,train,10
6812,pg7_11_img022.jpg,pg7_11,pg,train,10
6813,pg7_11_img023.jpg,pg7_11,pg,train,10
6814,pg7_11_img024.jpg,pg7_11,pg,train,10
6815,pg7_11_img025.jpg,pg7_11,pg,train,10
6816,pg7_11_img026.jpg,pg7_11,pg,train,10
6817,pg7_11_img027.jpg,pg7_11,pg,train,10
6818,pg7_11_img028.jpg,pg7_11,pg,train,10
6819,pg7_11_img029.jpg,pg7_11,pg,train,10
6820,pg7_11_img030.jpg,pg7_11,pg,train,10
6821,pg7_11_img031.jpg,pg7_11,pg,train,10
6822,pg7_11_img032.jpg,pg7_11,pg,train,10
6823,pg7_11_img033.jpg,pg7_11,pg,train,10
6824,pg7_11_img034.jpg,pg7_11,pg,train,10
6825,pg7_11_img035.jpg,pg7_11,pg,train,10
6826,pg7_11_img036.jpg,pg7_11,pg,train,10
6827,pg7_11_img037.jpg,pg7_11,pg,train,10
6828,pg7_11_img038.jpg,pg7_11,pg,train,10
6829,pg7_11_img039.jpg,pg7_11,pg,train,10
6830,pg7_11_img040.jpg,pg7_11,pg,train,10
6831,pg7_11_img041.jpg,pg7_11,pg,train,10
6832,pg7_11_img042.jpg,pg7_11,pg,train,10
6833,pg7_11_img043.jpg,pg7_11,pg,train,10
6834,pg7_11_img044.jpg,pg7_11,pg,train,10
6835,pg7_11_img045.jpg,pg7_11,pg,train,10
6836,pg7_11_img046.jpg,pg7_11,pg,train,10
6837,pg7_11_img047.jpg,pg7_11,pg,train,10
6838,pg7_11_img048.jpg,pg7_11,pg,train,10
6839,pg7_11_img049.jpg,pg7_11,pg,train,10
6840,pg7_11_img050.jpg,pg7_11,pg,train,10
6841,pg7_11_img051.jpg,pg7_11,pg,train,10
6842,pg7_11_img052.jpg,pg7_11,pg,train,10
6843,pg7_11_img053.jpg,pg7_11,pg,train,10
6844,pg7_11_img054.jpg,pg7_11,pg,train,10
6845,pg7_11_img055.jpg,pg7_11,pg,train,10
6846,pg7_11_img056.jpg,pg7_11,pg,train,10
6847,pg7_11_img057.jpg,pg7_11,pg,train,10
6848,pg7_11_img058.jpg,pg7_11,pg,train,10
6849,pg7_11_img059.jpg,pg7_11,pg,train,10
6850,pg7_11_img060.jpg,pg7_11,pg,train,10
6851,pg7_11_img061.jpg,pg7_11,pg,train,10
6852,pg7_11_img062.jpg,pg7_11,pg,train,10
6853,pg7_11_img063.jpg,pg7_11,pg,train,10
6854,pg7_11_img064.jpg,pg7_11,pg,train,10
6855,pg7_11_img065.jpg,pg7_11,pg,train,10
6856,pg7_11_img066.jpg,pg7_11,pg,train,10
6857,pg7_11_img067.jpg,pg7_11,pg,train,10
6858,pg7_11_img068.jpg,pg7_11,pg,train,10
6859,pg7_11_img069.jpg,pg7_11,pg,train,10
6860,pg7_11_img070.jpg,pg7_11,pg,train,10
6861,pg7_11_img071.jpg,pg7_11,pg,train,10
6862,pg7_11_img072.jpg,pg7_11,pg,train,10
6863,pg7_11_img073.jpg,pg7_11,pg,train,10
6864,pg7_11_img074.jpg,pg7_11,pg,train,10
6865,pg7_11_img075.jpg,pg7_11,pg,train,10
6866,pg7_11_img076.jpg,pg7_11,pg,train,10
6867,pg7_11_img077.jpg,pg7_11,pg,train,10
6868,pg7_11_img078.jpg,pg7_11,pg,train,10
6869,pg7_11_img079.jpg,pg7_11,pg,train,10
6870,pg7_11_img080.jpg,pg7_11,pg,train,10
6871,pg7_11_img081.jpg,pg7_11,pg,train,10
6872,pg7_11_img082.jpg,pg7_11,pg,train,10
6873,pg7_11_img083.jpg,pg7_11,pg,train,10
6874,pg7_11_img084.jpg,pg7_11,pg,train,10
6875,pg7_11_img085.jpg,pg7_11,pg,train,10
6876,pg7_11_img086.jpg,pg7_11,pg,train,10
6877,pg7_11_img087.jpg,pg7_11,pg,train,10
6878,pg7_11_img088.jpg,pg7_11,pg,train,10
6879,pg7_11_img089.jpg,pg7_11,pg,train,10
6880,pg7_11_img090.jpg,pg7_11,pg,train,10
6881,pg7_11_img091.jpg,pg7_11,pg,train,10
6882,pg7_11_img092.jpg,pg7_11,pg,train,10
6883,pg7_11_img093.jpg,pg7_11,pg,train,10
6884,pg7_11_img094.jpg,pg7_11,pg,train,10
6885,pg7_11_img095.jpg,pg7_11,pg,train,10
6886,pg7_11_img096.jpg,pg7_11,pg,train,10
6887,pg7_11_img097.jpg,pg7_11,pg,train,10
6888,pg7_12_img001.jpg,pg7_12,pg,train,10
6889,pg7_12_img002.jpg,pg7_12,pg,train,10
6890,pg7_12_img003.jpg,pg7_12,pg,train,10
6891,pg7_12_img004.jpg,pg7_12,pg,train,10
6892,pg7_12_img005.jpg,pg7_12,pg,train,10
6893,pg7_12_img006.jpg,pg7_12,pg,train,10
6894,pg7_12_img007.jpg,pg7_12,pg,train,10
6895,pg7_12_img008.jpg,pg7_12,pg,train,10
6896,pg7_12_img009.jpg,pg7_12,pg,train,10
6897,pg7_12_img010.jpg,pg7_12,pg,train,10
6898,pg7_12_img011.jpg,pg7_12,pg,train,10
6899,pg7_12_img012.jpg,pg7_12,pg,train,10
6900,pg7_12_img013.jpg,pg7_12,pg,train,10
6901,pg7_12_img014.jpg,pg7_12,pg,train,10
6902,pg7_12_img015.jpg,pg7_12,pg,train,10
6903,pg7_12_img016.jpg,pg7_12,pg,train,10
6904,pg7_12_img017.jpg,pg7_12,pg,train,10
6905,pg7_12_img018.jpg,pg7_12,pg,train,10
6906,pg7_12_img019.jpg,pg7_12,pg,train,10
6907,pg7_12_img020.jpg,pg7_12,pg,train,10
6908,pg7_12_img021.jpg,pg7_12,pg,train,10
6909,pg7_12_img022.jpg,pg7_12,pg,train,10
6910,pg7_12_img023.jpg,pg7_12,pg,train,10
6911,pg7_12_img024.jpg,pg7_12,pg,train,10
6912,pg7_12_img025.jpg,pg7_12,pg,train,10
6913,pg7_12_img026.jpg,pg7_12,pg,train,10
6914,pg7_12_img027.jpg,pg7_12,pg,train,10
6915,pg7_12_img028.jpg,pg7_12,pg,train,10
6916,pg7_12_img029.jpg,pg7_12,pg,train,10
6917,pg7_12_img030.jpg,pg7_12,pg,train,10
6918,pg7_12_img031.jpg,pg7_12,pg,train,10
6919,pg7_12_img032.jpg,pg7_12,pg,train,10
6920,pg7_12_img033.jpg,pg7_12,pg,train,10
6921,pg7_12_img034.jpg,pg7_12,pg,train,10
6922,pg7_12_img035.jpg,pg7_12,pg,train,10
6923,pg7_12_img036.jpg,pg7_12,pg,train,10
6924,pg7_12_img037.jpg,pg7_12,pg,train,10
6925,pg7_12_img038.jpg,pg7_12,pg,train,10
6926,pg7_12_img039.jpg,pg7_12,pg,train,10
6927,pg7_12_img040.jpg,pg7_12,pg,train,10
6928,pg7_12_img041.jpg,pg7_12,pg,train,10
6929,pg7_12_img042.jpg,pg7_12,pg,train,10
6930,pg7_12_img043.jpg,pg7_12,pg,train,10
6931,pg7_12_img044.jpg,pg7_12,pg,train,10
6932,pg7_12_img045.jpg,pg7_12,pg,train,10
6933,pg7_12_img046.jpg,pg7_12,pg,train,10
6934,pg7_12_img047.jpg,pg7_12,pg,train,10
6935,pg7_12_img048.jpg,pg7_12,pg,train,10
6936,pg7_12_img049.jpg,pg7_12,pg,train,10
6937,pg7_12_img050.jpg,pg7_12,pg,train,10
6938,pg7_12_img051.jpg,pg7_12,pg,train,10
6939,pg7_12_img052.jpg,pg7_12,pg,train,10
6940,pg7_12_img053.jpg,pg7_12,pg,train,10
6941,pg7_12_img054.jpg,pg7_12,pg,train,10
6942,pg7_12_img055.jpg,pg7_12,pg,train,10
6943,pg7_12_img056.jpg,pg7_12,pg,train,10
6944,pg7_12_img057.jpg,pg7_12,pg,train,10
6945,pg7_12_img058.jpg,pg7_12,pg,train,10
6946,pg7_12_img059.jpg,pg7_12,pg,train,10
6947,pg7_12_img060.jpg,pg7_12,pg,train,10
6948,pg7_12_img061.jpg,pg7_12,pg,train,10
6949,pg7_12_img062.jpg,pg7_12,pg,train,10
6950,pg7_12_img063.jpg,pg7_12,pg,train,10
6951,pg7_12_img064.jpg,pg7_12,pg,train,10
6952,pg7_12_img065.jpg,pg7_12,pg,train,10
6953,pg7_12_img066.jpg,pg7_12,pg,train,10
6954,pg7_12_img067.jpg,pg7_12,pg,train,10
6955,pg7_12_img068.jpg,pg7_12,pg,train,10
6956,pg7_12_img069.jpg,pg7_12,pg,train,10
6957,pg7_12_img070.jpg,pg7_12,pg,train,10
6958,pg7_12_img071.jpg,pg7_12,pg,train,10
6959,pg7_12_img072.jpg,pg7_12,pg,train,10
6960,pg7_12_img073.jpg,pg7_12,pg,train,10
6961,pg7_12_img074.jpg,pg7_12,pg,train,10
6962,pg7_12_img075.jpg,pg7_12,pg,train,10
6963,pg7_12_img076.jpg,pg7_12,pg,train,10
6964,pg7_12_img077.jpg,pg7_12,pg,train,10
6965,pg7_12_img078.jpg,pg7_12,pg,train,10
6966,pg7_12_img079.jpg,pg7_12,pg,train,10
6967,pg7_12_img080.jpg,pg7_12,pg,train,10
6968,pg7_12_img081.jpg,pg7_12,pg,train,10
6969,pg7_12_img082.jpg,pg7_12,pg,train,10
6970,pg7_12_img083.jpg,pg7_12,pg,train,10
6971,pg7_12_img084.jpg,pg7_12,pg,train,10
6972,pg7_12_img085.jpg,pg7_12,pg,train,10
6973,pg7_12_img086.jpg,pg7_12,pg,train,10
6974,pg7_12_img087.jpg,pg7_12,pg,train,10
6975,pg7_12_img088.jpg,pg7_12,pg,train,10
6976,pg7_12_img089.jpg,pg7_12,pg,train,10
6977,pg7_12_img090.jpg,pg7_12,pg,train,10
6978,pg7_12_img091.jpg,pg7_12,pg,train,10
6979,pg7_12_img092.jpg,pg7_12,pg,train,10
6980,pg7_12_img093.jpg,pg7_12,pg,train,10
6981,pg7_12_img094.jpg,pg7_12,pg,train,10
6982,pg7_12_img095.jpg,pg7_12,pg,train,10
6983,pg7_12_img096.jpg,pg7_12,pg,train,10
6984,pg7_12_img097.jpg,pg7_12,pg,train,10
6985,pg7_1_img001.jpg,pg7_1,pg,val,10
6986,pg7_1_img002.jpg,pg7_1,pg,val,10
6987,pg7_1_img003.jpg,pg7_1,pg,val,10
6988,pg7_1_img004.jpg,pg7_1,pg,val,10
6989,pg7_1_img005.jpg,pg7_1,pg,val,10
6990,pg7_1_img006.jpg,pg7_1,pg,val,10
6991,pg7_1_img007.jpg,pg7_1,pg,val,10
6992,pg7_1_img008.jpg,pg7_1,pg,val,10
6993,pg7_1_img009.jpg,pg7_1,pg,val,10
6994,pg7_1_img010.jpg,pg7_1,pg,val,10
6995,pg7_1_img011.jpg,pg7_1,pg,val,10
6996,pg7_1_img012.jpg,pg7_1,pg,val,10
6997,pg7_1_img013.jpg,pg7_1,pg,val,10
6998,pg7_1_img014.jpg,pg7_1,pg,val,10
6999,pg7_1_img015.jpg,pg7_1,pg,val,10
7000,pg7_1_img016.jpg,pg7_1,pg,val,10
7001,pg7_1_img017.jpg,pg7_1,pg,val,10
7002,pg7_1_img018.jpg,pg7_1,pg,val,10
7003,pg7_1_img019.jpg,pg7_1,pg,val,10
7004,pg7_1_img020.jpg,pg7_1,pg,val,10
7005,pg7_1_img021.jpg,pg7_1,pg,val,10
7006,pg7_1_img022.jpg,pg7_1,pg,val,10
7007,pg7_1_img023.jpg,pg7_1,pg,val,10
7008,pg7_1_img024.jpg,pg7_1,pg,val,10
7009,pg7_1_img025.jpg,pg7_1,pg,val,10
7010,pg7_1_img026.jpg,pg7_1,pg,val,10
7011,pg7_1_img027.jpg,pg7_1,pg,val,10
7012,pg7_1_img028.jpg,pg7_1,pg,val,10
7013,pg7_1_img029.jpg,pg7_1,pg,val,10
7014,pg7_1_img030.jpg,pg7_1,pg,val,10
7015,pg7_1_img031.jpg,pg7_1,pg,val,10
7016,pg7_1_img032.jpg,pg7_1,pg,val,10
7017,pg7_1_img033.jpg,pg7_1,pg,val,10
7018,pg7_1_img034.jpg,pg7_1,pg,val,10
7019,pg7_1_img035.jpg,pg7_1,pg,val,10
7020,pg7_1_img036.jpg,pg7_1,pg,val,10
7021,pg7_1_img037.jpg,pg7_1,pg,val,10
7022,pg7_1_img038.jpg,pg7_1,pg,val,10
7023,pg7_1_img039.jpg,pg7_1,pg,val,10
7024,pg7_1_img040.jpg,pg7_1,pg,val,10
7025,pg7_1_img041.jpg,pg7_1,pg,val,10
7026,pg7_1_img042.jpg,pg7_1,pg,val,10
7027,pg7_1_img043.jpg,pg7_1,pg,val,10
7028,pg7_1_img044.jpg,pg7_1,pg,val,10
7029,pg7_1_img045.jpg,pg7_1,pg,val,10
7030,pg7_1_img046.jpg,pg7_1,pg,val,10
7031,pg7_1_img047.jpg,pg7_1,pg,val,10
7032,pg7_1_img048.jpg,pg7_1,pg,val,10
7033,pg7_1_img049.jpg,pg7_1,pg,val,10
7034,pg7_1_img050.jpg,pg7_1,pg,val,10
7035,pg7_1_img051.jpg,pg7_1,pg,val,10
7036,pg7_1_img052.jpg,pg7_1,pg,val,10
7037,pg7_1_img053.jpg,pg7_1,pg,val,10
7038,pg7_1_img054.jpg,pg7_1,pg,val,10
7039,pg7_1_img055.jpg,pg7_1,pg,val,10
7040,pg7_1_img056.jpg,pg7_1,pg,val,10
7041,pg7_1_img057.jpg,pg7_1,pg,val,10
7042,pg7_1_img058.jpg,pg7_1,pg,val,10
7043,pg7_1_img059.jpg,pg7_1,pg,val,10
7044,pg7_1_img060.jpg,pg7_1,pg,val,10
7045,pg7_1_img061.jpg,pg7_1,pg,val,10
7046,pg7_1_img062.jpg,pg7_1,pg,val,10
7047,pg7_1_img063.jpg,pg7_1,pg,val,10
7048,pg7_1_img064.jpg,pg7_1,pg,val,10
7049,pg7_1_img065.jpg,pg7_1,pg,val,10
7050,pg7_1_img066.jpg,pg7_1,pg,val,10
7051,pg7_1_img067.jpg,pg7_1,pg,val,10
7052,pg7_1_img068.jpg,pg7_1,pg,val,10
7053,pg7_1_img069.jpg,pg7_1,pg,val,10
7054,pg7_1_img070.jpg,pg7_1,pg,val,10
7055,pg7_1_img071.jpg,pg7_1,pg,val,10
7056,pg7_1_img072.jpg,pg7_1,pg,val,10
7057,pg7_1_img073.jpg,pg7_1,pg,val,10
7058,pg7_1_img074.jpg,pg7_1,pg,val,10
7059,pg7_1_img075.jpg,pg7_1,pg,val,10
7060,pg7_1_img076.jpg,pg7_1,pg,val,10
7061,pg7_1_img077.jpg,pg7_1,pg,val,10
7062,pg7_1_img078.jpg,pg7_1,pg,val,10
7063,pg7_1_img079.jpg,pg7_1,pg,val,10
7064,pg7_1_img080.jpg,pg7_1,pg,val,10
7065,pg7_1_img081.jpg,pg7_1,pg,val,10
7066,pg7_1_img082.jpg,pg7_1,pg,val,10
7067,pg7_1_img083.jpg,pg7_1,pg,val,10
7068,pg7_1_img084.jpg,pg7_1,pg,val,10
7069,pg7_1_img085.jpg,pg7_1,pg,val,10
7070,pg7_1_img086.jpg,pg7_1,pg,val,10
7071,pg7_1_img087.jpg,pg7_1,pg,val,10
7072,pg7_1_img088.jpg,pg7_1,pg,val,10
7073,pg7_1_img089.jpg,pg7_1,pg,val,10
7074,pg7_1_img090.jpg,pg7_1,pg,val,10
7075,pg7_1_img091.jpg,pg7_1,pg,val,10
7076,pg7_1_img092.jpg,pg7_1,pg,val,10
7077,pg7_1_img093.jpg,pg7_1,pg,val,10
7078,pg7_1_img094.jpg,pg7_1,pg,val,10
7079,pg7_1_img095.jpg,pg7_1,pg,val,10
7080,pg7_1_img096.jpg,pg7_1,pg,val,10
7081,pg7_1_img097.jpg,pg7_1,pg,val,10
7082,pg7_2_img001.jpg,pg7_2,pg,train,10
7083,pg7_2_img002.jpg,pg7_2,pg,train,10
7084,pg7_2_img003.jpg,pg7_2,pg,train,10
7085,pg7_2_img004.jpg,pg7_2,pg,train,10
7086,pg7_2_img005.jpg,pg7_2,pg,train,10
7087,pg7_2_img006.jpg,pg7_2,pg,train,10
7088,pg7_2_img007.jpg,pg7_2,pg,train,10
7089,pg7_2_img008.jpg,pg7_2,pg,train,10
7090,pg7_2_img009.jpg,pg7_2,pg,train,10
7091,pg7_2_img010.jpg,pg7_2,pg,train,10
7092,pg7_2_img011.jpg,pg7_2,pg,train,10
7093,pg7_2_img012.jpg,pg7_2,pg,train,10
7094,pg7_2_img013.jpg,pg7_2,pg,train,10
7095,pg7_2_img014.jpg,pg7_2,pg,train,10
7096,pg7_2_img015.jpg,pg7_2,pg,train,10
7097,pg7_2_img016.jpg,pg7_2,pg,train,10
7098,pg7_2_img017.jpg,pg7_2,pg,train,10
7099,pg7_2_img018.jpg,pg7_2,pg,train,10
7100,pg7_2_img019.jpg,pg7_2,pg,train,10
7101,pg7_2_img020.jpg,pg7_2,pg,train,10
7102,pg7_2_img021.jpg,pg7_2,pg,train,10
7103,pg7_2_img022.jpg,pg7_2,pg,train,10
7104,pg7_2_img023.jpg,pg7_2,pg,train,10
7105,pg7_2_img024.jpg,pg7_2,pg,train,10
7106,pg7_2_img025.jpg,pg7_2,pg,train,10
7107,pg7_2_img026.jpg,pg7_2,pg,train,10
7108,pg7_2_img027.jpg,pg7_2,pg,train,10
7109,pg7_2_img028.jpg,pg7_2,pg,train,10
7110,pg7_2_img029.jpg,pg7_2,pg,train,10
7111,pg7_2_img030.jpg,pg7_2,pg,train,10
7112,pg7_2_img031.jpg,pg7_2,pg,train,10
7113,pg7_2_img032.jpg,pg7_2,pg,train,10
7114,pg7_2_img033.jpg,pg7_2,pg,train,10
7115,pg7_2_img034.jpg,pg7_2,pg,train,10
7116,pg7_2_img035.jpg,pg7_2,pg,train,10
7117,pg7_2_img036.jpg,pg7_2,pg,train,10
7118,pg7_2_img037.jpg,pg7_2,pg,train,10
7119,pg7_2_img038.jpg,pg7_2,pg,train,10
7120,pg7_2_img039.jpg,pg7_2,pg,train,10
7121,pg7_2_img040.jpg,pg7_2,pg,train,10
7122,pg7_2_img041.jpg,pg7_2,pg,train,10
7123,pg7_2_img042.jpg,pg7_2,pg,train,10
7124,pg7_2_img043.jpg,pg7_2,pg,train,10
7125,pg7_2_img044.jpg,pg7_2,pg,train,10
7126,pg7_2_img045.jpg,pg7_2,pg,train,10
7127,pg7_2_img046.jpg,pg7_2,pg,train,10
7128,pg7_2_img047.jpg,pg7_2,pg,train,10
7129,pg7_2_img048.jpg,pg7_2,pg,train,10
7130,pg7_2_img049.jpg,pg7_2,pg,train,10
7131,pg7_2_img050.jpg,pg7_2,pg,train,10
7132,pg7_2_img051.jpg,pg7_2,pg,train,10
7133,pg7_2_img052.jpg,pg7_2,pg,train,10
7134,pg7_2_img053.jpg,pg7_2,pg,train,10
7135,pg7_2_img054.jpg,pg7_2,pg,train,10
7136,pg7_2_img055.jpg,pg7_2,pg,train,10
7137,pg7_2_img056.jpg,pg7_2,pg,train,10
7138,pg7_2_img057.jpg,pg7_2,pg,train,10
7139,pg7_2_img058.jpg,pg7_2,pg,train,10
7140,pg7_2_img059.jpg,pg7_2,pg,train,10
7141,pg7_2_img060.jpg,pg7_2,pg,train,10
7142,pg7_2_img061.jpg,pg7_2,pg,train,10
7143,pg7_2_img062.jpg,pg7_2,pg,train,10
7144,pg7_2_img063.jpg,pg7_2,pg,train,10
7145,pg7_2_img064.jpg,pg7_2,pg,train,10
7146,pg7_2_img065.jpg,pg7_2,pg,train,10
7147,pg7_2_img066.jpg,pg7_2,pg,train,10
7148,pg7_2_img067.jpg,pg7_2,pg,train,10
7149,pg7_2_img068.jpg,pg7_2,pg,train,10
7150,pg7_2_img069.jpg,pg7_2,pg,train,10
7151,pg7_2_img070.jpg,pg7_2,pg,train,10
7152,pg7_2_img071.jpg,pg7_2,pg,train,10
7153,pg7_2_img072.jpg,pg7_2,pg,train,10
7154,pg7_2_img073.jpg,pg7_2,pg,train,10
7155,pg7_2_img074.jpg,pg7_2,pg,train,10
7156,pg7_2_img075.jpg,pg7_2,pg,train,10
7157,pg7_2_img076.jpg,pg7_2,pg,train,10
7158,pg7_2_img077.jpg,pg7_2,pg,train,10
7159,pg7_2_img078.jpg,pg7_2,pg,train,10
7160,pg7_2_img079.jpg,pg7_2,pg,train,10
7161,pg7_2_img080.jpg,pg7_2,pg,train,10
7162,pg7_2_img081.jpg,pg7_2,pg,train,10
7163,pg7_2_img082.jpg,pg7_2,pg,train,10
7164,pg7_2_img083.jpg,pg7_2,pg,train,10
7165,pg7_2_img084.jpg,pg7_2,pg,train,10
7166,pg7_2_img085.jpg,pg7_2,pg,train,10
7167,pg7_2_img086.jpg,pg7_2,pg,train,10
7168,pg7_2_img087.jpg,pg7_2,pg,train,10
7169,pg7_2_img088.jpg,pg7_2,pg,train,10
7170,pg7_2_img089.jpg,pg7_2,pg,train,10
7171,pg7_2_img090.jpg,pg7_2,pg,train,10
7172,pg7_2_img091.jpg,pg7_2,pg,train,10
7173,pg7_2_img092.jpg,pg7_2,pg,train,10
7174,pg7_2_img093.jpg,pg7_2,pg,train,10
7175,pg7_2_img094.jpg,pg7_2,pg,train,10
7176,pg7_2_img095.jpg,pg7_2,pg,train,10
7177,pg7_2_img096.jpg,pg7_2,pg,train,10
7178,pg7_2_img097.jpg,pg7_2,pg,train,10
7179,pg7_3_img001.jpg,pg7_3,pg,train,10
7180,pg7_3_img002.jpg,pg7_3,pg,train,10
7181,pg7_3_img003.jpg,pg7_3,pg,train,10
7182,pg7_3_img004.jpg,pg7_3,pg,train,10
7183,pg7_3_img005.jpg,pg7_3,pg,train,10
7184,pg7_3_img006.jpg,pg7_3,pg,train,10
7185,pg7_3_img007.jpg,pg7_3,pg,train,10
7186,pg7_3_img008.jpg,pg7_3,pg,train,10
7187,pg7_3_img009.jpg,pg7_3,pg,train,10
7188,pg7_3_img010.jpg,pg7_3,pg,train,10
7189,pg7_3_img011.jpg,pg7_3,pg,train,10
7190,pg7_3_img012.jpg,pg7_3,pg,train,10
7191,pg7_3_img013.jpg,pg7_3,pg,train,10
7192,pg7_3_img014.jpg,pg7_3,pg,train,10
7193,pg7_3_img015.jpg,pg7_3,pg,train,10
7194,pg7_3_img016.jpg,pg7_3,pg,train,10
7195,pg7_3_img017.jpg,pg7_3,pg,train,10
7196,pg7_3_img018.jpg,pg7_3,pg,train,10
7197,pg7_3_img019.jpg,pg7_3,pg,train,10
7198,pg7_3_img020.jpg,pg7_3,pg,train,10
7199,pg7_3_img021.jpg,pg7_3,pg,train,10
7200,pg7_3_img022.jpg,pg7_3,pg,train,10
7201,pg7_3_img023.jpg,pg7_3,pg,train,10
7202,pg7_3_img024.jpg,pg7_3,pg,train,10
7203,pg7_3_img025.jpg,pg7_3,pg,train,10
7204,pg7_3_img026.jpg,pg7_3,pg,train,10
7205,pg7_3_img027.jpg,pg7_3,pg,train,10
7206,pg7_3_img028.jpg,pg7_3,pg,train,10
7207,pg7_3_img029.jpg,pg7_3,pg,train,10
7208,pg7_3_img030.jpg,pg7_3,pg,train,10
7209,pg7_3_img031.jpg,pg7_3,pg,train,10
7210,pg7_3_img032.jpg,pg7_3,pg,train,10
7211,pg7_3_img033.jpg,pg7_3,pg,train,10
7212,pg7_3_img034.jpg,pg7_3,pg,train,10
7213,pg7_3_img035.jpg,pg7_3,pg,train,10
7214,pg7_3_img036.jpg,pg7_3,pg,train,10
7215,pg7_3_img037.jpg,pg7_3,pg,train,10
7216,pg7_3_img038.jpg,pg7_3,pg,train,10
7217,pg7_3_img039.jpg,pg7_3,pg,train,10
7218,pg7_3_img040.jpg,pg7_3,pg,train,10
7219,pg7_3_img041.jpg,pg7_3,pg,train,10
7220,pg7_3_img042.jpg,pg7_3,pg,train,10
7221,pg7_3_img043.jpg,pg7_3,pg,train,10
7222,pg7_3_img044.jpg,pg7_3,pg,train,10
7223,pg7_3_img045.jpg,pg7_3,pg,train,10
7224,pg7_3_img046.jpg,pg7_3,pg,train,10
7225,pg7_3_img047.jpg,pg7_3,pg,train,10
7226,pg7_3_img048.jpg,pg7_3,pg,train,10
7227,pg7_3_img049.jpg,pg7_3,pg,train,10
7228,pg7_3_img050.jpg,pg7_3,pg,train,10
7229,pg7_3_img051.jpg,pg7_3,pg,train,10
7230,pg7_3_img052.jpg,pg7_3,pg,train,10
7231,pg7_3_img053.jpg,pg7_3,pg,train,10
7232,pg7_3_img054.jpg,pg7_3,pg,train,10
7233,pg7_3_img055.jpg,pg7_3,pg,train,10
7234,pg7_3_img056.jpg,pg7_3,pg,train,10
7235,pg7_3_img057.jpg,pg7_3,pg,train,10
7236,pg7_3_img058.jpg,pg7_3,pg,train,10
7237,pg7_3_img059.jpg,pg7_3,pg,train,10
7238,pg7_3_img060.jpg,pg7_3,pg,train,10
7239,pg7_3_img061.jpg,pg7_3,pg,train,10
7240,pg7_3_img062.jpg,pg7_3,pg,train,10
7241,pg7_3_img063.jpg,pg7_3,pg,train,10
7242,pg7_3_img064.jpg,pg7_3,pg,train,10
7243,pg7_3_img065.jpg,pg7_3,pg,train,10
7244,pg7_3_img066.jpg,pg7_3,pg,train,10
7245,pg7_3_img067.jpg,pg7_3,pg,train,10
7246,pg7_3_img068.jpg,pg7_3,pg,train,10
7247,pg7_3_img069.jpg,pg7_3,pg,train,10
7248,pg7_3_img070.jpg,pg7_3,pg,train,10
7249,pg7_3_img071.jpg,pg7_3,pg,train,10
7250,pg7_3_img072.jpg,pg7_3,pg,train,10
7251,pg7_3_img073.jpg,pg7_3,pg,train,10
7252,pg7_3_img074.jpg,pg7_3,pg,train,10
7253,pg7_3_img075.jpg,pg7_3,pg,train,10
7254,pg7_3_img076.jpg,pg7_3,pg,train,10
7255,pg7_3_img077.jpg,pg7_3,pg,train,10
7256,pg7_3_img078.jpg,pg7_3,pg,train,10
7257,pg7_3_img079.jpg,pg7_3,pg,train,10
7258,pg7_3_img080.jpg,pg7_3,pg,train,10
7259,pg7_3_img081.jpg,pg7_3,pg,train,10
7260,pg7_3_img082.jpg,pg7_3,pg,train,10
7261,pg7_3_img083.jpg,pg7_3,pg,train,10
7262,pg7_3_img084.jpg,pg7_3,pg,train,10
7263,pg7_3_img085.jpg,pg7_3,pg,train,10
7264,pg7_3_img086.jpg,pg7_3,pg,train,10
7265,pg7_3_img087.jpg,pg7_3,pg,train,10
7266,pg7_3_img088.jpg,pg7_3,pg,train,10
7267,pg7_3_img089.jpg,pg7_3,pg,train,10
7268,pg7_3_img090.jpg,pg7_3,pg,train,10
7269,pg7_3_img091.jpg,pg7_3,pg,train,10
7270,pg7_3_img092.jpg,pg7_3,pg,train,10
7271,pg7_3_img093.jpg,pg7_3,pg,train,10
7272,pg7_3_img094.jpg,pg7_3,pg,train,10
7273,pg7_3_img095.jpg,pg7_3,pg,train,10
7274,pg7_3_img096.jpg,pg7_3,pg,train,10
7275,pg7_3_img097.jpg,pg7_3,pg,train,10
7276,pg7_4_img001.jpg,pg7_4,pg,train,10
7277,pg7_4_img002.jpg,pg7_4,pg,train,10
7278,pg7_4_img003.jpg,pg7_4,pg,train,10
7279,pg7_4_img004.jpg,pg7_4,pg,train,10
7280,pg7_4_img005.jpg,pg7_4,pg,train,10
7281,pg7_4_img006.jpg,pg7_4,pg,train,10
7282,pg7_4_img007.jpg,pg7_4,pg,train,10
7283,pg7_4_img008.jpg,pg7_4,pg,train,10
7284,pg7_4_img009.jpg,pg7_4,pg,train,10
7285,pg7_4_img010.jpg,pg7_4,pg,train,10
7286,pg7_4_img011.jpg,pg7_4,pg,train,10
7287,pg7_4_img012.jpg,pg7_4,pg,train,10
7288,pg7_4_img013.jpg,pg7_4,pg,train,10
7289,pg7_4_img014.jpg,pg7_4,pg,train,10
7290,pg7_4_img015.jpg,pg7_4,pg,train,10
7291,pg7_4_img016.jpg,pg7_4,pg,train,10
7292,pg7_4_img017.jpg,pg7_4,pg,train,10
7293,pg7_4_img018.jpg,pg7_4,pg,train,10
7294,pg7_4_img019.jpg,pg7_4,pg,train,10
7295,pg7_4_img020.jpg,pg7_4,pg,train,10
7296,pg7_4_img021.jpg,pg7_4,pg,train,10
7297,pg7_4_img022.jpg,pg7_4,pg,train,10
7298,pg7_4_img023.jpg,pg7_4,pg,train,10
7299,pg7_4_img024.jpg,pg7_4,pg,train,10
7300,pg7_4_img025.jpg,pg7_4,pg,train,10
7301,pg7_4_img026.jpg,pg7_4,pg,train,10
7302,pg7_4_img027.jpg,pg7_4,pg,train,10
7303,pg7_4_img028.jpg,pg7_4,pg,train,10
7304,pg7_4_img029.jpg,pg7_4,pg,train,10
7305,pg7_4_img030.jpg,pg7_4,pg,train,10
7306,pg7_4_img031.jpg,pg7_4,pg,train,10
7307,pg7_4_img032.jpg,pg7_4,pg,train,10
7308,pg7_4_img033.jpg,pg7_4,pg,train,10
7309,pg7_4_img034.jpg,pg7_4,pg,train,10
7310,pg7_4_img035.jpg,pg7_4,pg,train,10
7311,pg7_4_img036.jpg,pg7_4,pg,train,10
7312,pg7_4_img037.jpg,pg7_4,pg,train,10
7313,pg7_4_img038.jpg,pg7_4,pg,train,10
7314,pg7_4_img039.jpg,pg7_4,pg,train,10
7315,pg7_4_img040.jpg,pg7_4,pg,train,10
7316,pg7_4_img041.jpg,pg7_4,pg,train,10
7317,pg7_4_img042.jpg,pg7_4,pg,train,10
7318,pg7_4_img043.jpg,pg7_4,pg,train,10
7319,pg7_4_img044.jpg,pg7_4,pg,train,10
7320,pg7_4_img045.jpg,pg7_4,pg,train,10
7321,pg7_4_img046.jpg,pg7_4,pg,train,10
7322,pg7_4_img047.jpg,pg7_4,pg,train,10
7323,pg7_4_img048.jpg,pg7_4,pg,train,10
7324,pg7_4_img049.jpg,pg7_4,pg,train,10
7325,pg7_4_img050.jpg,pg7_4,pg,train,10
7326,pg7_4_img051.jpg,pg7_4,pg,train,10
7327,pg7_4_img052.jpg,pg7_4,pg,train,10
7328,pg7_4_img053.jpg,pg7_4,pg,train,10
7329,pg7_4_img054.jpg,pg7_4,pg,train,10
7330,pg7_4_img055.jpg,pg7_4,pg,train,10
7331,pg7_4_img056.jpg,pg7_4,pg,train,10
7332,pg7_4_img057.jpg,pg7_4,pg,train,10
7333,pg7_4_img058.jpg,pg7_4,pg,train,10
7334,pg7_4_img059.jpg,pg7_4,pg,train,10
7335,pg7_4_img060.jpg,pg7_4,pg,train,10
7336,pg7_4_img061.jpg,pg7_4,pg,train,10
7337,pg7_4_img062.jpg,pg7_4,pg,train,10
7338,pg7_4_img063.jpg,pg7_4,pg,train,10
7339,pg7_4_img064.jpg,pg7_4,pg,train,10
7340,pg7_4_img065.jpg,pg7_4,pg,train,10
7341,pg7_4_img066.jpg,pg7_4,pg,train,10
7342,pg7_4_img067.jpg,pg7_4,pg,train,10
7343,pg7_4_img068.jpg,pg7_4,pg,train,10
7344,pg7_4_img069.jpg,pg7_4,pg,train,10
7345,pg7_4_img070.jpg,pg7_4,pg,train,10
7346,pg7_4_img071.jpg,pg7_4,pg,train,10
7347,pg7_4_img072.jpg,pg7_4,pg,train,10
7348,pg7_4_img073.jpg,pg7_4,pg,train,10
7349,pg7_4_img074.jpg,pg7_4,pg,train,10
7350,pg7_4_img075.jpg,pg7_4,pg,train,10
7351,pg7_4_img076.jpg,pg7_4,pg,train,10
7352,pg7_4_img077.jpg,pg7_4,pg,train,10
7353,pg7_4_img078.jpg,pg7_4,pg,train,10
7354,pg7_4_img079.jpg,pg7_4,pg,train,10
7355,pg7_4_img080.jpg,pg7_4,pg,train,10
7356,pg7_4_img081.jpg,pg7_4,pg,train,10
7357,pg7_4_img082.jpg,pg7_4,pg,train,10
7358,pg7_4_img083.jpg,pg7_4,pg,train,10
7359,pg7_4_img084.jpg,pg7_4,pg,train,10
7360,pg7_4_img085.jpg,pg7_4,pg,train,10
7361,pg7_4_img086.jpg,pg7_4,pg,train,10
7362,pg7_4_img087.jpg,pg7_4,pg,train,10
7363,pg7_4_img088.jpg,pg7_4,pg,train,10
7364,pg7_4_img089.jpg,pg7_4,pg,train,10
7365,pg7_4_img090.jpg,pg7_4,pg,train,10
7366,pg7_4_img091.jpg,pg7_4,pg,train,10
7367,pg7_4_img092.jpg,pg7_4,pg,train,10
7368,pg7_4_img093.jpg,pg7_4,pg,train,10
7369,pg7_4_img094.jpg,pg7_4,pg,train,10
7370,pg7_4_img095.jpg,pg7_4,pg,train,10
7371,pg7_4_img096.jpg,pg7_4,pg,train,10
7372,pg7_4_img097.jpg,pg7_4,pg,train,10
7373,pg7_5_img001.jpg,pg7_5,pg,train,10
7374,pg7_5_img002.jpg,pg7_5,pg,train,10
7375,pg7_5_img003.jpg,pg7_5,pg,train,10
7376,pg7_5_img004.jpg,pg7_5,pg,train,10
7377,pg7_5_img005.jpg,pg7_5,pg,train,10
7378,pg7_5_img006.jpg,pg7_5,pg,train,10
7379,pg7_5_img007.jpg,pg7_5,pg,train,10
7380,pg7_5_img008.jpg,pg7_5,pg,train,10
7381,pg7_5_img009.jpg,pg7_5,pg,train,10
7382,pg7_5_img010.jpg,pg7_5,pg,train,10
7383,pg7_5_img011.jpg,pg7_5,pg,train,10
7384,pg7_5_img012.jpg,pg7_5,pg,train,10
7385,pg7_5_img013.jpg,pg7_5,pg,train,10
7386,pg7_5_img014.jpg,pg7_5,pg,train,10
7387,pg7_5_img015.jpg,pg7_5,pg,train,10
7388,pg7_5_img016.jpg,pg7_5,pg,train,10
7389,pg7_5_img017.jpg,pg7_5,pg,train,10
7390,pg7_5_img018.jpg,pg7_5,pg,train,10
7391,pg7_5_img019.jpg,pg7_5,pg,train,10
7392,pg7_5_img020.jpg,pg7_5,pg,train,10
7393,pg7_5_img021.jpg,pg7_5,pg,train,10
7394,pg7_5_img022.jpg,pg7_5,pg,train,10
7395,pg7_5_img023.jpg,pg7_5,pg,train,10
7396,pg7_5_img024.jpg,pg7_5,pg,train,10
7397,pg7_5_img025.jpg,pg7_5,pg,train,10
7398,pg7_5_img026.jpg,pg7_5,pg,train,10
7399,pg7_5_img027.jpg,pg7_5,pg,train,10
7400,pg7_5_img028.jpg,pg7_5,pg,train,10
7401,pg7_5_img029.jpg,pg7_5,pg,train,10
7402,pg7_5_img030.jpg,pg7_5,pg,train,10
7403,pg7_5_img031.jpg,pg7_5,pg,train,10
7404,pg7_5_img032.jpg,pg7_5,pg,train,10
7405,pg7_5_img033.jpg,pg7_5,pg,train,10
7406,pg7_5_img034.jpg,pg7_5,pg,train,10
7407,pg7_5_img035.jpg,pg7_5,pg,train,10
7408,pg7_5_img036.jpg,pg7_5,pg,train,10
7409,pg7_5_img037.jpg,pg7_5,pg,train,10
7410,pg7_5_img038.jpg,pg7_5,pg,train,10
7411,pg7_5_img039.jpg,pg7_5,pg,train,10
7412,pg7_5_img040.jpg,pg7_5,pg,train,10
7413,pg7_5_img041.jpg,pg7_5,pg,train,10
7414,pg7_5_img042.jpg,pg7_5,pg,train,10
7415,pg7_5_img043.jpg,pg7_5,pg,train,10
7416,pg7_5_img044.jpg,pg7_5,pg,train,10
7417,pg7_5_img045.jpg,pg7_5,pg,train,10
7418,pg7_5_img046.jpg,pg7_5,pg,train,10
7419,pg7_5_img047.jpg,pg7_5,pg,train,10
7420,pg7_5_img048.jpg,pg7_5,pg,train,10
7421,pg7_5_img049.jpg,pg7_5,pg,train,10
7422,pg7_5_img050.jpg,pg7_5,pg,train,10
7423,pg7_5_img051.jpg,pg7_5,pg,train,10
7424,pg7_5_img052.jpg,pg7_5,pg,train,10
7425,pg7_5_img053.jpg,pg7_5,pg,train,10
7426,pg7_5_img054.jpg,pg7_5,pg,train,10
7427,pg7_5_img055.jpg,pg7_5,pg,train,10
7428,pg7_5_img056.jpg,pg7_5,pg,train,10
7429,pg7_5_img057.jpg,pg7_5,pg,train,10
7430,pg7_5_img058.jpg,pg7_5,pg,train,10
7431,pg7_5_img059.jpg,pg7_5,pg,train,10
7432,pg7_5_img060.jpg,pg7_5,pg,train,10
7433,pg7_5_img061.jpg,pg7_5,pg,train,10
7434,pg7_5_img062.jpg,pg7_5,pg,train,10
7435,pg7_5_img063.jpg,pg7_5,pg,train,10
7436,pg7_5_img064.jpg,pg7_5,pg,train,10
7437,pg7_5_img065.jpg,pg7_5,pg,train,10
7438,pg7_5_img066.jpg,pg7_5,pg,train,10
7439,pg7_5_img067.jpg,pg7_5,pg,train,10
7440,pg7_5_img068.jpg,pg7_5,pg,train,10
7441,pg7_5_img069.jpg,pg7_5,pg,train,10
7442,pg7_5_img070.jpg,pg7_5,pg,train,10
7443,pg7_5_img071.jpg,pg7_5,pg,train,10
7444,pg7_5_img072.jpg,pg7_5,pg,train,10
7445,pg7_5_img073.jpg,pg7_5,pg,train,10
7446,pg7_5_img074.jpg,pg7_5,pg,train,10
7447,pg7_5_img075.jpg,pg7_5,pg,train,10
7448,pg7_5_img076.jpg,pg7_5,pg,train,10
7449,pg7_5_img077.jpg,pg7_5,pg,train,10
7450,pg7_5_img078.jpg,pg7_5,pg,train,10
7451,pg7_5_img079.jpg,pg7_5,pg,train,10
7452,pg7_5_img080.jpg,pg7_5,pg,train,10
7453,pg7_5_img081.jpg,pg7_5,pg,train,10
7454,pg7_5_img082.jpg,pg7_5,pg,train,10
7455,pg7_5_img083.jpg,pg7_5,pg,train,10
7456,pg7_5_img084.jpg,pg7_5,pg,train,10
7457,pg7_5_img085.jpg,pg7_5,pg,train,10
7458,pg7_5_img086.jpg,pg7_5,pg,train,10
7459,pg7_5_img087.jpg,pg7_5,pg,train,10
7460,pg7_5_img088.jpg,pg7_5,pg,train,10
7461,pg7_5_img089.jpg,pg7_5,pg,train,10
7462,pg7_5_img090.jpg,pg7_5,pg,train,10
7463,pg7_5_img091.jpg,pg7_5,pg,train,10
7464,pg7_5_img092.jpg,pg7_5,pg,train,10
7465,pg7_5_img093.jpg,pg7_5,pg,train,10
7466,pg7_5_img094.jpg,pg7_5,pg,train,10
7467,pg7_5_img095.jpg,pg7_5,pg,train,10
7468,pg7_5_img096.jpg,pg7_5,pg,train,10
7469,pg7_5_img097.jpg,pg7_5,pg,train,10
7470,pg7_6_img001.jpg,pg7_6,pg,train,10
7471,pg7_6_img002.jpg,pg7_6,pg,train,10
7472,pg7_6_img003.jpg,pg7_6,pg,train,10
7473,pg7_6_img004.jpg,pg7_6,pg,train,10
7474,pg7_6_img005.jpg,pg7_6,pg,train,10
7475,pg7_6_img006.jpg,pg7_6,pg,train,10
7476,pg7_6_img007.jpg,pg7_6,pg,train,10
7477,pg7_6_img008.jpg,pg7_6,pg,train,10
7478,pg7_6_img009.jpg,pg7_6,pg,train,10
7479,pg7_6_img010.jpg,pg7_6,pg,train,10
7480,pg7_6_img011.jpg,pg7_6,pg,train,10
7481,pg7_6_img012.jpg,pg7_6,pg,train,10
7482,pg7_6_img013.jpg,pg7_6,pg,train,10
7483,pg7_6_img014.jpg,pg7_6,pg,train,10
7484,pg7_6_img015.jpg,pg7_6,pg,train,10
7485,pg7_6_img016.jpg,pg7_6,pg,train,10
7486,pg7_6_img017.jpg,pg7_6,pg,train,10
7487,pg7_6_img018.jpg,pg7_6,pg,train,10
7488,pg7_6_img019.jpg,pg7_6,pg,train,10
7489,pg7_6_img020.jpg,pg7_6,pg,train,10
7490,pg7_6_img021.jpg,pg7_6,pg,train,10
7491,pg7_6_img022.jpg,pg7_6,pg,train,10
7492,pg7_6_img023.jpg,pg7_6,pg,train,10
7493,pg7_6_img024.jpg,pg7_6,pg,train,10
7494,pg7_6_img025.jpg,pg7_6,pg,train,10
7495,pg7_6_img026.jpg,pg7_6,pg,train,10
7496,pg7_6_img027.jpg,pg7_6,pg,train,10
7497,pg7_6_img028.jpg,pg7_6,pg,train,10
7498,pg7_6_img029.jpg,pg7_6,pg,train,10
7499,pg7_6_img030.jpg,pg7_6,pg,train,10
7500,pg7_6_img031.jpg,pg7_6,pg,train,10
7501,pg7_6_img032.jpg,pg7_6,pg,train,10
7502,pg7_6_img033.jpg,pg7_6,pg,train,10
7503,pg7_6_img034.jpg,pg7_6,pg,train,10
7504,pg7_6_img035.jpg,pg7_6,pg,train,10
7505,pg7_6_img036.jpg,pg7_6,pg,train,10
7506,pg7_6_img037.jpg,pg7_6,pg,train,10
7507,pg7_6_img038.jpg,pg7_6,pg,train,10
7508,pg7_6_img039.jpg,pg7_6,pg,train,10
7509,pg7_6_img040.jpg,pg7_6,pg,train,10
7510,pg7_6_img041.jpg,pg7_6,pg,train,10
7511,pg7_6_img042.jpg,pg7_6,pg,train,10
7512,pg7_6_img043.jpg,pg7_6,pg,train,10
7513,pg7_6_img044.jpg,pg7_6,pg,train,10
7514,pg7_6_img045.jpg,pg7_6,pg,train,10
7515,pg7_6_img046.jpg,pg7_6,pg,train,10
7516,pg7_6_img047.jpg,pg7_6,pg,train,10
7517,pg7_6_img048.jpg,pg7_6,pg,train,10
7518,pg7_6_img049.jpg,pg7_6,pg,train,10
7519,pg7_6_img050.jpg,pg7_6,pg,train,10
7520,pg7_6_img051.jpg,pg7_6,pg,train,10
7521,pg7_6_img052.jpg,pg7_6,pg,train,10
7522,pg7_6_img053.jpg,pg7_6,pg,train,10
7523,pg7_6_img054.jpg,pg7_6,pg,train,10
7524,pg7_6_img055.jpg,pg7_6,pg,train,10
7525,pg7_6_img056.jpg,pg7_6,pg,train,10
7526,pg7_6_img057.jpg,pg7_6,pg,train,10
7527,pg7_6_img058.jpg,pg7_6,pg,train,10
7528,pg7_6_img059.jpg,pg7_6,pg,train,10
7529,pg7_6_img060.jpg,pg7_6,pg,train,10
7530,pg7_6_img061.jpg,pg7_6,pg,train,10
7531,pg7_6_img062.jpg,pg7_6,pg,train,10
7532,pg7_6_img063.jpg,pg7_6,pg,train,10
7533,pg7_6_img064.jpg,pg7_6,pg,train,10
7534,pg7_6_img065.jpg,pg7_6,pg,train,10
7535,pg7_6_img066.jpg,pg7_6,pg,train,10
7536,pg7_6_img067.jpg,pg7_6,pg,train,10
7537,pg7_6_img068.jpg,pg7_6,pg,train,10
7538,pg7_6_img069.jpg,pg7_6,pg,train,10
7539,pg7_6_img070.jpg,pg7_6,pg,train,10
7540,pg7_6_img071.jpg,pg7_6,pg,train,10
7541,pg7_6_img072.jpg,pg7_6,pg,train,10
7542,pg7_6_img073.jpg,pg7_6,pg,train,10
7543,pg7_6_img074.jpg,pg7_6,pg,train,10
7544,pg7_6_img075.jpg,pg7_6,pg,train,10
7545,pg7_6_img076.jpg,pg7_6,pg,train,10
7546,pg7_6_img077.jpg,pg7_6,pg,train,10
7547,pg7_6_img078.jpg,pg7_6,pg,train,10
7548,pg7_6_img079.jpg,pg7_6,pg,train,10
7549,pg7_6_img080.jpg,pg7_6,pg,train,10
7550,pg7_6_img081.jpg,pg7_6,pg,train,10
7551,pg7_6_img082.jpg,pg7_6,pg,train,10
7552,pg7_6_img083.jpg,pg7_6,pg,train,10
7553,pg7_6_img084.jpg,pg7_6,pg,train,10
7554,pg7_6_img085.jpg,pg7_6,pg,train,10
7555,pg7_6_img086.jpg,pg7_6,pg,train,10
7556,pg7_6_img087.jpg,pg7_6,pg,train,10
7557,pg7_6_img088.jpg,pg7_6,pg,train,10
7558,pg7_6_img089.jpg,pg7_6,pg,train,10
7559,pg7_6_img090.jpg,pg7_6,pg,train,10
7560,pg7_6_img091.jpg,pg7_6,pg,train,10
7561,pg7_6_img092.jpg,pg7_6,pg,train,10
7562,pg7_6_img093.jpg,pg7_6,pg,train,10
7563,pg7_6_img094.jpg,pg7_6,pg,train,10
7564,pg7_6_img095.jpg,pg7_6,pg,train,10
7565,pg7_6_img096.jpg,pg7_6,pg,train,10
7566,pg7_6_img097.jpg,pg7_6,pg,train,10
7567,pg7_7_img001.jpg,pg7_7,pg,train,10
7568,pg7_7_img002.jpg,pg7_7,pg,train,10
7569,pg7_7_img003.jpg,pg7_7,pg,train,10
7570,pg7_7_img004.jpg,pg7_7,pg,train,10
7571,pg7_7_img005.jpg,pg7_7,pg,train,10
7572,pg7_7_img006.jpg,pg7_7,pg,train,10
7573,pg7_7_img007.jpg,pg7_7,pg,train,10
7574,pg7_7_img008.jpg,pg7_7,pg,train,10
7575,pg7_7_img009.jpg,pg7_7,pg,train,10
7576,pg7_7_img010.jpg,pg7_7,pg,train,10
7577,pg7_7_img011.jpg,pg7_7,pg,train,10
7578,pg7_7_img012.jpg,pg7_7,pg,train,10
7579,pg7_7_img013.jpg,pg7_7,pg,train,10
7580,pg7_7_img014.jpg,pg7_7,pg,train,10
7581,pg7_7_img015.jpg,pg7_7,pg,train,10
7582,pg7_7_img016.jpg,pg7_7,pg,train,10
7583,pg7_7_img017.jpg,pg7_7,pg,train,10
7584,pg7_7_img018.jpg,pg7_7,pg,train,10
7585,pg7_7_img019.jpg,pg7_7,pg,train,10
7586,pg7_7_img020.jpg,pg7_7,pg,train,10
7587,pg7_7_img021.jpg,pg7_7,pg,train,10
7588,pg7_7_img022.jpg,pg7_7,pg,train,10
7589,pg7_7_img023.jpg,pg7_7,pg,train,10
7590,pg7_7_img024.jpg,pg7_7,pg,train,10
7591,pg7_7_img025.jpg,pg7_7,pg,train,10
7592,pg7_7_img026.jpg,pg7_7,pg,train,10
7593,pg7_7_img027.jpg,pg7_7,pg,train,10
7594,pg7_7_img028.jpg,pg7_7,pg,train,10
7595,pg7_7_img029.jpg,pg7_7,pg,train,10
7596,pg7_7_img030.jpg,pg7_7,pg,train,10
7597,pg7_7_img031.jpg,pg7_7,pg,train,10
7598,pg7_7_img032.jpg,pg7_7,pg,train,10
7599,pg7_7_img033.jpg,pg7_7,pg,train,10
7600,pg7_7_img034.jpg,pg7_7,pg,train,10
7601,pg7_7_img035.jpg,pg7_7,pg,train,10
7602,pg7_7_img036.jpg,pg7_7,pg,train,10
7603,pg7_7_img037.jpg,pg7_7,pg,train,10
7604,pg7_7_img038.jpg,pg7_7,pg,train,10
7605,pg7_7_img039.jpg,pg7_7,pg,train,10
7606,pg7_7_img040.jpg,pg7_7,pg,train,10
7607,pg7_7_img041.jpg,pg7_7,pg,train,10
7608,pg7_7_img042.jpg,pg7_7,pg,train,10
7609,pg7_7_img043.jpg,pg7_7,pg,train,10
7610,pg7_7_img044.jpg,pg7_7,pg,train,10
7611,pg7_7_img045.jpg,pg7_7,pg,train,10
7612,pg7_7_img046.jpg,pg7_7,pg,train,10
7613,pg7_7_img047.jpg,pg7_7,pg,train,10
7614,pg7_7_img048.jpg,pg7_7,pg,train,10
7615,pg7_7_img049.jpg,pg7_7,pg,train,10
7616,pg7_7_img050.jpg,pg7_7,pg,train,10
7617,pg7_7_img051.jpg,pg7_7,pg,train,10
7618,pg7_7_img052.jpg,pg7_7,pg,train,10
7619,pg7_7_img053.jpg,pg7_7,pg,train,10
7620,pg7_7_img054.jpg,pg7_7,pg,train,10
7621,pg7_7_img055.jpg,pg7_7,pg,train,10
7622,pg7_7_img056.jpg,pg7_7,pg,train,10
7623,pg7_7_img057.jpg,pg7_7,pg,train,10
7624,pg7_7_img058.jpg,pg7_7,pg,train,10
7625,pg7_7_img059.jpg,pg7_7,pg,train,10
7626,pg7_7_img060.jpg,pg7_7,pg,train,10
7627,pg7_7_img061.jpg,pg7_7,pg,train,10
7628,pg7_7_img062.jpg,pg7_7,pg,train,10
7629,pg7_7_img063.jpg,pg7_7,pg,train,10
7630,pg7_7_img064.jpg,pg7_7,pg,train,10
7631,pg7_7_img065.jpg,pg7_7,pg,train,10
7632,pg7_7_img066.jpg,pg7_7,pg,train,10
7633,pg7_7_img067.jpg,pg7_7,pg,train,10
7634,pg7_7_img068.jpg,pg7_7,pg,train,10
7635,pg7_7_img069.jpg,pg7_7,pg,train,10
7636,pg7_7_img070.jpg,pg7_7,pg,train,10
7637,pg7_7_img071.jpg,pg7_7,pg,train,10
7638,pg7_7_img072.jpg,pg7_7,pg,train,10
7639,pg7_7_img073.jpg,pg7_7,pg,train,10
7640,pg7_7_img074.jpg,pg7_7,pg,train,10
7641,pg7_7_img075.jpg,pg7_7,pg,train,10
7642,pg7_7_img076.jpg,pg7_7,pg,train,10
7643,pg7_7_img077.jpg,pg7_7,pg,train,10
7644,pg7_7_img078.jpg,pg7_7,pg,train,10
7645,pg7_7_img079.jpg,pg7_7,pg,train,10
7646,pg7_7_img080.jpg,pg7_7,pg,train,10
7647,pg7_7_img081.jpg,pg7_7,pg,train,10
7648,pg7_7_img082.jpg,pg7_7,pg,train,10
7649,pg7_7_img083.jpg,pg7_7,pg,train,10
7650,pg7_7_img084.jpg,pg7_7,pg,train,10
7651,pg7_7_img085.jpg,pg7_7,pg,train,10
7652,pg7_7_img086.jpg,pg7_7,pg,train,10
7653,pg7_7_img087.jpg,pg7_7,pg,train,10
7654,pg7_7_img088.jpg,pg7_7,pg,train,10
7655,pg7_7_img089.jpg,pg7_7,pg,train,10
7656,pg7_7_img090.jpg,pg7_7,pg,train,10
7657,pg7_7_img091.jpg,pg7_7,pg,train,10
7658,pg7_7_img092.jpg,pg7_7,pg,train,10
7659,pg7_7_img093.jpg,pg7_7,pg,train,10
7660,pg7_7_img094.jpg,pg7_7,pg,train,10
7661,pg7_7_img095.jpg,pg7_7,pg,train,10
7662,pg7_7_img096.jpg,pg7_7,pg,train,10
7663,pg7_7_img097.jpg,pg7_7,pg,train,10
7664,pg7_8_img001.jpg,pg7_8,pg,val,10
7665,pg7_8_img002.jpg,pg7_8,pg,val,10
7666,pg7_8_img003.jpg,pg7_8,pg,val,10
7667,pg7_8_img004.jpg,pg7_8,pg,val,10
7668,pg7_8_img005.jpg,pg7_8,pg,val,10
7669,pg7_8_img006.jpg,pg7_8,pg,val,10
7670,pg7_8_img007.jpg,pg7_8,pg,val,10
7671,pg7_8_img008.jpg,pg7_8,pg,val,10
7672,pg7_8_img009.jpg,pg7_8,pg,val,10
7673,pg7_8_img010.jpg,pg7_8,pg,val,10
7674,pg7_8_img011.jpg,pg7_8,pg,val,10
7675,pg7_8_img012.jpg,pg7_8,pg,val,10
7676,pg7_8_img013.jpg,pg7_8,pg,val,10
7677,pg7_8_img014.jpg,pg7_8,pg,val,10
7678,pg7_8_img015.jpg,pg7_8,pg,val,10
7679,pg7_8_img016.jpg,pg7_8,pg,val,10
7680,pg7_8_img017.jpg,pg7_8,pg,val,10
7681,pg7_8_img018.jpg,pg7_8,pg,val,10
7682,pg7_8_img019.jpg,pg7_8,pg,val,10
7683,pg7_8_img020.jpg,pg7_8,pg,val,10
7684,pg7_8_img021.jpg,pg7_8,pg,val,10
7685,pg7_8_img022.jpg,pg7_8,pg,val,10
7686,pg7_8_img023.jpg,pg7_8,pg,val,10
7687,pg7_8_img024.jpg,pg7_8,pg,val,10
7688,pg7_8_img025.jpg,pg7_8,pg,val,10
7689,pg7_8_img026.jpg,pg7_8,pg,val,10
7690,pg7_8_img027.jpg,pg7_8,pg,val,10
7691,pg7_8_img028.jpg,pg7_8,pg,val,10
7692,pg7_8_img029.jpg,pg7_8,pg,val,10
7693,pg7_8_img030.jpg,pg7_8,pg,val,10
7694,pg7_8_img031.jpg,pg7_8,pg,val,10
7695,pg7_8_img032.jpg,pg7_8,pg,val,10
7696,pg7_8_img033.jpg,pg7_8,pg,val,10
7697,pg7_8_img034.jpg,pg7_8,pg,val,10
7698,pg7_8_img035.jpg,pg7_8,pg,val,10
7699,pg7_8_img036.jpg,pg7_8,pg,val,10
7700,pg7_8_img037.jpg,pg7_8,pg,val,10
7701,pg7_8_img038.jpg,pg7_8,pg,val,10
7702,pg7_8_img039.jpg,pg7_8,pg,val,10
7703,pg7_8_img040.jpg,pg7_8,pg,val,10
7704,pg7_8_img041.jpg,pg7_8,pg,val,10
7705,pg7_8_img042.jpg,pg7_8,pg,val,10
7706,pg7_8_img043.jpg,pg7_8,pg,val,10
7707,pg7_8_img044.jpg,pg7_8,pg,val,10
7708,pg7_8_img045.jpg,pg7_8,pg,val,10
7709,pg7_8_img046.jpg,pg7_8,pg,val,10
7710,pg7_8_img047.jpg,pg7_8,pg,val,10
7711,pg7_8_img048.jpg,pg7_8,pg,val,10
7712,pg7_8_img049.jpg,pg7_8,pg,val,10
7713,pg7_8_img050.jpg,pg7_8,pg,val,10
7714,pg7_8_img051.jpg,pg7_8,pg,val,10
7715,pg7_8_img052.jpg,pg7_8,pg,val,10
7716,pg7_8_img053.jpg,pg7_8,pg,val,10
7717,pg7_8_img054.jpg,pg7_8,pg,val,10
7718,pg7_8_img055.jpg,pg7_8,pg,val,10
7719,pg7_8_img056.jpg,pg7_8,pg,val,10
7720,pg7_8_img057.jpg,pg7_8,pg,val,10
7721,pg7_8_img058.jpg,pg7_8,pg,val,10
7722,pg7_8_img059.jpg,pg7_8,pg,val,10
7723,pg7_8_img060.jpg,pg7_8,pg,val,10
7724,pg7_8_img061.jpg,pg7_8,pg,val,10
7725,pg7_8_img062.jpg,pg7_8,pg,val,10
7726,pg7_8_img063.jpg,pg7_8,pg,val,10
7727,pg7_8_img064.jpg,pg7_8,pg,val,10
7728,pg7_8_img065.jpg,pg7_8,pg,val,10
7729,pg7_8_img066.jpg,pg7_8,pg,val,10
7730,pg7_8_img067.jpg,pg7_8,pg,val,10
7731,pg7_8_img068.jpg,pg7_8,pg,val,10
7732,pg7_8_img069.jpg,pg7_8,pg,val,10
7733,pg7_8_img070.jpg,pg7_8,pg,val,10
7734,pg7_8_img071.jpg,pg7_8,pg,val,10
7735,pg7_8_img072.jpg,pg7_8,pg,val,10
7736,pg7_8_img073.jpg,pg7_8,pg,val,10
7737,pg7_8_img074.jpg,pg7_8,pg,val,10
7738,pg7_8_img075.jpg,pg7_8,pg,val,10
7739,pg7_8_img076.jpg,pg7_8,pg,val,10
7740,pg7_8_img077.jpg,pg7_8,pg,val,10
7741,pg7_8_img078.jpg,pg7_8,pg,val,10
7742,pg7_8_img079.jpg,pg7_8,pg,val,10
7743,pg7_8_img080.jpg,pg7_8,pg,val,10
7744,pg7_8_img081.jpg,pg7_8,pg,val,10
7745,pg7_8_img082.jpg,pg7_8,pg,val,10
7746,pg7_8_img083.jpg,pg7_8,pg,val,10
7747,pg7_8_img084.jpg,pg7_8,pg,val,10
7748,pg7_8_img085.jpg,pg7_8,pg,val,10
7749,pg7_8_img086.jpg,pg7_8,pg,val,10
7750,pg7_8_img087.jpg,pg7_8,pg,val,10
7751,pg7_8_img088.jpg,pg7_8,pg,val,10
7752,pg7_8_img089.jpg,pg7_8,pg,val,10
7753,pg7_8_img090.jpg,pg7_8,pg,val,10
7754,pg7_8_img091.jpg,pg7_8,pg,val,10
7755,pg7_8_img092.jpg,pg7_8,pg,val,10
7756,pg7_8_img093.jpg,pg7_8,pg,val,10
7757,pg7_8_img094.jpg,pg7_8,pg,val,10
7758,pg7_8_img095.jpg,pg7_8,pg,val,10
7759,pg7_8_img096.jpg,pg7_8,pg,val,10
7760,pg7_8_img097.jpg,pg7_8,pg,val,10
7761,pg7_9_img001.jpg,pg7_9,pg,train,10
7762,pg7_9_img002.jpg,pg7_9,pg,train,10
7763,pg7_9_img003.jpg,pg7_9,pg,train,10
7764,pg7_9_img004.jpg,pg7_9,pg,train,10
7765,pg7_9_img005.jpg,pg7_9,pg,train,10
7766,pg7_9_img006.jpg,pg7_9,pg,train,10
7767,pg7_9_img007.jpg,pg7_9,pg,train,10
7768,pg7_9_img008.jpg,pg7_9,pg,train,10
7769,pg7_9_img009.jpg,pg7_9,pg,train,10
7770,pg7_9_img010.jpg,pg7_9,pg,train,10
7771,pg7_9_img011.jpg,pg7_9,pg,train,10
7772,pg7_9_img012.jpg,pg7_9,pg,train,10
7773,pg7_9_img013.jpg,pg7_9,pg,train,10
7774,pg7_9_img014.jpg,pg7_9,pg,train,10
7775,pg7_9_img015.jpg,pg7_9,pg,train,10
7776,pg7_9_img016.jpg,pg7_9,pg,train,10
7777,pg7_9_img017.jpg,pg7_9,pg,train,10
7778,pg7_9_img018.jpg,pg7_9,pg,train,10
7779,pg7_9_img019.jpg,pg7_9,pg,train,10
7780,pg7_9_img020.jpg,pg7_9,pg,train,10
7781,pg7_9_img021.jpg,pg7_9,pg,train,10
7782,pg7_9_img022.jpg,pg7_9,pg,train,10
7783,pg7_9_img023.jpg,pg7_9,pg,train,10
7784,pg7_9_img024.jpg,pg7_9,pg,train,10
7785,pg7_9_img025.jpg,pg7_9,pg,train,10
7786,pg7_9_img026.jpg,pg7_9,pg,train,10
7787,pg7_9_img027.jpg,pg7_9,pg,train,10
7788,pg7_9_img028.jpg,pg7_9,pg,train,10
7789,pg7_9_img029.jpg,pg7_9,pg,train,10
7790,pg7_9_img030.jpg,pg7_9,pg,train,10
7791,pg7_9_img031.jpg,pg7_9,pg,train,10
7792,pg7_9_img032.jpg,pg7_9,pg,train,10
7793,pg7_9_img033.jpg,pg7_9,pg,train,10
7794,pg7_9_img034.jpg,pg7_9,pg,train,10
7795,pg7_9_img035.jpg,pg7_9,pg,train,10
7796,pg7_9_img036.jpg,pg7_9,pg,train,10
7797,pg7_9_img037.jpg,pg7_9,pg,train,10
7798,pg7_9_img038.jpg,pg7_9,pg,train,10
7799,pg7_9_img039.jpg,pg7_9,pg,train,10
7800,pg7_9_img040.jpg,pg7_9,pg,train,10
7801,pg7_9_img041.jpg,pg7_9,pg,train,10
7802,pg7_9_img042.jpg,pg7_9,pg,train,10
7803,pg7_9_img043.jpg,pg7_9,pg,train,10
7804,pg7_9_img044.jpg,pg7_9,pg,train,10
7805,pg7_9_img045.jpg,pg7_9,pg,train,10
7806,pg7_9_img046.jpg,pg7_9,pg,train,10
7807,pg7_9_img047.jpg,pg7_9,pg,train,10
7808,pg7_9_img048.jpg,pg7_9,pg,train,10
7809,pg7_9_img049.jpg,pg7_9,pg,train,10
7810,pg7_9_img050.jpg,pg7_9,pg,train,10
7811,pg7_9_img051.jpg,pg7_9,pg,train,10
7812,pg7_9_img052.jpg,pg7_9,pg,train,10
7813,pg7_9_img053.jpg,pg7_9,pg,train,10
7814,pg7_9_img054.jpg,pg7_9,pg,train,10
7815,pg7_9_img055.jpg,pg7_9,pg,train,10
7816,pg7_9_img056.jpg,pg7_9,pg,train,10
7817,pg7_9_img057.jpg,pg7_9,pg,train,10
7818,pg7_9_img058.jpg,pg7_9,pg,train,10
7819,pg7_9_img059.jpg,pg7_9,pg,train,10
7820,pg7_9_img060.jpg,pg7_9,pg,train,10
7821,pg7_9_img061.jpg,pg7_9,pg,train,10
7822,pg7_9_img062.jpg,pg7_9,pg,train,10
7823,pg7_9_img063.jpg,pg7_9,pg,train,10
7824,pg7_9_img064.jpg,pg7_9,pg,train,10
7825,pg7_9_img065.jpg,pg7_9,pg,train,10
7826,pg7_9_img066.jpg,pg7_9,pg,train,10
7827,pg7_9_img067.jpg,pg7_9,pg,train,10
7828,pg7_9_img068.jpg,pg7_9,pg,train,10
7829,pg7_9_img069.jpg,pg7_9,pg,train,10
7830,pg7_9_img070.jpg,pg7_9,pg,train,10
7831,pg7_9_img071.jpg,pg7_9,pg,train,10
7832,pg7_9_img072.jpg,pg7_9,pg,train,10
7833,pg7_9_img073.jpg,pg7_9,pg,train,10
7834,pg7_9_img074.jpg,pg7_9,pg,train,10
7835,pg7_9_img075.jpg,pg7_9,pg,train,10
7836,pg7_9_img076.jpg,pg7_9,pg,train,10
7837,pg7_9_img077.jpg,pg7_9,pg,train,10
7838,pg7_9_img078.jpg,pg7_9,pg,train,10
7839,pg7_9_img079.jpg,pg7_9,pg,train,10
7840,pg7_9_img080.jpg,pg7_9,pg,train,10
7841,pg7_9_img081.jpg,pg7_9,pg,train,10
7842,pg7_9_img082.jpg,pg7_9,pg,train,10
7843,pg7_9_img083.jpg,pg7_9,pg,train,10
7844,pg7_9_img084.jpg,pg7_9,pg,train,10
7845,pg7_9_img085.jpg,pg7_9,pg,train,10
7846,pg7_9_img086.jpg,pg7_9,pg,train,10
7847,pg7_9_img087.jpg,pg7_9,pg,train,10
7848,pg7_9_img088.jpg,pg7_9,pg,train,10
7849,pg7_9_img089.jpg,pg7_9,pg,train,10
7850,pg7_9_img090.jpg,pg7_9,pg,train,10
7851,pg7_9_img091.jpg,pg7_9,pg,train,10
7852,pg7_9_img092.jpg,pg7_9,pg,train,10
7853,pg7_9_img093.jpg,pg7_9,pg,train,10
7854,pg7_9_img094.jpg,pg7_9,pg,train,10
7855,pg7_9_img095.jpg,pg7_9,pg,train,10
7856,pg7_9_img096.jpg,pg7_9,pg,train,10
7857,pg7_9_img097.jpg,pg7_9,pg,train,10
7858,pg8_1_img001.jpg,pg8_1,pg,test,12
7859,pg8_1_img002.jpg,pg8_1,pg,test,12
7860,pg8_1_img003.jpg,pg8_1,pg,test,12
7861,pg8_1_img004.jpg,pg8_1,pg,test,12
7862,pg8_1_img005.jpg,pg8_1,pg,test,12
7863,pg8_1_img006.jpg,pg8_1,pg,test,12
7864,pg8_1_img007.jpg,pg8_1,pg,test,12
7865,pg8_1_img008.jpg,pg8_1,pg,test,12
7866,pg8_1_img009.jpg,pg8_1,pg,test,12
7867,pg8_1_img010.jpg,pg8_1,pg,test,12
7868,pg8_1_img011.jpg,pg8_1,pg,test,12
7869,pg8_1_img012.jpg,pg8_1,pg,test,12
7870,pg8_1_img013.jpg,pg8_1,pg,test,12
7871,pg8_1_img014.jpg,pg8_1,pg,test,12
7872,pg8_1_img015.jpg,pg8_1,pg,test,12
7873,pg8_1_img016.jpg,pg8_1,pg,test,12
7874,pg8_1_img017.jpg,pg8_1,pg,test,12
7875,pg8_1_img018.jpg,pg8_1,pg,test,12
7876,pg8_1_img019.jpg,pg8_1,pg,test,12
7877,pg8_1_img020.jpg,pg8_1,pg,test,12
7878,pg8_1_img021.jpg,pg8_1,pg,test,12
7879,pg8_1_img022.jpg,pg8_1,pg,test,12
7880,pg8_1_img023.jpg,pg8_1,pg,test,12
7881,pg8_1_img024.jpg,pg8_1,pg,test,12
7882,pg8_1_img025.jpg,pg8_1,pg,test,12
7883,pg8_1_img026.jpg,pg8_1,pg,test,12
7884,pg8_1_img027.jpg,pg8_1,pg,test,12
7885,pg8_1_img028.jpg,pg8_1,pg,test,12
7886,pg8_1_img029.jpg,pg8_1,pg,test,12
7887,pg8_1_img030.jpg,pg8_1,pg,test,12
7888,pg8_1_img031.jpg,pg8_1,pg,test,12
7889,pg8_1_img032.jpg,pg8_1,pg,test,12
7890,pg8_1_img033.jpg,pg8_1,pg,test,12
7891,pg8_1_img034.jpg,pg8_1,pg,test,12
7892,pg8_1_img035.jpg,pg8_1,pg,test,12
7893,pg8_1_img036.jpg,pg8_1,pg,test,12
7894,pg8_1_img037.jpg,pg8_1,pg,test,12
7895,pg8_1_img038.jpg,pg8_1,pg,test,12
7896,pg8_1_img039.jpg,pg8_1,pg,test,12
7897,pg8_1_img040.jpg,pg8_1,pg,test,12
7898,pg8_1_img041.jpg,pg8_1,pg,test,12
7899,pg8_1_img042.jpg,pg8_1,pg,test,12
7900,pg8_1_img043.jpg,pg8_1,pg,test,12
7901,pg8_1_img044.jpg,pg8_1,pg,test,12
7902,pg8_1_img045.jpg,pg8_1,pg,test,12
7903,pg8_1_img046.jpg,pg8_1,pg,test,12
7904,pg8_1_img047.jpg,pg8_1,pg,test,12
7905,pg8_1_img048.jpg,pg8_1,pg,test,12
7906,pg8_1_img049.jpg,pg8_1,pg,test,12
7907,pg8_1_img050.jpg,pg8_1,pg,test,12
7908,pg8_1_img051.jpg,pg8_1,pg,test,12
7909,pg8_1_img052.jpg,pg8_1,pg,test,12
7910,pg8_1_img053.jpg,pg8_1,pg,test,12
7911,pg8_1_img054.jpg,pg8_1,pg,test,12
7912,pg8_1_img055.jpg,pg8_1,pg,test,12
7913,pg8_1_img056.jpg,pg8_1,pg,test,12
7914,pg8_1_img057.jpg,pg8_1,pg,test,12
7915,pg8_1_img058.jpg,pg8_1,pg,test,12
7916,pg8_1_img059.jpg,pg8_1,pg,test,12
7917,pg8_1_img060.jpg,pg8_1,pg,test,12
7918,pg8_1_img061.jpg,pg8_1,pg,test,12
7919,pg8_1_img062.jpg,pg8_1,pg,test,12
7920,pg8_1_img063.jpg,pg8_1,pg,test,12
7921,pg8_1_img064.jpg,pg8_1,pg,test,12
7922,pg8_1_img065.jpg,pg8_1,pg,test,12
7923,pg8_1_img066.jpg,pg8_1,pg,test,12
7924,pg8_1_img067.jpg,pg8_1,pg,test,12
7925,pg8_1_img068.jpg,pg8_1,pg,test,12
7926,pg8_1_img069.jpg,pg8_1,pg,test,12
7927,pg8_1_img070.jpg,pg8_1,pg,test,12
7928,pg8_1_img071.jpg,pg8_1,pg,test,12
7929,pg8_1_img072.jpg,pg8_1,pg,test,12
7930,pg8_1_img073.jpg,pg8_1,pg,test,12
7931,pg8_1_img074.jpg,pg8_1,pg,test,12
7932,pg8_1_img075.jpg,pg8_1,pg,test,12
7933,pg8_1_img076.jpg,pg8_1,pg,test,12
7934,pg8_1_img077.jpg,pg8_1,pg,test,12
7935,pg8_1_img078.jpg,pg8_1,pg,test,12
7936,pg8_1_img079.jpg,pg8_1,pg,test,12
7937,pg8_1_img080.jpg,pg8_1,pg,test,12
7938,pg8_1_img081.jpg,pg8_1,pg,test,12
7939,pg8_1_img082.jpg,pg8_1,pg,test,12
7940,pg8_1_img083.jpg,pg8_1,pg,test,12
7941,pg8_1_img084.jpg,pg8_1,pg,test,12
7942,pg8_1_img085.jpg,pg8_1,pg,test,12
7943,pg8_1_img086.jpg,pg8_1,pg,test,12
7944,pg8_1_img087.jpg,pg8_1,pg,test,12
7945,pg8_1_img088.jpg,pg8_1,pg,test,12
7946,pg8_1_img089.jpg,pg8_1,pg,test,12
7947,pg8_1_img090.jpg,pg8_1,pg,test,12
7948,pg8_1_img091.jpg,pg8_1,pg,test,12
7949,pg8_1_img092.jpg,pg8_1,pg,test,12
7950,pg8_1_img093.jpg,pg8_1,pg,test,12
7951,pg8_1_img094.jpg,pg8_1,pg,test,12
7952,pg8_1_img095.jpg,pg8_1,pg,test,12
7953,pg8_1_img096.jpg,pg8_1,pg,test,12
7954,pg8_1_img097.jpg,pg8_1,pg,test,12
7955,sc1_10_img001.jpg,sc1_10,sc,train,10
7956,sc1_10_img002.jpg,sc1_10,sc,train,10
7957,sc1_10_img003.jpg,sc1_10,sc,train,10
7958,sc1_10_img004.jpg,sc1_10,sc,train,10
7959,sc1_10_img005.jpg,sc1_10,sc,train,10
7960,sc1_10_img006.jpg,sc1_10,sc,train,10
7961,sc1_10_img007.jpg,sc1_10,sc,train,10
7962,sc1_10_img008.jpg,sc1_10,sc,train,10
7963,sc1_10_img009.jpg,sc1_10,sc,train,10
7964,sc1_10_img010.jpg,sc1_10,sc,train,10
7965,sc1_10_img011.jpg,sc1_10,sc,train,10
7966,sc1_10_img012.jpg,sc1_10,sc,train,10
7967,sc1_10_img013.jpg,sc1_10,sc,train,10
7968,sc1_10_img014.jpg,sc1_10,sc,train,10
7969,sc1_10_img015.jpg,sc1_10,sc,train,10
7970,sc1_10_img016.jpg,sc1_10,sc,train,10
7971,sc1_10_img017.jpg,sc1_10,sc,train,10
7972,sc1_10_img018.jpg,sc1_10,sc,train,10
7973,sc1_10_img019.jpg,sc1_10,sc,train,10
7974,sc1_10_img020.jpg,sc1_10,sc,train,10
7975,sc1_10_img021.jpg,sc1_10,sc,train,10
7976,sc1_10_img022.jpg,sc1_10,sc,train,10
7977,sc1_10_img023.jpg,sc1_10,sc,train,10
7978,sc1_10_img024.jpg,sc1_10,sc,train,10
7979,sc1_10_img025.jpg,sc1_10,sc,train,10
7980,sc1_10_img026.jpg,sc1_10,sc,train,10
7981,sc1_10_img027.jpg,sc1_10,sc,train,10
7982,sc1_10_img028.jpg,sc1_10,sc,train,10
7983,sc1_10_img029.jpg,sc1_10,sc,train,10
7984,sc1_10_img030.jpg,sc1_10,sc,train,10
7985,sc1_10_img031.jpg,sc1_10,sc,train,10
7986,sc1_10_img032.jpg,sc1_10,sc,train,10
7987,sc1_10_img033.jpg,sc1_10,sc,train,10
7988,sc1_10_img034.jpg,sc1_10,sc,train,10
7989,sc1_10_img035.jpg,sc1_10,sc,train,10
7990,sc1_10_img036.jpg,sc1_10,sc,train,10
7991,sc1_10_img037.jpg,sc1_10,sc,train,10
7992,sc1_10_img038.jpg,sc1_10,sc,train,10
7993,sc1_10_img039.jpg,sc1_10,sc,train,10
7994,sc1_10_img040.jpg,sc1_10,sc,train,10
7995,sc1_10_img041.jpg,sc1_10,sc,train,10
7996,sc1_10_img042.jpg,sc1_10,sc,train,10
7997,sc1_10_img043.jpg,sc1_10,sc,train,10
7998,sc1_10_img044.jpg,sc1_10,sc,train,10
7999,sc1_10_img045.jpg,sc1_10,sc,train,10
8000,sc1_10_img046.jpg,sc1_10,sc,train,10
8001,sc1_10_img047.jpg,sc1_10,sc,train,10
8002,sc1_10_img048.jpg,sc1_10,sc,train,10
8003,sc1_10_img049.jpg,sc1_10,sc,train,10
8004,sc1_10_img050.jpg,sc1_10,sc,train,10
8005,sc1_10_img051.jpg,sc1_10,sc,train,10
8006,sc1_10_img052.jpg,sc1_10,sc,train,10
8007,sc1_10_img053.jpg,sc1_10,sc,train,10
8008,sc1_10_img054.jpg,sc1_10,sc,train,10
8009,sc1_10_img055.jpg,sc1_10,sc,train,10
8010,sc1_10_img056.jpg,sc1_10,sc,train,10
8011,sc1_10_img057.jpg,sc1_10,sc,train,10
8012,sc1_10_img058.jpg,sc1_10,sc,train,10
8013,sc1_10_img059.jpg,sc1_10,sc,train,10
8014,sc1_10_img060.jpg,sc1_10,sc,train,10
8015,sc1_10_img061.jpg,sc1_10,sc,train,10
8016,sc1_10_img062.jpg,sc1_10,sc,train,10
8017,sc1_10_img063.jpg,sc1_10,sc,train,10
8018,sc1_10_img064.jpg,sc1_10,sc,train,10
8019,sc1_10_img065.jpg,sc1_10,sc,train,10
8020,sc1_10_img066.jpg,sc1_10,sc,train,10
8021,sc1_10_img067.jpg,sc1_10,sc,train,10
8022,sc1_10_img068.jpg,sc1_10,sc,train,10
8023,sc1_10_img069.jpg,sc1_10,sc,train,10
8024,sc1_10_img070.jpg,sc1_10,sc,train,10
8025,sc1_10_img071.jpg,sc1_10,sc,train,10
8026,sc1_10_img072.jpg,sc1_10,sc,train,10
8027,sc1_10_img073.jpg,sc1_10,sc,train,10
8028,sc1_10_img074.jpg,sc1_10,sc,train,10
8029,sc1_10_img075.jpg,sc1_10,sc,train,10
8030,sc1_10_img076.jpg,sc1_10,sc,train,10
8031,sc1_10_img077.jpg,sc1_10,sc,train,10
8032,sc1_10_img078.jpg,sc1_10,sc,train,10
8033,sc1_10_img079.jpg,sc1_10,sc,train,10
8034,sc1_10_img080.jpg,sc1_10,sc,train,10
8035,sc1_10_img081.jpg,sc1_10,sc,train,10
8036,sc1_10_img082.jpg,sc1_10,sc,train,10
8037,sc1_10_img083.jpg,sc1_10,sc,train,10
8038,sc1_10_img084.jpg,sc1_10,sc,train,10
8039,sc1_10_img085.jpg,sc1_10,sc,train,10
8040,sc1_10_img086.jpg,sc1_10,sc,train,10
8041,sc1_10_img087.jpg,sc1_10,sc,train,10
8042,sc1_10_img088.jpg,sc1_10,sc,train,10
8043,sc1_10_img089.jpg,sc1_10,sc,train,10
8044,sc1_10_img090.jpg,sc1_10,sc,train,10
8045,sc1_10_img091.jpg,sc1_10,sc,train,10
8046,sc1_10_img092.jpg,sc1_10,sc,train,10
8047,sc1_10_img093.jpg,sc1_10,sc,train,10
8048,sc1_10_img094.jpg,sc1_10,sc,train,10
8049,sc1_10_img095.jpg,sc1_10,sc,train,10
8050,sc1_11_img001.jpg,sc1_11,sc,train,10
8051,sc1_11_img002.jpg,sc1_11,sc,train,10
8052,sc1_11_img003.jpg,sc1_11,sc,train,10
8053,sc1_11_img004.jpg,sc1_11,sc,train,10
8054,sc1_11_img005.jpg,sc1_11,sc,train,10
8055,sc1_11_img006.jpg,sc1_11,sc,train,10
8056,sc1_11_img007.jpg,sc1_11,sc,train,10
8057,sc1_11_img008.jpg,sc1_11,sc,train,10
8058,sc1_11_img009.jpg,sc1_11,sc,train,10
8059,sc1_11_img010.jpg,sc1_11,sc,train,10
8060,sc1_11_img011.jpg,sc1_11,sc,train,10
8061,sc1_11_img012.jpg,sc1_11,sc,train,10
8062,sc1_11_img013.jpg,sc1_11,sc,train,10
8063,sc1_11_img014.jpg,sc1_11,sc,train,10
8064,sc1_11_img015.jpg,sc1_11,sc,train,10
8065,sc1_11_img016.jpg,sc1_11,sc,train,10
8066,sc1_11_img017.jpg,sc1_11,sc,train,10
8067,sc1_11_img018.jpg,sc1_11,sc,train,10
8068,sc1_11_img019.jpg,sc1_11,sc,train,10
8069,sc1_11_img020.jpg,sc1_11,sc,train,10
8070,sc1_11_img021.jpg,sc1_11,sc,train,10
8071,sc1_11_img022.jpg,sc1_11,sc,train,10
8072,sc1_11_img023.jpg,sc1_11,sc,train,10
8073,sc1_11_img024.jpg,sc1_11,sc,train,10
8074,sc1_11_img025.jpg,sc1_11,sc,train,10
8075,sc1_11_img026.jpg,sc1_11,sc,train,10
8076,sc1_11_img027.jpg,sc1_11,sc,train,10
8077,sc1_11_img028.jpg,sc1_11,sc,train,10
8078,sc1_11_img029.jpg,sc1_11,sc,train,10
8079,sc1_11_img030.jpg,sc1_11,sc,train,10
8080,sc1_11_img031.jpg,sc1_11,sc,train,10
8081,sc1_11_img032.jpg,sc1_11,sc,train,10
8082,sc1_11_img033.jpg,sc1_11,sc,train,10
8083,sc1_11_img034.jpg,sc1_11,sc,train,10
8084,sc1_11_img035.jpg,sc1_11,sc,train,10
8085,sc1_11_img036.jpg,sc1_11,sc,train,10
8086,sc1_11_img037.jpg,sc1_11,sc,train,10
8087,sc1_11_img038.jpg,sc1_11,sc,train,10
8088,sc1_11_img039.jpg,sc1_11,sc,train,10
8089,sc1_11_img040.jpg,sc1_11,sc,train,10
8090,sc1_11_img041.jpg,sc1_11,sc,train,10
8091,sc1_11_img042.jpg,sc1_11,sc,train,10
8092,sc1_11_img043.jpg,sc1_11,sc,train,10
8093,sc1_11_img044.jpg,sc1_11,sc,train,10
8094,sc1_11_img045.jpg,sc1_11,sc,train,10
8095,sc1_11_img046.jpg,sc1_11,sc,train,10
8096,sc1_11_img047.jpg,sc1_11,sc,train,10
8097,sc1_11_img048.jpg,sc1_11,sc,train,10
8098,sc1_11_img049.jpg,sc1_11,sc,train,10
8099,sc1_11_img050.jpg,sc1_11,sc,train,10
8100,sc1_11_img051.jpg,sc1_11,sc,train,10
8101,sc1_11_img052.jpg,sc1_11,sc,train,10
8102,sc1_11_img053.jpg,sc1_11,sc,train,10
8103,sc1_11_img054.jpg,sc1_11,sc,train,10
8104,sc1_11_img055.jpg,sc1_11,sc,train,10
8105,sc1_11_img056.jpg,sc1_11,sc,train,10
8106,sc1_11_img057.jpg,sc1_11,sc,train,10
8107,sc1_11_img058.jpg,sc1_11,sc,train,10
8108,sc1_11_img059.jpg,sc1_11,sc,train,10
8109,sc1_11_img060.jpg,sc1_11,sc,train,10
8110,sc1_11_img061.jpg,sc1_11,sc,train,10
8111,sc1_11_img062.jpg,sc1_11,sc,train,10
8112,sc1_11_img063.jpg,sc1_11,sc,train,10
8113,sc1_11_img064.jpg,sc1_11,sc,train,10
8114,sc1_11_img065.jpg,sc1_11,sc,train,10
8115,sc1_11_img066.jpg,sc1_11,sc,train,10
8116,sc1_11_img067.jpg,sc1_11,sc,train,10
8117,sc1_11_img068.jpg,sc1_11,sc,train,10
8118,sc1_11_img069.jpg,sc1_11,sc,train,10
8119,sc1_11_img070.jpg,sc1_11,sc,train,10
8120,sc1_11_img071.jpg,sc1_11,sc,train,10
8121,sc1_11_img072.jpg,sc1_11,sc,train,10
8122,sc1_11_img073.jpg,sc1_11,sc,train,10
8123,sc1_11_img074.jpg,sc1_11,sc,train,10
8124,sc1_11_img075.jpg,sc1_11,sc,train,10
8125,sc1_11_img076.jpg,sc1_11,sc,train,10
8126,sc1_11_img077.jpg,sc1_11,sc,train,10
8127,sc1_11_img078.jpg,sc1_11,sc,train,10
8128,sc1_11_img079.jpg,sc1_11,sc,train,10
8129,sc1_11_img080.jpg,sc1_11,sc,train,10
8130,sc1_11_img081.jpg,sc1_11,sc,train,10
8131,sc1_11_img082.jpg,sc1_11,sc,train,10
8132,sc1_11_img083.jpg,sc1_11,sc,train,10
8133,sc1_11_img084.jpg,sc1_11,sc,train,10
8134,sc1_11_img085.jpg,sc1_11,sc,train,10
8135,sc1_11_img086.jpg,sc1_11,sc,train,10
8136,sc1_11_img087.jpg,sc1_11,sc,train,10
8137,sc1_11_img088.jpg,sc1_11,sc,train,10
8138,sc1_11_img089.jpg,sc1_11,sc,train,10
8139,sc1_11_img090.jpg,sc1_11,sc,train,10
8140,sc1_11_img091.jpg,sc1_11,sc,train,10
8141,sc1_11_img092.jpg,sc1_11,sc,train,10
8142,sc1_11_img093.jpg,sc1_11,sc,train,10
8143,sc1_11_img094.jpg,sc1_11,sc,train,10
8144,sc1_11_img095.jpg,sc1_11,sc,train,10
8145,sc1_12_img001.jpg,sc1_12,sc,train,10
8146,sc1_12_img002.jpg,sc1_12,sc,train,10
8147,sc1_12_img003.jpg,sc1_12,sc,train,10
8148,sc1_12_img004.jpg,sc1_12,sc,train,10
8149,sc1_12_img005.jpg,sc1_12,sc,train,10
8150,sc1_12_img006.jpg,sc1_12,sc,train,10
8151,sc1_12_img007.jpg,sc1_12,sc,train,10
8152,sc1_12_img008.jpg,sc1_12,sc,train,10
8153,sc1_12_img009.jpg,sc1_12,sc,train,10
8154,sc1_12_img010.jpg,sc1_12,sc,train,10
8155,sc1_12_img011.jpg,sc1_12,sc,train,10
8156,sc1_12_img012.jpg,sc1_12,sc,train,10
8157,sc1_12_img013.jpg,sc1_12,sc,train,10
8158,sc1_12_img014.jpg,sc1_12,sc,train,10
8159,sc1_12_img015.jpg,sc1_12,sc,train,10
8160,sc1_12_img016.jpg,sc1_12,sc,train,10
8161,sc1_12_img017.jpg,sc1_12,sc,train,10
8162,sc1_12_img018.jpg,sc1_12,sc,train,10
8163,sc1_12_img019.jpg,sc1_12,sc,train,10
8164,sc1_12_img020.jpg,sc1_12,sc,train,10
8165,sc1_12_img021.jpg,sc1_12,sc,train,10
8166,sc1_12_img022.jpg,sc1_12,sc,train,10
8167,sc1_12_img023.jpg,sc1_12,sc,train,10
8168,sc1_12_img024.jpg,sc1_12,sc,train,10
8169,sc1_12_img025.jpg,sc1_12,sc,train,10
8170,sc1_12_img026.jpg,sc1_12,sc,train,10
8171,sc1_12_img027.jpg,sc1_12,sc,train,10
8172,sc1_12_img028.jpg,sc1_12,sc,train,10
8173,sc1_12_img029.jpg,sc1_12,sc,train,10
8174,sc1_12_img030.jpg,sc1_12,sc,train,10
8175,sc1_12_img031.jpg,sc1_12,sc,train,10
8176,sc1_12_img032.jpg,sc1_12,sc,train,10
8177,sc1_12_img033.jpg,sc1_12,sc,train,10
8178,sc1_12_img034.jpg,sc1_12,sc,train,10
8179,sc1_12_img035.jpg,sc1_12,sc,train,10
8180,sc1_12_img036.jpg,sc1_12,sc,train,10
8181,sc1_12_img037.jpg,sc1_12,sc,train,10
8182,sc1_12_img038.jpg,sc1_12,sc,train,10
8183,sc1_12_img039.jpg,sc1_12,sc,train,10
8184,sc1_12_img040.jpg,sc1_12,sc,train,10
8185,sc1_12_img041.jpg,sc1_12,sc,train,10
8186,sc1_12_img042.jpg,sc1_12,sc,train,10
8187,sc1_12_img043.jpg,sc1_12,sc,train,10
8188,sc1_12_img044.jpg,sc1_12,sc,train,10
8189,sc1_12_img045.jpg,sc1_12,sc,train,10
8190,sc1_12_img046.jpg,sc1_12,sc,train,10
8191,sc1_12_img047.jpg,sc1_12,sc,train,10
8192,sc1_12_img048.jpg,sc1_12,sc,train,10
8193,sc1_12_img049.jpg,sc1_12,sc,train,10
8194,sc1_12_img050.jpg,sc1_12,sc,train,10
8195,sc1_12_img051.jpg,sc1_12,sc,train,10
8196,sc1_12_img052.jpg,sc1_12,sc,train,10
8197,sc1_12_img053.jpg,sc1_12,sc,train,10
8198,sc1_12_img054.jpg,sc1_12,sc,train,10
8199,sc1_12_img055.jpg,sc1_12,sc,train,10
8200,sc1_12_img056.jpg,sc1_12,sc,train,10
8201,sc1_12_img057.jpg,sc1_12,sc,train,10
8202,sc1_12_img058.jpg,sc1_12,sc,train,10
8203,sc1_12_img059.jpg,sc1_12,sc,train,10
8204,sc1_12_img060.jpg,sc1_12,sc,train,10
8205,sc1_12_img061.jpg,sc1_12,sc,train,10
8206,sc1_12_img062.jpg,sc1_12,sc,train,10
8207,sc1_12_img063.jpg,sc1_12,sc,train,10
8208,sc1_12_img064.jpg,sc1_12,sc,train,10
8209,sc1_12_img065.jpg,sc1_12,sc,train,10
8210,sc1_12_img066.jpg,sc1_12,sc,train,10
8211,sc1_12_img067.jpg,sc1_12,sc,train,10
8212,sc1_12_img068.jpg,sc1_12,sc,train,10
8213,sc1_12_img069.jpg,sc1_12,sc,train,10
8214,sc1_12_img070.jpg,sc1_12,sc,train,10
8215,sc1_12_img071.jpg,sc1_12,sc,train,10
8216,sc1_12_img072.jpg,sc1_12,sc,train,10
8217,sc1_12_img073.jpg,sc1_12,sc,train,10
8218,sc1_12_img074.jpg,sc1_12,sc,train,10
8219,sc1_12_img075.jpg,sc1_12,sc,train,10
8220,sc1_12_img076.jpg,sc1_12,sc,train,10
8221,sc1_12_img077.jpg,sc1_12,sc,train,10
8222,sc1_12_img078.jpg,sc1_12,sc,train,10
8223,sc1_12_img079.jpg,sc1_12,sc,train,10
8224,sc1_12_img080.jpg,sc1_12,sc,train,10
8225,sc1_12_img081.jpg,sc1_12,sc,train,10
8226,sc1_12_img082.jpg,sc1_12,sc,train,10
8227,sc1_12_img083.jpg,sc1_12,sc,train,10
8228,sc1_12_img084.jpg,sc1_12,sc,train,10
8229,sc1_12_img085.jpg,sc1_12,sc,train,10
8230,sc1_12_img086.jpg,sc1_12,sc,train,10
8231,sc1_12_img087.jpg,sc1_12,sc,train,10
8232,sc1_12_img088.jpg,sc1_12,sc,train,10
8233,sc1_12_img089.jpg,sc1_12,sc,train,10
8234,sc1_12_img090.jpg,sc1_12,sc,train,10
8235,sc1_12_img091.jpg,sc1_12,sc,train,10
8236,sc1_12_img092.jpg,sc1_12,sc,train,10
8237,sc1_12_img093.jpg,sc1_12,sc,train,10
8238,sc1_12_img094.jpg,sc1_12,sc,train,10
8239,sc1_12_img095.jpg,sc1_12,sc,train,10
8240,sc1_1_img001.jpg,sc1_1,sc,train,10
8241,sc1_1_img002.jpg,sc1_1,sc,train,10
8242,sc1_1_img003.jpg,sc1_1,sc,train,10
8243,sc1_1_img004.jpg,sc1_1,sc,train,10
8244,sc1_1_img005.jpg,sc1_1,sc,train,10
8245,sc1_1_img006.jpg,sc1_1,sc,train,10
8246,sc1_1_img007.jpg,sc1_1,sc,train,10
8247,sc1_1_img008.jpg,sc1_1,sc,train,10
8248,sc1_1_img009.jpg,sc1_1,sc,train,10
8249,sc1_1_img010.jpg,sc1_1,sc,train,10
8250,sc1_1_img011.jpg,sc1_1,sc,train,10
8251,sc1_1_img012.jpg,sc1_1,sc,train,10
8252,sc1_1_img013.jpg,sc1_1,sc,train,10
8253,sc1_1_img014.jpg,sc1_1,sc,train,10
8254,sc1_1_img015.jpg,sc1_1,sc,train,10
8255,sc1_1_img016.jpg,sc1_1,sc,train,10
8256,sc1_1_img017.jpg,sc1_1,sc,train,10
8257,sc1_1_img018.jpg,sc1_1,sc,train,10
8258,sc1_1_img019.jpg,sc1_1,sc,train,10
8259,sc1_1_img020.jpg,sc1_1,sc,train,10
8260,sc1_1_img021.jpg,sc1_1,sc,train,10
8261,sc1_1_img022.jpg,sc1_1,sc,train,10
8262,sc1_1_img023.jpg,sc1_1,sc,train,10
8263,sc1_1_img024.jpg,sc1_1,sc,train,10
8264,sc1_1_img025.jpg,sc1_1,sc,train,10
8265,sc1_1_img026.jpg,sc1_1,sc,train,10
8266,sc1_1_img027.jpg,sc1_1,sc,train,10
8267,sc1_1_img028.jpg,sc1_1,sc,train,10
8268,sc1_1_img029.jpg,sc1_1,sc,train,10
8269,sc1_1_img030.jpg,sc1_1,sc,train,10
8270,sc1_1_img031.jpg,sc1_1,sc,train,10
8271,sc1_1_img032.jpg,sc1_1,sc,train,10
8272,sc1_1_img033.jpg,sc1_1,sc,train,10
8273,sc1_1_img034.jpg,sc1_1,sc,train,10
8274,sc1_1_img035.jpg,sc1_1,sc,train,10
8275,sc1_1_img036.jpg,sc1_1,sc,train,10
8276,sc1_1_img037.jpg,sc1_1,sc,train,10
8277,sc1_1_img038.jpg,sc1_1,sc,train,10
8278,sc1_1_img039.jpg,sc1_1,sc,train,10
8279,sc1_1_img040.jpg,sc1_1,sc,train,10
8280,sc1_1_img041.jpg,sc1_1,sc,train,10
8281,sc1_1_img042.jpg,sc1_1,sc,train,10
8282,sc1_1_img043.jpg,sc1_1,sc,train,10
8283,sc1_1_img044.jpg,sc1_1,sc,train,10
8284,sc1_1_img045.jpg,sc1_1,sc,train,10
8285,sc1_1_img046.jpg,sc1_1,sc,train,10
8286,sc1_1_img047.jpg,sc1_1,sc,train,10
8287,sc1_1_img048.jpg,sc1_1,sc,train,10
8288,sc1_1_img049.jpg,sc1_1,sc,train,10
8289,sc1_1_img050.jpg,sc1_1,sc,train,10
8290,sc1_1_img051.jpg,sc1_1,sc,train,10
8291,sc1_1_img052.jpg,sc1_1,sc,train,10
8292,sc1_1_img053.jpg,sc1_1,sc,train,10
8293,sc1_1_img054.jpg,sc1_1,sc,train,10
8294,sc1_1_img055.jpg,sc1_1,sc,train,10
8295,sc1_1_img056.jpg,sc1_1,sc,train,10
8296,sc1_1_img057.jpg,sc1_1,sc,train,10
8297,sc1_1_img058.jpg,sc1_1,sc,train,10
8298,sc1_1_img059.jpg,sc1_1,sc,train,10
8299,sc1_1_img060.jpg,sc1_1,sc,train,10
8300,sc1_1_img061.jpg,sc1_1,sc,train,10
8301,sc1_1_img062.jpg,sc1_1,sc,train,10
8302,sc1_1_img063.jpg,sc1_1,sc,train,10
8303,sc1_1_img064.jpg,sc1_1,sc,train,10
8304,sc1_1_img065.jpg,sc1_1,sc,train,10
8305,sc1_1_img066.jpg,sc1_1,sc,train,10
8306,sc1_1_img067.jpg,sc1_1,sc,train,10
8307,sc1_1_img068.jpg,sc1_1,sc,train,10
8308,sc1_1_img069.jpg,sc1_1,sc,train,10
8309,sc1_1_img070.jpg,sc1_1,sc,train,10
8310,sc1_1_img071.jpg,sc1_1,sc,train,10
8311,sc1_1_img072.jpg,sc1_1,sc,train,10
8312,sc1_1_img073.jpg,sc1_1,sc,train,10
8313,sc1_1_img074.jpg,sc1_1,sc,train,10
8314,sc1_1_img075.jpg,sc1_1,sc,train,10
8315,sc1_1_img076.jpg,sc1_1,sc,train,10
8316,sc1_1_img077.jpg,sc1_1,sc,train,10
8317,sc1_1_img078.jpg,sc1_1,sc,train,10
8318,sc1_1_img079.jpg,sc1_1,sc,train,10
8319,sc1_1_img080.jpg,sc1_1,sc,train,10
8320,sc1_1_img081.jpg,sc1_1,sc,train,10
8321,sc1_1_img082.jpg,sc1_1,sc,train,10
8322,sc1_1_img083.jpg,sc1_1,sc,train,10
8323,sc1_1_img084.jpg,sc1_1,sc,train,10
8324,sc1_1_img085.jpg,sc1_1,sc,train,10
8325,sc1_1_img086.jpg,sc1_1,sc,train,10
8326,sc1_1_img087.jpg,sc1_1,sc,train,10
8327,sc1_1_img088.jpg,sc1_1,sc,train,10
8328,sc1_1_img089.jpg,sc1_1,sc,train,10
8329,sc1_1_img090.jpg,sc1_1,sc,train,10
8330,sc1_1_img091.jpg,sc1_1,sc,train,10
8331,sc1_1_img092.jpg,sc1_1,sc,train,10
8332,sc1_1_img093.jpg,sc1_1,sc,train,10
8333,sc1_1_img094.jpg,sc1_1,sc,train,10
8334,sc1_1_img095.jpg,sc1_1,sc,train,10
8335,sc1_2_img001.jpg,sc1_2,sc,val,10
8336,sc1_2_img002.jpg,sc1_2,sc,val,10
8337,sc1_2_img003.jpg,sc1_2,sc,val,10
8338,sc1_2_img004.jpg,sc1_2,sc,val,10
8339,sc1_2_img005.jpg,sc1_2,sc,val,10
8340,sc1_2_img006.jpg,sc1_2,sc,val,10
8341,sc1_2_img007.jpg,sc1_2,sc,val,10
8342,sc1_2_img008.jpg,sc1_2,sc,val,10
8343,sc1_2_img009.jpg,sc1_2,sc,val,10
8344,sc1_2_img010.jpg,sc1_2,sc,val,10
8345,sc1_2_img011.jpg,sc1_2,sc,val,10
8346,sc1_2_img012.jpg,sc1_2,sc,val,10
8347,sc1_2_img013.jpg,sc1_2,sc,val,10
8348,sc1_2_img014.jpg,sc1_2,sc,val,10
8349,sc1_2_img015.jpg,sc1_2,sc,val,10
8350,sc1_2_img016.jpg,sc1_2,sc,val,10
8351,sc1_2_img017.jpg,sc1_2,sc,val,10
8352,sc1_2_img018.jpg,sc1_2,sc,val,10
8353,sc1_2_img019.jpg,sc1_2,sc,val,10
8354,sc1_2_img020.jpg,sc1_2,sc,val,10
8355,sc1_2_img021.jpg,sc1_2,sc,val,10
8356,sc1_2_img022.jpg,sc1_2,sc,val,10
8357,sc1_2_img023.jpg,sc1_2,sc,val,10
8358,sc1_2_img024.jpg,sc1_2,sc,val,10
8359,sc1_2_img025.jpg,sc1_2,sc,val,10
8360,sc1_2_img026.jpg,sc1_2,sc,val,10
8361,sc1_2_img027.jpg,sc1_2,sc,val,10
8362,sc1_2_img028.jpg,sc1_2,sc,val,10
8363,sc1_2_img029.jpg,sc1_2,sc,val,10
8364,sc1_2_img030.jpg,sc1_2,sc,val,10
8365,sc1_2_img031.jpg,sc1_2,sc,val,10
8366,sc1_2_img032.jpg,sc1_2,sc,val,10
8367,sc1_2_img033.jpg,sc1_2,sc,val,10
8368,sc1_2_img034.jpg,sc1_2,sc,val,10
8369,sc1_2_img035.jpg,sc1_2,sc,val,10
8370,sc1_2_img036.jpg,sc1_2,sc,val,10
8371,sc1_2_img037.jpg,sc1_2,sc,val,10
8372,sc1_2_img038.jpg,sc1_2,sc,val,10
8373,sc1_2_img039.jpg,sc1_2,sc,val,10
8374,sc1_2_img040.jpg,sc1_2,sc,val,10
8375,sc1_2_img041.jpg,sc1_2,sc,val,10
8376,sc1_2_img042.jpg,sc1_2,sc,val,10
8377,sc1_2_img043.jpg,sc1_2,sc,val,10
8378,sc1_2_img044.jpg,sc1_2,sc,val,10
8379,sc1_2_img045.jpg,sc1_2,sc,val,10
8380,sc1_2_img046.jpg,sc1_2,sc,val,10
8381,sc1_2_img047.jpg,sc1_2,sc,val,10
8382,sc1_2_img048.jpg,sc1_2,sc,val,10
8383,sc1_2_img049.jpg,sc1_2,sc,val,10
8384,sc1_2_img050.jpg,sc1_2,sc,val,10
8385,sc1_2_img051.jpg,sc1_2,sc,val,10
8386,sc1_2_img052.jpg,sc1_2,sc,val,10
8387,sc1_2_img053.jpg,sc1_2,sc,val,10
8388,sc1_2_img054.jpg,sc1_2,sc,val,10
8389,sc1_2_img055.jpg,sc1_2,sc,val,10
8390,sc1_2_img056.jpg,sc1_2,sc,val,10
8391,sc1_2_img057.jpg,sc1_2,sc,val,10
8392,sc1_2_img058.jpg,sc1_2,sc,val,10
8393,sc1_2_img059.jpg,sc1_2,sc,val,10
8394,sc1_2_img060.jpg,sc1_2,sc,val,10
8395,sc1_2_img061.jpg,sc1_2,sc,val,10
8396,sc1_2_img062.jpg,sc1_2,sc,val,10
8397,sc1_2_img063.jpg,sc1_2,sc,val,10
8398,sc1_2_img064.jpg,sc1_2,sc,val,10
8399,sc1_2_img065.jpg,sc1_2,sc,val,10
8400,sc1_2_img066.jpg,sc1_2,sc,val,10
8401,sc1_2_img067.jpg,sc1_2,sc,val,10
8402,sc1_2_img068.jpg,sc1_2,sc,val,10
8403,sc1_2_img069.jpg,sc1_2,sc,val,10
8404,sc1_2_img070.jpg,sc1_2,sc,val,10
8405,sc1_2_img071.jpg,sc1_2,sc,val,10
8406,sc1_2_img072.jpg,sc1_2,sc,val,10
8407,sc1_2_img073.jpg,sc1_2,sc,val,10
8408,sc1_2_img074.jpg,sc1_2,sc,val,10
8409,sc1_2_img075.jpg,sc1_2,sc,val,10
8410,sc1_2_img076.jpg,sc1_2,sc,val,10
8411,sc1_2_img077.jpg,sc1_2,sc,val,10
8412,sc1_2_img078.jpg,sc1_2,sc,val,10
8413,sc1_2_img079.jpg,sc1_2,sc,val,10
8414,sc1_2_img080.jpg,sc1_2,sc,val,10
8415,sc1_2_img081.jpg,sc1_2,sc,val,10
8416,sc1_2_img082.jpg,sc1_2,sc,val,10
8417,sc1_2_img083.jpg,sc1_2,sc,val,10
8418,sc1_2_img084.jpg,sc1_2,sc,val,10
8419,sc1_2_img085.jpg,sc1_2,sc,val,10
8420,sc1_2_img086.jpg,sc1_2,sc,val,10
8421,sc1_2_img087.jpg,sc1_2,sc,val,10
8422,sc1_2_img088.jpg,sc1_2,sc,val,10
8423,sc1_2_img089.jpg,sc1_2,sc,val,10
8424,sc1_2_img090.jpg,sc1_2,sc,val,10
8425,sc1_2_img091.jpg,sc1_2,sc,val,10
8426,sc1_2_img092.jpg,sc1_2,sc,val,10
8427,sc1_2_img093.jpg,sc1_2,sc,val,10
8428,sc1_2_img094.jpg,sc1_2,sc,val,10
8429,sc1_2_img095.jpg,sc1_2,sc,val,10
8430,sc1_3_img001.jpg,sc1_3,sc,train,10
8431,sc1_3_img002.jpg,sc1_3,sc,train,10
8432,sc1_3_img003.jpg,sc1_3,sc,train,10
8433,sc1_3_img004.jpg,sc1_3,sc,train,10
8434,sc1_3_img005.jpg,sc1_3,sc,train,10
8435,sc1_3_img006.jpg,sc1_3,sc,train,10
8436,sc1_3_img007.jpg,sc1_3,sc,train,10
8437,sc1_3_img008.jpg,sc1_3,sc,train,10
8438,sc1_3_img009.jpg,sc1_3,sc,train,10
8439,sc1_3_img010.jpg,sc1_3,sc,train,10
8440,sc1_3_img011.jpg,sc1_3,sc,train,10
8441,sc1_3_img012.jpg,sc1_3,sc,train,10
8442,sc1_3_img013.jpg,sc1_3,sc,train,10
8443,sc1_3_img014.jpg,sc1_3,sc,train,10
8444,sc1_3_img015.jpg,sc1_3,sc,train,10
8445,sc1_3_img016.jpg,sc1_3,sc,train,10
8446,sc1_3_img017.jpg,sc1_3,sc,train,10
8447,sc1_3_img018.jpg,sc1_3,sc,train,10
8448,sc1_3_img019.jpg,sc1_3,sc,train,10
8449,sc1_3_img020.jpg,sc1_3,sc,train,10
8450,sc1_3_img021.jpg,sc1_3,sc,train,10
8451,sc1_3_img022.jpg,sc1_3,sc,train,10
8452,sc1_3_img023.jpg,sc1_3,sc,train,10
8453,sc1_3_img024.jpg,sc1_3,sc,train,10
8454,sc1_3_img025.jpg,sc1_3,sc,train,10
8455,sc1_3_img026.jpg,sc1_3,sc,train,10
8456,sc1_3_img027.jpg,sc1_3,sc,train,10
8457,sc1_3_img028.jpg,sc1_3,sc,train,10
8458,sc1_3_img029.jpg,sc1_3,sc,train,10
8459,sc1_3_img030.jpg,sc1_3,sc,train,10
8460,sc1_3_img031.jpg,sc1_3,sc,train,10
8461,sc1_3_img032.jpg,sc1_3,sc,train,10
8462,sc1_3_img033.jpg,sc1_3,sc,train,10
8463,sc1_3_img034.jpg,sc1_3,sc,train,10
8464,sc1_3_img035.jpg,sc1_3,sc,train,10
8465,sc1_3_img036.jpg,sc1_3,sc,train,10
8466,sc1_3_img037.jpg,sc1_3,sc,train,10
8467,sc1_3_img038.jpg,sc1_3,sc,train,10
8468,sc1_3_img039.jpg,sc1_3,sc,train,10
8469,sc1_3_img040.jpg,sc1_3,sc,train,10
8470,sc1_3_img041.jpg,sc1_3,sc,train,10
8471,sc1_3_img042.jpg,sc1_3,sc,train,10
8472,sc1_3_img043.jpg,sc1_3,sc,train,10
8473,sc1_3_img044.jpg,sc1_3,sc,train,10
8474,sc1_3_img045.jpg,sc1_3,sc,train,10
8475,sc1_3_img046.jpg,sc1_3,sc,train,10
8476,sc1_3_img047.jpg,sc1_3,sc,train,10
8477,sc1_3_img048.jpg,sc1_3,sc,train,10
8478,sc1_3_img049.jpg,sc1_3,sc,train,10
8479,sc1_3_img050.jpg,sc1_3,sc,train,10
8480,sc1_3_img051.jpg,sc1_3,sc,train,10
8481,sc1_3_img052.jpg,sc1_3,sc,train,10
8482,sc1_3_img053.jpg,sc1_3,sc,train,10
8483,sc1_3_img054.jpg,sc1_3,sc,train,10
8484,sc1_3_img055.jpg,sc1_3,sc,train,10
8485,sc1_3_img056.jpg,sc1_3,sc,train,10
8486,sc1_3_img057.jpg,sc1_3,sc,train,10
8487,sc1_3_img058.jpg,sc1_3,sc,train,10
8488,sc1_3_img059.jpg,sc1_3,sc,train,10
8489,sc1_3_img060.jpg,sc1_3,sc,train,10
8490,sc1_3_img061.jpg,sc1_3,sc,train,10
8491,sc1_3_img062.jpg,sc1_3,sc,train,10
8492,sc1_3_img063.jpg,sc1_3,sc,train,10
8493,sc1_3_img064.jpg,sc1_3,sc,train,10
8494,sc1_3_img065.jpg,sc1_3,sc,train,10
8495,sc1_3_img066.jpg,sc1_3,sc,train,10
8496,sc1_3_img067.jpg,sc1_3,sc,train,10
8497,sc1_3_img068.jpg,sc1_3,sc,train,10
8498,sc1_3_img069.jpg,sc1_3,sc,train,10
8499,sc1_3_img070.jpg,sc1_3,sc,train,10
8500,sc1_3_img071.jpg,sc1_3,sc,train,10
8501,sc1_3_img072.jpg,sc1_3,sc,train,10
8502,sc1_3_img073.jpg,sc1_3,sc,train,10
8503,sc1_3_img074.jpg,sc1_3,sc,train,10
8504,sc1_3_img075.jpg,sc1_3,sc,train,10
8505,sc1_3_img076.jpg,sc1_3,sc,train,10
8506,sc1_3_img077.jpg,sc1_3,sc,train,10
8507,sc1_3_img078.jpg,sc1_3,sc,train,10
8508,sc1_3_img079.jpg,sc1_3,sc,train,10
8509,sc1_3_img080.jpg,sc1_3,sc,train,10
8510,sc1_3_img081.jpg,sc1_3,sc,train,10
8511,sc1_3_img082.jpg,sc1_3,sc,train,10
8512,sc1_3_img083.jpg,sc1_3,sc,train,10
8513,sc1_3_img084.jpg,sc1_3,sc,train,10
8514,sc1_3_img085.jpg,sc1_3,sc,train,10
8515,sc1_3_img086.jpg,sc1_3,sc,train,10
8516,sc1_3_img087.jpg,sc1_3,sc,train,10
8517,sc1_3_img088.jpg,sc1_3,sc,train,10
8518,sc1_3_img089.jpg,sc1_3,sc,train,10
8519,sc1_3_img090.jpg,sc1_3,sc,train,10
8520,sc1_3_img091.jpg,sc1_3,sc,train,10
8521,sc1_3_img092.jpg,sc1_3,sc,train,10
8522,sc1_3_img093.jpg,sc1_3,sc,train,10
8523,sc1_3_img094.jpg,sc1_3,sc,train,10
8524,sc1_3_img095.jpg,sc1_3,sc,train,10
8525,sc1_4_img001.jpg,sc1_4,sc,train,10
8526,sc1_4_img002.jpg,sc1_4,sc,train,10
8527,sc1_4_img003.jpg,sc1_4,sc,train,10
8528,sc1_4_img004.jpg,sc1_4,sc,train,10
8529,sc1_4_img005.jpg,sc1_4,sc,train,10
8530,sc1_4_img006.jpg,sc1_4,sc,train,10
8531,sc1_4_img007.jpg,sc1_4,sc,train,10
8532,sc1_4_img008.jpg,sc1_4,sc,train,10
8533,sc1_4_img009.jpg,sc1_4,sc,train,10
8534,sc1_4_img010.jpg,sc1_4,sc,train,10
8535,sc1_4_img011.jpg,sc1_4,sc,train,10
8536,sc1_4_img012.jpg,sc1_4,sc,train,10
8537,sc1_4_img013.jpg,sc1_4,sc,train,10
8538,sc1_4_img014.jpg,sc1_4,sc,train,10
8539,sc1_4_img015.jpg,sc1_4,sc,train,10
8540,sc1_4_img016.jpg,sc1_4,sc,train,10
8541,sc1_4_img017.jpg,sc1_4,sc,train,10
8542,sc1_4_img018.jpg,sc1_4,sc,train,10
8543,sc1_4_img019.jpg,sc1_4,sc,train,10
8544,sc1_4_img020.jpg,sc1_4,sc,train,10
8545,sc1_4_img021.jpg,sc1_4,sc,train,10
8546,sc1_4_img022.jpg,sc1_4,sc,train,10
8547,sc1_4_img023.jpg,sc1_4,sc,train,10
8548,sc1_4_img024.jpg,sc1_4,sc,train,10
8549,sc1_4_img025.jpg,sc1_4,sc,train,10
8550,sc1_4_img026.jpg,sc1_4,sc,train,10
8551,sc1_4_img027.jpg,sc1_4,sc,train,10
8552,sc1_4_img028.jpg,sc1_4,sc,train,10
8553,sc1_4_img029.jpg,sc1_4,sc,train,10
8554,sc1_4_img030.jpg,sc1_4,sc,train,10
8555,sc1_4_img031.jpg,sc1_4,sc,train,10
8556,sc1_4_img032.jpg,sc1_4,sc,train,10
8557,sc1_4_img033.jpg,sc1_4,sc,train,10
8558,sc1_4_img034.jpg,sc1_4,sc,train,10
8559,sc1_4_img035.jpg,sc1_4,sc,train,10
8560,sc1_4_img036.jpg,sc1_4,sc,train,10
8561,sc1_4_img037.jpg,sc1_4,sc,train,10
8562,sc1_4_img038.jpg,sc1_4,sc,train,10
8563,sc1_4_img039.jpg,sc1_4,sc,train,10
8564,sc1_4_img040.jpg,sc1_4,sc,train,10
8565,sc1_4_img041.jpg,sc1_4,sc,train,10
8566,sc1_4_img042.jpg,sc1_4,sc,train,10
8567,sc1_4_img043.jpg,sc1_4,sc,train,10
8568,sc1_4_img044.jpg,sc1_4,sc,train,10
8569,sc1_4_img045.jpg,sc1_4,sc,train,10
8570,sc1_4_img046.jpg,sc1_4,sc,train,10
8571,sc1_4_img047.jpg,sc1_4,sc,train,10
8572,sc1_4_img048.jpg,sc1_4,sc,train,10
8573,sc1_4_img049.jpg,sc1_4,sc,train,10
8574,sc1_4_img050.jpg,sc1_4,sc,train,10
8575,sc1_4_img051.jpg,sc1_4,sc,train,10
8576,sc1_4_img052.jpg,sc1_4,sc,train,10
8577,sc1_4_img053.jpg,sc1_4,sc,train,10
8578,sc1_4_img054.jpg,sc1_4,sc,train,10
8579,sc1_4_img055.jpg,sc1_4,sc,train,10
8580,sc1_4_img056.jpg,sc1_4,sc,train,10
8581,sc1_4_img057.jpg,sc1_4,sc,train,10
8582,sc1_4_img058.jpg,sc1_4,sc,train,10
8583,sc1_4_img059.jpg,sc1_4,sc,train,10
8584,sc1_4_img060.jpg,sc1_4,sc,train,10
8585,sc1_4_img061.jpg,sc1_4,sc,train,10
8586,sc1_4_img062.jpg,sc1_4,sc,train,10
8587,sc1_4_img063.jpg,sc1_4,sc,train,10
8588,sc1_4_img064.jpg,sc1_4,sc,train,10
8589,sc1_4_img065.jpg,sc1_4,sc,train,10
8590,sc1_4_img066.jpg,sc1_4,sc,train,10
8591,sc1_4_img067.jpg,sc1_4,sc,train,10
8592,sc1_4_img068.jpg,sc1_4,sc,train,10
8593,sc1_4_img069.jpg,sc1_4,sc,train,10
8594,sc1_4_img070.jpg,sc1_4,sc,train,10
8595,sc1_4_img071.jpg,sc1_4,sc,train,10
8596,sc1_4_img072.jpg,sc1_4,sc,train,10
8597,sc1_4_img073.jpg,sc1_4,sc,train,10
8598,sc1_4_img074.jpg,sc1_4,sc,train,10
8599,sc1_4_img075.jpg,sc1_4,sc,train,10
8600,sc1_4_img076.jpg,sc1_4,sc,train,10
8601,sc1_4_img077.jpg,sc1_4,sc,train,10
8602,sc1_4_img078.jpg,sc1_4,sc,train,10
8603,sc1_4_img079.jpg,sc1_4,sc,train,10
8604,sc1_4_img080.jpg,sc1_4,sc,train,10
8605,sc1_4_img081.jpg,sc1_4,sc,train,10
8606,sc1_4_img082.jpg,sc1_4,sc,train,10
8607,sc1_4_img083.jpg,sc1_4,sc,train,10
8608,sc1_4_img084.jpg,sc1_4,sc,train,10
8609,sc1_4_img085.jpg,sc1_4,sc,train,10
8610,sc1_4_img086.jpg,sc1_4,sc,train,10
8611,sc1_4_img087.jpg,sc1_4,sc,train,10
8612,sc1_4_img088.jpg,sc1_4,sc,train,10
8613,sc1_4_img089.jpg,sc1_4,sc,train,10
8614,sc1_4_img090.jpg,sc1_4,sc,train,10
8615,sc1_4_img091.jpg,sc1_4,sc,train,10
8616,sc1_4_img092.jpg,sc1_4,sc,train,10
8617,sc1_4_img093.jpg,sc1_4,sc,train,10
8618,sc1_4_img094.jpg,sc1_4,sc,train,10
8619,sc1_4_img095.jpg,sc1_4,sc,train,10
8620,sc1_5_img001.jpg,sc1_5,sc,val,10
8621,sc1_5_img002.jpg,sc1_5,sc,val,10
8622,sc1_5_img003.jpg,sc1_5,sc,val,10
8623,sc1_5_img004.jpg,sc1_5,sc,val,10
8624,sc1_5_img005.jpg,sc1_5,sc,val,10
8625,sc1_5_img006.jpg,sc1_5,sc,val,10
8626,sc1_5_img007.jpg,sc1_5,sc,val,10
8627,sc1_5_img008.jpg,sc1_5,sc,val,10
8628,sc1_5_img009.jpg,sc1_5,sc,val,10
8629,sc1_5_img010.jpg,sc1_5,sc,val,10
8630,sc1_5_img011.jpg,sc1_5,sc,val,10
8631,sc1_5_img012.jpg,sc1_5,sc,val,10
8632,sc1_5_img013.jpg,sc1_5,sc,val,10
8633,sc1_5_img014.jpg,sc1_5,sc,val,10
8634,sc1_5_img015.jpg,sc1_5,sc,val,10
8635,sc1_5_img016.jpg,sc1_5,sc,val,10
8636,sc1_5_img017.jpg,sc1_5,sc,val,10
8637,sc1_5_img018.jpg,sc1_5,sc,val,10
8638,sc1_5_img019.jpg,sc1_5,sc,val,10
8639,sc1_5_img020.jpg,sc1_5,sc,val,10
8640,sc1_5_img021.jpg,sc1_5,sc,val,10
8641,sc1_5_img022.jpg,sc1_5,sc,val,10
8642,sc1_5_img023.jpg,sc1_5,sc,val,10
8643,sc1_5_img024.jpg,sc1_5,sc,val,10
8644,sc1_5_img025.jpg,sc1_5,sc,val,10
8645,sc1_5_img026.jpg,sc1_5,sc,val,10
8646,sc1_5_img027.jpg,sc1_5,sc,val,10
8647,sc1_5_img028.jpg,sc1_5,sc,val,10
8648,sc1_5_img029.jpg,sc1_5,sc,val,10
8649,sc1_5_img030.jpg,sc1_5,sc,val,10
8650,sc1_5_img031.jpg,sc1_5,sc,val,10
8651,sc1_5_img032.jpg,sc1_5,sc,val,10
8652,sc1_5_img033.jpg,sc1_5,sc,val,10
8653,sc1_5_img034.jpg,sc1_5,sc,val,10
8654,sc1_5_img035.jpg,sc1_5,sc,val,10
8655,sc1_5_img036.jpg,sc1_5,sc,val,10
8656,sc1_5_img037.jpg,sc1_5,sc,val,10
8657,sc1_5_img038.jpg,sc1_5,sc,val,10
8658,sc1_5_img039.jpg,sc1_5,sc,val,10
8659,sc1_5_img040.jpg,sc1_5,sc,val,10
8660,sc1_5_img041.jpg,sc1_5,sc,val,10
8661,sc1_5_img042.jpg,sc1_5,sc,val,10
8662,sc1_5_img043.jpg,sc1_5,sc,val,10
8663,sc1_5_img044.jpg,sc1_5,sc,val,10
8664,sc1_5_img045.jpg,sc1_5,sc,val,10
8665,sc1_5_img046.jpg,sc1_5,sc,val,10
8666,sc1_5_img047.jpg,sc1_5,sc,val,10
8667,sc1_5_img048.jpg,sc1_5,sc,val,10
8668,sc1_5_img049.jpg,sc1_5,sc,val,10
8669,sc1_5_img050.jpg,sc1_5,sc,val,10
8670,sc1_5_img051.jpg,sc1_5,sc,val,10
8671,sc1_5_img052.jpg,sc1_5,sc,val,10
8672,sc1_5_img053.jpg,sc1_5,sc,val,10
8673,sc1_5_img054.jpg,sc1_5,sc,val,10
8674,sc1_5_img055.jpg,sc1_5,sc,val,10
8675,sc1_5_img056.jpg,sc1_5,sc,val,10
8676,sc1_5_img057.jpg,sc1_5,sc,val,10
8677,sc1_5_img058.jpg,sc1_5,sc,val,10
8678,sc1_5_img059.jpg,sc1_5,sc,val,10
8679,sc1_5_img060.jpg,sc1_5,sc,val,10
8680,sc1_5_img061.jpg,sc1_5,sc,val,10
8681,sc1_5_img062.jpg,sc1_5,sc,val,10
8682,sc1_5_img063.jpg,sc1_5,sc,val,10
8683,sc1_5_img064.jpg,sc1_5,sc,val,10
8684,sc1_5_img065.jpg,sc1_5,sc,val,10
8685,sc1_5_img066.jpg,sc1_5,sc,val,10
8686,sc1_5_img067.jpg,sc1_5,sc,val,10
8687,sc1_5_img068.jpg,sc1_5,sc,val,10
8688,sc1_5_img069.jpg,sc1_5,sc,val,10
8689,sc1_5_img070.jpg,sc1_5,sc,val,10
8690,sc1_5_img071.jpg,sc1_5,sc,val,10
8691,sc1_5_img072.jpg,sc1_5,sc,val,10
8692,sc1_5_img073.jpg,sc1_5,sc,val,10
8693,sc1_5_img074.jpg,sc1_5,sc,val,10
8694,sc1_5_img075.jpg,sc1_5,sc,val,10
8695,sc1_5_img076.jpg,sc1_5,sc,val,10
8696,sc1_5_img077.jpg,sc1_5,sc,val,10
8697,sc1_5_img078.jpg,sc1_5,sc,val,10
8698,sc1_5_img079.jpg,sc1_5,sc,val,10
8699,sc1_5_img080.jpg,sc1_5,sc,val,10
8700,sc1_5_img081.jpg,sc1_5,sc,val,10
8701,sc1_5_img082.jpg,sc1_5,sc,val,10
8702,sc1_5_img083.jpg,sc1_5,sc,val,10
8703,sc1_5_img084.jpg,sc1_5,sc,val,10
8704,sc1_5_img085.jpg,sc1_5,sc,val,10
8705,sc1_5_img086.jpg,sc1_5,sc,val,10
8706,sc1_5_img087.jpg,sc1_5,sc,val,10
8707,sc1_5_img088.jpg,sc1_5,sc,val,10
8708,sc1_5_img089.jpg,sc1_5,sc,val,10
8709,sc1_5_img090.jpg,sc1_5,sc,val,10
8710,sc1_5_img091.jpg,sc1_5,sc,val,10
8711,sc1_5_img092.jpg,sc1_5,sc,val,10
8712,sc1_5_img093.jpg,sc1_5,sc,val,10
8713,sc1_5_img094.jpg,sc1_5,sc,val,10
8714,sc1_5_img095.jpg,sc1_5,sc,val,10
8715,sc1_6_img001.jpg,sc1_6,sc,val,10
8716,sc1_6_img002.jpg,sc1_6,sc,val,10
8717,sc1_6_img003.jpg,sc1_6,sc,val,10
8718,sc1_6_img004.jpg,sc1_6,sc,val,10
8719,sc1_6_img005.jpg,sc1_6,sc,val,10
8720,sc1_6_img006.jpg,sc1_6,sc,val,10
8721,sc1_6_img007.jpg,sc1_6,sc,val,10
8722,sc1_6_img008.jpg,sc1_6,sc,val,10
8723,sc1_6_img009.jpg,sc1_6,sc,val,10
8724,sc1_6_img010.jpg,sc1_6,sc,val,10
8725,sc1_6_img011.jpg,sc1_6,sc,val,10
8726,sc1_6_img012.jpg,sc1_6,sc,val,10
8727,sc1_6_img013.jpg,sc1_6,sc,val,10
8728,sc1_6_img014.jpg,sc1_6,sc,val,10
8729,sc1_6_img015.jpg,sc1_6,sc,val,10
8730,sc1_6_img016.jpg,sc1_6,sc,val,10
8731,sc1_6_img017.jpg,sc1_6,sc,val,10
8732,sc1_6_img018.jpg,sc1_6,sc,val,10
8733,sc1_6_img019.jpg,sc1_6,sc,val,10
8734,sc1_6_img020.jpg,sc1_6,sc,val,10
8735,sc1_6_img021.jpg,sc1_6,sc,val,10
8736,sc1_6_img022.jpg,sc1_6,sc,val,10
8737,sc1_6_img023.jpg,sc1_6,sc,val,10
8738,sc1_6_img024.jpg,sc1_6,sc,val,10
8739,sc1_6_img025.jpg,sc1_6,sc,val,10
8740,sc1_6_img026.jpg,sc1_6,sc,val,10
8741,sc1_6_img027.jpg,sc1_6,sc,val,10
8742,sc1_6_img028.jpg,sc1_6,sc,val,10
8743,sc1_6_img029.jpg,sc1_6,sc,val,10
8744,sc1_6_img030.jpg,sc1_6,sc,val,10
8745,sc1_6_img031.jpg,sc1_6,sc,val,10
8746,sc1_6_img032.jpg,sc1_6,sc,val,10
8747,sc1_6_img033.jpg,sc1_6,sc,val,10
8748,sc1_6_img034.jpg,sc1_6,sc,val,10
8749,sc1_6_img035.jpg,sc1_6,sc,val,10
8750,sc1_6_img036.jpg,sc1_6,sc,val,10
8751,sc1_6_img037.jpg,sc1_6,sc,val,10
8752,sc1_6_img038.jpg,sc1_6,sc,val,10
8753,sc1_6_img039.jpg,sc1_6,sc,val,10
8754,sc1_6_img040.jpg,sc1_6,sc,val,10
8755,sc1_6_img041.jpg,sc1_6,sc,val,10
8756,sc1_6_img042.jpg,sc1_6,sc,val,10
8757,sc1_6_img043.jpg,sc1_6,sc,val,10
8758,sc1_6_img044.jpg,sc1_6,sc,val,10
8759,sc1_6_img045.jpg,sc1_6,sc,val,10
8760,sc1_6_img046.jpg,sc1_6,sc,val,10
8761,sc1_6_img047.jpg,sc1_6,sc,val,10
8762,sc1_6_img048.jpg,sc1_6,sc,val,10
8763,sc1_6_img049.jpg,sc1_6,sc,val,10
8764,sc1_6_img050.jpg,sc1_6,sc,val,10
8765,sc1_6_img051.jpg,sc1_6,sc,val,10
8766,sc1_6_img052.jpg,sc1_6,sc,val,10
8767,sc1_6_img053.jpg,sc1_6,sc,val,10
8768,sc1_6_img054.jpg,sc1_6,sc,val,10
8769,sc1_6_img055.jpg,sc1_6,sc,val,10
8770,sc1_6_img056.jpg,sc1_6,sc,val,10
8771,sc1_6_img057.jpg,sc1_6,sc,val,10
8772,sc1_6_img058.jpg,sc1_6,sc,val,10
8773,sc1_6_img059.jpg,sc1_6,sc,val,10
8774,sc1_6_img060.jpg,sc1_6,sc,val,10
8775,sc1_6_img061.jpg,sc1_6,sc,val,10
8776,sc1_6_img062.jpg,sc1_6,sc,val,10
8777,sc1_6_img063.jpg,sc1_6,sc,val,10
8778,sc1_6_img064.jpg,sc1_6,sc,val,10
8779,sc1_6_img065.jpg,sc1_6,sc,val,10
8780,sc1_6_img066.jpg,sc1_6,sc,val,10
8781,sc1_6_img067.jpg,sc1_6,sc,val,10
8782,sc1_6_img068.jpg,sc1_6,sc,val,10
8783,sc1_6_img069.jpg,sc1_6,sc,val,10
8784,sc1_6_img070.jpg,sc1_6,sc,val,10
8785,sc1_6_img071.jpg,sc1_6,sc,val,10
8786,sc1_6_img072.jpg,sc1_6,sc,val,10
8787,sc1_6_img073.jpg,sc1_6,sc,val,10
8788,sc1_6_img074.jpg,sc1_6,sc,val,10
8789,sc1_6_img075.jpg,sc1_6,sc,val,10
8790,sc1_6_img076.jpg,sc1_6,sc,val,10
8791,sc1_6_img077.jpg,sc1_6,sc,val,10
8792,sc1_6_img078.jpg,sc1_6,sc,val,10
8793,sc1_6_img079.jpg,sc1_6,sc,val,10
8794,sc1_6_img080.jpg,sc1_6,sc,val,10
8795,sc1_6_img081.jpg,sc1_6,sc,val,10
8796,sc1_6_img082.jpg,sc1_6,sc,val,10
8797,sc1_6_img083.jpg,sc1_6,sc,val,10
8798,sc1_6_img084.jpg,sc1_6,sc,val,10
8799,sc1_6_img085.jpg,sc1_6,sc,val,10
8800,sc1_6_img086.jpg,sc1_6,sc,val,10
8801,sc1_6_img087.jpg,sc1_6,sc,val,10
8802,sc1_6_img088.jpg,sc1_6,sc,val,10
8803,sc1_6_img089.jpg,sc1_6,sc,val,10
8804,sc1_6_img090.jpg,sc1_6,sc,val,10
8805,sc1_6_img091.jpg,sc1_6,sc,val,10
8806,sc1_6_img092.jpg,sc1_6,sc,val,10
8807,sc1_6_img093.jpg,sc1_6,sc,val,10
8808,sc1_6_img094.jpg,sc1_6,sc,val,10
8809,sc1_6_img095.jpg,sc1_6,sc,val,10
8810,sc1_7_img001.jpg,sc1_7,sc,train,10
8811,sc1_7_img002.jpg,sc1_7,sc,train,10
8812,sc1_7_img003.jpg,sc1_7,sc,train,10
8813,sc1_7_img004.jpg,sc1_7,sc,train,10
8814,sc1_7_img005.jpg,sc1_7,sc,train,10
8815,sc1_7_img006.jpg,sc1_7,sc,train,10
8816,sc1_7_img007.jpg,sc1_7,sc,train,10
8817,sc1_7_img008.jpg,sc1_7,sc,train,10
8818,sc1_7_img009.jpg,sc1_7,sc,train,10
8819,sc1_7_img010.jpg,sc1_7,sc,train,10
8820,sc1_7_img011.jpg,sc1_7,sc,train,10
8821,sc1_7_img012.jpg,sc1_7,sc,train,10
8822,sc1_7_img013.jpg,sc1_7,sc,train,10
8823,sc1_7_img014.jpg,sc1_7,sc,train,10
8824,sc1_7_img015.jpg,sc1_7,sc,train,10
8825,sc1_7_img016.jpg,sc1_7,sc,train,10
8826,sc1_7_img017.jpg,sc1_7,sc,train,10
8827,sc1_7_img018.jpg,sc1_7,sc,train,10
8828,sc1_7_img019.jpg,sc1_7,sc,train,10
8829,sc1_7_img020.jpg,sc1_7,sc,train,10
8830,sc1_7_img021.jpg,sc1_7,sc,train,10
8831,sc1_7_img022.jpg,sc1_7,sc,train,10
8832,sc1_7_img023.jpg,sc1_7,sc,train,10
8833,sc1_7_img024.jpg,sc1_7,sc,train,10
8834,sc1_7_img025.jpg,sc1_7,sc,train,10
8835,sc1_7_img026.jpg,sc1_7,sc,train,10
8836,sc1_7_img027.jpg,sc1_7,sc,train,10
8837,sc1_7_img028.jpg,sc1_7,sc,train,10
8838,sc1_7_img029.jpg,sc1_7,sc,train,10
8839,sc1_7_img030.jpg,sc1_7,sc,train,10
8840,sc1_7_img031.jpg,sc1_7,sc,train,10
8841,sc1_7_img032.jpg,sc1_7,sc,train,10
8842,sc1_7_img033.jpg,sc1_7,sc,train,10
8843,sc1_7_img034.jpg,sc1_7,sc,train,10
8844,sc1_7_img035.jpg,sc1_7,sc,train,10
8845,sc1_7_img036.jpg,sc1_7,sc,train,10
8846,sc1_7_img037.jpg,sc1_7,sc,train,10
8847,sc1_7_img038.jpg,sc1_7,sc,train,10
8848,sc1_7_img039.jpg,sc1_7,sc,train,10
8849,sc1_7_img040.jpg,sc1_7,sc,train,10
8850,sc1_7_img041.jpg,sc1_7,sc,train,10
8851,sc1_7_img042.jpg,sc1_7,sc,train,10
8852,sc1_7_img043.jpg,sc1_7,sc,train,10
8853,sc1_7_img044.jpg,sc1_7,sc,train,10
8854,sc1_7_img045.jpg,sc1_7,sc,train,10
8855,sc1_7_img046.jpg,sc1_7,sc,train,10
8856,sc1_7_img047.jpg,sc1_7,sc,train,10
8857,sc1_7_img048.jpg,sc1_7,sc,train,10
8858,sc1_7_img049.jpg,sc1_7,sc,train,10
8859,sc1_7_img050.jpg,sc1_7,sc,train,10
8860,sc1_7_img051.jpg,sc1_7,sc,train,10
8861,sc1_7_img052.jpg,sc1_7,sc,train,10
8862,sc1_7_img053.jpg,sc1_7,sc,train,10
8863,sc1_7_img054.jpg,sc1_7,sc,train,10
8864,sc1_7_img055.jpg,sc1_7,sc,train,10
8865,sc1_7_img056.jpg,sc1_7,sc,train,10
8866,sc1_7_img057.jpg,sc1_7,sc,train,10
8867,sc1_7_img058.jpg,sc1_7,sc,train,10
8868,sc1_7_img059.jpg,sc1_7,sc,train,10
8869,sc1_7_img060.jpg,sc1_7,sc,train,10
8870,sc1_7_img061.jpg,sc1_7,sc,train,10
8871,sc1_7_img062.jpg,sc1_7,sc,train,10
8872,sc1_7_img063.jpg,sc1_7,sc,train,10
8873,sc1_7_img064.jpg,sc1_7,sc,train,10
8874,sc1_7_img065.jpg,sc1_7,sc,train,10
8875,sc1_7_img066.jpg,sc1_7,sc,train,10
8876,sc1_7_img067.jpg,sc1_7,sc,train,10
8877,sc1_7_img068.jpg,sc1_7,sc,train,10
8878,sc1_7_img069.jpg,sc1_7,sc,train,10
8879,sc1_7_img070.jpg,sc1_7,sc,train,10
8880,sc1_7_img071.jpg,sc1_7,sc,train,10
8881,sc1_7_img072.jpg,sc1_7,sc,train,10
8882,sc1_7_img073.jpg,sc1_7,sc,train,10
8883,sc1_7_img074.jpg,sc1_7,sc,train,10
8884,sc1_7_img075.jpg,sc1_7,sc,train,10
8885,sc1_7_img076.jpg,sc1_7,sc,train,10
8886,sc1_7_img077.jpg,sc1_7,sc,train,10
8887,sc1_7_img078.jpg,sc1_7,sc,train,10
8888,sc1_7_img079.jpg,sc1_7,sc,train,10
8889,sc1_7_img080.jpg,sc1_7,sc,train,10
8890,sc1_7_img081.jpg,sc1_7,sc,train,10
8891,sc1_7_img082.jpg,sc1_7,sc,train,10
8892,sc1_7_img083.jpg,sc1_7,sc,train,10
8893,sc1_7_img084.jpg,sc1_7,sc,train,10
8894,sc1_7_img085.jpg,sc1_7,sc,train,10
8895,sc1_7_img086.jpg,sc1_7,sc,train,10
8896,sc1_7_img087.jpg,sc1_7,sc,train,10
8897,sc1_7_img088.jpg,sc1_7,sc,train,10
8898,sc1_7_img089.jpg,sc1_7,sc,train,10
8899,sc1_7_img090.jpg,sc1_7,sc,train,10
8900,sc1_7_img091.jpg,sc1_7,sc,train,10
8901,sc1_7_img092.jpg,sc1_7,sc,train,10
8902,sc1_7_img093.jpg,sc1_7,sc,train,10
8903,sc1_7_img094.jpg,sc1_7,sc,train,10
8904,sc1_7_img095.jpg,sc1_7,sc,train,10
8905,sc1_8_img001.jpg,sc1_8,sc,train,10
8906,sc1_8_img002.jpg,sc1_8,sc,train,10
8907,sc1_8_img003.jpg,sc1_8,sc,train,10
8908,sc1_8_img004.jpg,sc1_8,sc,train,10
8909,sc1_8_img005.jpg,sc1_8,sc,train,10
8910,sc1_8_img006.jpg,sc1_8,sc,train,10
8911,sc1_8_img007.jpg,sc1_8,sc,train,10
8912,sc1_8_img008.jpg,sc1_8,sc,train,10
8913,sc1_8_img009.jpg,sc1_8,sc,train,10
8914,sc1_8_img010.jpg,sc1_8,sc,train,10
8915,sc1_8_img011.jpg,sc1_8,sc,train,10
8916,sc1_8_img012.jpg,sc1_8,sc,train,10
8917,sc1_8_img013.jpg,sc1_8,sc,train,10
8918,sc1_8_img014.jpg,sc1_8,sc,train,10
8919,sc1_8_img015.jpg,sc1_8,sc,train,10
8920,sc1_8_img016.jpg,sc1_8,sc,train,10
8921,sc1_8_img017.jpg,sc1_8,sc,train,10
8922,sc1_8_img018.jpg,sc1_8,sc,train,10
8923,sc1_8_img019.jpg,sc1_8,sc,train,10
8924,sc1_8_img020.jpg,sc1_8,sc,train,10
8925,sc1_8_img021.jpg,sc1_8,sc,train,10
8926,sc1_8_img022.jpg,sc1_8,sc,train,10
8927,sc1_8_img023.jpg,sc1_8,sc,train,10
8928,sc1_8_img024.jpg,sc1_8,sc,train,10
8929,sc1_8_img025.jpg,sc1_8,sc,train,10
8930,sc1_8_img026.jpg,sc1_8,sc,train,10
8931,sc1_8_img027.jpg,sc1_8,sc,train,10
8932,sc1_8_img028.jpg,sc1_8,sc,train,10
8933,sc1_8_img029.jpg,sc1_8,sc,train,10
8934,sc1_8_img030.jpg,sc1_8,sc,train,10
8935,sc1_8_img031.jpg,sc1_8,sc,train,10
8936,sc1_8_img032.jpg,sc1_8,sc,train,10
8937,sc1_8_img033.jpg,sc1_8,sc,train,10
8938,sc1_8_img034.jpg,sc1_8,sc,train,10
8939,sc1_8_img035.jpg,sc1_8,sc,train,10
8940,sc1_8_img036.jpg,sc1_8,sc,train,10
8941,sc1_8_img037.jpg,sc1_8,sc,train,10
8942,sc1_8_img038.jpg,sc1_8,sc,train,10
8943,sc1_8_img039.jpg,sc1_8,sc,train,10
8944,sc1_8_img040.jpg,sc1_8,sc,train,10
8945,sc1_8_img041.jpg,sc1_8,sc,train,10
8946,sc1_8_img042.jpg,sc1_8,sc,train,10
8947,sc1_8_img043.jpg,sc1_8,sc,train,10
8948,sc1_8_img044.jpg,sc1_8,sc,train,10
8949,sc1_8_img045.jpg,sc1_8,sc,train,10
8950,sc1_8_img046.jpg,sc1_8,sc,train,10
8951,sc1_8_img047.jpg,sc1_8,sc,train,10
8952,sc1_8_img048.jpg,sc1_8,sc,train,10
8953,sc1_8_img049.jpg,sc1_8,sc,train,10
8954,sc1_8_img050.jpg,sc1_8,sc,train,10
8955,sc1_8_img051.jpg,sc1_8,sc,train,10
8956,sc1_8_img052.jpg,sc1_8,sc,train,10
8957,sc1_8_img053.jpg,sc1_8,sc,train,10
8958,sc1_8_img054.jpg,sc1_8,sc,train,10
8959,sc1_8_img055.jpg,sc1_8,sc,train,10
8960,sc1_8_img056.jpg,sc1_8,sc,train,10
8961,sc1_8_img057.jpg,sc1_8,sc,train,10
8962,sc1_8_img058.jpg,sc1_8,sc,train,10
8963,sc1_8_img059.jpg,sc1_8,sc,train,10
8964,sc1_8_img060.jpg,sc1_8,sc,train,10
8965,sc1_8_img061.jpg,sc1_8,sc,train,10
8966,sc1_8_img062.jpg,sc1_8,sc,train,10
8967,sc1_8_img063.jpg,sc1_8,sc,train,10
8968,sc1_8_img064.jpg,sc1_8,sc,train,10
8969,sc1_8_img065.jpg,sc1_8,sc,train,10
8970,sc1_8_img066.jpg,sc1_8,sc,train,10
8971,sc1_8_img067.jpg,sc1_8,sc,train,10
8972,sc1_8_img068.jpg,sc1_8,sc,train,10
8973,sc1_8_img069.jpg,sc1_8,sc,train,10
8974,sc1_8_img070.jpg,sc1_8,sc,train,10
8975,sc1_8_img071.jpg,sc1_8,sc,train,10
8976,sc1_8_img072.jpg,sc1_8,sc,train,10
8977,sc1_8_img073.jpg,sc1_8,sc,train,10
8978,sc1_8_img074.jpg,sc1_8,sc,train,10
8979,sc1_8_img075.jpg,sc1_8,sc,train,10
8980,sc1_8_img076.jpg,sc1_8,sc,train,10
8981,sc1_8_img077.jpg,sc1_8,sc,train,10
8982,sc1_8_img078.jpg,sc1_8,sc,train,10
8983,sc1_8_img079.jpg,sc1_8,sc,train,10
8984,sc1_8_img080.jpg,sc1_8,sc,train,10
8985,sc1_8_img081.jpg,sc1_8,sc,train,10
8986,sc1_8_img082.jpg,sc1_8,sc,train,10
8987,sc1_8_img083.jpg,sc1_8,sc,train,10
8988,sc1_8_img084.jpg,sc1_8,sc,train,10
8989,sc1_8_img085.jpg,sc1_8,sc,train,10
8990,sc1_8_img086.jpg,sc1_8,sc,train,10
8991,sc1_8_img087.jpg,sc1_8,sc,train,10
8992,sc1_8_img088.jpg,sc1_8,sc,train,10
8993,sc1_8_img089.jpg,sc1_8,sc,train,10
8994,sc1_8_img090.jpg,sc1_8,sc,train,10
8995,sc1_8_img091.jpg,sc1_8,sc,train,10
8996,sc1_8_img092.jpg,sc1_8,sc,train,10
8997,sc1_8_img093.jpg,sc1_8,sc,train,10
8998,sc1_8_img094.jpg,sc1_8,sc,train,10
8999,sc1_8_img095.jpg,sc1_8,sc,train,10
9000,sc1_9_img001.jpg,sc1_9,sc,train,10
9001,sc1_9_img002.jpg,sc1_9,sc,train,10
9002,sc1_9_img003.jpg,sc1_9,sc,train,10
9003,sc1_9_img004.jpg,sc1_9,sc,train,10
9004,sc1_9_img005.jpg,sc1_9,sc,train,10
9005,sc1_9_img006.jpg,sc1_9,sc,train,10
9006,sc1_9_img007.jpg,sc1_9,sc,train,10
9007,sc1_9_img008.jpg,sc1_9,sc,train,10
9008,sc1_9_img009.jpg,sc1_9,sc,train,10
9009,sc1_9_img010.jpg,sc1_9,sc,train,10
9010,sc1_9_img011.jpg,sc1_9,sc,train,10
9011,sc1_9_img012.jpg,sc1_9,sc,train,10
9012,sc1_9_img013.jpg,sc1_9,sc,train,10
9013,sc1_9_img014.jpg,sc1_9,sc,train,10
9014,sc1_9_img015.jpg,sc1_9,sc,train,10
9015,sc1_9_img016.jpg,sc1_9,sc,train,10
9016,sc1_9_img017.jpg,sc1_9,sc,train,10
9017,sc1_9_img018.jpg,sc1_9,sc,train,10
9018,sc1_9_img019.jpg,sc1_9,sc,train,10
9019,sc1_9_img020.jpg,sc1_9,sc,train,10
9020,sc1_9_img021.jpg,sc1_9,sc,train,10
9021,sc1_9_img022.jpg,sc1_9,sc,train,10
9022,sc1_9_img023.jpg,sc1_9,sc,train,10
9023,sc1_9_img024.jpg,sc1_9,sc,train,10
9024,sc1_9_img025.jpg,sc1_9,sc,train,10
9025,sc1_9_img026.jpg,sc1_9,sc,train,10
9026,sc1_9_img027.jpg,sc1_9,sc,train,10
9027,sc1_9_img028.jpg,sc1_9,sc,train,10
9028,sc1_9_img029.jpg,sc1_9,sc,train,10
9029,sc1_9_img030.jpg,sc1_9,sc,train,10
9030,sc1_9_img031.jpg,sc1_9,sc,train,10
9031,sc1_9_img032.jpg,sc1_9,sc,train,10
9032,sc1_9_img033.jpg,sc1_9,sc,train,10
9033,sc1_9_img034.jpg,sc1_9,sc,train,10
9034,sc1_9_img035.jpg,sc1_9,sc,train,10
9035,sc1_9_img036.jpg,sc1_9,sc,train,10
9036,sc1_9_img037.jpg,sc1_9,sc,train,10
9037,sc1_9_img038.jpg,sc1_9,sc,train,10
9038,sc1_9_img039.jpg,sc1_9,sc,train,10
9039,sc1_9_img040.jpg,sc1_9,sc,train,10
9040,sc1_9_img041.jpg,sc1_9,sc,train,10
9041,sc1_9_img042.jpg,sc1_9,sc,train,10
9042,sc1_9_img043.jpg,sc1_9,sc,train,10
9043,sc1_9_img044.jpg,sc1_9,sc,train,10
9044,sc1_9_img045.jpg,sc1_9,sc,train,10
9045,sc1_9_img046.jpg,sc1_9,sc,train,10
9046,sc1_9_img047.jpg,sc1_9,sc,train,10
9047,sc1_9_img048.jpg,sc1_9,sc,train,10
9048,sc1_9_img049.jpg,sc1_9,sc,train,10
9049,sc1_9_img050.jpg,sc1_9,sc,train,10
9050,sc1_9_img051.jpg,sc1_9,sc,train,10
9051,sc1_9_img052.jpg,sc1_9,sc,train,10
9052,sc1_9_img053.jpg,sc1_9,sc,train,10
9053,sc1_9_img054.jpg,sc1_9,sc,train,10
9054,sc1_9_img055.jpg,sc1_9,sc,train,10
9055,sc1_9_img056.jpg,sc1_9,sc,train,10
9056,sc1_9_img057.jpg,sc1_9,sc,train,10
9057,sc1_9_img058.jpg,sc1_9,sc,train,10
9058,sc1_9_img059.jpg,sc1_9,sc,train,10
9059,sc1_9_img060.jpg,sc1_9,sc,train,10
9060,sc1_9_img061.jpg,sc1_9,sc,train,10
9061,sc1_9_img062.jpg,sc1_9,sc,train,10
9062,sc1_9_img063.jpg,sc1_9,sc,train,10
9063,sc1_9_img064.jpg,sc1_9,sc,train,10
9064,sc1_9_img065.jpg,sc1_9,sc,train,10
9065,sc1_9_img066.jpg,sc1_9,sc,train,10
9066,sc1_9_img067.jpg,sc1_9,sc,train,10
9067,sc1_9_img068.jpg,sc1_9,sc,train,10
9068,sc1_9_img069.jpg,sc1_9,sc,train,10
9069,sc1_9_img070.jpg,sc1_9,sc,train,10
9070,sc1_9_img071.jpg,sc1_9,sc,train,10
9071,sc1_9_img072.jpg,sc1_9,sc,train,10
9072,sc1_9_img073.jpg,sc1_9,sc,train,10
9073,sc1_9_img074.jpg,sc1_9,sc,train,10
9074,sc1_9_img075.jpg,sc1_9,sc,train,10
9075,sc1_9_img076.jpg,sc1_9,sc,train,10
9076,sc1_9_img077.jpg,sc1_9,sc,train,10
9077,sc1_9_img078.jpg,sc1_9,sc,train,10
9078,sc1_9_img079.jpg,sc1_9,sc,train,10
9079,sc1_9_img080.jpg,sc1_9,sc,train,10
9080,sc1_9_img081.jpg,sc1_9,sc,train,10
9081,sc1_9_img082.jpg,sc1_9,sc,train,10
9082,sc1_9_img083.jpg,sc1_9,sc,train,10
9083,sc1_9_img084.jpg,sc1_9,sc,train,10
9084,sc1_9_img085.jpg,sc1_9,sc,train,10
9085,sc1_9_img086.jpg,sc1_9,sc,train,10
9086,sc1_9_img087.jpg,sc1_9,sc,train,10
9087,sc1_9_img088.jpg,sc1_9,sc,train,10
9088,sc1_9_img089.jpg,sc1_9,sc,train,10
9089,sc1_9_img090.jpg,sc1_9,sc,train,10
9090,sc1_9_img091.jpg,sc1_9,sc,train,10
9091,sc1_9_img092.jpg,sc1_9,sc,train,10
9092,sc1_9_img093.jpg,sc1_9,sc,train,10
9093,sc1_9_img094.jpg,sc1_9,sc,train,10
9094,sc1_9_img095.jpg,sc1_9,sc,train,10
9095,sc2_10_img001.jpg,sc2_10,sc,train,10
9096,sc2_10_img002.jpg,sc2_10,sc,train,10
9097,sc2_10_img003.jpg,sc2_10,sc,train,10
9098,sc2_10_img004.jpg,sc2_10,sc,train,10
9099,sc2_10_img005.jpg,sc2_10,sc,train,10
9100,sc2_10_img006.jpg,sc2_10,sc,train,10
9101,sc2_10_img007.jpg,sc2_10,sc,train,10
9102,sc2_10_img008.jpg,sc2_10,sc,train,10
9103,sc2_10_img009.jpg,sc2_10,sc,train,10
9104,sc2_10_img010.jpg,sc2_10,sc,train,10
9105,sc2_10_img011.jpg,sc2_10,sc,train,10
9106,sc2_10_img012.jpg,sc2_10,sc,train,10
9107,sc2_10_img013.jpg,sc2_10,sc,train,10
9108,sc2_10_img014.jpg,sc2_10,sc,train,10
9109,sc2_10_img015.jpg,sc2_10,sc,train,10
9110,sc2_10_img016.jpg,sc2_10,sc,train,10
9111,sc2_10_img017.jpg,sc2_10,sc,train,10
9112,sc2_10_img018.jpg,sc2_10,sc,train,10
9113,sc2_10_img019.jpg,sc2_10,sc,train,10
9114,sc2_10_img020.jpg,sc2_10,sc,train,10
9115,sc2_10_img021.jpg,sc2_10,sc,train,10
9116,sc2_10_img022.jpg,sc2_10,sc,train,10
9117,sc2_10_img023.jpg,sc2_10,sc,train,10
9118,sc2_10_img024.jpg,sc2_10,sc,train,10
9119,sc2_10_img025.jpg,sc2_10,sc,train,10
9120,sc2_10_img026.jpg,sc2_10,sc,train,10
9121,sc2_10_img027.jpg,sc2_10,sc,train,10
9122,sc2_10_img028.jpg,sc2_10,sc,train,10
9123,sc2_10_img029.jpg,sc2_10,sc,train,10
9124,sc2_10_img030.jpg,sc2_10,sc,train,10
9125,sc2_10_img031.jpg,sc2_10,sc,train,10
9126,sc2_10_img032.jpg,sc2_10,sc,train,10
9127,sc2_10_img033.jpg,sc2_10,sc,train,10
9128,sc2_10_img034.jpg,sc2_10,sc,train,10
9129,sc2_10_img035.jpg,sc2_10,sc,train,10
9130,sc2_10_img036.jpg,sc2_10,sc,train,10
9131,sc2_10_img037.jpg,sc2_10,sc,train,10
9132,sc2_10_img038.jpg,sc2_10,sc,train,10
9133,sc2_10_img039.jpg,sc2_10,sc,train,10
9134,sc2_10_img040.jpg,sc2_10,sc,train,10
9135,sc2_10_img041.jpg,sc2_10,sc,train,10
9136,sc2_10_img042.jpg,sc2_10,sc,train,10
9137,sc2_10_img043.jpg,sc2_10,sc,train,10
9138,sc2_10_img044.jpg,sc2_10,sc,train,10
9139,sc2_10_img045.jpg,sc2_10,sc,train,10
9140,sc2_10_img046.jpg,sc2_10,sc,train,10
9141,sc2_10_img047.jpg,sc2_10,sc,train,10
9142,sc2_10_img048.jpg,sc2_10,sc,train,10
9143,sc2_10_img049.jpg,sc2_10,sc,train,10
9144,sc2_10_img050.jpg,sc2_10,sc,train,10
9145,sc2_10_img051.jpg,sc2_10,sc,train,10
9146,sc2_10_img052.jpg,sc2_10,sc,train,10
9147,sc2_10_img053.jpg,sc2_10,sc,train,10
9148,sc2_10_img054.jpg,sc2_10,sc,train,10
9149,sc2_10_img055.jpg,sc2_10,sc,train,10
9150,sc2_10_img056.jpg,sc2_10,sc,train,10
9151,sc2_10_img057.jpg,sc2_10,sc,train,10
9152,sc2_10_img058.jpg,sc2_10,sc,train,10
9153,sc2_10_img059.jpg,sc2_10,sc,train,10
9154,sc2_10_img060.jpg,sc2_10,sc,train,10
9155,sc2_10_img061.jpg,sc2_10,sc,train,10
9156,sc2_10_img062.jpg,sc2_10,sc,train,10
9157,sc2_10_img063.jpg,sc2_10,sc,train,10
9158,sc2_10_img064.jpg,sc2_10,sc,train,10
9159,sc2_10_img065.jpg,sc2_10,sc,train,10
9160,sc2_10_img066.jpg,sc2_10,sc,train,10
9161,sc2_10_img067.jpg,sc2_10,sc,train,10
9162,sc2_10_img068.jpg,sc2_10,sc,train,10
9163,sc2_10_img069.jpg,sc2_10,sc,train,10
9164,sc2_10_img070.jpg,sc2_10,sc,train,10
9165,sc2_10_img071.jpg,sc2_10,sc,train,10
9166,sc2_10_img072.jpg,sc2_10,sc,train,10
9167,sc2_10_img073.jpg,sc2_10,sc,train,10
9168,sc2_10_img074.jpg,sc2_10,sc,train,10
9169,sc2_10_img075.jpg,sc2_10,sc,train,10
9170,sc2_10_img076.jpg,sc2_10,sc,train,10
9171,sc2_10_img077.jpg,sc2_10,sc,train,10
9172,sc2_10_img078.jpg,sc2_10,sc,train,10
9173,sc2_10_img079.jpg,sc2_10,sc,train,10
9174,sc2_10_img080.jpg,sc2_10,sc,train,10
9175,sc2_10_img081.jpg,sc2_10,sc,train,10
9176,sc2_10_img082.jpg,sc2_10,sc,train,10
9177,sc2_10_img083.jpg,sc2_10,sc,train,10
9178,sc2_10_img084.jpg,sc2_10,sc,train,10
9179,sc2_10_img085.jpg,sc2_10,sc,train,10
9180,sc2_10_img086.jpg,sc2_10,sc,train,10
9181,sc2_10_img087.jpg,sc2_10,sc,train,10
9182,sc2_10_img088.jpg,sc2_10,sc,train,10
9183,sc2_10_img089.jpg,sc2_10,sc,train,10
9184,sc2_10_img090.jpg,sc2_10,sc,train,10
9185,sc2_10_img091.jpg,sc2_10,sc,train,10
9186,sc2_10_img092.jpg,sc2_10,sc,train,10
9187,sc2_10_img093.jpg,sc2_10,sc,train,10
9188,sc2_10_img094.jpg,sc2_10,sc,train,10
9189,sc2_10_img095.jpg,sc2_10,sc,train,10
9190,sc2_11_img001.jpg,sc2_11,sc,train,10
9191,sc2_11_img002.jpg,sc2_11,sc,train,10
9192,sc2_11_img003.jpg,sc2_11,sc,train,10
9193,sc2_11_img004.jpg,sc2_11,sc,train,10
9194,sc2_11_img005.jpg,sc2_11,sc,train,10
9195,sc2_11_img006.jpg,sc2_11,sc,train,10
9196,sc2_11_img007.jpg,sc2_11,sc,train,10
9197,sc2_11_img008.jpg,sc2_11,sc,train,10
9198,sc2_11_img009.jpg,sc2_11,sc,train,10
9199,sc2_11_img010.jpg,sc2_11,sc,train,10
9200,sc2_11_img011.jpg,sc2_11,sc,train,10
9201,sc2_11_img012.jpg,sc2_11,sc,train,10
9202,sc2_11_img013.jpg,sc2_11,sc,train,10
9203,sc2_11_img014.jpg,sc2_11,sc,train,10
9204,sc2_11_img015.jpg,sc2_11,sc,train,10
9205,sc2_11_img016.jpg,sc2_11,sc,train,10
9206,sc2_11_img017.jpg,sc2_11,sc,train,10
9207,sc2_11_img018.jpg,sc2_11,sc,train,10
9208,sc2_11_img019.jpg,sc2_11,sc,train,10
9209,sc2_11_img020.jpg,sc2_11,sc,train,10
9210,sc2_11_img021.jpg,sc2_11,sc,train,10
9211,sc2_11_img022.jpg,sc2_11,sc,train,10
9212,sc2_11_img023.jpg,sc2_11,sc,train,10
9213,sc2_11_img024.jpg,sc2_11,sc,train,10
9214,sc2_11_img025.jpg,sc2_11,sc,train,10
9215,sc2_11_img026.jpg,sc2_11,sc,train,10
9216,sc2_11_img027.jpg,sc2_11,sc,train,10
9217,sc2_11_img028.jpg,sc2_11,sc,train,10
9218,sc2_11_img029.jpg,sc2_11,sc,train,10
9219,sc2_11_img030.jpg,sc2_11,sc,train,10
9220,sc2_11_img031.jpg,sc2_11,sc,train,10
9221,sc2_11_img032.jpg,sc2_11,sc,train,10
9222,sc2_11_img033.jpg,sc2_11,sc,train,10
9223,sc2_11_img034.jpg,sc2_11,sc,train,10
9224,sc2_11_img035.jpg,sc2_11,sc,train,10
9225,sc2_11_img036.jpg,sc2_11,sc,train,10
9226,sc2_11_img037.jpg,sc2_11,sc,train,10
9227,sc2_11_img038.jpg,sc2_11,sc,train,10
9228,sc2_11_img039.jpg,sc2_11,sc,train,10
9229,sc2_11_img040.jpg,sc2_11,sc,train,10
9230,sc2_11_img041.jpg,sc2_11,sc,train,10
9231,sc2_11_img042.jpg,sc2_11,sc,train,10
9232,sc2_11_img043.jpg,sc2_11,sc,train,10
9233,sc2_11_img044.jpg,sc2_11,sc,train,10
9234,sc2_11_img045.jpg,sc2_11,sc,train,10
9235,sc2_11_img046.jpg,sc2_11,sc,train,10
9236,sc2_11_img047.jpg,sc2_11,sc,train,10
9237,sc2_11_img048.jpg,sc2_11,sc,train,10
9238,sc2_11_img049.jpg,sc2_11,sc,train,10
9239,sc2_11_img050.jpg,sc2_11,sc,train,10
9240,sc2_11_img051.jpg,sc2_11,sc,train,10
9241,sc2_11_img052.jpg,sc2_11,sc,train,10
9242,sc2_11_img053.jpg,sc2_11,sc,train,10
9243,sc2_11_img054.jpg,sc2_11,sc,train,10
9244,sc2_11_img055.jpg,sc2_11,sc,train,10
9245,sc2_11_img056.jpg,sc2_11,sc,train,10
9246,sc2_11_img057.jpg,sc2_11,sc,train,10
9247,sc2_11_img058.jpg,sc2_11,sc,train,10
9248,sc2_11_img059.jpg,sc2_11,sc,train,10
9249,sc2_11_img060.jpg,sc2_11,sc,train,10
9250,sc2_11_img061.jpg,sc2_11,sc,train,10
9251,sc2_11_img062.jpg,sc2_11,sc,train,10
9252,sc2_11_img063.jpg,sc2_11,sc,train,10
9253,sc2_11_img064.jpg,sc2_11,sc,train,10
9254,sc2_11_img065.jpg,sc2_11,sc,train,10
9255,sc2_11_img066.jpg,sc2_11,sc,train,10
9256,sc2_11_img067.jpg,sc2_11,sc,train,10
9257,sc2_11_img068.jpg,sc2_11,sc,train,10
9258,sc2_11_img069.jpg,sc2_11,sc,train,10
9259,sc2_11_img070.jpg,sc2_11,sc,train,10
9260,sc2_11_img071.jpg,sc2_11,sc,train,10
9261,sc2_11_img072.jpg,sc2_11,sc,train,10
9262,sc2_11_img073.jpg,sc2_11,sc,train,10
9263,sc2_11_img074.jpg,sc2_11,sc,train,10
9264,sc2_11_img075.jpg,sc2_11,sc,train,10
9265,sc2_11_img076.jpg,sc2_11,sc,train,10
9266,sc2_11_img077.jpg,sc2_11,sc,train,10
9267,sc2_11_img078.jpg,sc2_11,sc,train,10
9268,sc2_11_img079.jpg,sc2_11,sc,train,10
9269,sc2_11_img080.jpg,sc2_11,sc,train,10
9270,sc2_11_img081.jpg,sc2_11,sc,train,10
9271,sc2_11_img082.jpg,sc2_11,sc,train,10
9272,sc2_11_img083.jpg,sc2_11,sc,train,10
9273,sc2_11_img084.jpg,sc2_11,sc,train,10
9274,sc2_11_img085.jpg,sc2_11,sc,train,10
9275,sc2_11_img086.jpg,sc2_11,sc,train,10
9276,sc2_11_img087.jpg,sc2_11,sc,train,10
9277,sc2_11_img088.jpg,sc2_11,sc,train,10
9278,sc2_11_img089.jpg,sc2_11,sc,train,10
9279,sc2_11_img090.jpg,sc2_11,sc,train,10
9280,sc2_11_img091.jpg,sc2_11,sc,train,10
9281,sc2_11_img092.jpg,sc2_11,sc,train,10
9282,sc2_11_img093.jpg,sc2_11,sc,train,10
9283,sc2_11_img094.jpg,sc2_11,sc,train,10
9284,sc2_11_img095.jpg,sc2_11,sc,train,10
9285,sc2_12_img001.jpg,sc2_12,sc,train,10
9286,sc2_12_img002.jpg,sc2_12,sc,train,10
9287,sc2_12_img003.jpg,sc2_12,sc,train,10
9288,sc2_12_img004.jpg,sc2_12,sc,train,10
9289,sc2_12_img005.jpg,sc2_12,sc,train,10
9290,sc2_12_img006.jpg,sc2_12,sc,train,10
9291,sc2_12_img007.jpg,sc2_12,sc,train,10
9292,sc2_12_img008.jpg,sc2_12,sc,train,10
9293,sc2_12_img009.jpg,sc2_12,sc,train,10
9294,sc2_12_img010.jpg,sc2_12,sc,train,10
9295,sc2_12_img011.jpg,sc2_12,sc,train,10
9296,sc2_12_img012.jpg,sc2_12,sc,train,10
9297,sc2_12_img013.jpg,sc2_12,sc,train,10
9298,sc2_12_img014.jpg,sc2_12,sc,train,10
9299,sc2_12_img015.jpg,sc2_12,sc,train,10
9300,sc2_12_img016.jpg,sc2_12,sc,train,10
9301,sc2_12_img017.jpg,sc2_12,sc,train,10
9302,sc2_12_img018.jpg,sc2_12,sc,train,10
9303,sc2_12_img019.jpg,sc2_12,sc,train,10
9304,sc2_12_img020.jpg,sc2_12,sc,train,10
9305,sc2_12_img021.jpg,sc2_12,sc,train,10
9306,sc2_12_img022.jpg,sc2_12,sc,train,10
9307,sc2_12_img023.jpg,sc2_12,sc,train,10
9308,sc2_12_img024.jpg,sc2_12,sc,train,10
9309,sc2_12_img025.jpg,sc2_12,sc,train,10
9310,sc2_12_img026.jpg,sc2_12,sc,train,10
9311,sc2_12_img027.jpg,sc2_12,sc,train,10
9312,sc2_12_img028.jpg,sc2_12,sc,train,10
9313,sc2_12_img029.jpg,sc2_12,sc,train,10
9314,sc2_12_img030.jpg,sc2_12,sc,train,10
9315,sc2_12_img031.jpg,sc2_12,sc,train,10
9316,sc2_12_img032.jpg,sc2_12,sc,train,10
9317,sc2_12_img033.jpg,sc2_12,sc,train,10
9318,sc2_12_img034.jpg,sc2_12,sc,train,10
9319,sc2_12_img035.jpg,sc2_12,sc,train,10
9320,sc2_12_img036.jpg,sc2_12,sc,train,10
9321,sc2_12_img037.jpg,sc2_12,sc,train,10
9322,sc2_12_img038.jpg,sc2_12,sc,train,10
9323,sc2_12_img039.jpg,sc2_12,sc,train,10
9324,sc2_12_img040.jpg,sc2_12,sc,train,10
9325,sc2_12_img041.jpg,sc2_12,sc,train,10
9326,sc2_12_img042.jpg,sc2_12,sc,train,10
9327,sc2_12_img043.jpg,sc2_12,sc,train,10
9328,sc2_12_img044.jpg,sc2_12,sc,train,10
9329,sc2_12_img045.jpg,sc2_12,sc,train,10
9330,sc2_12_img046.jpg,sc2_12,sc,train,10
9331,sc2_12_img047.jpg,sc2_12,sc,train,10
9332,sc2_12_img048.jpg,sc2_12,sc,train,10
9333,sc2_12_img049.jpg,sc2_12,sc,train,10
9334,sc2_12_img050.jpg,sc2_12,sc,train,10
9335,sc2_12_img051.jpg,sc2_12,sc,train,10
9336,sc2_12_img052.jpg,sc2_12,sc,train,10
9337,sc2_12_img053.jpg,sc2_12,sc,train,10
9338,sc2_12_img054.jpg,sc2_12,sc,train,10
9339,sc2_12_img055.jpg,sc2_12,sc,train,10
9340,sc2_12_img056.jpg,sc2_12,sc,train,10
9341,sc2_12_img057.jpg,sc2_12,sc,train,10
9342,sc2_12_img058.jpg,sc2_12,sc,train,10
9343,sc2_12_img059.jpg,sc2_12,sc,train,10
9344,sc2_12_img060.jpg,sc2_12,sc,train,10
9345,sc2_12_img061.jpg,sc2_12,sc,train,10
9346,sc2_12_img062.jpg,sc2_12,sc,train,10
9347,sc2_12_img063.jpg,sc2_12,sc,train,10
9348,sc2_12_img064.jpg,sc2_12,sc,train,10
9349,sc2_12_img065.jpg,sc2_12,sc,train,10
9350,sc2_12_img066.jpg,sc2_12,sc,train,10
9351,sc2_12_img067.jpg,sc2_12,sc,train,10
9352,sc2_12_img068.jpg,sc2_12,sc,train,10
9353,sc2_12_img069.jpg,sc2_12,sc,train,10
9354,sc2_12_img070.jpg,sc2_12,sc,train,10
9355,sc2_12_img071.jpg,sc2_12,sc,train,10
9356,sc2_12_img072.jpg,sc2_12,sc,train,10
9357,sc2_12_img073.jpg,sc2_12,sc,train,10
9358,sc2_12_img074.jpg,sc2_12,sc,train,10
9359,sc2_12_img075.jpg,sc2_12,sc,train,10
9360,sc2_12_img076.jpg,sc2_12,sc,train,10
9361,sc2_12_img077.jpg,sc2_12,sc,train,10
9362,sc2_12_img078.jpg,sc2_12,sc,train,10
9363,sc2_12_img079.jpg,sc2_12,sc,train,10
9364,sc2_12_img080.jpg,sc2_12,sc,train,10
9365,sc2_12_img081.jpg,sc2_12,sc,train,10
9366,sc2_12_img082.jpg,sc2_12,sc,train,10
9367,sc2_12_img083.jpg,sc2_12,sc,train,10
9368,sc2_12_img084.jpg,sc2_12,sc,train,10
9369,sc2_12_img085.jpg,sc2_12,sc,train,10
9370,sc2_12_img086.jpg,sc2_12,sc,train,10
9371,sc2_12_img087.jpg,sc2_12,sc,train,10
9372,sc2_12_img088.jpg,sc2_12,sc,train,10
9373,sc2_12_img089.jpg,sc2_12,sc,train,10
9374,sc2_12_img090.jpg,sc2_12,sc,train,10
9375,sc2_12_img091.jpg,sc2_12,sc,train,10
9376,sc2_12_img092.jpg,sc2_12,sc,train,10
9377,sc2_12_img093.jpg,sc2_12,sc,train,10
9378,sc2_12_img094.jpg,sc2_12,sc,train,10
9379,sc2_12_img095.jpg,sc2_12,sc,train,10
9380,sc2_1_img001.jpg,sc2_1,sc,train,10
9381,sc2_1_img002.jpg,sc2_1,sc,train,10
9382,sc2_1_img003.jpg,sc2_1,sc,train,10
9383,sc2_1_img004.jpg,sc2_1,sc,train,10
9384,sc2_1_img005.jpg,sc2_1,sc,train,10
9385,sc2_1_img006.jpg,sc2_1,sc,train,10
9386,sc2_1_img007.jpg,sc2_1,sc,train,10
9387,sc2_1_img008.jpg,sc2_1,sc,train,10
9388,sc2_1_img009.jpg,sc2_1,sc,train,10
9389,sc2_1_img010.jpg,sc2_1,sc,train,10
9390,sc2_1_img011.jpg,sc2_1,sc,train,10
9391,sc2_1_img012.jpg,sc2_1,sc,train,10
9392,sc2_1_img013.jpg,sc2_1,sc,train,10
9393,sc2_1_img014.jpg,sc2_1,sc,train,10
9394,sc2_1_img015.jpg,sc2_1,sc,train,10
9395,sc2_1_img016.jpg,sc2_1,sc,train,10
9396,sc2_1_img017.jpg,sc2_1,sc,train,10
9397,sc2_1_img018.jpg,sc2_1,sc,train,10
9398,sc2_1_img019.jpg,sc2_1,sc,train,10
9399,sc2_1_img020.jpg,sc2_1,sc,train,10
9400,sc2_1_img021.jpg,sc2_1,sc,train,10
9401,sc2_1_img022.jpg,sc2_1,sc,train,10
9402,sc2_1_img023.jpg,sc2_1,sc,train,10
9403,sc2_1_img024.jpg,sc2_1,sc,train,10
9404,sc2_1_img025.jpg,sc2_1,sc,train,10
9405,sc2_1_img026.jpg,sc2_1,sc,train,10
9406,sc2_1_img027.jpg,sc2_1,sc,train,10
9407,sc2_1_img028.jpg,sc2_1,sc,train,10
9408,sc2_1_img029.jpg,sc2_1,sc,train,10
9409,sc2_1_img030.jpg,sc2_1,sc,train,10
9410,sc2_1_img031.jpg,sc2_1,sc,train,10
9411,sc2_1_img032.jpg,sc2_1,sc,train,10
9412,sc2_1_img033.jpg,sc2_1,sc,train,10
9413,sc2_1_img034.jpg,sc2_1,sc,train,10
9414,sc2_1_img035.jpg,sc2_1,sc,train,10
9415,sc2_1_img036.jpg,sc2_1,sc,train,10
9416,sc2_1_img037.jpg,sc2_1,sc,train,10
9417,sc2_1_img038.jpg,sc2_1,sc,train,10
9418,sc2_1_img039.jpg,sc2_1,sc,train,10
9419,sc2_1_img040.jpg,sc2_1,sc,train,10
9420,sc2_1_img041.jpg,sc2_1,sc,train,10
9421,sc2_1_img042.jpg,sc2_1,sc,train,10
9422,sc2_1_img043.jpg,sc2_1,sc,train,10
9423,sc2_1_img044.jpg,sc2_1,sc,train,10
9424,sc2_1_img045.jpg,sc2_1,sc,train,10
9425,sc2_1_img046.jpg,sc2_1,sc,train,10
9426,sc2_1_img047.jpg,sc2_1,sc,train,10
9427,sc2_1_img048.jpg,sc2_1,sc,train,10
9428,sc2_1_img049.jpg,sc2_1,sc,train,10
9429,sc2_1_img050.jpg,sc2_1,sc,train,10
9430,sc2_1_img051.jpg,sc2_1,sc,train,10
9431,sc2_1_img052.jpg,sc2_1,sc,train,10
9432,sc2_1_img053.jpg,sc2_1,sc,train,10
9433,sc2_1_img054.jpg,sc2_1,sc,train,10
9434,sc2_1_img055.jpg,sc2_1,sc,train,10
9435,sc2_1_img056.jpg,sc2_1,sc,train,10
9436,sc2_1_img057.jpg,sc2_1,sc,train,10
9437,sc2_1_img058.jpg,sc2_1,sc,train,10
9438,sc2_1_img059.jpg,sc2_1,sc,train,10
9439,sc2_1_img060.jpg,sc2_1,sc,train,10
9440,sc2_1_img061.jpg,sc2_1,sc,train,10
9441,sc2_1_img062.jpg,sc2_1,sc,train,10
9442,sc2_1_img063.jpg,sc2_1,sc,train,10
9443,sc2_1_img064.jpg,sc2_1,sc,train,10
9444,sc2_1_img065.jpg,sc2_1,sc,train,10
9445,sc2_1_img066.jpg,sc2_1,sc,train,10
9446,sc2_1_img067.jpg,sc2_1,sc,train,10
9447,sc2_1_img068.jpg,sc2_1,sc,train,10
9448,sc2_1_img069.jpg,sc2_1,sc,train,10
9449,sc2_1_img070.jpg,sc2_1,sc,train,10
9450,sc2_1_img071.jpg,sc2_1,sc,train,10
9451,sc2_1_img072.jpg,sc2_1,sc,train,10
9452,sc2_1_img073.jpg,sc2_1,sc,train,10
9453,sc2_1_img074.jpg,sc2_1,sc,train,10
9454,sc2_1_img075.jpg,sc2_1,sc,train,10
9455,sc2_1_img076.jpg,sc2_1,sc,train,10
9456,sc2_1_img077.jpg,sc2_1,sc,train,10
9457,sc2_1_img078.jpg,sc2_1,sc,train,10
9458,sc2_1_img079.jpg,sc2_1,sc,train,10
9459,sc2_1_img080.jpg,sc2_1,sc,train,10
9460,sc2_1_img081.jpg,sc2_1,sc,train,10
9461,sc2_1_img082.jpg,sc2_1,sc,train,10
9462,sc2_1_img083.jpg,sc2_1,sc,train,10
9463,sc2_1_img084.jpg,sc2_1,sc,train,10
9464,sc2_1_img085.jpg,sc2_1,sc,train,10
9465,sc2_1_img086.jpg,sc2_1,sc,train,10
9466,sc2_1_img087.jpg,sc2_1,sc,train,10
9467,sc2_1_img088.jpg,sc2_1,sc,train,10
9468,sc2_1_img089.jpg,sc2_1,sc,train,10
9469,sc2_1_img090.jpg,sc2_1,sc,train,10
9470,sc2_1_img091.jpg,sc2_1,sc,train,10
9471,sc2_1_img092.jpg,sc2_1,sc,train,10
9472,sc2_1_img093.jpg,sc2_1,sc,train,10
9473,sc2_1_img094.jpg,sc2_1,sc,train,10
9474,sc2_1_img095.jpg,sc2_1,sc,train,10
9475,sc2_2_img001.jpg,sc2_2,sc,train,10
9476,sc2_2_img002.jpg,sc2_2,sc,train,10
9477,sc2_2_img003.jpg,sc2_2,sc,train,10
9478,sc2_2_img004.jpg,sc2_2,sc,train,10
9479,sc2_2_img005.jpg,sc2_2,sc,train,10
9480,sc2_2_img006.jpg,sc2_2,sc,train,10
9481,sc2_2_img007.jpg,sc2_2,sc,train,10
9482,sc2_2_img008.jpg,sc2_2,sc,train,10
9483,sc2_2_img009.jpg,sc2_2,sc,train,10
9484,sc2_2_img010.jpg,sc2_2,sc,train,10
9485,sc2_2_img011.jpg,sc2_2,sc,train,10
9486,sc2_2_img012.jpg,sc2_2,sc,train,10
9487,sc2_2_img013.jpg,sc2_2,sc,train,10
9488,sc2_2_img014.jpg,sc2_2,sc,train,10
9489,sc2_2_img015.jpg,sc2_2,sc,train,10
9490,sc2_2_img016.jpg,sc2_2,sc,train,10
9491,sc2_2_img017.jpg,sc2_2,sc,train,10
9492,sc2_2_img018.jpg,sc2_2,sc,train,10
9493,sc2_2_img019.jpg,sc2_2,sc,train,10
9494,sc2_2_img020.jpg,sc2_2,sc,train,10
9495,sc2_2_img021.jpg,sc2_2,sc,train,10
9496,sc2_2_img022.jpg,sc2_2,sc,train,10
9497,sc2_2_img023.jpg,sc2_2,sc,train,10
9498,sc2_2_img024.jpg,sc2_2,sc,train,10
9499,sc2_2_img025.jpg,sc2_2,sc,train,10
9500,sc2_2_img026.jpg,sc2_2,sc,train,10
9501,sc2_2_img027.jpg,sc2_2,sc,train,10
9502,sc2_2_img028.jpg,sc2_2,sc,train,10
9503,sc2_2_img029.jpg,sc2_2,sc,train,10
9504,sc2_2_img030.jpg,sc2_2,sc,train,10
9505,sc2_2_img031.jpg,sc2_2,sc,train,10
9506,sc2_2_img032.jpg,sc2_2,sc,train,10
9507,sc2_2_img033.jpg,sc2_2,sc,train,10
9508,sc2_2_img034.jpg,sc2_2,sc,train,10
9509,sc2_2_img035.jpg,sc2_2,sc,train,10
9510,sc2_2_img036.jpg,sc2_2,sc,train,10
9511,sc2_2_img037.jpg,sc2_2,sc,train,10
9512,sc2_2_img038.jpg,sc2_2,sc,train,10
9513,sc2_2_img039.jpg,sc2_2,sc,train,10
9514,sc2_2_img040.jpg,sc2_2,sc,train,10
9515,sc2_2_img041.jpg,sc2_2,sc,train,10
9516,sc2_2_img042.jpg,sc2_2,sc,train,10
9517,sc2_2_img043.jpg,sc2_2,sc,train,10
9518,sc2_2_img044.jpg,sc2_2,sc,train,10
9519,sc2_2_img045.jpg,sc2_2,sc,train,10
9520,sc2_2_img046.jpg,sc2_2,sc,train,10
9521,sc2_2_img047.jpg,sc2_2,sc,train,10
9522,sc2_2_img048.jpg,sc2_2,sc,train,10
9523,sc2_2_img049.jpg,sc2_2,sc,train,10
9524,sc2_2_img050.jpg,sc2_2,sc,train,10
9525,sc2_2_img051.jpg,sc2_2,sc,train,10
9526,sc2_2_img052.jpg,sc2_2,sc,train,10
9527,sc2_2_img053.jpg,sc2_2,sc,train,10
9528,sc2_2_img054.jpg,sc2_2,sc,train,10
9529,sc2_2_img055.jpg,sc2_2,sc,train,10
9530,sc2_2_img056.jpg,sc2_2,sc,train,10
9531,sc2_2_img057.jpg,sc2_2,sc,train,10
9532,sc2_2_img058.jpg,sc2_2,sc,train,10
9533,sc2_2_img059.jpg,sc2_2,sc,train,10
9534,sc2_2_img060.jpg,sc2_2,sc,train,10
9535,sc2_2_img061.jpg,sc2_2,sc,train,10
9536,sc2_2_img062.jpg,sc2_2,sc,train,10
9537,sc2_2_img063.jpg,sc2_2,sc,train,10
9538,sc2_2_img064.jpg,sc2_2,sc,train,10
9539,sc2_2_img065.jpg,sc2_2,sc,train,10
9540,sc2_2_img066.jpg,sc2_2,sc,train,10
9541,sc2_2_img067.jpg,sc2_2,sc,train,10
9542,sc2_2_img068.jpg,sc2_2,sc,train,10
9543,sc2_2_img069.jpg,sc2_2,sc,train,10
9544,sc2_2_img070.jpg,sc2_2,sc,train,10
9545,sc2_2_img071.jpg,sc2_2,sc,train,10
9546,sc2_2_img072.jpg,sc2_2,sc,train,10
9547,sc2_2_img073.jpg,sc2_2,sc,train,10
9548,sc2_2_img074.jpg,sc2_2,sc,train,10
9549,sc2_2_img075.jpg,sc2_2,sc,train,10
9550,sc2_2_img076.jpg,sc2_2,sc,train,10
9551,sc2_2_img077.jpg,sc2_2,sc,train,10
9552,sc2_2_img078.jpg,sc2_2,sc,train,10
9553,sc2_2_img079.jpg,sc2_2,sc,train,10
9554,sc2_2_img080.jpg,sc2_2,sc,train,10
9555,sc2_2_img081.jpg,sc2_2,sc,train,10
9556,sc2_2_img082.jpg,sc2_2,sc,train,10
9557,sc2_2_img083.jpg,sc2_2,sc,train,10
9558,sc2_2_img084.jpg,sc2_2,sc,train,10
9559,sc2_2_img085.jpg,sc2_2,sc,train,10
9560,sc2_2_img086.jpg,sc2_2,sc,train,10
9561,sc2_2_img087.jpg,sc2_2,sc,train,10
9562,sc2_2_img088.jpg,sc2_2,sc,train,10
9563,sc2_2_img089.jpg,sc2_2,sc,train,10
9564,sc2_2_img090.jpg,sc2_2,sc,train,10
9565,sc2_2_img091.jpg,sc2_2,sc,train,10
9566,sc2_2_img092.jpg,sc2_2,sc,train,10
9567,sc2_2_img093.jpg,sc2_2,sc,train,10
9568,sc2_2_img094.jpg,sc2_2,sc,train,10
9569,sc2_2_img095.jpg,sc2_2,sc,train,10
9570,sc2_3_img001.jpg,sc2_3,sc,train,10
9571,sc2_3_img002.jpg,sc2_3,sc,train,10
9572,sc2_3_img003.jpg,sc2_3,sc,train,10
9573,sc2_3_img004.jpg,sc2_3,sc,train,10
9574,sc2_3_img005.jpg,sc2_3,sc,train,10
9575,sc2_3_img006.jpg,sc2_3,sc,train,10
9576,sc2_3_img007.jpg,sc2_3,sc,train,10
9577,sc2_3_img008.jpg,sc2_3,sc,train,10
9578,sc2_3_img009.jpg,sc2_3,sc,train,10
9579,sc2_3_img010.jpg,sc2_3,sc,train,10
9580,sc2_3_img011.jpg,sc2_3,sc,train,10
9581,sc2_3_img012.jpg,sc2_3,sc,train,10
9582,sc2_3_img013.jpg,sc2_3,sc,train,10
9583,sc2_3_img014.jpg,sc2_3,sc,train,10
9584,sc2_3_img015.jpg,sc2_3,sc,train,10
9585,sc2_3_img016.jpg,sc2_3,sc,train,10
9586,sc2_3_img017.jpg,sc2_3,sc,train,10
9587,sc2_3_img018.jpg,sc2_3,sc,train,10
9588,sc2_3_img019.jpg,sc2_3,sc,train,10
9589,sc2_3_img020.jpg,sc2_3,sc,train,10
9590,sc2_3_img021.jpg,sc2_3,sc,train,10
9591,sc2_3_img022.jpg,sc2_3,sc,train,10
9592,sc2_3_img023.jpg,sc2_3,sc,train,10
9593,sc2_3_img024.jpg,sc2_3,sc,train,10
9594,sc2_3_img025.jpg,sc2_3,sc,train,10
9595,sc2_3_img026.jpg,sc2_3,sc,train,10
9596,sc2_3_img027.jpg,sc2_3,sc,train,10
9597,sc2_3_img028.jpg,sc2_3,sc,train,10
9598,sc2_3_img029.jpg,sc2_3,sc,train,10
9599,sc2_3_img030.jpg,sc2_3,sc,train,10
9600,sc2_3_img031.jpg,sc2_3,sc,train,10
9601,sc2_3_img032.jpg,sc2_3,sc,train,10
9602,sc2_3_img033.jpg,sc2_3,sc,train,10
9603,sc2_3_img034.jpg,sc2_3,sc,train,10
9604,sc2_3_img035.jpg,sc2_3,sc,train,10
9605,sc2_3_img036.jpg,sc2_3,sc,train,10
9606,sc2_3_img037.jpg,sc2_3,sc,train,10
9607,sc2_3_img038.jpg,sc2_3,sc,train,10
9608,sc2_3_img039.jpg,sc2_3,sc,train,10
9609,sc2_3_img040.jpg,sc2_3,sc,train,10
9610,sc2_3_img041.jpg,sc2_3,sc,train,10
9611,sc2_3_img042.jpg,sc2_3,sc,train,10
9612,sc2_3_img043.jpg,sc2_3,sc,train,10
9613,sc2_3_img044.jpg,sc2_3,sc,train,10
9614,sc2_3_img045.jpg,sc2_3,sc,train,10
9615,sc2_3_img046.jpg,sc2_3,sc,train,10
9616,sc2_3_img047.jpg,sc2_3,sc,train,10
9617,sc2_3_img048.jpg,sc2_3,sc,train,10
9618,sc2_3_img049.jpg,sc2_3,sc,train,10
9619,sc2_3_img050.jpg,sc2_3,sc,train,10
9620,sc2_3_img051.jpg,sc2_3,sc,train,10
9621,sc2_3_img052.jpg,sc2_3,sc,train,10
9622,sc2_3_img053.jpg,sc2_3,sc,train,10
9623,sc2_3_img054.jpg,sc2_3,sc,train,10
9624,sc2_3_img055.jpg,sc2_3,sc,train,10
9625,sc2_3_img056.jpg,sc2_3,sc,train,10
9626,sc2_3_img057.jpg,sc2_3,sc,train,10
9627,sc2_3_img058.jpg,sc2_3,sc,train,10
9628,sc2_3_img059.jpg,sc2_3,sc,train,10
9629,sc2_3_img060.jpg,sc2_3,sc,train,10
9630,sc2_3_img061.jpg,sc2_3,sc,train,10
9631,sc2_3_img062.jpg,sc2_3,sc,train,10
9632,sc2_3_img063.jpg,sc2_3,sc,train,10
9633,sc2_3_img064.jpg,sc2_3,sc,train,10
9634,sc2_3_img065.jpg,sc2_3,sc,train,10
9635,sc2_3_img066.jpg,sc2_3,sc,train,10
9636,sc2_3_img067.jpg,sc2_3,sc,train,10
9637,sc2_3_img068.jpg,sc2_3,sc,train,10
9638,sc2_3_img069.jpg,sc2_3,sc,train,10
9639,sc2_3_img070.jpg,sc2_3,sc,train,10
9640,sc2_3_img071.jpg,sc2_3,sc,train,10
9641,sc2_3_img072.jpg,sc2_3,sc,train,10
9642,sc2_3_img073.jpg,sc2_3,sc,train,10
9643,sc2_3_img074.jpg,sc2_3,sc,train,10
9644,sc2_3_img075.jpg,sc2_3,sc,train,10
9645,sc2_3_img076.jpg,sc2_3,sc,train,10
9646,sc2_3_img077.jpg,sc2_3,sc,train,10
9647,sc2_3_img078.jpg,sc2_3,sc,train,10
9648,sc2_3_img079.jpg,sc2_3,sc,train,10
9649,sc2_3_img080.jpg,sc2_3,sc,train,10
9650,sc2_3_img081.jpg,sc2_3,sc,train,10
9651,sc2_3_img082.jpg,sc2_3,sc,train,10
9652,sc2_3_img083.jpg,sc2_3,sc,train,10
9653,sc2_3_img084.jpg,sc2_3,sc,train,10
9654,sc2_3_img085.jpg,sc2_3,sc,train,10
9655,sc2_3_img086.jpg,sc2_3,sc,train,10
9656,sc2_3_img087.jpg,sc2_3,sc,train,10
9657,sc2_3_img088.jpg,sc2_3,sc,train,10
9658,sc2_3_img089.jpg,sc2_3,sc,train,10
9659,sc2_3_img090.jpg,sc2_3,sc,train,10
9660,sc2_3_img091.jpg,sc2_3,sc,train,10
9661,sc2_3_img092.jpg,sc2_3,sc,train,10
9662,sc2_3_img093.jpg,sc2_3,sc,train,10
9663,sc2_3_img094.jpg,sc2_3,sc,train,10
9664,sc2_3_img095.jpg,sc2_3,sc,train,10
9665,sc2_4_img001.jpg,sc2_4,sc,train,10
9666,sc2_4_img002.jpg,sc2_4,sc,train,10
9667,sc2_4_img003.jpg,sc2_4,sc,train,10
9668,sc2_4_img004.jpg,sc2_4,sc,train,10
9669,sc2_4_img005.jpg,sc2_4,sc,train,10
9670,sc2_4_img006.jpg,sc2_4,sc,train,10
9671,sc2_4_img007.jpg,sc2_4,sc,train,10
9672,sc2_4_img008.jpg,sc2_4,sc,train,10
9673,sc2_4_img009.jpg,sc2_4,sc,train,10
9674,sc2_4_img010.jpg,sc2_4,sc,train,10
9675,sc2_4_img011.jpg,sc2_4,sc,train,10
9676,sc2_4_img012.jpg,sc2_4,sc,train,10
9677,sc2_4_img013.jpg,sc2_4,sc,train,10
9678,sc2_4_img014.jpg,sc2_4,sc,train,10
9679,sc2_4_img015.jpg,sc2_4,sc,train,10
9680,sc2_4_img016.jpg,sc2_4,sc,train,10
9681,sc2_4_img017.jpg,sc2_4,sc,train,10
9682,sc2_4_img018.jpg,sc2_4,sc,train,10
9683,sc2_4_img019.jpg,sc2_4,sc,train,10
9684,sc2_4_img020.jpg,sc2_4,sc,train,10
9685,sc2_4_img021.jpg,sc2_4,sc,train,10
9686,sc2_4_img022.jpg,sc2_4,sc,train,10
9687,sc2_4_img023.jpg,sc2_4,sc,train,10
9688,sc2_4_img024.jpg,sc2_4,sc,train,10
9689,sc2_4_img025.jpg,sc2_4,sc,train,10
9690,sc2_4_img026.jpg,sc2_4,sc,train,10
9691,sc2_4_img027.jpg,sc2_4,sc,train,10
9692,sc2_4_img028.jpg,sc2_4,sc,train,10
9693,sc2_4_img029.jpg,sc2_4,sc,train,10
9694,sc2_4_img030.jpg,sc2_4,sc,train,10
9695,sc2_4_img031.jpg,sc2_4,sc,train,10
9696,sc2_4_img032.jpg,sc2_4,sc,train,10
9697,sc2_4_img033.jpg,sc2_4,sc,train,10
9698,sc2_4_img034.jpg,sc2_4,sc,train,10
9699,sc2_4_img035.jpg,sc2_4,sc,train,10
9700,sc2_4_img036.jpg,sc2_4,sc,train,10
9701,sc2_4_img037.jpg,sc2_4,sc,train,10
9702,sc2_4_img038.jpg,sc2_4,sc,train,10
9703,sc2_4_img039.jpg,sc2_4,sc,train,10
9704,sc2_4_img040.jpg,sc2_4,sc,train,10
9705,sc2_4_img041.jpg,sc2_4,sc,train,10
9706,sc2_4_img042.jpg,sc2_4,sc,train,10
9707,sc2_4_img043.jpg,sc2_4,sc,train,10
9708,sc2_4_img044.jpg,sc2_4,sc,train,10
9709,sc2_4_img045.jpg,sc2_4,sc,train,10
9710,sc2_4_img046.jpg,sc2_4,sc,train,10
9711,sc2_4_img047.jpg,sc2_4,sc,train,10
9712,sc2_4_img048.jpg,sc2_4,sc,train,10
9713,sc2_4_img049.jpg,sc2_4,sc,train,10
9714,sc2_4_img050.jpg,sc2_4,sc,train,10
9715,sc2_4_img051.jpg,sc2_4,sc,train,10
9716,sc2_4_img052.jpg,sc2_4,sc,train,10
9717,sc2_4_img053.jpg,sc2_4,sc,train,10
9718,sc2_4_img054.jpg,sc2_4,sc,train,10
9719,sc2_4_img055.jpg,sc2_4,sc,train,10
9720,sc2_4_img056.jpg,sc2_4,sc,train,10
9721,sc2_4_img057.jpg,sc2_4,sc,train,10
9722,sc2_4_img058.jpg,sc2_4,sc,train,10
9723,sc2_4_img059.jpg,sc2_4,sc,train,10
9724,sc2_4_img060.jpg,sc2_4,sc,train,10
9725,sc2_4_img061.jpg,sc2_4,sc,train,10
9726,sc2_4_img062.jpg,sc2_4,sc,train,10
9727,sc2_4_img063.jpg,sc2_4,sc,train,10
9728,sc2_4_img064.jpg,sc2_4,sc,train,10
9729,sc2_4_img065.jpg,sc2_4,sc,train,10
9730,sc2_4_img066.jpg,sc2_4,sc,train,10
9731,sc2_4_img067.jpg,sc2_4,sc,train,10
9732,sc2_4_img068.jpg,sc2_4,sc,train,10
9733,sc2_4_img069.jpg,sc2_4,sc,train,10
9734,sc2_4_img070.jpg,sc2_4,sc,train,10
9735,sc2_4_img071.jpg,sc2_4,sc,train,10
9736,sc2_4_img072.jpg,sc2_4,sc,train,10
9737,sc2_4_img073.jpg,sc2_4,sc,train,10
9738,sc2_4_img074.jpg,sc2_4,sc,train,10
9739,sc2_4_img075.jpg,sc2_4,sc,train,10
9740,sc2_4_img076.jpg,sc2_4,sc,train,10
9741,sc2_4_img077.jpg,sc2_4,sc,train,10
9742,sc2_4_img078.jpg,sc2_4,sc,train,10
9743,sc2_4_img079.jpg,sc2_4,sc,train,10
9744,sc2_4_img080.jpg,sc2_4,sc,train,10
9745,sc2_4_img081.jpg,sc2_4,sc,train,10
9746,sc2_4_img082.jpg,sc2_4,sc,train,10
9747,sc2_4_img083.jpg,sc2_4,sc,train,10
9748,sc2_4_img084.jpg,sc2_4,sc,train,10
9749,sc2_4_img085.jpg,sc2_4,sc,train,10
9750,sc2_4_img086.jpg,sc2_4,sc,train,10
9751,sc2_4_img087.jpg,sc2_4,sc,train,10
9752,sc2_4_img088.jpg,sc2_4,sc,train,10
9753,sc2_4_img089.jpg,sc2_4,sc,train,10
9754,sc2_4_img090.jpg,sc2_4,sc,train,10
9755,sc2_4_img091.jpg,sc2_4,sc,train,10
9756,sc2_4_img092.jpg,sc2_4,sc,train,10
9757,sc2_4_img093.jpg,sc2_4,sc,train,10
9758,sc2_4_img094.jpg,sc2_4,sc,train,10
9759,sc2_4_img095.jpg,sc2_4,sc,train,10
9760,sc2_5_img001.jpg,sc2_5,sc,train,10
9761,sc2_5_img002.jpg,sc2_5,sc,train,10
9762,sc2_5_img003.jpg,sc2_5,sc,train,10
9763,sc2_5_img004.jpg,sc2_5,sc,train,10
9764,sc2_5_img005.jpg,sc2_5,sc,train,10
9765,sc2_5_img006.jpg,sc2_5,sc,train,10
9766,sc2_5_img007.jpg,sc2_5,sc,train,10
9767,sc2_5_img008.jpg,sc2_5,sc,train,10
9768,sc2_5_img009.jpg,sc2_5,sc,train,10
9769,sc2_5_img010.jpg,sc2_5,sc,train,10
9770,sc2_5_img011.jpg,sc2_5,sc,train,10
9771,sc2_5_img012.jpg,sc2_5,sc,train,10
9772,sc2_5_img013.jpg,sc2_5,sc,train,10
9773,sc2_5_img014.jpg,sc2_5,sc,train,10
9774,sc2_5_img015.jpg,sc2_5,sc,train,10
9775,sc2_5_img016.jpg,sc2_5,sc,train,10
9776,sc2_5_img017.jpg,sc2_5,sc,train,10
9777,sc2_5_img018.jpg,sc2_5,sc,train,10
9778,sc2_5_img019.jpg,sc2_5,sc,train,10
9779,sc2_5_img020.jpg,sc2_5,sc,train,10
9780,sc2_5_img021.jpg,sc2_5,sc,train,10
9781,sc2_5_img022.jpg,sc2_5,sc,train,10
9782,sc2_5_img023.jpg,sc2_5,sc,train,10
9783,sc2_5_img024.jpg,sc2_5,sc,train,10
9784,sc2_5_img025.jpg,sc2_5,sc,train,10
9785,sc2_5_img026.jpg,sc2_5,sc,train,10
9786,sc2_5_img027.jpg,sc2_5,sc,train,10
9787,sc2_5_img028.jpg,sc2_5,sc,train,10
9788,sc2_5_img029.jpg,sc2_5,sc,train,10
9789,sc2_5_img030.jpg,sc2_5,sc,train,10
9790,sc2_5_img031.jpg,sc2_5,sc,train,10
9791,sc2_5_img032.jpg,sc2_5,sc,train,10
9792,sc2_5_img033.jpg,sc2_5,sc,train,10
9793,sc2_5_img034.jpg,sc2_5,sc,train,10
9794,sc2_5_img035.jpg,sc2_5,sc,train,10
9795,sc2_5_img036.jpg,sc2_5,sc,train,10
9796,sc2_5_img037.jpg,sc2_5,sc,train,10
9797,sc2_5_img038.jpg,sc2_5,sc,train,10
9798,sc2_5_img039.jpg,sc2_5,sc,train,10
9799,sc2_5_img040.jpg,sc2_5,sc,train,10
9800,sc2_5_img041.jpg,sc2_5,sc,train,10
9801,sc2_5_img042.jpg,sc2_5,sc,train,10
9802,sc2_5_img043.jpg,sc2_5,sc,train,10
9803,sc2_5_img044.jpg,sc2_5,sc,train,10
9804,sc2_5_img045.jpg,sc2_5,sc,train,10
9805,sc2_5_img046.jpg,sc2_5,sc,train,10
9806,sc2_5_img047.jpg,sc2_5,sc,train,10
9807,sc2_5_img048.jpg,sc2_5,sc,train,10
9808,sc2_5_img049.jpg,sc2_5,sc,train,10
9809,sc2_5_img050.jpg,sc2_5,sc,train,10
9810,sc2_5_img051.jpg,sc2_5,sc,train,10
9811,sc2_5_img052.jpg,sc2_5,sc,train,10
9812,sc2_5_img053.jpg,sc2_5,sc,train,10
9813,sc2_5_img054.jpg,sc2_5,sc,train,10
9814,sc2_5_img055.jpg,sc2_5,sc,train,10
9815,sc2_5_img056.jpg,sc2_5,sc,train,10
9816,sc2_5_img057.jpg,sc2_5,sc,train,10
9817,sc2_5_img058.jpg,sc2_5,sc,train,10
9818,sc2_5_img059.jpg,sc2_5,sc,train,10
9819,sc2_5_img060.jpg,sc2_5,sc,train,10
9820,sc2_5_img061.jpg,sc2_5,sc,train,10
9821,sc2_5_img062.jpg,sc2_5,sc,train,10
9822,sc2_5_img063.jpg,sc2_5,sc,train,10
9823,sc2_5_img064.jpg,sc2_5,sc,train,10
9824,sc2_5_img065.jpg,sc2_5,sc,train,10
9825,sc2_5_img066.jpg,sc2_5,sc,train,10
9826,sc2_5_img067.jpg,sc2_5,sc,train,10
9827,sc2_5_img068.jpg,sc2_5,sc,train,10
9828,sc2_5_img069.jpg,sc2_5,sc,train,10
9829,sc2_5_img070.jpg,sc2_5,sc,train,10
9830,sc2_5_img071.jpg,sc2_5,sc,train,10
9831,sc2_5_img072.jpg,sc2_5,sc,train,10
9832,sc2_5_img073.jpg,sc2_5,sc,train,10
9833,sc2_5_img074.jpg,sc2_5,sc,train,10
9834,sc2_5_img075.jpg,sc2_5,sc,train,10
9835,sc2_5_img076.jpg,sc2_5,sc,train,10
9836,sc2_5_img077.jpg,sc2_5,sc,train,10
9837,sc2_5_img078.jpg,sc2_5,sc,train,10
9838,sc2_5_img079.jpg,sc2_5,sc,train,10
9839,sc2_5_img080.jpg,sc2_5,sc,train,10
9840,sc2_5_img081.jpg,sc2_5,sc,train,10
9841,sc2_5_img082.jpg,sc2_5,sc,train,10
9842,sc2_5_img083.jpg,sc2_5,sc,train,10
9843,sc2_5_img084.jpg,sc2_5,sc,train,10
9844,sc2_5_img085.jpg,sc2_5,sc,train,10
9845,sc2_5_img086.jpg,sc2_5,sc,train,10
9846,sc2_5_img087.jpg,sc2_5,sc,train,10
9847,sc2_5_img088.jpg,sc2_5,sc,train,10
9848,sc2_5_img089.jpg,sc2_5,sc,train,10
9849,sc2_5_img090.jpg,sc2_5,sc,train,10
9850,sc2_5_img091.jpg,sc2_5,sc,train,10
9851,sc2_5_img092.jpg,sc2_5,sc,train,10
9852,sc2_5_img093.jpg,sc2_5,sc,train,10
9853,sc2_5_img094.jpg,sc2_5,sc,train,10
9854,sc2_5_img095.jpg,sc2_5,sc,train,10
9855,sc2_6_img001.jpg,sc2_6,sc,test,10
9856,sc2_6_img002.jpg,sc2_6,sc,test,10
9857,sc2_6_img003.jpg,sc2_6,sc,test,10
9858,sc2_6_img004.jpg,sc2_6,sc,test,10
9859,sc2_6_img005.jpg,sc2_6,sc,test,10
9860,sc2_6_img006.jpg,sc2_6,sc,test,10
9861,sc2_6_img007.jpg,sc2_6,sc,test,10
9862,sc2_6_img008.jpg,sc2_6,sc,test,10
9863,sc2_6_img009.jpg,sc2_6,sc,test,10
9864,sc2_6_img010.jpg,sc2_6,sc,test,10
9865,sc2_6_img011.jpg,sc2_6,sc,test,10
9866,sc2_6_img012.jpg,sc2_6,sc,test,10
9867,sc2_6_img013.jpg,sc2_6,sc,test,10
9868,sc2_6_img014.jpg,sc2_6,sc,test,10
9869,sc2_6_img015.jpg,sc2_6,sc,test,10
9870,sc2_6_img016.jpg,sc2_6,sc,test,10
9871,sc2_6_img017.jpg,sc2_6,sc,test,10
9872,sc2_6_img018.jpg,sc2_6,sc,test,10
9873,sc2_6_img019.jpg,sc2_6,sc,test,10
9874,sc2_6_img020.jpg,sc2_6,sc,test,10
9875,sc2_6_img021.jpg,sc2_6,sc,test,10
9876,sc2_6_img022.jpg,sc2_6,sc,test,10
9877,sc2_6_img023.jpg,sc2_6,sc,test,10
9878,sc2_6_img024.jpg,sc2_6,sc,test,10
9879,sc2_6_img025.jpg,sc2_6,sc,test,10
9880,sc2_6_img026.jpg,sc2_6,sc,test,10
9881,sc2_6_img027.jpg,sc2_6,sc,test,10
9882,sc2_6_img028.jpg,sc2_6,sc,test,10
9883,sc2_6_img029.jpg,sc2_6,sc,test,10
9884,sc2_6_img030.jpg,sc2_6,sc,test,10
9885,sc2_6_img031.jpg,sc2_6,sc,test,10
9886,sc2_6_img032.jpg,sc2_6,sc,test,10
9887,sc2_6_img033.jpg,sc2_6,sc,test,10
9888,sc2_6_img034.jpg,sc2_6,sc,test,10
9889,sc2_6_img035.jpg,sc2_6,sc,test,10
9890,sc2_6_img036.jpg,sc2_6,sc,test,10
9891,sc2_6_img037.jpg,sc2_6,sc,test,10
9892,sc2_6_img038.jpg,sc2_6,sc,test,10
9893,sc2_6_img039.jpg,sc2_6,sc,test,10
9894,sc2_6_img040.jpg,sc2_6,sc,test,10
9895,sc2_6_img041.jpg,sc2_6,sc,test,10
9896,sc2_6_img042.jpg,sc2_6,sc,test,10
9897,sc2_6_img043.jpg,sc2_6,sc,test,10
9898,sc2_6_img044.jpg,sc2_6,sc,test,10
9899,sc2_6_img045.jpg,sc2_6,sc,test,10
9900,sc2_6_img046.jpg,sc2_6,sc,test,10
9901,sc2_6_img047.jpg,sc2_6,sc,test,10
9902,sc2_6_img048.jpg,sc2_6,sc,test,10
9903,sc2_6_img049.jpg,sc2_6,sc,test,10
9904,sc2_6_img050.jpg,sc2_6,sc,test,10
9905,sc2_6_img051.jpg,sc2_6,sc,test,10
9906,sc2_6_img052.jpg,sc2_6,sc,test,10
9907,sc2_6_img053.jpg,sc2_6,sc,test,10
9908,sc2_6_img054.jpg,sc2_6,sc,test,10
9909,sc2_6_img055.jpg,sc2_6,sc,test,10
9910,sc2_6_img056.jpg,sc2_6,sc,test,10
9911,sc2_6_img057.jpg,sc2_6,sc,test,10
9912,sc2_6_img058.jpg,sc2_6,sc,test,10
9913,sc2_6_img059.jpg,sc2_6,sc,test,10
9914,sc2_6_img060.jpg,sc2_6,sc,test,10
9915,sc2_6_img061.jpg,sc2_6,sc,test,10
9916,sc2_6_img062.jpg,sc2_6,sc,test,10
9917,sc2_6_img063.jpg,sc2_6,sc,test,10
9918,sc2_6_img064.jpg,sc2_6,sc,test,10
9919,sc2_6_img065.jpg,sc2_6,sc,test,10
9920,sc2_6_img066.jpg,sc2_6,sc,test,10
9921,sc2_6_img067.jpg,sc2_6,sc,test,10
9922,sc2_6_img068.jpg,sc2_6,sc,test,10
9923,sc2_6_img069.jpg,sc2_6,sc,test,10
9924,sc2_6_img070.jpg,sc2_6,sc,test,10
9925,sc2_6_img071.jpg,sc2_6,sc,test,10
9926,sc2_6_img072.jpg,sc2_6,sc,test,10
9927,sc2_6_img073.jpg,sc2_6,sc,test,10
9928,sc2_6_img074.jpg,sc2_6,sc,test,10
9929,sc2_6_img075.jpg,sc2_6,sc,test,10
9930,sc2_6_img076.jpg,sc2_6,sc,test,10
9931,sc2_6_img077.jpg,sc2_6,sc,test,10
9932,sc2_6_img078.jpg,sc2_6,sc,test,10
9933,sc2_6_img079.jpg,sc2_6,sc,test,10
9934,sc2_6_img080.jpg,sc2_6,sc,test,10
9935,sc2_6_img081.jpg,sc2_6,sc,test,10
9936,sc2_6_img082.jpg,sc2_6,sc,test,10
9937,sc2_6_img083.jpg,sc2_6,sc,test,10
9938,sc2_6_img084.jpg,sc2_6,sc,test,10
9939,sc2_6_img085.jpg,sc2_6,sc,test,10
9940,sc2_6_img086.jpg,sc2_6,sc,test,10
9941,sc2_6_img087.jpg,sc2_6,sc,test,10
9942,sc2_6_img088.jpg,sc2_6,sc,test,10
9943,sc2_6_img089.jpg,sc2_6,sc,test,10
9944,sc2_6_img090.jpg,sc2_6,sc,test,10
9945,sc2_6_img091.jpg,sc2_6,sc,test,10
9946,sc2_6_img092.jpg,sc2_6,sc,test,10
9947,sc2_6_img093.jpg,sc2_6,sc,test,10
9948,sc2_6_img094.jpg,sc2_6,sc,test,10
9949,sc2_6_img095.jpg,sc2_6,sc,test,10
9950,sc2_7_img001.jpg,sc2_7,sc,train,10
9951,sc2_7_img002.jpg,sc2_7,sc,train,10
9952,sc2_7_img003.jpg,sc2_7,sc,train,10
9953,sc2_7_img004.jpg,sc2_7,sc,train,10
9954,sc2_7_img005.jpg,sc2_7,sc,train,10
9955,sc2_7_img006.jpg,sc2_7,sc,train,10
9956,sc2_7_img007.jpg,sc2_7,sc,train,10
9957,sc2_7_img008.jpg,sc2_7,sc,train,10
9958,sc2_7_img009.jpg,sc2_7,sc,train,10
9959,sc2_7_img010.jpg,sc2_7,sc,train,10
9960,sc2_7_img011.jpg,sc2_7,sc,train,10
9961,sc2_7_img012.jpg,sc2_7,sc,train,10
9962,sc2_7_img013.jpg,sc2_7,sc,train,10
9963,sc2_7_img014.jpg,sc2_7,sc,train,10
9964,sc2_7_img015.jpg,sc2_7,sc,train,10
9965,sc2_7_img016.jpg,sc2_7,sc,train,10
9966,sc2_7_img017.jpg,sc2_7,sc,train,10
9967,sc2_7_img018.jpg,sc2_7,sc,train,10
9968,sc2_7_img019.jpg,sc2_7,sc,train,10
9969,sc2_7_img020.jpg,sc2_7,sc,train,10
9970,sc2_7_img021.jpg,sc2_7,sc,train,10
9971,sc2_7_img022.jpg,sc2_7,sc,train,10
9972,sc2_7_img023.jpg,sc2_7,sc,train,10
9973,sc2_7_img024.jpg,sc2_7,sc,train,10
9974,sc2_7_img025.jpg,sc2_7,sc,train,10
9975,sc2_7_img026.jpg,sc2_7,sc,train,10
9976,sc2_7_img027.jpg,sc2_7,sc,train,10
9977,sc2_7_img028.jpg,sc2_7,sc,train,10
9978,sc2_7_img029.jpg,sc2_7,sc,train,10
9979,sc2_7_img030.jpg,sc2_7,sc,train,10
9980,sc2_7_img031.jpg,sc2_7,sc,train,10
9981,sc2_7_img032.jpg,sc2_7,sc,train,10
9982,sc2_7_img033.jpg,sc2_7,sc,train,10
9983,sc2_7_img034.jpg,sc2_7,sc,train,10
9984,sc2_7_img035.jpg,sc2_7,sc,train,10
9985,sc2_7_img036.jpg,sc2_7,sc,train,10
9986,sc2_7_img037.jpg,sc2_7,sc,train,10
9987,sc2_7_img038.jpg,sc2_7,sc,train,10
9988,sc2_7_img039.jpg,sc2_7,sc,train,10
9989,sc2_7_img040.jpg,sc2_7,sc,train,10
9990,sc2_7_img041.jpg,sc2_7,sc,train,10
9991,sc2_7_img042.jpg,sc2_7,sc,train,10
9992,sc2_7_img043.jpg,sc2_7,sc,train,10
9993,sc2_7_img044.jpg,sc2_7,sc,train,10
9994,sc2_7_img045.jpg,sc2_7,sc,train,10
9995,sc2_7_img046.jpg,sc2_7,sc,train,10
9996,sc2_7_img047.jpg,sc2_7,sc,train,10
9997,sc2_7_img048.jpg,sc2_7,sc,train,10
9998,sc2_7_img049.jpg,sc2_7,sc,train,10
9999,sc2_7_img050.jpg,sc2_7,sc,train,10
10000,sc2_7_img051.jpg,sc2_7,sc,train,10
10001,sc2_7_img052.jpg,sc2_7,sc,train,10
10002,sc2_7_img053.jpg,sc2_7,sc,train,10
10003,sc2_7_img054.jpg,sc2_7,sc,train,10
10004,sc2_7_img055.jpg,sc2_7,sc,train,10
10005,sc2_7_img056.jpg,sc2_7,sc,train,10
10006,sc2_7_img057.jpg,sc2_7,sc,train,10
10007,sc2_7_img058.jpg,sc2_7,sc,train,10
10008,sc2_7_img059.jpg,sc2_7,sc,train,10
10009,sc2_7_img060.jpg,sc2_7,sc,train,10
10010,sc2_7_img061.jpg,sc2_7,sc,train,10
10011,sc2_7_img062.jpg,sc2_7,sc,train,10
10012,sc2_7_img063.jpg,sc2_7,sc,train,10
10013,sc2_7_img064.jpg,sc2_7,sc,train,10
10014,sc2_7_img065.jpg,sc2_7,sc,train,10
10015,sc2_7_img066.jpg,sc2_7,sc,train,10
10016,sc2_7_img067.jpg,sc2_7,sc,train,10
10017,sc2_7_img068.jpg,sc2_7,sc,train,10
10018,sc2_7_img069.jpg,sc2_7,sc,train,10
10019,sc2_7_img070.jpg,sc2_7,sc,train,10
10020,sc2_7_img071.jpg,sc2_7,sc,train,10
10021,sc2_7_img072.jpg,sc2_7,sc,train,10
10022,sc2_7_img073.jpg,sc2_7,sc,train,10
10023,sc2_7_img074.jpg,sc2_7,sc,train,10
10024,sc2_7_img075.jpg,sc2_7,sc,train,10
10025,sc2_7_img076.jpg,sc2_7,sc,train,10
10026,sc2_7_img077.jpg,sc2_7,sc,train,10
10027,sc2_7_img078.jpg,sc2_7,sc,train,10
10028,sc2_7_img079.jpg,sc2_7,sc,train,10
10029,sc2_7_img080.jpg,sc2_7,sc,train,10
10030,sc2_7_img081.jpg,sc2_7,sc,train,10
10031,sc2_7_img082.jpg,sc2_7,sc,train,10
10032,sc2_7_img083.jpg,sc2_7,sc,train,10
10033,sc2_7_img084.jpg,sc2_7,sc,train,10
10034,sc2_7_img085.jpg,sc2_7,sc,train,10
10035,sc2_7_img086.jpg,sc2_7,sc,train,10
10036,sc2_7_img087.jpg,sc2_7,sc,train,10
10037,sc2_7_img088.jpg,sc2_7,sc,train,10
10038,sc2_7_img089.jpg,sc2_7,sc,train,10
10039,sc2_7_img090.jpg,sc2_7,sc,train,10
10040,sc2_7_img091.jpg,sc2_7,sc,train,10
10041,sc2_7_img092.jpg,sc2_7,sc,train,10
10042,sc2_7_img093.jpg,sc2_7,sc,train,10
10043,sc2_7_img094.jpg,sc2_7,sc,train,10
10044,sc2_7_img095.jpg,sc2_7,sc,train,10
10045,sc2_8_img001.jpg,sc2_8,sc,train,10
10046,sc2_8_img002.jpg,sc2_8,sc,train,10
10047,sc2_8_img003.jpg,sc2_8,sc,train,10
10048,sc2_8_img004.jpg,sc2_8,sc,train,10
10049,sc2_8_img005.jpg,sc2_8,sc,train,10
10050,sc2_8_img006.jpg,sc2_8,sc,train,10
10051,sc2_8_img007.jpg,sc2_8,sc,train,10
10052,sc2_8_img008.jpg,sc2_8,sc,train,10
10053,sc2_8_img009.jpg,sc2_8,sc,train,10
10054,sc2_8_img010.jpg,sc2_8,sc,train,10
10055,sc2_8_img011.jpg,sc2_8,sc,train,10
10056,sc2_8_img012.jpg,sc2_8,sc,train,10
10057,sc2_8_img013.jpg,sc2_8,sc,train,10
10058,sc2_8_img014.jpg,sc2_8,sc,train,10
10059,sc2_8_img015.jpg,sc2_8,sc,train,10
10060,sc2_8_img016.jpg,sc2_8,sc,train,10
10061,sc2_8_img017.jpg,sc2_8,sc,train,10
10062,sc2_8_img018.jpg,sc2_8,sc,train,10
10063,sc2_8_img019.jpg,sc2_8,sc,train,10
10064,sc2_8_img020.jpg,sc2_8,sc,train,10
10065,sc2_8_img021.jpg,sc2_8,sc,train,10
10066,sc2_8_img022.jpg,sc2_8,sc,train,10
10067,sc2_8_img023.jpg,sc2_8,sc,train,10
10068,sc2_8_img024.jpg,sc2_8,sc,train,10
10069,sc2_8_img025.jpg,sc2_8,sc,train,10
10070,sc2_8_img026.jpg,sc2_8,sc,train,10
10071,sc2_8_img027.jpg,sc2_8,sc,train,10
10072,sc2_8_img028.jpg,sc2_8,sc,train,10
10073,sc2_8_img029.jpg,sc2_8,sc,train,10
10074,sc2_8_img030.jpg,sc2_8,sc,train,10
10075,sc2_8_img031.jpg,sc2_8,sc,train,10
10076,sc2_8_img032.jpg,sc2_8,sc,train,10
10077,sc2_8_img033.jpg,sc2_8,sc,train,10
10078,sc2_8_img034.jpg,sc2_8,sc,train,10
10079,sc2_8_img035.jpg,sc2_8,sc,train,10
10080,sc2_8_img036.jpg,sc2_8,sc,train,10
10081,sc2_8_img037.jpg,sc2_8,sc,train,10
10082,sc2_8_img038.jpg,sc2_8,sc,train,10
10083,sc2_8_img039.jpg,sc2_8,sc,train,10
10084,sc2_8_img040.jpg,sc2_8,sc,train,10
10085,sc2_8_img041.jpg,sc2_8,sc,train,10
10086,sc2_8_img042.jpg,sc2_8,sc,train,10
10087,sc2_8_img043.jpg,sc2_8,sc,train,11
10088,sc2_8_img044.jpg,sc2_8,sc,train,11
10089,sc2_8_img045.jpg,sc2_8,sc,train,10
10090,sc2_8_img046.jpg,sc2_8,sc,train,10
10091,sc2_8_img047.jpg,sc2_8,sc,train,10
10092,sc2_8_img048.jpg,sc2_8,sc,train,10
10093,sc2_8_img049.jpg,sc2_8,sc,train,10
10094,sc2_8_img050.jpg,sc2_8,sc,train,10
10095,sc2_8_img051.jpg,sc2_8,sc,train,10
10096,sc2_8_img052.jpg,sc2_8,sc,train,10
10097,sc2_8_img053.jpg,sc2_8,sc,train,10
10098,sc2_8_img054.jpg,sc2_8,sc,train,10
10099,sc2_8_img055.jpg,sc2_8,sc,train,10
10100,sc2_8_img056.jpg,sc2_8,sc,train,10
10101,sc2_8_img057.jpg,sc2_8,sc,train,10
10102,sc2_8_img058.jpg,sc2_8,sc,train,10
10103,sc2_8_img059.jpg,sc2_8,sc,train,10
10104,sc2_8_img060.jpg,sc2_8,sc,train,10
10105,sc2_8_img061.jpg,sc2_8,sc,train,10
10106,sc2_8_img062.jpg,sc2_8,sc,train,10
10107,sc2_8_img063.jpg,sc2_8,sc,train,10
10108,sc2_8_img064.jpg,sc2_8,sc,train,10
10109,sc2_8_img065.jpg,sc2_8,sc,train,10
10110,sc2_8_img066.jpg,sc2_8,sc,train,10
10111,sc2_8_img067.jpg,sc2_8,sc,train,10
10112,sc2_8_img068.jpg,sc2_8,sc,train,10
10113,sc2_8_img069.jpg,sc2_8,sc,train,10
10114,sc2_8_img070.jpg,sc2_8,sc,train,10
10115,sc2_8_img071.jpg,sc2_8,sc,train,10
10116,sc2_8_img072.jpg,sc2_8,sc,train,10
10117,sc2_8_img073.jpg,sc2_8,sc,train,10
10118,sc2_8_img074.jpg,sc2_8,sc,train,10
10119,sc2_8_img075.jpg,sc2_8,sc,train,10
10120,sc2_8_img076.jpg,sc2_8,sc,train,10
10121,sc2_8_img077.jpg,sc2_8,sc,train,10
10122,sc2_8_img078.jpg,sc2_8,sc,train,10
10123,sc2_8_img079.jpg,sc2_8,sc,train,10
10124,sc2_8_img080.jpg,sc2_8,sc,train,10
10125,sc2_8_img081.jpg,sc2_8,sc,train,10
10126,sc2_8_img082.jpg,sc2_8,sc,train,10
10127,sc2_8_img083.jpg,sc2_8,sc,train,10
10128,sc2_8_img084.jpg,sc2_8,sc,train,10
10129,sc2_8_img085.jpg,sc2_8,sc,train,10
10130,sc2_8_img086.jpg,sc2_8,sc,train,10
10131,sc2_8_img087.jpg,sc2_8,sc,train,10
10132,sc2_8_img088.jpg,sc2_8,sc,train,10
10133,sc2_8_img089.jpg,sc2_8,sc,train,10
10134,sc2_8_img090.jpg,sc2_8,sc,train,10
10135,sc2_8_img091.jpg,sc2_8,sc,train,10
10136,sc2_8_img092.jpg,sc2_8,sc,train,10
10137,sc2_8_img093.jpg,sc2_8,sc,train,10
10138,sc2_8_img094.jpg,sc2_8,sc,train,10
10139,sc2_8_img095.jpg,sc2_8,sc,train,10
10140,sc2_9_img001.jpg,sc2_9,sc,train,10
10141,sc2_9_img002.jpg,sc2_9,sc,train,10
10142,sc2_9_img003.jpg,sc2_9,sc,train,10
10143,sc2_9_img004.jpg,sc2_9,sc,train,10
10144,sc2_9_img005.jpg,sc2_9,sc,train,10
10145,sc2_9_img006.jpg,sc2_9,sc,train,10
10146,sc2_9_img007.jpg,sc2_9,sc,train,10
10147,sc2_9_img008.jpg,sc2_9,sc,train,10
10148,sc2_9_img009.jpg,sc2_9,sc,train,10
10149,sc2_9_img010.jpg,sc2_9,sc,train,10
10150,sc2_9_img011.jpg,sc2_9,sc,train,10
10151,sc2_9_img012.jpg,sc2_9,sc,train,10
10152,sc2_9_img013.jpg,sc2_9,sc,train,10
10153,sc2_9_img014.jpg,sc2_9,sc,train,10
10154,sc2_9_img015.jpg,sc2_9,sc,train,10
10155,sc2_9_img016.jpg,sc2_9,sc,train,10
10156,sc2_9_img017.jpg,sc2_9,sc,train,10
10157,sc2_9_img018.jpg,sc2_9,sc,train,10
10158,sc2_9_img019.jpg,sc2_9,sc,train,10
10159,sc2_9_img020.jpg,sc2_9,sc,train,10
10160,sc2_9_img021.jpg,sc2_9,sc,train,10
10161,sc2_9_img022.jpg,sc2_9,sc,train,10
10162,sc2_9_img023.jpg,sc2_9,sc,train,10
10163,sc2_9_img024.jpg,sc2_9,sc,train,10
10164,sc2_9_img025.jpg,sc2_9,sc,train,10
10165,sc2_9_img026.jpg,sc2_9,sc,train,10
10166,sc2_9_img027.jpg,sc2_9,sc,train,10
10167,sc2_9_img028.jpg,sc2_9,sc,train,10
10168,sc2_9_img029.jpg,sc2_9,sc,train,10
10169,sc2_9_img030.jpg,sc2_9,sc,train,10
10170,sc2_9_img031.jpg,sc2_9,sc,train,10
10171,sc2_9_img032.jpg,sc2_9,sc,train,10
10172,sc2_9_img033.jpg,sc2_9,sc,train,10
10173,sc2_9_img034.jpg,sc2_9,sc,train,10
10174,sc2_9_img035.jpg,sc2_9,sc,train,10
10175,sc2_9_img036.jpg,sc2_9,sc,train,10
10176,sc2_9_img037.jpg,sc2_9,sc,train,10
10177,sc2_9_img038.jpg,sc2_9,sc,train,10
10178,sc2_9_img039.jpg,sc2_9,sc,train,10
10179,sc2_9_img040.jpg,sc2_9,sc,train,10
10180,sc2_9_img041.jpg,sc2_9,sc,train,10
10181,sc2_9_img042.jpg,sc2_9,sc,train,10
10182,sc2_9_img043.jpg,sc2_9,sc,train,10
10183,sc2_9_img044.jpg,sc2_9,sc,train,10
10184,sc2_9_img045.jpg,sc2_9,sc,train,10
10185,sc2_9_img046.jpg,sc2_9,sc,train,10
10186,sc2_9_img047.jpg,sc2_9,sc,train,10
10187,sc2_9_img048.jpg,sc2_9,sc,train,10
10188,sc2_9_img049.jpg,sc2_9,sc,train,10
10189,sc2_9_img050.jpg,sc2_9,sc,train,10
10190,sc2_9_img051.jpg,sc2_9,sc,train,10
10191,sc2_9_img052.jpg,sc2_9,sc,train,10
10192,sc2_9_img053.jpg,sc2_9,sc,train,10
10193,sc2_9_img054.jpg,sc2_9,sc,train,10
10194,sc2_9_img055.jpg,sc2_9,sc,train,10
10195,sc2_9_img056.jpg,sc2_9,sc,train,10
10196,sc2_9_img057.jpg,sc2_9,sc,train,10
10197,sc2_9_img058.jpg,sc2_9,sc,train,10
10198,sc2_9_img059.jpg,sc2_9,sc,train,10
10199,sc2_9_img060.jpg,sc2_9,sc,train,10
10200,sc2_9_img061.jpg,sc2_9,sc,train,10
10201,sc2_9_img062.jpg,sc2_9,sc,train,10
10202,sc2_9_img063.jpg,sc2_9,sc,train,10
10203,sc2_9_img064.jpg,sc2_9,sc,train,10
10204,sc2_9_img065.jpg,sc2_9,sc,train,10
10205,sc2_9_img066.jpg,sc2_9,sc,train,10
10206,sc2_9_img067.jpg,sc2_9,sc,train,10
10207,sc2_9_img068.jpg,sc2_9,sc,train,10
10208,sc2_9_img069.jpg,sc2_9,sc,train,10
10209,sc2_9_img070.jpg,sc2_9,sc,train,10
10210,sc2_9_img071.jpg,sc2_9,sc,train,10
10211,sc2_9_img072.jpg,sc2_9,sc,train,10
10212,sc2_9_img073.jpg,sc2_9,sc,train,10
10213,sc2_9_img074.jpg,sc2_9,sc,train,10
10214,sc2_9_img075.jpg,sc2_9,sc,train,10
10215,sc2_9_img076.jpg,sc2_9,sc,train,10
10216,sc2_9_img077.jpg,sc2_9,sc,train,10
10217,sc2_9_img078.jpg,sc2_9,sc,train,10
10218,sc2_9_img079.jpg,sc2_9,sc,train,10
10219,sc2_9_img080.jpg,sc2_9,sc,train,10
10220,sc2_9_img081.jpg,sc2_9,sc,train,10
10221,sc2_9_img082.jpg,sc2_9,sc,train,10
10222,sc2_9_img083.jpg,sc2_9,sc,train,10
10223,sc2_9_img084.jpg,sc2_9,sc,train,10
10224,sc2_9_img085.jpg,sc2_9,sc,train,10
10225,sc2_9_img086.jpg,sc2_9,sc,train,10
10226,sc2_9_img087.jpg,sc2_9,sc,train,10
10227,sc2_9_img088.jpg,sc2_9,sc,train,10
10228,sc2_9_img089.jpg,sc2_9,sc,train,10
10229,sc2_9_img090.jpg,sc2_9,sc,train,10
10230,sc2_9_img091.jpg,sc2_9,sc,train,10
10231,sc2_9_img092.jpg,sc2_9,sc,train,10
10232,sc2_9_img093.jpg,sc2_9,sc,train,10
10233,sc2_9_img094.jpg,sc2_9,sc,train,10
10234,sc2_9_img095.jpg,sc2_9,sc,train,10
10235,sc3_10_img001.jpg,sc3_10,sc,train,10
10236,sc3_10_img002.jpg,sc3_10,sc,train,10
10237,sc3_10_img003.jpg,sc3_10,sc,train,10
10238,sc3_10_img004.jpg,sc3_10,sc,train,10
10239,sc3_10_img005.jpg,sc3_10,sc,train,10
10240,sc3_10_img006.jpg,sc3_10,sc,train,10
10241,sc3_10_img007.jpg,sc3_10,sc,train,10
10242,sc3_10_img008.jpg,sc3_10,sc,train,10
10243,sc3_10_img009.jpg,sc3_10,sc,train,10
10244,sc3_10_img010.jpg,sc3_10,sc,train,10
10245,sc3_10_img011.jpg,sc3_10,sc,train,10
10246,sc3_10_img012.jpg,sc3_10,sc,train,10
10247,sc3_10_img013.jpg,sc3_10,sc,train,10
10248,sc3_10_img014.jpg,sc3_10,sc,train,10
10249,sc3_10_img015.jpg,sc3_10,sc,train,10
10250,sc3_10_img016.jpg,sc3_10,sc,train,10
10251,sc3_10_img017.jpg,sc3_10,sc,train,10
10252,sc3_10_img018.jpg,sc3_10,sc,train,10
10253,sc3_10_img019.jpg,sc3_10,sc,train,10
10254,sc3_10_img020.jpg,sc3_10,sc,train,10
10255,sc3_10_img021.jpg,sc3_10,sc,train,10
10256,sc3_10_img022.jpg,sc3_10,sc,train,10
10257,sc3_10_img023.jpg,sc3_10,sc,train,10
10258,sc3_10_img024.jpg,sc3_10,sc,train,10
10259,sc3_10_img025.jpg,sc3_10,sc,train,10
10260,sc3_10_img026.jpg,sc3_10,sc,train,10
10261,sc3_10_img027.jpg,sc3_10,sc,train,10
10262,sc3_10_img028.jpg,sc3_10,sc,train,10
10263,sc3_10_img029.jpg,sc3_10,sc,train,10
10264,sc3_10_img030.jpg,sc3_10,sc,train,10
10265,sc3_10_img031.jpg,sc3_10,sc,train,10
10266,sc3_10_img032.jpg,sc3_10,sc,train,10
10267,sc3_10_img033.jpg,sc3_10,sc,train,10
10268,sc3_10_img034.jpg,sc3_10,sc,train,10
10269,sc3_10_img035.jpg,sc3_10,sc,train,10
10270,sc3_10_img036.jpg,sc3_10,sc,train,10
10271,sc3_10_img037.jpg,sc3_10,sc,train,10
10272,sc3_10_img038.jpg,sc3_10,sc,train,10
10273,sc3_10_img039.jpg,sc3_10,sc,train,10
10274,sc3_10_img040.jpg,sc3_10,sc,train,10
10275,sc3_10_img041.jpg,sc3_10,sc,train,10
10276,sc3_10_img042.jpg,sc3_10,sc,train,10
10277,sc3_10_img043.jpg,sc3_10,sc,train,10
10278,sc3_10_img044.jpg,sc3_10,sc,train,10
10279,sc3_10_img045.jpg,sc3_10,sc,train,10
10280,sc3_10_img046.jpg,sc3_10,sc,train,10
10281,sc3_10_img047.jpg,sc3_10,sc,train,10
10282,sc3_10_img048.jpg,sc3_10,sc,train,10
10283,sc3_10_img049.jpg,sc3_10,sc,train,10
10284,sc3_10_img050.jpg,sc3_10,sc,train,10
10285,sc3_10_img051.jpg,sc3_10,sc,train,10
10286,sc3_10_img052.jpg,sc3_10,sc,train,10
10287,sc3_10_img053.jpg,sc3_10,sc,train,10
10288,sc3_10_img054.jpg,sc3_10,sc,train,10
10289,sc3_10_img055.jpg,sc3_10,sc,train,10
10290,sc3_10_img056.jpg,sc3_10,sc,train,10
10291,sc3_10_img057.jpg,sc3_10,sc,train,10
10292,sc3_10_img058.jpg,sc3_10,sc,train,10
10293,sc3_10_img059.jpg,sc3_10,sc,train,10
10294,sc3_10_img060.jpg,sc3_10,sc,train,10
10295,sc3_10_img061.jpg,sc3_10,sc,train,10
10296,sc3_10_img062.jpg,sc3_10,sc,train,10
10297,sc3_10_img063.jpg,sc3_10,sc,train,10
10298,sc3_10_img064.jpg,sc3_10,sc,train,10
10299,sc3_10_img065.jpg,sc3_10,sc,train,10
10300,sc3_10_img066.jpg,sc3_10,sc,train,10
10301,sc3_10_img067.jpg,sc3_10,sc,train,10
10302,sc3_10_img068.jpg,sc3_10,sc,train,10
10303,sc3_10_img069.jpg,sc3_10,sc,train,10
10304,sc3_10_img070.jpg,sc3_10,sc,train,10
10305,sc3_10_img071.jpg,sc3_10,sc,train,10
10306,sc3_10_img072.jpg,sc3_10,sc,train,10
10307,sc3_10_img073.jpg,sc3_10,sc,train,10
10308,sc3_10_img074.jpg,sc3_10,sc,train,10
10309,sc3_10_img075.jpg,sc3_10,sc,train,10
10310,sc3_10_img076.jpg,sc3_10,sc,train,10
10311,sc3_10_img077.jpg,sc3_10,sc,train,10
10312,sc3_10_img078.jpg,sc3_10,sc,train,10
10313,sc3_10_img079.jpg,sc3_10,sc,train,10
10314,sc3_10_img080.jpg,sc3_10,sc,train,10
10315,sc3_10_img081.jpg,sc3_10,sc,train,10
10316,sc3_10_img082.jpg,sc3_10,sc,train,10
10317,sc3_10_img083.jpg,sc3_10,sc,train,10
10318,sc3_10_img084.jpg,sc3_10,sc,train,10
10319,sc3_10_img085.jpg,sc3_10,sc,train,10
10320,sc3_10_img086.jpg,sc3_10,sc,train,10
10321,sc3_10_img087.jpg,sc3_10,sc,train,10
10322,sc3_10_img088.jpg,sc3_10,sc,train,10
10323,sc3_10_img089.jpg,sc3_10,sc,train,10
10324,sc3_10_img090.jpg,sc3_10,sc,train,10
10325,sc3_10_img091.jpg,sc3_10,sc,train,10
10326,sc3_10_img092.jpg,sc3_10,sc,train,10
10327,sc3_10_img093.jpg,sc3_10,sc,train,10
10328,sc3_10_img094.jpg,sc3_10,sc,train,10
10329,sc3_10_img095.jpg,sc3_10,sc,train,10
10330,sc3_11_img001.jpg,sc3_11,sc,train,10
10331,sc3_11_img002.jpg,sc3_11,sc,train,10
10332,sc3_11_img003.jpg,sc3_11,sc,train,10
10333,sc3_11_img004.jpg,sc3_11,sc,train,10
10334,sc3_11_img005.jpg,sc3_11,sc,train,10
10335,sc3_11_img006.jpg,sc3_11,sc,train,10
10336,sc3_11_img007.jpg,sc3_11,sc,train,10
10337,sc3_11_img008.jpg,sc3_11,sc,train,10
10338,sc3_11_img009.jpg,sc3_11,sc,train,10
10339,sc3_11_img010.jpg,sc3_11,sc,train,10
10340,sc3_11_img011.jpg,sc3_11,sc,train,10
10341,sc3_11_img012.jpg,sc3_11,sc,train,10
10342,sc3_11_img013.jpg,sc3_11,sc,train,10
10343,sc3_11_img014.jpg,sc3_11,sc,train,10
10344,sc3_11_img015.jpg,sc3_11,sc,train,10
10345,sc3_11_img016.jpg,sc3_11,sc,train,10
10346,sc3_11_img017.jpg,sc3_11,sc,train,10
10347,sc3_11_img018.jpg,sc3_11,sc,train,10
10348,sc3_11_img019.jpg,sc3_11,sc,train,10
10349,sc3_11_img020.jpg,sc3_11,sc,train,10
10350,sc3_11_img021.jpg,sc3_11,sc,train,10
10351,sc3_11_img022.jpg,sc3_11,sc,train,10
10352,sc3_11_img023.jpg,sc3_11,sc,train,10
10353,sc3_11_img024.jpg,sc3_11,sc,train,10
10354,sc3_11_img025.jpg,sc3_11,sc,train,10
10355,sc3_11_img026.jpg,sc3_11,sc,train,10
10356,sc3_11_img027.jpg,sc3_11,sc,train,10
10357,sc3_11_img028.jpg,sc3_11,sc,train,10
10358,sc3_11_img029.jpg,sc3_11,sc,train,10
10359,sc3_11_img030.jpg,sc3_11,sc,train,10
10360,sc3_11_img031.jpg,sc3_11,sc,train,10
10361,sc3_11_img032.jpg,sc3_11,sc,train,10
10362,sc3_11_img033.jpg,sc3_11,sc,train,10
10363,sc3_11_img034.jpg,sc3_11,sc,train,10
10364,sc3_11_img035.jpg,sc3_11,sc,train,10
10365,sc3_11_img036.jpg,sc3_11,sc,train,10
10366,sc3_11_img037.jpg,sc3_11,sc,train,10
10367,sc3_11_img038.jpg,sc3_11,sc,train,10
10368,sc3_11_img039.jpg,sc3_11,sc,train,10
10369,sc3_11_img040.jpg,sc3_11,sc,train,10
10370,sc3_11_img041.jpg,sc3_11,sc,train,10
10371,sc3_11_img042.jpg,sc3_11,sc,train,10
10372,sc3_11_img043.jpg,sc3_11,sc,train,10
10373,sc3_11_img044.jpg,sc3_11,sc,train,10
10374,sc3_11_img045.jpg,sc3_11,sc,train,10
10375,sc3_11_img046.jpg,sc3_11,sc,train,10
10376,sc3_11_img047.jpg,sc3_11,sc,train,10
10377,sc3_11_img048.jpg,sc3_11,sc,train,10
10378,sc3_11_img049.jpg,sc3_11,sc,train,10
10379,sc3_11_img050.jpg,sc3_11,sc,train,10
10380,sc3_11_img051.jpg,sc3_11,sc,train,10
10381,sc3_11_img052.jpg,sc3_11,sc,train,10
10382,sc3_11_img053.jpg,sc3_11,sc,train,10
10383,sc3_11_img054.jpg,sc3_11,sc,train,10
10384,sc3_11_img055.jpg,sc3_11,sc,train,10
10385,sc3_11_img056.jpg,sc3_11,sc,train,10
10386,sc3_11_img057.jpg,sc3_11,sc,train,10
10387,sc3_11_img058.jpg,sc3_11,sc,train,10
10388,sc3_11_img059.jpg,sc3_11,sc,train,10
10389,sc3_11_img060.jpg,sc3_11,sc,train,10
10390,sc3_11_img061.jpg,sc3_11,sc,train,10
10391,sc3_11_img062.jpg,sc3_11,sc,train,10
10392,sc3_11_img063.jpg,sc3_11,sc,train,10
10393,sc3_11_img064.jpg,sc3_11,sc,train,10
10394,sc3_11_img065.jpg,sc3_11,sc,train,10
10395,sc3_11_img066.jpg,sc3_11,sc,train,10
10396,sc3_11_img067.jpg,sc3_11,sc,train,10
10397,sc3_11_img068.jpg,sc3_11,sc,train,10
10398,sc3_11_img069.jpg,sc3_11,sc,train,10
10399,sc3_11_img070.jpg,sc3_11,sc,train,10
10400,sc3_11_img071.jpg,sc3_11,sc,train,10
10401,sc3_11_img072.jpg,sc3_11,sc,train,10
10402,sc3_11_img073.jpg,sc3_11,sc,train,10
10403,sc3_11_img074.jpg,sc3_11,sc,train,10
10404,sc3_11_img075.jpg,sc3_11,sc,train,10
10405,sc3_11_img076.jpg,sc3_11,sc,train,10
10406,sc3_11_img077.jpg,sc3_11,sc,train,10
10407,sc3_11_img078.jpg,sc3_11,sc,train,10
10408,sc3_11_img079.jpg,sc3_11,sc,train,10
10409,sc3_11_img080.jpg,sc3_11,sc,train,10
10410,sc3_11_img081.jpg,sc3_11,sc,train,10
10411,sc3_11_img082.jpg,sc3_11,sc,train,10
10412,sc3_11_img083.jpg,sc3_11,sc,train,10
10413,sc3_11_img084.jpg,sc3_11,sc,train,10
10414,sc3_11_img085.jpg,sc3_11,sc,train,10
10415,sc3_11_img086.jpg,sc3_11,sc,train,10
10416,sc3_11_img087.jpg,sc3_11,sc,train,10
10417,sc3_11_img088.jpg,sc3_11,sc,train,10
10418,sc3_11_img089.jpg,sc3_11,sc,train,10
10419,sc3_11_img090.jpg,sc3_11,sc,train,10
10420,sc3_11_img091.jpg,sc3_11,sc,train,10
10421,sc3_11_img092.jpg,sc3_11,sc,train,10
10422,sc3_11_img093.jpg,sc3_11,sc,train,10
10423,sc3_11_img094.jpg,sc3_11,sc,train,10
10424,sc3_11_img095.jpg,sc3_11,sc,train,10
10425,sc3_12_img001.jpg,sc3_12,sc,train,10
10426,sc3_12_img002.jpg,sc3_12,sc,train,10
10427,sc3_12_img003.jpg,sc3_12,sc,train,10
10428,sc3_12_img004.jpg,sc3_12,sc,train,10
10429,sc3_12_img005.jpg,sc3_12,sc,train,10
10430,sc3_12_img006.jpg,sc3_12,sc,train,10
10431,sc3_12_img007.jpg,sc3_12,sc,train,10
10432,sc3_12_img008.jpg,sc3_12,sc,train,10
10433,sc3_12_img009.jpg,sc3_12,sc,train,10
10434,sc3_12_img010.jpg,sc3_12,sc,train,10
10435,sc3_12_img011.jpg,sc3_12,sc,train,10
10436,sc3_12_img012.jpg,sc3_12,sc,train,10
10437,sc3_12_img013.jpg,sc3_12,sc,train,10
10438,sc3_12_img014.jpg,sc3_12,sc,train,10
10439,sc3_12_img015.jpg,sc3_12,sc,train,10
10440,sc3_12_img016.jpg,sc3_12,sc,train,10
10441,sc3_12_img017.jpg,sc3_12,sc,train,10
10442,sc3_12_img018.jpg,sc3_12,sc,train,10
10443,sc3_12_img019.jpg,sc3_12,sc,train,10
10444,sc3_12_img020.jpg,sc3_12,sc,train,10
10445,sc3_12_img021.jpg,sc3_12,sc,train,10
10446,sc3_12_img022.jpg,sc3_12,sc,train,10
10447,sc3_12_img023.jpg,sc3_12,sc,train,10
10448,sc3_12_img024.jpg,sc3_12,sc,train,10
10449,sc3_12_img025.jpg,sc3_12,sc,train,10
10450,sc3_12_img026.jpg,sc3_12,sc,train,10
10451,sc3_12_img027.jpg,sc3_12,sc,train,10
10452,sc3_12_img028.jpg,sc3_12,sc,train,10
10453,sc3_12_img029.jpg,sc3_12,sc,train,10
10454,sc3_12_img030.jpg,sc3_12,sc,train,10
10455,sc3_12_img031.jpg,sc3_12,sc,train,10
10456,sc3_12_img032.jpg,sc3_12,sc,train,10
10457,sc3_12_img033.jpg,sc3_12,sc,train,10
10458,sc3_12_img034.jpg,sc3_12,sc,train,10
10459,sc3_12_img035.jpg,sc3_12,sc,train,10
10460,sc3_12_img036.jpg,sc3_12,sc,train,10
10461,sc3_12_img037.jpg,sc3_12,sc,train,10
10462,sc3_12_img038.jpg,sc3_12,sc,train,10
10463,sc3_12_img039.jpg,sc3_12,sc,train,10
10464,sc3_12_img040.jpg,sc3_12,sc,train,10
10465,sc3_12_img041.jpg,sc3_12,sc,train,10
10466,sc3_12_img042.jpg,sc3_12,sc,train,10
10467,sc3_12_img043.jpg,sc3_12,sc,train,10
10468,sc3_12_img044.jpg,sc3_12,sc,train,10
10469,sc3_12_img045.jpg,sc3_12,sc,train,10
10470,sc3_12_img046.jpg,sc3_12,sc,train,10
10471,sc3_12_img047.jpg,sc3_12,sc,train,10
10472,sc3_12_img048.jpg,sc3_12,sc,train,10
10473,sc3_12_img049.jpg,sc3_12,sc,train,10
10474,sc3_12_img050.jpg,sc3_12,sc,train,10
10475,sc3_12_img051.jpg,sc3_12,sc,train,10
10476,sc3_12_img052.jpg,sc3_12,sc,train,10
10477,sc3_12_img053.jpg,sc3_12,sc,train,10
10478,sc3_12_img054.jpg,sc3_12,sc,train,10
10479,sc3_12_img055.jpg,sc3_12,sc,train,10
10480,sc3_12_img056.jpg,sc3_12,sc,train,10
10481,sc3_12_img057.jpg,sc3_12,sc,train,10
10482,sc3_12_img058.jpg,sc3_12,sc,train,10
10483,sc3_12_img059.jpg,sc3_12,sc,train,10
10484,sc3_12_img060.jpg,sc3_12,sc,train,10
10485,sc3_12_img061.jpg,sc3_12,sc,train,10
10486,sc3_12_img062.jpg,sc3_12,sc,train,10
10487,sc3_12_img063.jpg,sc3_12,sc,train,10
10488,sc3_12_img064.jpg,sc3_12,sc,train,10
10489,sc3_12_img065.jpg,sc3_12,sc,train,10
10490,sc3_12_img066.jpg,sc3_12,sc,train,10
10491,sc3_12_img067.jpg,sc3_12,sc,train,10
10492,sc3_12_img068.jpg,sc3_12,sc,train,10
10493,sc3_12_img069.jpg,sc3_12,sc,train,10
10494,sc3_12_img070.jpg,sc3_12,sc,train,10
10495,sc3_12_img071.jpg,sc3_12,sc,train,10
10496,sc3_12_img072.jpg,sc3_12,sc,train,10
10497,sc3_12_img073.jpg,sc3_12,sc,train,10
10498,sc3_12_img074.jpg,sc3_12,sc,train,10
10499,sc3_12_img075.jpg,sc3_12,sc,train,10
10500,sc3_12_img076.jpg,sc3_12,sc,train,10
10501,sc3_12_img077.jpg,sc3_12,sc,train,10
10502,sc3_12_img078.jpg,sc3_12,sc,train,10
10503,sc3_12_img079.jpg,sc3_12,sc,train,10
10504,sc3_12_img080.jpg,sc3_12,sc,train,10
10505,sc3_12_img081.jpg,sc3_12,sc,train,10
10506,sc3_12_img082.jpg,sc3_12,sc,train,10
10507,sc3_12_img083.jpg,sc3_12,sc,train,10
10508,sc3_12_img084.jpg,sc3_12,sc,train,10
10509,sc3_12_img085.jpg,sc3_12,sc,train,10
10510,sc3_12_img086.jpg,sc3_12,sc,train,10
10511,sc3_12_img087.jpg,sc3_12,sc,train,10
10512,sc3_12_img088.jpg,sc3_12,sc,train,10
10513,sc3_12_img089.jpg,sc3_12,sc,train,10
10514,sc3_12_img090.jpg,sc3_12,sc,train,10
10515,sc3_12_img091.jpg,sc3_12,sc,train,10
10516,sc3_12_img092.jpg,sc3_12,sc,train,10
10517,sc3_12_img093.jpg,sc3_12,sc,train,10
10518,sc3_12_img094.jpg,sc3_12,sc,train,10
10519,sc3_12_img095.jpg,sc3_12,sc,train,10
10520,sc3_1_img001.jpg,sc3_1,sc,train,10
10521,sc3_1_img002.jpg,sc3_1,sc,train,10
10522,sc3_1_img003.jpg,sc3_1,sc,train,10
10523,sc3_1_img004.jpg,sc3_1,sc,train,10
10524,sc3_1_img005.jpg,sc3_1,sc,train,10
10525,sc3_1_img006.jpg,sc3_1,sc,train,10
10526,sc3_1_img007.jpg,sc3_1,sc,train,10
10527,sc3_1_img008.jpg,sc3_1,sc,train,10
10528,sc3_1_img009.jpg,sc3_1,sc,train,10
10529,sc3_1_img010.jpg,sc3_1,sc,train,10
10530,sc3_1_img011.jpg,sc3_1,sc,train,10
10531,sc3_1_img012.jpg,sc3_1,sc,train,10
10532,sc3_1_img013.jpg,sc3_1,sc,train,10
10533,sc3_1_img014.jpg,sc3_1,sc,train,10
10534,sc3_1_img015.jpg,sc3_1,sc,train,10
10535,sc3_1_img016.jpg,sc3_1,sc,train,10
10536,sc3_1_img017.jpg,sc3_1,sc,train,10
10537,sc3_1_img018.jpg,sc3_1,sc,train,10
10538,sc3_1_img019.jpg,sc3_1,sc,train,10
10539,sc3_1_img020.jpg,sc3_1,sc,train,10
10540,sc3_1_img021.jpg,sc3_1,sc,train,10
10541,sc3_1_img022.jpg,sc3_1,sc,train,10
10542,sc3_1_img023.jpg,sc3_1,sc,train,10
10543,sc3_1_img024.jpg,sc3_1,sc,train,10
10544,sc3_1_img025.jpg,sc3_1,sc,train,10
10545,sc3_1_img026.jpg,sc3_1,sc,train,10
10546,sc3_1_img027.jpg,sc3_1,sc,train,10
10547,sc3_1_img028.jpg,sc3_1,sc,train,10
10548,sc3_1_img029.jpg,sc3_1,sc,train,10
10549,sc3_1_img030.jpg,sc3_1,sc,train,10
10550,sc3_1_img031.jpg,sc3_1,sc,train,10
10551,sc3_1_img032.jpg,sc3_1,sc,train,10
10552,sc3_1_img033.jpg,sc3_1,sc,train,10
10553,sc3_1_img034.jpg,sc3_1,sc,train,10
10554,sc3_1_img035.jpg,sc3_1,sc,train,10
10555,sc3_1_img036.jpg,sc3_1,sc,train,10
10556,sc3_1_img037.jpg,sc3_1,sc,train,10
10557,sc3_1_img038.jpg,sc3_1,sc,train,10
10558,sc3_1_img039.jpg,sc3_1,sc,train,10
10559,sc3_1_img040.jpg,sc3_1,sc,train,10
10560,sc3_1_img041.jpg,sc3_1,sc,train,10
10561,sc3_1_img042.jpg,sc3_1,sc,train,10
10562,sc3_1_img043.jpg,sc3_1,sc,train,10
10563,sc3_1_img044.jpg,sc3_1,sc,train,10
10564,sc3_1_img045.jpg,sc3_1,sc,train,10
10565,sc3_1_img046.jpg,sc3_1,sc,train,10
10566,sc3_1_img047.jpg,sc3_1,sc,train,10
10567,sc3_1_img048.jpg,sc3_1,sc,train,10
10568,sc3_1_img049.jpg,sc3_1,sc,train,10
10569,sc3_1_img050.jpg,sc3_1,sc,train,10
10570,sc3_1_img051.jpg,sc3_1,sc,train,10
10571,sc3_1_img052.jpg,sc3_1,sc,train,10
10572,sc3_1_img053.jpg,sc3_1,sc,train,10
10573,sc3_1_img054.jpg,sc3_1,sc,train,10
10574,sc3_1_img055.jpg,sc3_1,sc,train,10
10575,sc3_1_img056.jpg,sc3_1,sc,train,10
10576,sc3_1_img057.jpg,sc3_1,sc,train,10
10577,sc3_1_img058.jpg,sc3_1,sc,train,10
10578,sc3_1_img059.jpg,sc3_1,sc,train,10
10579,sc3_1_img060.jpg,sc3_1,sc,train,10
10580,sc3_1_img061.jpg,sc3_1,sc,train,10
10581,sc3_1_img062.jpg,sc3_1,sc,train,10
10582,sc3_1_img063.jpg,sc3_1,sc,train,10
10583,sc3_1_img064.jpg,sc3_1,sc,train,10
10584,sc3_1_img065.jpg,sc3_1,sc,train,10
10585,sc3_1_img066.jpg,sc3_1,sc,train,10
10586,sc3_1_img067.jpg,sc3_1,sc,train,10
10587,sc3_1_img068.jpg,sc3_1,sc,train,10
10588,sc3_1_img069.jpg,sc3_1,sc,train,10
10589,sc3_1_img070.jpg,sc3_1,sc,train,10
10590,sc3_1_img071.jpg,sc3_1,sc,train,10
10591,sc3_1_img072.jpg,sc3_1,sc,train,10
10592,sc3_1_img073.jpg,sc3_1,sc,train,10
10593,sc3_1_img074.jpg,sc3_1,sc,train,10
10594,sc3_1_img075.jpg,sc3_1,sc,train,10
10595,sc3_1_img076.jpg,sc3_1,sc,train,10
10596,sc3_1_img077.jpg,sc3_1,sc,train,10
10597,sc3_1_img078.jpg,sc3_1,sc,train,10
10598,sc3_1_img079.jpg,sc3_1,sc,train,10
10599,sc3_1_img080.jpg,sc3_1,sc,train,10
10600,sc3_1_img081.jpg,sc3_1,sc,train,10
10601,sc3_1_img082.jpg,sc3_1,sc,train,10
10602,sc3_1_img083.jpg,sc3_1,sc,train,10
10603,sc3_1_img084.jpg,sc3_1,sc,train,10
10604,sc3_1_img085.jpg,sc3_1,sc,train,10
10605,sc3_1_img086.jpg,sc3_1,sc,train,10
10606,sc3_1_img087.jpg,sc3_1,sc,train,10
10607,sc3_1_img088.jpg,sc3_1,sc,train,10
10608,sc3_1_img089.jpg,sc3_1,sc,train,10
10609,sc3_1_img090.jpg,sc3_1,sc,train,10
10610,sc3_1_img091.jpg,sc3_1,sc,train,10
10611,sc3_1_img092.jpg,sc3_1,sc,train,10
10612,sc3_1_img093.jpg,sc3_1,sc,train,10
10613,sc3_1_img094.jpg,sc3_1,sc,train,10
10614,sc3_1_img095.jpg,sc3_1,sc,train,10
10615,sc3_2_img001.jpg,sc3_2,sc,test,10
10616,sc3_2_img002.jpg,sc3_2,sc,test,10
10617,sc3_2_img003.jpg,sc3_2,sc,test,10
10618,sc3_2_img004.jpg,sc3_2,sc,test,10
10619,sc3_2_img005.jpg,sc3_2,sc,test,10
10620,sc3_2_img006.jpg,sc3_2,sc,test,10
10621,sc3_2_img007.jpg,sc3_2,sc,test,10
10622,sc3_2_img008.jpg,sc3_2,sc,test,10
10623,sc3_2_img009.jpg,sc3_2,sc,test,10
10624,sc3_2_img010.jpg,sc3_2,sc,test,10
10625,sc3_2_img011.jpg,sc3_2,sc,test,10
10626,sc3_2_img012.jpg,sc3_2,sc,test,10
10627,sc3_2_img013.jpg,sc3_2,sc,test,10
10628,sc3_2_img014.jpg,sc3_2,sc,test,10
10629,sc3_2_img015.jpg,sc3_2,sc,test,10
10630,sc3_2_img016.jpg,sc3_2,sc,test,10
10631,sc3_2_img017.jpg,sc3_2,sc,test,10
10632,sc3_2_img018.jpg,sc3_2,sc,test,10
10633,sc3_2_img019.jpg,sc3_2,sc,test,10
10634,sc3_2_img020.jpg,sc3_2,sc,test,10
10635,sc3_2_img021.jpg,sc3_2,sc,test,10
10636,sc3_2_img022.jpg,sc3_2,sc,test,10
10637,sc3_2_img023.jpg,sc3_2,sc,test,10
10638,sc3_2_img024.jpg,sc3_2,sc,test,10
10639,sc3_2_img025.jpg,sc3_2,sc,test,10
10640,sc3_2_img026.jpg,sc3_2,sc,test,10
10641,sc3_2_img027.jpg,sc3_2,sc,test,10
10642,sc3_2_img028.jpg,sc3_2,sc,test,10
10643,sc3_2_img029.jpg,sc3_2,sc,test,10
10644,sc3_2_img030.jpg,sc3_2,sc,test,10
10645,sc3_2_img031.jpg,sc3_2,sc,test,10
10646,sc3_2_img032.jpg,sc3_2,sc,test,10
10647,sc3_2_img033.jpg,sc3_2,sc,test,10
10648,sc3_2_img034.jpg,sc3_2,sc,test,10
10649,sc3_2_img035.jpg,sc3_2,sc,test,10
10650,sc3_2_img036.jpg,sc3_2,sc,test,10
10651,sc3_2_img037.jpg,sc3_2,sc,test,10
10652,sc3_2_img038.jpg,sc3_2,sc,test,10
10653,sc3_2_img039.jpg,sc3_2,sc,test,10
10654,sc3_2_img040.jpg,sc3_2,sc,test,10
10655,sc3_2_img041.jpg,sc3_2,sc,test,10
10656,sc3_2_img042.jpg,sc3_2,sc,test,10
10657,sc3_2_img043.jpg,sc3_2,sc,test,10
10658,sc3_2_img044.jpg,sc3_2,sc,test,10
10659,sc3_2_img045.jpg,sc3_2,sc,test,10
10660,sc3_2_img046.jpg,sc3_2,sc,test,10
10661,sc3_2_img047.jpg,sc3_2,sc,test,10
10662,sc3_2_img048.jpg,sc3_2,sc,test,10
10663,sc3_2_img049.jpg,sc3_2,sc,test,10
10664,sc3_2_img050.jpg,sc3_2,sc,test,10
10665,sc3_2_img051.jpg,sc3_2,sc,test,10
10666,sc3_2_img052.jpg,sc3_2,sc,test,10
10667,sc3_2_img053.jpg,sc3_2,sc,test,10
10668,sc3_2_img054.jpg,sc3_2,sc,test,10
10669,sc3_2_img055.jpg,sc3_2,sc,test,10
10670,sc3_2_img056.jpg,sc3_2,sc,test,10
10671,sc3_2_img057.jpg,sc3_2,sc,test,10
10672,sc3_2_img058.jpg,sc3_2,sc,test,10
10673,sc3_2_img059.jpg,sc3_2,sc,test,10
10674,sc3_2_img060.jpg,sc3_2,sc,test,10
10675,sc3_2_img061.jpg,sc3_2,sc,test,10
10676,sc3_2_img062.jpg,sc3_2,sc,test,10
10677,sc3_2_img063.jpg,sc3_2,sc,test,10
10678,sc3_2_img064.jpg,sc3_2,sc,test,10
10679,sc3_2_img065.jpg,sc3_2,sc,test,10
10680,sc3_2_img066.jpg,sc3_2,sc,test,10
10681,sc3_2_img067.jpg,sc3_2,sc,test,10
10682,sc3_2_img068.jpg,sc3_2,sc,test,10
10683,sc3_2_img069.jpg,sc3_2,sc,test,10
10684,sc3_2_img070.jpg,sc3_2,sc,test,10
10685,sc3_2_img071.jpg,sc3_2,sc,test,10
10686,sc3_2_img072.jpg,sc3_2,sc,test,10
10687,sc3_2_img073.jpg,sc3_2,sc,test,10
10688,sc3_2_img074.jpg,sc3_2,sc,test,10
10689,sc3_2_img075.jpg,sc3_2,sc,test,10
10690,sc3_2_img076.jpg,sc3_2,sc,test,10
10691,sc3_2_img077.jpg,sc3_2,sc,test,10
10692,sc3_2_img078.jpg,sc3_2,sc,test,10
10693,sc3_2_img079.jpg,sc3_2,sc,test,10
10694,sc3_2_img080.jpg,sc3_2,sc,test,10
10695,sc3_2_img081.jpg,sc3_2,sc,test,10
10696,sc3_2_img082.jpg,sc3_2,sc,test,10
10697,sc3_2_img083.jpg,sc3_2,sc,test,10
10698,sc3_2_img084.jpg,sc3_2,sc,test,10
10699,sc3_2_img085.jpg,sc3_2,sc,test,10
10700,sc3_2_img086.jpg,sc3_2,sc,test,10
10701,sc3_2_img087.jpg,sc3_2,sc,test,10
10702,sc3_2_img088.jpg,sc3_2,sc,test,10
10703,sc3_2_img089.jpg,sc3_2,sc,test,10
10704,sc3_2_img090.jpg,sc3_2,sc,test,10
10705,sc3_2_img091.jpg,sc3_2,sc,test,10
10706,sc3_2_img092.jpg,sc3_2,sc,test,10
10707,sc3_2_img093.jpg,sc3_2,sc,test,10
10708,sc3_2_img094.jpg,sc3_2,sc,test,10
10709,sc3_2_img095.jpg,sc3_2,sc,test,10
10710,sc3_3_img001.jpg,sc3_3,sc,val,10
10711,sc3_3_img002.jpg,sc3_3,sc,val,10
10712,sc3_3_img003.jpg,sc3_3,sc,val,10
10713,sc3_3_img004.jpg,sc3_3,sc,val,10
10714,sc3_3_img005.jpg,sc3_3,sc,val,10
10715,sc3_3_img006.jpg,sc3_3,sc,val,10
10716,sc3_3_img007.jpg,sc3_3,sc,val,10
10717,sc3_3_img008.jpg,sc3_3,sc,val,10
10718,sc3_3_img009.jpg,sc3_3,sc,val,10
10719,sc3_3_img010.jpg,sc3_3,sc,val,10
10720,sc3_3_img011.jpg,sc3_3,sc,val,10
10721,sc3_3_img012.jpg,sc3_3,sc,val,10
10722,sc3_3_img013.jpg,sc3_3,sc,val,10
10723,sc3_3_img014.jpg,sc3_3,sc,val,10
10724,sc3_3_img015.jpg,sc3_3,sc,val,10
10725,sc3_3_img016.jpg,sc3_3,sc,val,10
10726,sc3_3_img017.jpg,sc3_3,sc,val,10
10727,sc3_3_img018.jpg,sc3_3,sc,val,10
10728,sc3_3_img019.jpg,sc3_3,sc,val,10
10729,sc3_3_img020.jpg,sc3_3,sc,val,10
10730,sc3_3_img021.jpg,sc3_3,sc,val,10
10731,sc3_3_img022.jpg,sc3_3,sc,val,10
10732,sc3_3_img023.jpg,sc3_3,sc,val,10
10733,sc3_3_img024.jpg,sc3_3,sc,val,10
10734,sc3_3_img025.jpg,sc3_3,sc,val,10
10735,sc3_3_img026.jpg,sc3_3,sc,val,10
10736,sc3_3_img027.jpg,sc3_3,sc,val,10
10737,sc3_3_img028.jpg,sc3_3,sc,val,10
10738,sc3_3_img029.jpg,sc3_3,sc,val,10
10739,sc3_3_img030.jpg,sc3_3,sc,val,10
10740,sc3_3_img031.jpg,sc3_3,sc,val,10
10741,sc3_3_img032.jpg,sc3_3,sc,val,10
10742,sc3_3_img033.jpg,sc3_3,sc,val,10
10743,sc3_3_img034.jpg,sc3_3,sc,val,10
10744,sc3_3_img035.jpg,sc3_3,sc,val,10
10745,sc3_3_img036.jpg,sc3_3,sc,val,10
10746,sc3_3_img037.jpg,sc3_3,sc,val,10
10747,sc3_3_img038.jpg,sc3_3,sc,val,10
10748,sc3_3_img039.jpg,sc3_3,sc,val,10
10749,sc3_3_img040.jpg,sc3_3,sc,val,10
10750,sc3_3_img041.jpg,sc3_3,sc,val,10
10751,sc3_3_img042.jpg,sc3_3,sc,val,10
10752,sc3_3_img043.jpg,sc3_3,sc,val,10
10753,sc3_3_img044.jpg,sc3_3,sc,val,10
10754,sc3_3_img045.jpg,sc3_3,sc,val,10
10755,sc3_3_img046.jpg,sc3_3,sc,val,10
10756,sc3_3_img047.jpg,sc3_3,sc,val,10
10757,sc3_3_img048.jpg,sc3_3,sc,val,10
10758,sc3_3_img049.jpg,sc3_3,sc,val,10
10759,sc3_3_img050.jpg,sc3_3,sc,val,10
10760,sc3_3_img051.jpg,sc3_3,sc,val,10
10761,sc3_3_img052.jpg,sc3_3,sc,val,10
10762,sc3_3_img053.jpg,sc3_3,sc,val,10
10763,sc3_3_img054.jpg,sc3_3,sc,val,10
10764,sc3_3_img055.jpg,sc3_3,sc,val,10
10765,sc3_3_img056.jpg,sc3_3,sc,val,10
10766,sc3_3_img057.jpg,sc3_3,sc,val,10
10767,sc3_3_img058.jpg,sc3_3,sc,val,10
10768,sc3_3_img059.jpg,sc3_3,sc,val,10
10769,sc3_3_img060.jpg,sc3_3,sc,val,10
10770,sc3_3_img061.jpg,sc3_3,sc,val,10
10771,sc3_3_img062.jpg,sc3_3,sc,val,10
10772,sc3_3_img063.jpg,sc3_3,sc,val,10
10773,sc3_3_img064.jpg,sc3_3,sc,val,10
10774,sc3_3_img065.jpg,sc3_3,sc,val,10
10775,sc3_3_img066.jpg,sc3_3,sc,val,10
10776,sc3_3_img067.jpg,sc3_3,sc,val,10
10777,sc3_3_img068.jpg,sc3_3,sc,val,10
10778,sc3_3_img069.jpg,sc3_3,sc,val,10
10779,sc3_3_img070.jpg,sc3_3,sc,val,10
10780,sc3_3_img071.jpg,sc3_3,sc,val,10
10781,sc3_3_img072.jpg,sc3_3,sc,val,10
10782,sc3_3_img073.jpg,sc3_3,sc,val,10
10783,sc3_3_img074.jpg,sc3_3,sc,val,10
10784,sc3_3_img075.jpg,sc3_3,sc,val,10
10785,sc3_3_img076.jpg,sc3_3,sc,val,10
10786,sc3_3_img077.jpg,sc3_3,sc,val,10
10787,sc3_3_img078.jpg,sc3_3,sc,val,10
10788,sc3_3_img079.jpg,sc3_3,sc,val,10
10789,sc3_3_img080.jpg,sc3_3,sc,val,10
10790,sc3_3_img081.jpg,sc3_3,sc,val,10
10791,sc3_3_img082.jpg,sc3_3,sc,val,10
10792,sc3_3_img083.jpg,sc3_3,sc,val,10
10793,sc3_3_img084.jpg,sc3_3,sc,val,10
10794,sc3_3_img085.jpg,sc3_3,sc,val,10
10795,sc3_3_img086.jpg,sc3_3,sc,val,10
10796,sc3_3_img087.jpg,sc3_3,sc,val,10
10797,sc3_3_img088.jpg,sc3_3,sc,val,10
10798,sc3_3_img089.jpg,sc3_3,sc,val,10
10799,sc3_3_img090.jpg,sc3_3,sc,val,10
10800,sc3_3_img091.jpg,sc3_3,sc,val,10
10801,sc3_3_img092.jpg,sc3_3,sc,val,10
10802,sc3_3_img093.jpg,sc3_3,sc,val,10
10803,sc3_3_img094.jpg,sc3_3,sc,val,10
10804,sc3_3_img095.jpg,sc3_3,sc,val,10
10805,sc3_4_img001.jpg,sc3_4,sc,train,10
10806,sc3_4_img002.jpg,sc3_4,sc,train,10
10807,sc3_4_img003.jpg,sc3_4,sc,train,10
10808,sc3_4_img004.jpg,sc3_4,sc,train,10
10809,sc3_4_img005.jpg,sc3_4,sc,train,10
10810,sc3_4_img006.jpg,sc3_4,sc,train,10
10811,sc3_4_img007.jpg,sc3_4,sc,train,10
10812,sc3_4_img008.jpg,sc3_4,sc,train,10
10813,sc3_4_img009.jpg,sc3_4,sc,train,10
10814,sc3_4_img010.jpg,sc3_4,sc,train,10
10815,sc3_4_img011.jpg,sc3_4,sc,train,10
10816,sc3_4_img012.jpg,sc3_4,sc,train,10
10817,sc3_4_img013.jpg,sc3_4,sc,train,10
10818,sc3_4_img014.jpg,sc3_4,sc,train,10
10819,sc3_4_img015.jpg,sc3_4,sc,train,10
10820,sc3_4_img016.jpg,sc3_4,sc,train,10
10821,sc3_4_img017.jpg,sc3_4,sc,train,10
10822,sc3_4_img018.jpg,sc3_4,sc,train,10
10823,sc3_4_img019.jpg,sc3_4,sc,train,10
10824,sc3_4_img020.jpg,sc3_4,sc,train,10
10825,sc3_4_img021.jpg,sc3_4,sc,train,10
10826,sc3_4_img022.jpg,sc3_4,sc,train,10
10827,sc3_4_img023.jpg,sc3_4,sc,train,10
10828,sc3_4_img024.jpg,sc3_4,sc,train,10
10829,sc3_4_img025.jpg,sc3_4,sc,train,10
10830,sc3_4_img026.jpg,sc3_4,sc,train,10
10831,sc3_4_img027.jpg,sc3_4,sc,train,10
10832,sc3_4_img028.jpg,sc3_4,sc,train,10
10833,sc3_4_img029.jpg,sc3_4,sc,train,10
10834,sc3_4_img030.jpg,sc3_4,sc,train,10
10835,sc3_4_img031.jpg,sc3_4,sc,train,10
10836,sc3_4_img032.jpg,sc3_4,sc,train,10
10837,sc3_4_img033.jpg,sc3_4,sc,train,10
10838,sc3_4_img034.jpg,sc3_4,sc,train,10
10839,sc3_4_img035.jpg,sc3_4,sc,train,10
10840,sc3_4_img036.jpg,sc3_4,sc,train,10
10841,sc3_4_img037.jpg,sc3_4,sc,train,10
10842,sc3_4_img038.jpg,sc3_4,sc,train,10
10843,sc3_4_img039.jpg,sc3_4,sc,train,10
10844,sc3_4_img040.jpg,sc3_4,sc,train,10
10845,sc3_4_img041.jpg,sc3_4,sc,train,10
10846,sc3_4_img042.jpg,sc3_4,sc,train,10
10847,sc3_4_img043.jpg,sc3_4,sc,train,10
10848,sc3_4_img044.jpg,sc3_4,sc,train,10
10849,sc3_4_img045.jpg,sc3_4,sc,train,10
10850,sc3_4_img046.jpg,sc3_4,sc,train,10
10851,sc3_4_img047.jpg,sc3_4,sc,train,10
10852,sc3_4_img048.jpg,sc3_4,sc,train,10
10853,sc3_4_img049.jpg,sc3_4,sc,train,10
10854,sc3_4_img050.jpg,sc3_4,sc,train,10
10855,sc3_4_img051.jpg,sc3_4,sc,train,10
10856,sc3_4_img052.jpg,sc3_4,sc,train,10
10857,sc3_4_img053.jpg,sc3_4,sc,train,10
10858,sc3_4_img054.jpg,sc3_4,sc,train,10
10859,sc3_4_img055.jpg,sc3_4,sc,train,10
10860,sc3_4_img056.jpg,sc3_4,sc,train,10
10861,sc3_4_img057.jpg,sc3_4,sc,train,10
10862,sc3_4_img058.jpg,sc3_4,sc,train,10
10863,sc3_4_img059.jpg,sc3_4,sc,train,10
10864,sc3_4_img060.jpg,sc3_4,sc,train,10
10865,sc3_4_img061.jpg,sc3_4,sc,train,10
10866,sc3_4_img062.jpg,sc3_4,sc,train,10
10867,sc3_4_img063.jpg,sc3_4,sc,train,10
10868,sc3_4_img064.jpg,sc3_4,sc,train,10
10869,sc3_4_img065.jpg,sc3_4,sc,train,10
10870,sc3_4_img066.jpg,sc3_4,sc,train,10
10871,sc3_4_img067.jpg,sc3_4,sc,train,10
10872,sc3_4_img068.jpg,sc3_4,sc,train,10
10873,sc3_4_img069.jpg,sc3_4,sc,train,10
10874,sc3_4_img070.jpg,sc3_4,sc,train,10
10875,sc3_4_img071.jpg,sc3_4,sc,train,10
10876,sc3_4_img072.jpg,sc3_4,sc,train,10
10877,sc3_4_img073.jpg,sc3_4,sc,train,10
10878,sc3_4_img074.jpg,sc3_4,sc,train,10
10879,sc3_4_img075.jpg,sc3_4,sc,train,10
10880,sc3_4_img076.jpg,sc3_4,sc,train,10
10881,sc3_4_img077.jpg,sc3_4,sc,train,10
10882,sc3_4_img078.jpg,sc3_4,sc,train,10
10883,sc3_4_img079.jpg,sc3_4,sc,train,10
10884,sc3_4_img080.jpg,sc3_4,sc,train,10
10885,sc3_4_img081.jpg,sc3_4,sc,train,10
10886,sc3_4_img082.jpg,sc3_4,sc,train,10
10887,sc3_4_img083.jpg,sc3_4,sc,train,10
10888,sc3_4_img084.jpg,sc3_4,sc,train,10
10889,sc3_4_img085.jpg,sc3_4,sc,train,10
10890,sc3_4_img086.jpg,sc3_4,sc,train,10
10891,sc3_4_img087.jpg,sc3_4,sc,train,10
10892,sc3_4_img088.jpg,sc3_4,sc,train,10
10893,sc3_4_img089.jpg,sc3_4,sc,train,10
10894,sc3_4_img090.jpg,sc3_4,sc,train,10
10895,sc3_4_img091.jpg,sc3_4,sc,train,10
10896,sc3_4_img092.jpg,sc3_4,sc,train,10
10897,sc3_4_img093.jpg,sc3_4,sc,train,10
10898,sc3_4_img094.jpg,sc3_4,sc,train,10
10899,sc3_4_img095.jpg,sc3_4,sc,train,10
10900,sc3_5_img001.jpg,sc3_5,sc,test,10
10901,sc3_5_img002.jpg,sc3_5,sc,test,10
10902,sc3_5_img003.jpg,sc3_5,sc,test,10
10903,sc3_5_img004.jpg,sc3_5,sc,test,10
10904,sc3_5_img005.jpg,sc3_5,sc,test,10
10905,sc3_5_img006.jpg,sc3_5,sc,test,10
10906,sc3_5_img007.jpg,sc3_5,sc,test,10
10907,sc3_5_img008.jpg,sc3_5,sc,test,10
10908,sc3_5_img009.jpg,sc3_5,sc,test,10
10909,sc3_5_img010.jpg,sc3_5,sc,test,10
10910,sc3_5_img011.jpg,sc3_5,sc,test,10
10911,sc3_5_img012.jpg,sc3_5,sc,test,10
10912,sc3_5_img013.jpg,sc3_5,sc,test,10
10913,sc3_5_img014.jpg,sc3_5,sc,test,10
10914,sc3_5_img015.jpg,sc3_5,sc,test,10
10915,sc3_5_img016.jpg,sc3_5,sc,test,10
10916,sc3_5_img017.jpg,sc3_5,sc,test,10
10917,sc3_5_img018.jpg,sc3_5,sc,test,10
10918,sc3_5_img019.jpg,sc3_5,sc,test,10
10919,sc3_5_img020.jpg,sc3_5,sc,test,10
10920,sc3_5_img021.jpg,sc3_5,sc,test,10
10921,sc3_5_img022.jpg,sc3_5,sc,test,10
10922,sc3_5_img023.jpg,sc3_5,sc,test,10
10923,sc3_5_img024.jpg,sc3_5,sc,test,10
10924,sc3_5_img025.jpg,sc3_5,sc,test,10
10925,sc3_5_img026.jpg,sc3_5,sc,test,10
10926,sc3_5_img027.jpg,sc3_5,sc,test,10
10927,sc3_5_img028.jpg,sc3_5,sc,test,10
10928,sc3_5_img029.jpg,sc3_5,sc,test,10
10929,sc3_5_img030.jpg,sc3_5,sc,test,10
10930,sc3_5_img031.jpg,sc3_5,sc,test,10
10931,sc3_5_img032.jpg,sc3_5,sc,test,10
10932,sc3_5_img033.jpg,sc3_5,sc,test,10
10933,sc3_5_img034.jpg,sc3_5,sc,test,10
10934,sc3_5_img035.jpg,sc3_5,sc,test,10
10935,sc3_5_img036.jpg,sc3_5,sc,test,10
10936,sc3_5_img037.jpg,sc3_5,sc,test,10
10937,sc3_5_img038.jpg,sc3_5,sc,test,10
10938,sc3_5_img039.jpg,sc3_5,sc,test,10
10939,sc3_5_img040.jpg,sc3_5,sc,test,10
10940,sc3_5_img041.jpg,sc3_5,sc,test,10
10941,sc3_5_img042.jpg,sc3_5,sc,test,10
10942,sc3_5_img043.jpg,sc3_5,sc,test,10
10943,sc3_5_img044.jpg,sc3_5,sc,test,10
10944,sc3_5_img045.jpg,sc3_5,sc,test,10
10945,sc3_5_img046.jpg,sc3_5,sc,test,10
10946,sc3_5_img047.jpg,sc3_5,sc,test,10
10947,sc3_5_img048.jpg,sc3_5,sc,test,10
10948,sc3_5_img049.jpg,sc3_5,sc,test,10
10949,sc3_5_img050.jpg,sc3_5,sc,test,10
10950,sc3_5_img051.jpg,sc3_5,sc,test,10
10951,sc3_5_img052.jpg,sc3_5,sc,test,10
10952,sc3_5_img053.jpg,sc3_5,sc,test,10
10953,sc3_5_img054.jpg,sc3_5,sc,test,10
10954,sc3_5_img055.jpg,sc3_5,sc,test,10
10955,sc3_5_img056.jpg,sc3_5,sc,test,10
10956,sc3_5_img057.jpg,sc3_5,sc,test,10
10957,sc3_5_img058.jpg,sc3_5,sc,test,10
10958,sc3_5_img059.jpg,sc3_5,sc,test,10
10959,sc3_5_img060.jpg,sc3_5,sc,test,10
10960,sc3_5_img061.jpg,sc3_5,sc,test,10
10961,sc3_5_img062.jpg,sc3_5,sc,test,10
10962,sc3_5_img063.jpg,sc3_5,sc,test,10
10963,sc3_5_img064.jpg,sc3_5,sc,test,10
10964,sc3_5_img065.jpg,sc3_5,sc,test,10
10965,sc3_5_img066.jpg,sc3_5,sc,test,10
10966,sc3_5_img067.jpg,sc3_5,sc,test,10
10967,sc3_5_img068.jpg,sc3_5,sc,test,10
10968,sc3_5_img069.jpg,sc3_5,sc,test,10
10969,sc3_5_img070.jpg,sc3_5,sc,test,10
10970,sc3_5_img071.jpg,sc3_5,sc,test,10
10971,sc3_5_img072.jpg,sc3_5,sc,test,10
10972,sc3_5_img073.jpg,sc3_5,sc,test,10
10973,sc3_5_img074.jpg,sc3_5,sc,test,10
10974,sc3_5_img075.jpg,sc3_5,sc,test,10
10975,sc3_5_img076.jpg,sc3_5,sc,test,10
10976,sc3_5_img077.jpg,sc3_5,sc,test,10
10977,sc3_5_img078.jpg,sc3_5,sc,test,10
10978,sc3_5_img079.jpg,sc3_5,sc,test,10
10979,sc3_5_img080.jpg,sc3_5,sc,test,10
10980,sc3_5_img081.jpg,sc3_5,sc,test,10
10981,sc3_5_img082.jpg,sc3_5,sc,test,10
10982,sc3_5_img083.jpg,sc3_5,sc,test,10
10983,sc3_5_img084.jpg,sc3_5,sc,test,10
10984,sc3_5_img085.jpg,sc3_5,sc,test,10
10985,sc3_5_img086.jpg,sc3_5,sc,test,10
10986,sc3_5_img087.jpg,sc3_5,sc,test,10
10987,sc3_5_img088.jpg,sc3_5,sc,test,10
10988,sc3_5_img089.jpg,sc3_5,sc,test,10
10989,sc3_5_img090.jpg,sc3_5,sc,test,10
10990,sc3_5_img091.jpg,sc3_5,sc,test,10
10991,sc3_5_img092.jpg,sc3_5,sc,test,10
10992,sc3_5_img093.jpg,sc3_5,sc,test,10
10993,sc3_5_img094.jpg,sc3_5,sc,test,10
10994,sc3_5_img095.jpg,sc3_5,sc,test,10
10995,sc3_6_img001.jpg,sc3_6,sc,train,10
10996,sc3_6_img002.jpg,sc3_6,sc,train,10
10997,sc3_6_img003.jpg,sc3_6,sc,train,10
10998,sc3_6_img004.jpg,sc3_6,sc,train,10
10999,sc3_6_img005.jpg,sc3_6,sc,train,10
11000,sc3_6_img006.jpg,sc3_6,sc,train,10
11001,sc3_6_img007.jpg,sc3_6,sc,train,10
11002,sc3_6_img008.jpg,sc3_6,sc,train,10
11003,sc3_6_img009.jpg,sc3_6,sc,train,10
11004,sc3_6_img010.jpg,sc3_6,sc,train,10
11005,sc3_6_img011.jpg,sc3_6,sc,train,10
11006,sc3_6_img012.jpg,sc3_6,sc,train,10
11007,sc3_6_img013.jpg,sc3_6,sc,train,10
11008,sc3_6_img014.jpg,sc3_6,sc,train,10
11009,sc3_6_img015.jpg,sc3_6,sc,train,10
11010,sc3_6_img016.jpg,sc3_6,sc,train,10
11011,sc3_6_img017.jpg,sc3_6,sc,train,10
11012,sc3_6_img018.jpg,sc3_6,sc,train,10
11013,sc3_6_img019.jpg,sc3_6,sc,train,10
11014,sc3_6_img020.jpg,sc3_6,sc,train,10
11015,sc3_6_img021.jpg,sc3_6,sc,train,10
11016,sc3_6_img022.jpg,sc3_6,sc,train,10
11017,sc3_6_img023.jpg,sc3_6,sc,train,10
11018,sc3_6_img024.jpg,sc3_6,sc,train,10
11019,sc3_6_img025.jpg,sc3_6,sc,train,10
11020,sc3_6_img026.jpg,sc3_6,sc,train,10
11021,sc3_6_img027.jpg,sc3_6,sc,train,10
11022,sc3_6_img028.jpg,sc3_6,sc,train,10
11023,sc3_6_img029.jpg,sc3_6,sc,train,10
11024,sc3_6_img030.jpg,sc3_6,sc,train,10
11025,sc3_6_img031.jpg,sc3_6,sc,train,10
11026,sc3_6_img032.jpg,sc3_6,sc,train,10
11027,sc3_6_img033.jpg,sc3_6,sc,train,10
11028,sc3_6_img034.jpg,sc3_6,sc,train,10
11029,sc3_6_img035.jpg,sc3_6,sc,train,10
11030,sc3_6_img036.jpg,sc3_6,sc,train,10
11031,sc3_6_img037.jpg,sc3_6,sc,train,10
11032,sc3_6_img038.jpg,sc3_6,sc,train,10
11033,sc3_6_img039.jpg,sc3_6,sc,train,10
11034,sc3_6_img040.jpg,sc3_6,sc,train,10
11035,sc3_6_img041.jpg,sc3_6,sc,train,10
11036,sc3_6_img042.jpg,sc3_6,sc,train,10
11037,sc3_6_img043.jpg,sc3_6,sc,train,10
11038,sc3_6_img044.jpg,sc3_6,sc,train,10
11039,sc3_6_img045.jpg,sc3_6,sc,train,10
11040,sc3_6_img046.jpg,sc3_6,sc,train,10
11041,sc3_6_img047.jpg,sc3_6,sc,train,10
11042,sc3_6_img048.jpg,sc3_6,sc,train,10
11043,sc3_6_img049.jpg,sc3_6,sc,train,10
11044,sc3_6_img050.jpg,sc3_6,sc,train,10
11045,sc3_6_img051.jpg,sc3_6,sc,train,10
11046,sc3_6_img052.jpg,sc3_6,sc,train,10
11047,sc3_6_img053.jpg,sc3_6,sc,train,10
11048,sc3_6_img054.jpg,sc3_6,sc,train,10
11049,sc3_6_img055.jpg,sc3_6,sc,train,10
11050,sc3_6_img056.jpg,sc3_6,sc,train,10
11051,sc3_6_img057.jpg,sc3_6,sc,train,10
11052,sc3_6_img058.jpg,sc3_6,sc,train,10
11053,sc3_6_img059.jpg,sc3_6,sc,train,10
11054,sc3_6_img060.jpg,sc3_6,sc,train,10
11055,sc3_6_img061.jpg,sc3_6,sc,train,10
11056,sc3_6_img062.jpg,sc3_6,sc,train,10
11057,sc3_6_img063.jpg,sc3_6,sc,train,10
11058,sc3_6_img064.jpg,sc3_6,sc,train,10
11059,sc3_6_img065.jpg,sc3_6,sc,train,10
11060,sc3_6_img066.jpg,sc3_6,sc,train,10
11061,sc3_6_img067.jpg,sc3_6,sc,train,10
11062,sc3_6_img068.jpg,sc3_6,sc,train,10
11063,sc3_6_img069.jpg,sc3_6,sc,train,10
11064,sc3_6_img070.jpg,sc3_6,sc,train,10
11065,sc3_6_img071.jpg,sc3_6,sc,train,10
11066,sc3_6_img072.jpg,sc3_6,sc,train,10
11067,sc3_6_img073.jpg,sc3_6,sc,train,10
11068,sc3_6_img074.jpg,sc3_6,sc,train,10
11069,sc3_6_img075.jpg,sc3_6,sc,train,10
11070,sc3_6_img076.jpg,sc3_6,sc,train,10
11071,sc3_6_img077.jpg,sc3_6,sc,train,10
11072,sc3_6_img078.jpg,sc3_6,sc,train,10
11073,sc3_6_img079.jpg,sc3_6,sc,train,10
11074,sc3_6_img080.jpg,sc3_6,sc,train,10
11075,sc3_6_img081.jpg,sc3_6,sc,train,10
11076,sc3_6_img082.jpg,sc3_6,sc,train,10
11077,sc3_6_img083.jpg,sc3_6,sc,train,10
11078,sc3_6_img084.jpg,sc3_6,sc,train,10
11079,sc3_6_img085.jpg,sc3_6,sc,train,10
11080,sc3_6_img086.jpg,sc3_6,sc,train,10
11081,sc3_6_img087.jpg,sc3_6,sc,train,10
11082,sc3_6_img088.jpg,sc3_6,sc,train,10
11083,sc3_6_img089.jpg,sc3_6,sc,train,10
11084,sc3_6_img090.jpg,sc3_6,sc,train,10
11085,sc3_6_img091.jpg,sc3_6,sc,train,10
11086,sc3_6_img092.jpg,sc3_6,sc,train,10
11087,sc3_6_img093.jpg,sc3_6,sc,train,10
11088,sc3_6_img094.jpg,sc3_6,sc,train,10
11089,sc3_6_img095.jpg,sc3_6,sc,train,10
11090,sc3_7_img001.jpg,sc3_7,sc,train,10
11091,sc3_7_img002.jpg,sc3_7,sc,train,10
11092,sc3_7_img003.jpg,sc3_7,sc,train,10
11093,sc3_7_img004.jpg,sc3_7,sc,train,10
11094,sc3_7_img005.jpg,sc3_7,sc,train,10
11095,sc3_7_img006.jpg,sc3_7,sc,train,10
11096,sc3_7_img007.jpg,sc3_7,sc,train,10
11097,sc3_7_img008.jpg,sc3_7,sc,train,10
11098,sc3_7_img009.jpg,sc3_7,sc,train,10
11099,sc3_7_img010.jpg,sc3_7,sc,train,10
11100,sc3_7_img011.jpg,sc3_7,sc,train,10
11101,sc3_7_img012.jpg,sc3_7,sc,train,10
11102,sc3_7_img013.jpg,sc3_7,sc,train,10
11103,sc3_7_img014.jpg,sc3_7,sc,train,10
11104,sc3_7_img015.jpg,sc3_7,sc,train,10
11105,sc3_7_img016.jpg,sc3_7,sc,train,10
11106,sc3_7_img017.jpg,sc3_7,sc,train,10
11107,sc3_7_img018.jpg,sc3_7,sc,train,10
11108,sc3_7_img019.jpg,sc3_7,sc,train,10
11109,sc3_7_img020.jpg,sc3_7,sc,train,10
11110,sc3_7_img021.jpg,sc3_7,sc,train,10
11111,sc3_7_img022.jpg,sc3_7,sc,train,10
11112,sc3_7_img023.jpg,sc3_7,sc,train,10
11113,sc3_7_img024.jpg,sc3_7,sc,train,10
11114,sc3_7_img025.jpg,sc3_7,sc,train,10
11115,sc3_7_img026.jpg,sc3_7,sc,train,10
11116,sc3_7_img027.jpg,sc3_7,sc,train,10
11117,sc3_7_img028.jpg,sc3_7,sc,train,10
11118,sc3_7_img029.jpg,sc3_7,sc,train,10
11119,sc3_7_img030.jpg,sc3_7,sc,train,10
11120,sc3_7_img031.jpg,sc3_7,sc,train,10
11121,sc3_7_img032.jpg,sc3_7,sc,train,10
11122,sc3_7_img033.jpg,sc3_7,sc,train,10
11123,sc3_7_img034.jpg,sc3_7,sc,train,10
11124,sc3_7_img035.jpg,sc3_7,sc,train,10
11125,sc3_7_img036.jpg,sc3_7,sc,train,10
11126,sc3_7_img037.jpg,sc3_7,sc,train,10
11127,sc3_7_img038.jpg,sc3_7,sc,train,10
11128,sc3_7_img039.jpg,sc3_7,sc,train,10
11129,sc3_7_img040.jpg,sc3_7,sc,train,10
11130,sc3_7_img041.jpg,sc3_7,sc,train,10
11131,sc3_7_img042.jpg,sc3_7,sc,train,10
11132,sc3_7_img043.jpg,sc3_7,sc,train,10
11133,sc3_7_img044.jpg,sc3_7,sc,train,10
11134,sc3_7_img045.jpg,sc3_7,sc,train,10
11135,sc3_7_img046.jpg,sc3_7,sc,train,10
11136,sc3_7_img047.jpg,sc3_7,sc,train,10
11137,sc3_7_img048.jpg,sc3_7,sc,train,10
11138,sc3_7_img049.jpg,sc3_7,sc,train,10
11139,sc3_7_img050.jpg,sc3_7,sc,train,10
11140,sc3_7_img051.jpg,sc3_7,sc,train,10
11141,sc3_7_img052.jpg,sc3_7,sc,train,10
11142,sc3_7_img053.jpg,sc3_7,sc,train,10
11143,sc3_7_img054.jpg,sc3_7,sc,train,10
11144,sc3_7_img055.jpg,sc3_7,sc,train,10
11145,sc3_7_img056.jpg,sc3_7,sc,train,10
11146,sc3_7_img057.jpg,sc3_7,sc,train,10
11147,sc3_7_img058.jpg,sc3_7,sc,train,10
11148,sc3_7_img059.jpg,sc3_7,sc,train,10
11149,sc3_7_img060.jpg,sc3_7,sc,train,10
11150,sc3_7_img061.jpg,sc3_7,sc,train,10
11151,sc3_7_img062.jpg,sc3_7,sc,train,10
11152,sc3_7_img063.jpg,sc3_7,sc,train,10
11153,sc3_7_img064.jpg,sc3_7,sc,train,10
11154,sc3_7_img065.jpg,sc3_7,sc,train,10
11155,sc3_7_img066.jpg,sc3_7,sc,train,10
11156,sc3_7_img067.jpg,sc3_7,sc,train,10
11157,sc3_7_img068.jpg,sc3_7,sc,train,10
11158,sc3_7_img069.jpg,sc3_7,sc,train,10
11159,sc3_7_img070.jpg,sc3_7,sc,train,10
11160,sc3_7_img071.jpg,sc3_7,sc,train,10
11161,sc3_7_img072.jpg,sc3_7,sc,train,10
11162,sc3_7_img073.jpg,sc3_7,sc,train,10
11163,sc3_7_img074.jpg,sc3_7,sc,train,10
11164,sc3_7_img075.jpg,sc3_7,sc,train,10
11165,sc3_7_img076.jpg,sc3_7,sc,train,10
11166,sc3_7_img077.jpg,sc3_7,sc,train,10
11167,sc3_7_img078.jpg,sc3_7,sc,train,10
11168,sc3_7_img079.jpg,sc3_7,sc,train,10
11169,sc3_7_img080.jpg,sc3_7,sc,train,10
11170,sc3_7_img081.jpg,sc3_7,sc,train,10
11171,sc3_7_img082.jpg,sc3_7,sc,train,10
11172,sc3_7_img083.jpg,sc3_7,sc,train,10
11173,sc3_7_img084.jpg,sc3_7,sc,train,10
11174,sc3_7_img085.jpg,sc3_7,sc,train,10
11175,sc3_7_img086.jpg,sc3_7,sc,train,10
11176,sc3_7_img087.jpg,sc3_7,sc,train,10
11177,sc3_7_img088.jpg,sc3_7,sc,train,10
11178,sc3_7_img089.jpg,sc3_7,sc,train,10
11179,sc3_7_img090.jpg,sc3_7,sc,train,10
11180,sc3_7_img091.jpg,sc3_7,sc,train,10
11181,sc3_7_img092.jpg,sc3_7,sc,train,10
11182,sc3_7_img093.jpg,sc3_7,sc,train,10
11183,sc3_7_img094.jpg,sc3_7,sc,train,10
11184,sc3_7_img095.jpg,sc3_7,sc,train,10
11185,sc3_8_img001.jpg,sc3_8,sc,test,10
11186,sc3_8_img002.jpg,sc3_8,sc,test,10
11187,sc3_8_img003.jpg,sc3_8,sc,test,10
11188,sc3_8_img004.jpg,sc3_8,sc,test,10
11189,sc3_8_img005.jpg,sc3_8,sc,test,10
11190,sc3_8_img006.jpg,sc3_8,sc,test,10
11191,sc3_8_img007.jpg,sc3_8,sc,test,10
11192,sc3_8_img008.jpg,sc3_8,sc,test,10
11193,sc3_8_img009.jpg,sc3_8,sc,test,10
11194,sc3_8_img010.jpg,sc3_8,sc,test,10
11195,sc3_8_img011.jpg,sc3_8,sc,test,10
11196,sc3_8_img012.jpg,sc3_8,sc,test,10
11197,sc3_8_img013.jpg,sc3_8,sc,test,10
11198,sc3_8_img014.jpg,sc3_8,sc,test,10
11199,sc3_8_img015.jpg,sc3_8,sc,test,10
11200,sc3_8_img016.jpg,sc3_8,sc,test,10
11201,sc3_8_img017.jpg,sc3_8,sc,test,10
11202,sc3_8_img018.jpg,sc3_8,sc,test,10
11203,sc3_8_img019.jpg,sc3_8,sc,test,10
11204,sc3_8_img020.jpg,sc3_8,sc,test,10
11205,sc3_8_img021.jpg,sc3_8,sc,test,10
11206,sc3_8_img022.jpg,sc3_8,sc,test,10
11207,sc3_8_img023.jpg,sc3_8,sc,test,10
11208,sc3_8_img024.jpg,sc3_8,sc,test,10
11209,sc3_8_img025.jpg,sc3_8,sc,test,10
11210,sc3_8_img026.jpg,sc3_8,sc,test,10
11211,sc3_8_img027.jpg,sc3_8,sc,test,10
11212,sc3_8_img028.jpg,sc3_8,sc,test,10
11213,sc3_8_img029.jpg,sc3_8,sc,test,10
11214,sc3_8_img030.jpg,sc3_8,sc,test,10
11215,sc3_8_img031.jpg,sc3_8,sc,test,10
11216,sc3_8_img032.jpg,sc3_8,sc,test,10
11217,sc3_8_img033.jpg,sc3_8,sc,test,10
11218,sc3_8_img034.jpg,sc3_8,sc,test,10
11219,sc3_8_img035.jpg,sc3_8,sc,test,10
11220,sc3_8_img036.jpg,sc3_8,sc,test,10
11221,sc3_8_img037.jpg,sc3_8,sc,test,10
11222,sc3_8_img038.jpg,sc3_8,sc,test,10
11223,sc3_8_img039.jpg,sc3_8,sc,test,10
11224,sc3_8_img040.jpg,sc3_8,sc,test,10
11225,sc3_8_img041.jpg,sc3_8,sc,test,10
11226,sc3_8_img042.jpg,sc3_8,sc,test,10
11227,sc3_8_img043.jpg,sc3_8,sc,test,10
11228,sc3_8_img044.jpg,sc3_8,sc,test,10
11229,sc3_8_img045.jpg,sc3_8,sc,test,10
11230,sc3_8_img046.jpg,sc3_8,sc,test,10
11231,sc3_8_img047.jpg,sc3_8,sc,test,10
11232,sc3_8_img048.jpg,sc3_8,sc,test,10
11233,sc3_8_img049.jpg,sc3_8,sc,test,10
11234,sc3_8_img050.jpg,sc3_8,sc,test,10
11235,sc3_8_img051.jpg,sc3_8,sc,test,10
11236,sc3_8_img052.jpg,sc3_8,sc,test,10
11237,sc3_8_img053.jpg,sc3_8,sc,test,10
11238,sc3_8_img054.jpg,sc3_8,sc,test,10
11239,sc3_8_img055.jpg,sc3_8,sc,test,10
11240,sc3_8_img056.jpg,sc3_8,sc,test,10
11241,sc3_8_img057.jpg,sc3_8,sc,test,10
11242,sc3_8_img058.jpg,sc3_8,sc,test,10
11243,sc3_8_img059.jpg,sc3_8,sc,test,10
11244,sc3_8_img060.jpg,sc3_8,sc,test,10
11245,sc3_8_img061.jpg,sc3_8,sc,test,10
11246,sc3_8_img062.jpg,sc3_8,sc,test,10
11247,sc3_8_img063.jpg,sc3_8,sc,test,10
11248,sc3_8_img064.jpg,sc3_8,sc,test,10
11249,sc3_8_img065.jpg,sc3_8,sc,test,10
11250,sc3_8_img066.jpg,sc3_8,sc,test,10
11251,sc3_8_img067.jpg,sc3_8,sc,test,10
11252,sc3_8_img068.jpg,sc3_8,sc,test,10
11253,sc3_8_img069.jpg,sc3_8,sc,test,10
11254,sc3_8_img070.jpg,sc3_8,sc,test,10
11255,sc3_8_img071.jpg,sc3_8,sc,test,10
11256,sc3_8_img072.jpg,sc3_8,sc,test,10
11257,sc3_8_img073.jpg,sc3_8,sc,test,10
11258,sc3_8_img074.jpg,sc3_8,sc,test,10
11259,sc3_8_img075.jpg,sc3_8,sc,test,10
11260,sc3_8_img076.jpg,sc3_8,sc,test,10
11261,sc3_8_img077.jpg,sc3_8,sc,test,10
11262,sc3_8_img078.jpg,sc3_8,sc,test,10
11263,sc3_8_img079.jpg,sc3_8,sc,test,10
11264,sc3_8_img080.jpg,sc3_8,sc,test,10
11265,sc3_8_img081.jpg,sc3_8,sc,test,10
11266,sc3_8_img082.jpg,sc3_8,sc,test,10
11267,sc3_8_img083.jpg,sc3_8,sc,test,10
11268,sc3_8_img084.jpg,sc3_8,sc,test,10
11269,sc3_8_img085.jpg,sc3_8,sc,test,10
11270,sc3_8_img086.jpg,sc3_8,sc,test,10
11271,sc3_8_img087.jpg,sc3_8,sc,test,10
11272,sc3_8_img088.jpg,sc3_8,sc,test,10
11273,sc3_8_img089.jpg,sc3_8,sc,test,10
11274,sc3_8_img090.jpg,sc3_8,sc,test,10
11275,sc3_8_img091.jpg,sc3_8,sc,test,10
11276,sc3_8_img092.jpg,sc3_8,sc,test,10
11277,sc3_8_img093.jpg,sc3_8,sc,test,10
11278,sc3_8_img094.jpg,sc3_8,sc,test,10
11279,sc3_8_img095.jpg,sc3_8,sc,test,10
11280,sc3_9_img001.jpg,sc3_9,sc,train,10
11281,sc3_9_img002.jpg,sc3_9,sc,train,10
11282,sc3_9_img003.jpg,sc3_9,sc,train,10
11283,sc3_9_img004.jpg,sc3_9,sc,train,10
11284,sc3_9_img005.jpg,sc3_9,sc,train,10
11285,sc3_9_img006.jpg,sc3_9,sc,train,10
11286,sc3_9_img007.jpg,sc3_9,sc,train,10
11287,sc3_9_img008.jpg,sc3_9,sc,train,10
11288,sc3_9_img009.jpg,sc3_9,sc,train,10
11289,sc3_9_img010.jpg,sc3_9,sc,train,10
11290,sc3_9_img011.jpg,sc3_9,sc,train,10
11291,sc3_9_img012.jpg,sc3_9,sc,train,10
11292,sc3_9_img013.jpg,sc3_9,sc,train,10
11293,sc3_9_img014.jpg,sc3_9,sc,train,10
11294,sc3_9_img015.jpg,sc3_9,sc,train,10
11295,sc3_9_img016.jpg,sc3_9,sc,train,10
11296,sc3_9_img017.jpg,sc3_9,sc,train,10
11297,sc3_9_img018.jpg,sc3_9,sc,train,10
11298,sc3_9_img019.jpg,sc3_9,sc,train,10
11299,sc3_9_img020.jpg,sc3_9,sc,train,10
11300,sc3_9_img021.jpg,sc3_9,sc,train,10
11301,sc3_9_img022.jpg,sc3_9,sc,train,10
11302,sc3_9_img023.jpg,sc3_9,sc,train,10
11303,sc3_9_img024.jpg,sc3_9,sc,train,10
11304,sc3_9_img025.jpg,sc3_9,sc,train,10
11305,sc3_9_img026.jpg,sc3_9,sc,train,10
11306,sc3_9_img027.jpg,sc3_9,sc,train,10
11307,sc3_9_img028.jpg,sc3_9,sc,train,10
11308,sc3_9_img029.jpg,sc3_9,sc,train,10
11309,sc3_9_img030.jpg,sc3_9,sc,train,10
11310,sc3_9_img031.jpg,sc3_9,sc,train,10
11311,sc3_9_img032.jpg,sc3_9,sc,train,10
11312,sc3_9_img033.jpg,sc3_9,sc,train,10
11313,sc3_9_img034.jpg,sc3_9,sc,train,10
11314,sc3_9_img035.jpg,sc3_9,sc,train,10
11315,sc3_9_img036.jpg,sc3_9,sc,train,10
11316,sc3_9_img037.jpg,sc3_9,sc,train,10
11317,sc3_9_img038.jpg,sc3_9,sc,train,10
11318,sc3_9_img039.jpg,sc3_9,sc,train,10
11319,sc3_9_img040.jpg,sc3_9,sc,train,10
11320,sc3_9_img041.jpg,sc3_9,sc,train,10
11321,sc3_9_img042.jpg,sc3_9,sc,train,10
11322,sc3_9_img043.jpg,sc3_9,sc,train,10
11323,sc3_9_img044.jpg,sc3_9,sc,train,10
11324,sc3_9_img045.jpg,sc3_9,sc,train,10
11325,sc3_9_img046.jpg,sc3_9,sc,train,10
11326,sc3_9_img047.jpg,sc3_9,sc,train,10
11327,sc3_9_img048.jpg,sc3_9,sc,train,10
11328,sc3_9_img049.jpg,sc3_9,sc,train,10
11329,sc3_9_img050.jpg,sc3_9,sc,train,10
11330,sc3_9_img051.jpg,sc3_9,sc,train,10
11331,sc3_9_img052.jpg,sc3_9,sc,train,10
11332,sc3_9_img053.jpg,sc3_9,sc,train,10
11333,sc3_9_img054.jpg,sc3_9,sc,train,10
11334,sc3_9_img055.jpg,sc3_9,sc,train,10
11335,sc3_9_img056.jpg,sc3_9,sc,train,10
11336,sc3_9_img057.jpg,sc3_9,sc,train,10
11337,sc3_9_img058.jpg,sc3_9,sc,train,10
11338,sc3_9_img059.jpg,sc3_9,sc,train,10
11339,sc3_9_img060.jpg,sc3_9,sc,train,10
11340,sc3_9_img061.jpg,sc3_9,sc,train,10
11341,sc3_9_img062.jpg,sc3_9,sc,train,10
11342,sc3_9_img063.jpg,sc3_9,sc,train,10
11343,sc3_9_img064.jpg,sc3_9,sc,train,10
11344,sc3_9_img065.jpg,sc3_9,sc,train,10
11345,sc3_9_img066.jpg,sc3_9,sc,train,10
11346,sc3_9_img067.jpg,sc3_9,sc,train,10
11347,sc3_9_img068.jpg,sc3_9,sc,train,10
11348,sc3_9_img069.jpg,sc3_9,sc,train,10
11349,sc3_9_img070.jpg,sc3_9,sc,train,10
11350,sc3_9_img071.jpg,sc3_9,sc,train,10
11351,sc3_9_img072.jpg,sc3_9,sc,train,10
11352,sc3_9_img073.jpg,sc3_9,sc,train,10
11353,sc3_9_img074.jpg,sc3_9,sc,train,10
11354,sc3_9_img075.jpg,sc3_9,sc,train,10
11355,sc3_9_img076.jpg,sc3_9,sc,train,10
11356,sc3_9_img077.jpg,sc3_9,sc,train,10
11357,sc3_9_img078.jpg,sc3_9,sc,train,10
11358,sc3_9_img079.jpg,sc3_9,sc,train,10
11359,sc3_9_img080.jpg,sc3_9,sc,train,10
11360,sc3_9_img081.jpg,sc3_9,sc,train,10
11361,sc3_9_img082.jpg,sc3_9,sc,train,10
11362,sc3_9_img083.jpg,sc3_9,sc,train,10
11363,sc3_9_img084.jpg,sc3_9,sc,train,10
11364,sc3_9_img085.jpg,sc3_9,sc,train,10
11365,sc3_9_img086.jpg,sc3_9,sc,train,10
11366,sc3_9_img087.jpg,sc3_9,sc,train,10
11367,sc3_9_img088.jpg,sc3_9,sc,train,10
11368,sc3_9_img089.jpg,sc3_9,sc,train,10
11369,sc3_9_img090.jpg,sc3_9,sc,train,10
11370,sc3_9_img091.jpg,sc3_9,sc,train,10
11371,sc3_9_img092.jpg,sc3_9,sc,train,10
11372,sc3_9_img093.jpg,sc3_9,sc,train,10
11373,sc3_9_img094.jpg,sc3_9,sc,train,10
11374,sc3_9_img095.jpg,sc3_9,sc,train,10
11375,sc4_10_img001.jpg,sc4_10,sc,train,10
11376,sc4_10_img002.jpg,sc4_10,sc,train,10
11377,sc4_10_img003.jpg,sc4_10,sc,train,10
11378,sc4_10_img004.jpg,sc4_10,sc,train,10
11379,sc4_10_img005.jpg,sc4_10,sc,train,10
11380,sc4_10_img006.jpg,sc4_10,sc,train,10
11381,sc4_10_img007.jpg,sc4_10,sc,train,10
11382,sc4_10_img008.jpg,sc4_10,sc,train,10
11383,sc4_10_img009.jpg,sc4_10,sc,train,10
11384,sc4_10_img010.jpg,sc4_10,sc,train,10
11385,sc4_10_img011.jpg,sc4_10,sc,train,10
11386,sc4_10_img012.jpg,sc4_10,sc,train,10
11387,sc4_10_img013.jpg,sc4_10,sc,train,10
11388,sc4_10_img014.jpg,sc4_10,sc,train,10
11389,sc4_10_img015.jpg,sc4_10,sc,train,10
11390,sc4_10_img016.jpg,sc4_10,sc,train,10
11391,sc4_10_img017.jpg,sc4_10,sc,train,10
11392,sc4_10_img018.jpg,sc4_10,sc,train,10
11393,sc4_10_img019.jpg,sc4_10,sc,train,10
11394,sc4_10_img020.jpg,sc4_10,sc,train,10
11395,sc4_10_img021.jpg,sc4_10,sc,train,10
11396,sc4_10_img022.jpg,sc4_10,sc,train,10
11397,sc4_10_img023.jpg,sc4_10,sc,train,10
11398,sc4_10_img024.jpg,sc4_10,sc,train,10
11399,sc4_10_img025.jpg,sc4_10,sc,train,10
11400,sc4_10_img026.jpg,sc4_10,sc,train,10
11401,sc4_10_img027.jpg,sc4_10,sc,train,10
11402,sc4_10_img028.jpg,sc4_10,sc,train,10
11403,sc4_10_img029.jpg,sc4_10,sc,train,10
11404,sc4_10_img030.jpg,sc4_10,sc,train,10
11405,sc4_10_img031.jpg,sc4_10,sc,train,10
11406,sc4_10_img032.jpg,sc4_10,sc,train,10
11407,sc4_10_img033.jpg,sc4_10,sc,train,10
11408,sc4_10_img034.jpg,sc4_10,sc,train,10
11409,sc4_10_img035.jpg,sc4_10,sc,train,10
11410,sc4_10_img036.jpg,sc4_10,sc,train,10
11411,sc4_10_img037.jpg,sc4_10,sc,train,10
11412,sc4_10_img038.jpg,sc4_10,sc,train,10
11413,sc4_10_img039.jpg,sc4_10,sc,train,10
11414,sc4_10_img040.jpg,sc4_10,sc,train,10
11415,sc4_10_img041.jpg,sc4_10,sc,train,10
11416,sc4_10_img042.jpg,sc4_10,sc,train,10
11417,sc4_10_img043.jpg,sc4_10,sc,train,10
11418,sc4_10_img044.jpg,sc4_10,sc,train,10
11419,sc4_10_img045.jpg,sc4_10,sc,train,10
11420,sc4_10_img046.jpg,sc4_10,sc,train,10
11421,sc4_10_img047.jpg,sc4_10,sc,train,10
11422,sc4_10_img048.jpg,sc4_10,sc,train,10
11423,sc4_10_img049.jpg,sc4_10,sc,train,10
11424,sc4_10_img050.jpg,sc4_10,sc,train,10
11425,sc4_10_img051.jpg,sc4_10,sc,train,10
11426,sc4_10_img052.jpg,sc4_10,sc,train,10
11427,sc4_10_img053.jpg,sc4_10,sc,train,10
11428,sc4_10_img054.jpg,sc4_10,sc,train,10
11429,sc4_10_img055.jpg,sc4_10,sc,train,10
11430,sc4_10_img056.jpg,sc4_10,sc,train,10
11431,sc4_10_img057.jpg,sc4_10,sc,train,10
11432,sc4_10_img058.jpg,sc4_10,sc,train,10
11433,sc4_10_img059.jpg,sc4_10,sc,train,10
11434,sc4_10_img060.jpg,sc4_10,sc,train,10
11435,sc4_10_img061.jpg,sc4_10,sc,train,10
11436,sc4_10_img062.jpg,sc4_10,sc,train,10
11437,sc4_10_img063.jpg,sc4_10,sc,train,10
11438,sc4_10_img064.jpg,sc4_10,sc,train,10
11439,sc4_10_img065.jpg,sc4_10,sc,train,10
11440,sc4_10_img066.jpg,sc4_10,sc,train,10
11441,sc4_10_img067.jpg,sc4_10,sc,train,10
11442,sc4_10_img068.jpg,sc4_10,sc,train,10
11443,sc4_10_img069.jpg,sc4_10,sc,train,10
11444,sc4_10_img070.jpg,sc4_10,sc,train,10
11445,sc4_10_img071.jpg,sc4_10,sc,train,10
11446,sc4_10_img072.jpg,sc4_10,sc,train,10
11447,sc4_10_img073.jpg,sc4_10,sc,train,10
11448,sc4_10_img074.jpg,sc4_10,sc,train,10
11449,sc4_10_img075.jpg,sc4_10,sc,train,10
11450,sc4_10_img076.jpg,sc4_10,sc,train,10
11451,sc4_10_img077.jpg,sc4_10,sc,train,10
11452,sc4_10_img078.jpg,sc4_10,sc,train,10
11453,sc4_10_img079.jpg,sc4_10,sc,train,10
11454,sc4_10_img080.jpg,sc4_10,sc,train,10
11455,sc4_10_img081.jpg,sc4_10,sc,train,10
11456,sc4_10_img082.jpg,sc4_10,sc,train,10
11457,sc4_10_img083.jpg,sc4_10,sc,train,10
11458,sc4_10_img084.jpg,sc4_10,sc,train,10
11459,sc4_10_img085.jpg,sc4_10,sc,train,10
11460,sc4_10_img086.jpg,sc4_10,sc,train,10
11461,sc4_10_img087.jpg,sc4_10,sc,train,10
11462,sc4_10_img088.jpg,sc4_10,sc,train,10
11463,sc4_10_img089.jpg,sc4_10,sc,train,10
11464,sc4_10_img090.jpg,sc4_10,sc,train,10
11465,sc4_10_img091.jpg,sc4_10,sc,train,10
11466,sc4_10_img092.jpg,sc4_10,sc,train,10
11467,sc4_10_img093.jpg,sc4_10,sc,train,10
11468,sc4_10_img094.jpg,sc4_10,sc,train,10
11469,sc4_10_img095.jpg,sc4_10,sc,train,10
11470,sc4_11_img001.jpg,sc4_11,sc,train,10
11471,sc4_11_img002.jpg,sc4_11,sc,train,10
11472,sc4_11_img003.jpg,sc4_11,sc,train,10
11473,sc4_11_img004.jpg,sc4_11,sc,train,10
11474,sc4_11_img005.jpg,sc4_11,sc,train,10
11475,sc4_11_img006.jpg,sc4_11,sc,train,10
11476,sc4_11_img007.jpg,sc4_11,sc,train,10
11477,sc4_11_img008.jpg,sc4_11,sc,train,10
11478,sc4_11_img009.jpg,sc4_11,sc,train,10
11479,sc4_11_img010.jpg,sc4_11,sc,train,10
11480,sc4_11_img011.jpg,sc4_11,sc,train,10
11481,sc4_11_img012.jpg,sc4_11,sc,train,10
11482,sc4_11_img013.jpg,sc4_11,sc,train,10
11483,sc4_11_img014.jpg,sc4_11,sc,train,10
11484,sc4_11_img015.jpg,sc4_11,sc,train,10
11485,sc4_11_img016.jpg,sc4_11,sc,train,10
11486,sc4_11_img017.jpg,sc4_11,sc,train,10
11487,sc4_11_img018.jpg,sc4_11,sc,train,10
11488,sc4_11_img019.jpg,sc4_11,sc,train,10
11489,sc4_11_img020.jpg,sc4_11,sc,train,10
11490,sc4_11_img021.jpg,sc4_11,sc,train,10
11491,sc4_11_img022.jpg,sc4_11,sc,train,10
11492,sc4_11_img023.jpg,sc4_11,sc,train,10
11493,sc4_11_img024.jpg,sc4_11,sc,train,10
11494,sc4_11_img025.jpg,sc4_11,sc,train,10
11495,sc4_11_img026.jpg,sc4_11,sc,train,10
11496,sc4_11_img027.jpg,sc4_11,sc,train,10
11497,sc4_11_img028.jpg,sc4_11,sc,train,10
11498,sc4_11_img029.jpg,sc4_11,sc,train,10
11499,sc4_11_img030.jpg,sc4_11,sc,train,10
11500,sc4_11_img031.jpg,sc4_11,sc,train,10
11501,sc4_11_img032.jpg,sc4_11,sc,train,10
11502,sc4_11_img033.jpg,sc4_11,sc,train,10
11503,sc4_11_img034.jpg,sc4_11,sc,train,10
11504,sc4_11_img035.jpg,sc4_11,sc,train,10
11505,sc4_11_img036.jpg,sc4_11,sc,train,10
11506,sc4_11_img037.jpg,sc4_11,sc,train,10
11507,sc4_11_img038.jpg,sc4_11,sc,train,10
11508,sc4_11_img039.jpg,sc4_11,sc,train,10
11509,sc4_11_img040.jpg,sc4_11,sc,train,10
11510,sc4_11_img041.jpg,sc4_11,sc,train,10
11511,sc4_11_img042.jpg,sc4_11,sc,train,10
11512,sc4_11_img043.jpg,sc4_11,sc,train,10
11513,sc4_11_img044.jpg,sc4_11,sc,train,10
11514,sc4_11_img045.jpg,sc4_11,sc,train,10
11515,sc4_11_img046.jpg,sc4_11,sc,train,10
11516,sc4_11_img047.jpg,sc4_11,sc,train,10
11517,sc4_11_img048.jpg,sc4_11,sc,train,10
11518,sc4_11_img049.jpg,sc4_11,sc,train,10
11519,sc4_11_img050.jpg,sc4_11,sc,train,10
11520,sc4_11_img051.jpg,sc4_11,sc,train,10
11521,sc4_11_img052.jpg,sc4_11,sc,train,10
11522,sc4_11_img053.jpg,sc4_11,sc,train,10
11523,sc4_11_img054.jpg,sc4_11,sc,train,10
11524,sc4_11_img055.jpg,sc4_11,sc,train,10
11525,sc4_11_img056.jpg,sc4_11,sc,train,10
11526,sc4_11_img057.jpg,sc4_11,sc,train,10
11527,sc4_11_img058.jpg,sc4_11,sc,train,10
11528,sc4_11_img059.jpg,sc4_11,sc,train,10
11529,sc4_11_img060.jpg,sc4_11,sc,train,10
11530,sc4_11_img061.jpg,sc4_11,sc,train,10
11531,sc4_11_img062.jpg,sc4_11,sc,train,10
11532,sc4_11_img063.jpg,sc4_11,sc,train,10
11533,sc4_11_img064.jpg,sc4_11,sc,train,10
11534,sc4_11_img065.jpg,sc4_11,sc,train,10
11535,sc4_11_img066.jpg,sc4_11,sc,train,10
11536,sc4_11_img067.jpg,sc4_11,sc,train,10
11537,sc4_11_img068.jpg,sc4_11,sc,train,10
11538,sc4_11_img069.jpg,sc4_11,sc,train,10
11539,sc4_11_img070.jpg,sc4_11,sc,train,10
11540,sc4_11_img071.jpg,sc4_11,sc,train,10
11541,sc4_11_img072.jpg,sc4_11,sc,train,10
11542,sc4_11_img073.jpg,sc4_11,sc,train,10
11543,sc4_11_img074.jpg,sc4_11,sc,train,10
11544,sc4_11_img075.jpg,sc4_11,sc,train,10
11545,sc4_11_img076.jpg,sc4_11,sc,train,10
11546,sc4_11_img077.jpg,sc4_11,sc,train,10
11547,sc4_11_img078.jpg,sc4_11,sc,train,10
11548,sc4_11_img079.jpg,sc4_11,sc,train,10
11549,sc4_11_img080.jpg,sc4_11,sc,train,10
11550,sc4_11_img081.jpg,sc4_11,sc,train,10
11551,sc4_11_img082.jpg,sc4_11,sc,train,10
11552,sc4_11_img083.jpg,sc4_11,sc,train,10
11553,sc4_11_img084.jpg,sc4_11,sc,train,10
11554,sc4_11_img085.jpg,sc4_11,sc,train,10
11555,sc4_11_img086.jpg,sc4_11,sc,train,10
11556,sc4_11_img087.jpg,sc4_11,sc,train,10
11557,sc4_11_img088.jpg,sc4_11,sc,train,10
11558,sc4_11_img089.jpg,sc4_11,sc,train,10
11559,sc4_11_img090.jpg,sc4_11,sc,train,10
11560,sc4_11_img091.jpg,sc4_11,sc,train,10
11561,sc4_11_img092.jpg,sc4_11,sc,train,10
11562,sc4_11_img093.jpg,sc4_11,sc,train,10
11563,sc4_11_img094.jpg,sc4_11,sc,train,10
11564,sc4_11_img095.jpg,sc4_11,sc,train,10
11565,sc4_12_img001.jpg,sc4_12,sc,train,10
11566,sc4_12_img002.jpg,sc4_12,sc,train,10
11567,sc4_12_img003.jpg,sc4_12,sc,train,10
11568,sc4_12_img004.jpg,sc4_12,sc,train,10
11569,sc4_12_img005.jpg,sc4_12,sc,train,10
11570,sc4_12_img006.jpg,sc4_12,sc,train,10
11571,sc4_12_img007.jpg,sc4_12,sc,train,10
11572,sc4_12_img008.jpg,sc4_12,sc,train,10
11573,sc4_12_img009.jpg,sc4_12,sc,train,10
11574,sc4_12_img010.jpg,sc4_12,sc,train,10
11575,sc4_12_img011.jpg,sc4_12,sc,train,10
11576,sc4_12_img012.jpg,sc4_12,sc,train,10
11577,sc4_12_img013.jpg,sc4_12,sc,train,10
11578,sc4_12_img014.jpg,sc4_12,sc,train,10
11579,sc4_12_img015.jpg,sc4_12,sc,train,10
11580,sc4_12_img016.jpg,sc4_12,sc,train,10
11581,sc4_12_img017.jpg,sc4_12,sc,train,10
11582,sc4_12_img018.jpg,sc4_12,sc,train,10
11583,sc4_12_img019.jpg,sc4_12,sc,train,10
11584,sc4_12_img020.jpg,sc4_12,sc,train,10
11585,sc4_12_img021.jpg,sc4_12,sc,train,10
11586,sc4_12_img022.jpg,sc4_12,sc,train,10
11587,sc4_12_img023.jpg,sc4_12,sc,train,10
11588,sc4_12_img024.jpg,sc4_12,sc,train,10
11589,sc4_12_img025.jpg,sc4_12,sc,train,10
11590,sc4_12_img026.jpg,sc4_12,sc,train,10
11591,sc4_12_img027.jpg,sc4_12,sc,train,10
11592,sc4_12_img028.jpg,sc4_12,sc,train,10
11593,sc4_12_img029.jpg,sc4_12,sc,train,10
11594,sc4_12_img030.jpg,sc4_12,sc,train,10
11595,sc4_12_img031.jpg,sc4_12,sc,train,10
11596,sc4_12_img032.jpg,sc4_12,sc,train,10
11597,sc4_12_img033.jpg,sc4_12,sc,train,10
11598,sc4_12_img034.jpg,sc4_12,sc,train,10
11599,sc4_12_img035.jpg,sc4_12,sc,train,10
11600,sc4_12_img036.jpg,sc4_12,sc,train,10
11601,sc4_12_img037.jpg,sc4_12,sc,train,10
11602,sc4_12_img038.jpg,sc4_12,sc,train,10
11603,sc4_12_img039.jpg,sc4_12,sc,train,10
11604,sc4_12_img040.jpg,sc4_12,sc,train,10
11605,sc4_12_img041.jpg,sc4_12,sc,train,10
11606,sc4_12_img042.jpg,sc4_12,sc,train,10
11607,sc4_12_img043.jpg,sc4_12,sc,train,10
11608,sc4_12_img044.jpg,sc4_12,sc,train,10
11609,sc4_12_img045.jpg,sc4_12,sc,train,10
11610,sc4_12_img046.jpg,sc4_12,sc,train,10
11611,sc4_12_img047.jpg,sc4_12,sc,train,10
11612,sc4_12_img048.jpg,sc4_12,sc,train,10
11613,sc4_12_img049.jpg,sc4_12,sc,train,10
11614,sc4_12_img050.jpg,sc4_12,sc,train,10
11615,sc4_12_img051.jpg,sc4_12,sc,train,10
11616,sc4_12_img052.jpg,sc4_12,sc,train,10
11617,sc4_12_img053.jpg,sc4_12,sc,train,10
11618,sc4_12_img054.jpg,sc4_12,sc,train,10
11619,sc4_12_img055.jpg,sc4_12,sc,train,10
11620,sc4_12_img056.jpg,sc4_12,sc,train,10
11621,sc4_12_img057.jpg,sc4_12,sc,train,10
11622,sc4_12_img058.jpg,sc4_12,sc,train,10
11623,sc4_12_img059.jpg,sc4_12,sc,train,10
11624,sc4_12_img060.jpg,sc4_12,sc,train,10
11625,sc4_12_img061.jpg,sc4_12,sc,train,10
11626,sc4_12_img062.jpg,sc4_12,sc,train,10
11627,sc4_12_img063.jpg,sc4_12,sc,train,10
11628,sc4_12_img064.jpg,sc4_12,sc,train,10
11629,sc4_12_img065.jpg,sc4_12,sc,train,10
11630,sc4_12_img066.jpg,sc4_12,sc,train,10
11631,sc4_12_img067.jpg,sc4_12,sc,train,10
11632,sc4_12_img068.jpg,sc4_12,sc,train,10
11633,sc4_12_img069.jpg,sc4_12,sc,train,10
11634,sc4_12_img070.jpg,sc4_12,sc,train,10
11635,sc4_12_img071.jpg,sc4_12,sc,train,10
11636,sc4_12_img072.jpg,sc4_12,sc,train,10
11637,sc4_12_img073.jpg,sc4_12,sc,train,10
11638,sc4_12_img074.jpg,sc4_12,sc,train,10
11639,sc4_12_img075.jpg,sc4_12,sc,train,10
11640,sc4_12_img076.jpg,sc4_12,sc,train,10
11641,sc4_12_img077.jpg,sc4_12,sc,train,10
11642,sc4_12_img078.jpg,sc4_12,sc,train,10
11643,sc4_12_img079.jpg,sc4_12,sc,train,10
11644,sc4_12_img080.jpg,sc4_12,sc,train,10
11645,sc4_12_img081.jpg,sc4_12,sc,train,10
11646,sc4_12_img082.jpg,sc4_12,sc,train,10
11647,sc4_12_img083.jpg,sc4_12,sc,train,10
11648,sc4_12_img084.jpg,sc4_12,sc,train,10
11649,sc4_12_img085.jpg,sc4_12,sc,train,10
11650,sc4_12_img086.jpg,sc4_12,sc,train,10
11651,sc4_12_img087.jpg,sc4_12,sc,train,10
11652,sc4_12_img088.jpg,sc4_12,sc,train,10
11653,sc4_12_img089.jpg,sc4_12,sc,train,10
11654,sc4_12_img090.jpg,sc4_12,sc,train,10
11655,sc4_12_img091.jpg,sc4_12,sc,train,10
11656,sc4_12_img092.jpg,sc4_12,sc,train,10
11657,sc4_12_img093.jpg,sc4_12,sc,train,10
11658,sc4_12_img094.jpg,sc4_12,sc,train,10
11659,sc4_12_img095.jpg,sc4_12,sc,train,10
11660,sc4_1_img001.jpg,sc4_1,sc,train,10
11661,sc4_1_img002.jpg,sc4_1,sc,train,10
11662,sc4_1_img003.jpg,sc4_1,sc,train,10
11663,sc4_1_img004.jpg,sc4_1,sc,train,10
11664,sc4_1_img005.jpg,sc4_1,sc,train,10
11665,sc4_1_img006.jpg,sc4_1,sc,train,10
11666,sc4_1_img007.jpg,sc4_1,sc,train,10
11667,sc4_1_img008.jpg,sc4_1,sc,train,10
11668,sc4_1_img009.jpg,sc4_1,sc,train,10
11669,sc4_1_img010.jpg,sc4_1,sc,train,10
11670,sc4_1_img011.jpg,sc4_1,sc,train,10
11671,sc4_1_img012.jpg,sc4_1,sc,train,10
11672,sc4_1_img013.jpg,sc4_1,sc,train,10
11673,sc4_1_img014.jpg,sc4_1,sc,train,10
11674,sc4_1_img015.jpg,sc4_1,sc,train,10
11675,sc4_1_img016.jpg,sc4_1,sc,train,10
11676,sc4_1_img017.jpg,sc4_1,sc,train,10
11677,sc4_1_img018.jpg,sc4_1,sc,train,10
11678,sc4_1_img019.jpg,sc4_1,sc,train,10
11679,sc4_1_img020.jpg,sc4_1,sc,train,10
11680,sc4_1_img021.jpg,sc4_1,sc,train,10
11681,sc4_1_img022.jpg,sc4_1,sc,train,10
11682,sc4_1_img023.jpg,sc4_1,sc,train,10
11683,sc4_1_img024.jpg,sc4_1,sc,train,10
11684,sc4_1_img025.jpg,sc4_1,sc,train,10
11685,sc4_1_img026.jpg,sc4_1,sc,train,10
11686,sc4_1_img027.jpg,sc4_1,sc,train,10
11687,sc4_1_img028.jpg,sc4_1,sc,train,10
11688,sc4_1_img029.jpg,sc4_1,sc,train,10
11689,sc4_1_img030.jpg,sc4_1,sc,train,10
11690,sc4_1_img031.jpg,sc4_1,sc,train,10
11691,sc4_1_img032.jpg,sc4_1,sc,train,10
11692,sc4_1_img033.jpg,sc4_1,sc,train,10
11693,sc4_1_img034.jpg,sc4_1,sc,train,10
11694,sc4_1_img035.jpg,sc4_1,sc,train,10
11695,sc4_1_img036.jpg,sc4_1,sc,train,10
11696,sc4_1_img037.jpg,sc4_1,sc,train,10
11697,sc4_1_img038.jpg,sc4_1,sc,train,10
11698,sc4_1_img039.jpg,sc4_1,sc,train,10
11699,sc4_1_img040.jpg,sc4_1,sc,train,10
11700,sc4_1_img041.jpg,sc4_1,sc,train,10
11701,sc4_1_img042.jpg,sc4_1,sc,train,10
11702,sc4_1_img043.jpg,sc4_1,sc,train,10
11703,sc4_1_img044.jpg,sc4_1,sc,train,10
11704,sc4_1_img045.jpg,sc4_1,sc,train,10
11705,sc4_1_img046.jpg,sc4_1,sc,train,10
11706,sc4_1_img047.jpg,sc4_1,sc,train,10
11707,sc4_1_img048.jpg,sc4_1,sc,train,10
11708,sc4_1_img049.jpg,sc4_1,sc,train,10
11709,sc4_1_img050.jpg,sc4_1,sc,train,10
11710,sc4_1_img051.jpg,sc4_1,sc,train,10
11711,sc4_1_img052.jpg,sc4_1,sc,train,10
11712,sc4_1_img053.jpg,sc4_1,sc,train,10
11713,sc4_1_img054.jpg,sc4_1,sc,train,10
11714,sc4_1_img055.jpg,sc4_1,sc,train,10
11715,sc4_1_img056.jpg,sc4_1,sc,train,10
11716,sc4_1_img057.jpg,sc4_1,sc,train,10
11717,sc4_1_img058.jpg,sc4_1,sc,train,10
11718,sc4_1_img059.jpg,sc4_1,sc,train,10
11719,sc4_1_img060.jpg,sc4_1,sc,train,10
11720,sc4_1_img061.jpg,sc4_1,sc,train,10
11721,sc4_1_img062.jpg,sc4_1,sc,train,10
11722,sc4_1_img063.jpg,sc4_1,sc,train,10
11723,sc4_1_img064.jpg,sc4_1,sc,train,10
11724,sc4_1_img065.jpg,sc4_1,sc,train,10
11725,sc4_1_img066.jpg,sc4_1,sc,train,10
11726,sc4_1_img067.jpg,sc4_1,sc,train,10
11727,sc4_1_img068.jpg,sc4_1,sc,train,10
11728,sc4_1_img069.jpg,sc4_1,sc,train,10
11729,sc4_1_img070.jpg,sc4_1,sc,train,10
11730,sc4_1_img071.jpg,sc4_1,sc,train,10
11731,sc4_1_img072.jpg,sc4_1,sc,train,10
11732,sc4_1_img073.jpg,sc4_1,sc,train,10
11733,sc4_1_img074.jpg,sc4_1,sc,train,10
11734,sc4_1_img075.jpg,sc4_1,sc,train,10
11735,sc4_1_img076.jpg,sc4_1,sc,train,10
11736,sc4_1_img077.jpg,sc4_1,sc,train,10
11737,sc4_1_img078.jpg,sc4_1,sc,train,10
11738,sc4_1_img079.jpg,sc4_1,sc,train,10
11739,sc4_1_img080.jpg,sc4_1,sc,train,10
11740,sc4_1_img081.jpg,sc4_1,sc,train,10
11741,sc4_1_img082.jpg,sc4_1,sc,train,10
11742,sc4_1_img083.jpg,sc4_1,sc,train,10
11743,sc4_1_img084.jpg,sc4_1,sc,train,10
11744,sc4_1_img085.jpg,sc4_1,sc,train,10
11745,sc4_1_img086.jpg,sc4_1,sc,train,10
11746,sc4_1_img087.jpg,sc4_1,sc,train,10
11747,sc4_1_img088.jpg,sc4_1,sc,train,10
11748,sc4_1_img089.jpg,sc4_1,sc,train,10
11749,sc4_1_img090.jpg,sc4_1,sc,train,10
11750,sc4_1_img091.jpg,sc4_1,sc,train,10
11751,sc4_1_img092.jpg,sc4_1,sc,train,10
11752,sc4_1_img093.jpg,sc4_1,sc,train,10
11753,sc4_1_img094.jpg,sc4_1,sc,train,10
11754,sc4_1_img095.jpg,sc4_1,sc,train,10
11755,sc4_2_img001.jpg,sc4_2,sc,val,10
11756,sc4_2_img002.jpg,sc4_2,sc,val,10
11757,sc4_2_img003.jpg,sc4_2,sc,val,10
11758,sc4_2_img004.jpg,sc4_2,sc,val,10
11759,sc4_2_img005.jpg,sc4_2,sc,val,10
11760,sc4_2_img006.jpg,sc4_2,sc,val,10
11761,sc4_2_img007.jpg,sc4_2,sc,val,10
11762,sc4_2_img008.jpg,sc4_2,sc,val,10
11763,sc4_2_img009.jpg,sc4_2,sc,val,10
11764,sc4_2_img010.jpg,sc4_2,sc,val,10
11765,sc4_2_img011.jpg,sc4_2,sc,val,10
11766,sc4_2_img012.jpg,sc4_2,sc,val,10
11767,sc4_2_img013.jpg,sc4_2,sc,val,10
11768,sc4_2_img014.jpg,sc4_2,sc,val,10
11769,sc4_2_img015.jpg,sc4_2,sc,val,10
11770,sc4_2_img016.jpg,sc4_2,sc,val,10
11771,sc4_2_img017.jpg,sc4_2,sc,val,10
11772,sc4_2_img018.jpg,sc4_2,sc,val,10
11773,sc4_2_img019.jpg,sc4_2,sc,val,10
11774,sc4_2_img020.jpg,sc4_2,sc,val,10
11775,sc4_2_img021.jpg,sc4_2,sc,val,10
11776,sc4_2_img022.jpg,sc4_2,sc,val,10
11777,sc4_2_img023.jpg,sc4_2,sc,val,10
11778,sc4_2_img024.jpg,sc4_2,sc,val,10
11779,sc4_2_img025.jpg,sc4_2,sc,val,10
11780,sc4_2_img026.jpg,sc4_2,sc,val,10
11781,sc4_2_img027.jpg,sc4_2,sc,val,10
11782,sc4_2_img028.jpg,sc4_2,sc,val,10
11783,sc4_2_img029.jpg,sc4_2,sc,val,10
11784,sc4_2_img030.jpg,sc4_2,sc,val,10
11785,sc4_2_img031.jpg,sc4_2,sc,val,10
11786,sc4_2_img032.jpg,sc4_2,sc,val,10
11787,sc4_2_img033.jpg,sc4_2,sc,val,10
11788,sc4_2_img034.jpg,sc4_2,sc,val,10
11789,sc4_2_img035.jpg,sc4_2,sc,val,10
11790,sc4_2_img036.jpg,sc4_2,sc,val,10
11791,sc4_2_img037.jpg,sc4_2,sc,val,10
11792,sc4_2_img038.jpg,sc4_2,sc,val,10
11793,sc4_2_img039.jpg,sc4_2,sc,val,10
11794,sc4_2_img040.jpg,sc4_2,sc,val,10
11795,sc4_2_img041.jpg,sc4_2,sc,val,10
11796,sc4_2_img042.jpg,sc4_2,sc,val,10
11797,sc4_2_img043.jpg,sc4_2,sc,val,10
11798,sc4_2_img044.jpg,sc4_2,sc,val,10
11799,sc4_2_img045.jpg,sc4_2,sc,val,10
11800,sc4_2_img046.jpg,sc4_2,sc,val,10
11801,sc4_2_img047.jpg,sc4_2,sc,val,10
11802,sc4_2_img048.jpg,sc4_2,sc,val,10
11803,sc4_2_img049.jpg,sc4_2,sc,val,10
11804,sc4_2_img050.jpg,sc4_2,sc,val,10
11805,sc4_2_img051.jpg,sc4_2,sc,val,10
11806,sc4_2_img052.jpg,sc4_2,sc,val,10
11807,sc4_2_img053.jpg,sc4_2,sc,val,10
11808,sc4_2_img054.jpg,sc4_2,sc,val,10
11809,sc4_2_img055.jpg,sc4_2,sc,val,10
11810,sc4_2_img056.jpg,sc4_2,sc,val,10
11811,sc4_2_img057.jpg,sc4_2,sc,val,10
11812,sc4_2_img058.jpg,sc4_2,sc,val,10
11813,sc4_2_img059.jpg,sc4_2,sc,val,10
11814,sc4_2_img060.jpg,sc4_2,sc,val,10
11815,sc4_2_img061.jpg,sc4_2,sc,val,10
11816,sc4_2_img062.jpg,sc4_2,sc,val,10
11817,sc4_2_img063.jpg,sc4_2,sc,val,10
11818,sc4_2_img064.jpg,sc4_2,sc,val,10
11819,sc4_2_img065.jpg,sc4_2,sc,val,10
11820,sc4_2_img066.jpg,sc4_2,sc,val,10
11821,sc4_2_img067.jpg,sc4_2,sc,val,10
11822,sc4_2_img068.jpg,sc4_2,sc,val,10
11823,sc4_2_img069.jpg,sc4_2,sc,val,10
11824,sc4_2_img070.jpg,sc4_2,sc,val,10
11825,sc4_2_img071.jpg,sc4_2,sc,val,10
11826,sc4_2_img072.jpg,sc4_2,sc,val,10
11827,sc4_2_img073.jpg,sc4_2,sc,val,10
11828,sc4_2_img074.jpg,sc4_2,sc,val,10
11829,sc4_2_img075.jpg,sc4_2,sc,val,10
11830,sc4_2_img076.jpg,sc4_2,sc,val,10
11831,sc4_2_img077.jpg,sc4_2,sc,val,10
11832,sc4_2_img078.jpg,sc4_2,sc,val,10
11833,sc4_2_img079.jpg,sc4_2,sc,val,10
11834,sc4_2_img080.jpg,sc4_2,sc,val,10
11835,sc4_2_img081.jpg,sc4_2,sc,val,10
11836,sc4_2_img082.jpg,sc4_2,sc,val,10
11837,sc4_2_img083.jpg,sc4_2,sc,val,10
11838,sc4_2_img084.jpg,sc4_2,sc,val,10
11839,sc4_2_img085.jpg,sc4_2,sc,val,10
11840,sc4_2_img086.jpg,sc4_2,sc,val,10
11841,sc4_2_img087.jpg,sc4_2,sc,val,10
11842,sc4_2_img088.jpg,sc4_2,sc,val,10
11843,sc4_2_img089.jpg,sc4_2,sc,val,10
11844,sc4_2_img090.jpg,sc4_2,sc,val,10
11845,sc4_2_img091.jpg,sc4_2,sc,val,10
11846,sc4_2_img092.jpg,sc4_2,sc,val,10
11847,sc4_2_img093.jpg,sc4_2,sc,val,10
11848,sc4_2_img094.jpg,sc4_2,sc,val,10
11849,sc4_2_img095.jpg,sc4_2,sc,val,10
11850,sc4_3_img001.jpg,sc4_3,sc,val,10
11851,sc4_3_img002.jpg,sc4_3,sc,val,10
11852,sc4_3_img003.jpg,sc4_3,sc,val,10
11853,sc4_3_img004.jpg,sc4_3,sc,val,10
11854,sc4_3_img005.jpg,sc4_3,sc,val,10
11855,sc4_3_img006.jpg,sc4_3,sc,val,10
11856,sc4_3_img007.jpg,sc4_3,sc,val,10
11857,sc4_3_img008.jpg,sc4_3,sc,val,10
11858,sc4_3_img009.jpg,sc4_3,sc,val,10
11859,sc4_3_img010.jpg,sc4_3,sc,val,10
11860,sc4_3_img011.jpg,sc4_3,sc,val,10
11861,sc4_3_img012.jpg,sc4_3,sc,val,10
11862,sc4_3_img013.jpg,sc4_3,sc,val,10
11863,sc4_3_img014.jpg,sc4_3,sc,val,10
11864,sc4_3_img015.jpg,sc4_3,sc,val,10
11865,sc4_3_img016.jpg,sc4_3,sc,val,10
11866,sc4_3_img017.jpg,sc4_3,sc,val,10
11867,sc4_3_img018.jpg,sc4_3,sc,val,10
11868,sc4_3_img019.jpg,sc4_3,sc,val,10
11869,sc4_3_img020.jpg,sc4_3,sc,val,10
11870,sc4_3_img021.jpg,sc4_3,sc,val,10
11871,sc4_3_img022.jpg,sc4_3,sc,val,10
11872,sc4_3_img023.jpg,sc4_3,sc,val,10
11873,sc4_3_img024.jpg,sc4_3,sc,val,10
11874,sc4_3_img025.jpg,sc4_3,sc,val,10
11875,sc4_3_img026.jpg,sc4_3,sc,val,10
11876,sc4_3_img027.jpg,sc4_3,sc,val,10
11877,sc4_3_img028.jpg,sc4_3,sc,val,10
11878,sc4_3_img029.jpg,sc4_3,sc,val,10
11879,sc4_3_img030.jpg,sc4_3,sc,val,10
11880,sc4_3_img031.jpg,sc4_3,sc,val,10
11881,sc4_3_img032.jpg,sc4_3,sc,val,10
11882,sc4_3_img033.jpg,sc4_3,sc,val,10
11883,sc4_3_img034.jpg,sc4_3,sc,val,10
11884,sc4_3_img035.jpg,sc4_3,sc,val,10
11885,sc4_3_img036.jpg,sc4_3,sc,val,10
11886,sc4_3_img037.jpg,sc4_3,sc,val,10
11887,sc4_3_img038.jpg,sc4_3,sc,val,10
11888,sc4_3_img039.jpg,sc4_3,sc,val,10
11889,sc4_3_img040.jpg,sc4_3,sc,val,10
11890,sc4_3_img041.jpg,sc4_3,sc,val,10
11891,sc4_3_img042.jpg,sc4_3,sc,val,10
11892,sc4_3_img043.jpg,sc4_3,sc,val,10
11893,sc4_3_img044.jpg,sc4_3,sc,val,10
11894,sc4_3_img045.jpg,sc4_3,sc,val,10
11895,sc4_3_img046.jpg,sc4_3,sc,val,10
11896,sc4_3_img047.jpg,sc4_3,sc,val,10
11897,sc4_3_img048.jpg,sc4_3,sc,val,10
11898,sc4_3_img049.jpg,sc4_3,sc,val,10
11899,sc4_3_img050.jpg,sc4_3,sc,val,10
11900,sc4_3_img051.jpg,sc4_3,sc,val,10
11901,sc4_3_img052.jpg,sc4_3,sc,val,10
11902,sc4_3_img053.jpg,sc4_3,sc,val,10
11903,sc4_3_img054.jpg,sc4_3,sc,val,10
11904,sc4_3_img055.jpg,sc4_3,sc,val,10
11905,sc4_3_img056.jpg,sc4_3,sc,val,10
11906,sc4_3_img057.jpg,sc4_3,sc,val,10
11907,sc4_3_img058.jpg,sc4_3,sc,val,10
11908,sc4_3_img059.jpg,sc4_3,sc,val,10
11909,sc4_3_img060.jpg,sc4_3,sc,val,10
11910,sc4_3_img061.jpg,sc4_3,sc,val,10
11911,sc4_3_img062.jpg,sc4_3,sc,val,10
11912,sc4_3_img063.jpg,sc4_3,sc,val,10
11913,sc4_3_img064.jpg,sc4_3,sc,val,10
11914,sc4_3_img065.jpg,sc4_3,sc,val,10
11915,sc4_3_img066.jpg,sc4_3,sc,val,10
11916,sc4_3_img067.jpg,sc4_3,sc,val,10
11917,sc4_3_img068.jpg,sc4_3,sc,val,10
11918,sc4_3_img069.jpg,sc4_3,sc,val,10
11919,sc4_3_img070.jpg,sc4_3,sc,val,10
11920,sc4_3_img071.jpg,sc4_3,sc,val,10
11921,sc4_3_img072.jpg,sc4_3,sc,val,10
11922,sc4_3_img073.jpg,sc4_3,sc,val,10
11923,sc4_3_img074.jpg,sc4_3,sc,val,10
11924,sc4_3_img075.jpg,sc4_3,sc,val,10
11925,sc4_3_img076.jpg,sc4_3,sc,val,10
11926,sc4_3_img077.jpg,sc4_3,sc,val,10
11927,sc4_3_img078.jpg,sc4_3,sc,val,10
11928,sc4_3_img079.jpg,sc4_3,sc,val,10
11929,sc4_3_img080.jpg,sc4_3,sc,val,10
11930,sc4_3_img081.jpg,sc4_3,sc,val,10
11931,sc4_3_img082.jpg,sc4_3,sc,val,10
11932,sc4_3_img083.jpg,sc4_3,sc,val,10
11933,sc4_3_img084.jpg,sc4_3,sc,val,10
11934,sc4_3_img085.jpg,sc4_3,sc,val,10
11935,sc4_3_img086.jpg,sc4_3,sc,val,10
11936,sc4_3_img087.jpg,sc4_3,sc,val,10
11937,sc4_3_img088.jpg,sc4_3,sc,val,10
11938,sc4_3_img089.jpg,sc4_3,sc,val,10
11939,sc4_3_img090.jpg,sc4_3,sc,val,10
11940,sc4_3_img091.jpg,sc4_3,sc,val,10
11941,sc4_3_img092.jpg,sc4_3,sc,val,10
11942,sc4_3_img093.jpg,sc4_3,sc,val,10
11943,sc4_3_img094.jpg,sc4_3,sc,val,10
11944,sc4_3_img095.jpg,sc4_3,sc,val,10
11945,sc4_4_img001.jpg,sc4_4,sc,train,10
11946,sc4_4_img002.jpg,sc4_4,sc,train,10
11947,sc4_4_img003.jpg,sc4_4,sc,train,10
11948,sc4_4_img004.jpg,sc4_4,sc,train,10
11949,sc4_4_img005.jpg,sc4_4,sc,train,10
11950,sc4_4_img006.jpg,sc4_4,sc,train,10
11951,sc4_4_img007.jpg,sc4_4,sc,train,10
11952,sc4_4_img008.jpg,sc4_4,sc,train,10
11953,sc4_4_img009.jpg,sc4_4,sc,train,10
11954,sc4_4_img010.jpg,sc4_4,sc,train,10
11955,sc4_4_img011.jpg,sc4_4,sc,train,10
11956,sc4_4_img012.jpg,sc4_4,sc,train,10
11957,sc4_4_img013.jpg,sc4_4,sc,train,10
11958,sc4_4_img014.jpg,sc4_4,sc,train,10
11959,sc4_4_img015.jpg,sc4_4,sc,train,10
11960,sc4_4_img016.jpg,sc4_4,sc,train,10
11961,sc4_4_img017.jpg,sc4_4,sc,train,10
11962,sc4_4_img018.jpg,sc4_4,sc,train,10
11963,sc4_4_img019.jpg,sc4_4,sc,train,10
11964,sc4_4_img020.jpg,sc4_4,sc,train,10
11965,sc4_4_img021.jpg,sc4_4,sc,train,10
11966,sc4_4_img022.jpg,sc4_4,sc,train,10
11967,sc4_4_img023.jpg,sc4_4,sc,train,10
11968,sc4_4_img024.jpg,sc4_4,sc,train,10
11969,sc4_4_img025.jpg,sc4_4,sc,train,10
11970,sc4_4_img026.jpg,sc4_4,sc,train,10
11971,sc4_4_img027.jpg,sc4_4,sc,train,10
11972,sc4_4_img028.jpg,sc4_4,sc,train,10
11973,sc4_4_img029.jpg,sc4_4,sc,train,10
11974,sc4_4_img030.jpg,sc4_4,sc,train,10
11975,sc4_4_img031.jpg,sc4_4,sc,train,10
11976,sc4_4_img032.jpg,sc4_4,sc,train,10
11977,sc4_4_img033.jpg,sc4_4,sc,train,10
11978,sc4_4_img034.jpg,sc4_4,sc,train,10
11979,sc4_4_img035.jpg,sc4_4,sc,train,10
11980,sc4_4_img036.jpg,sc4_4,sc,train,10
11981,sc4_4_img037.jpg,sc4_4,sc,train,10
11982,sc4_4_img038.jpg,sc4_4,sc,train,10
11983,sc4_4_img039.jpg,sc4_4,sc,train,10
11984,sc4_4_img040.jpg,sc4_4,sc,train,10
11985,sc4_4_img041.jpg,sc4_4,sc,train,10
11986,sc4_4_img042.jpg,sc4_4,sc,train,10
11987,sc4_4_img043.jpg,sc4_4,sc,train,10
11988,sc4_4_img044.jpg,sc4_4,sc,train,10
11989,sc4_4_img045.jpg,sc4_4,sc,train,10
11990,sc4_4_img046.jpg,sc4_4,sc,train,10
11991,sc4_4_img047.jpg,sc4_4,sc,train,10
11992,sc4_4_img048.jpg,sc4_4,sc,train,10
11993,sc4_4_img049.jpg,sc4_4,sc,train,10
11994,sc4_4_img050.jpg,sc4_4,sc,train,10
11995,sc4_4_img051.jpg,sc4_4,sc,train,10
11996,sc4_4_img052.jpg,sc4_4,sc,train,10
11997,sc4_4_img053.jpg,sc4_4,sc,train,10
11998,sc4_4_img054.jpg,sc4_4,sc,train,10
11999,sc4_4_img055.jpg,sc4_4,sc,train,10
12000,sc4_4_img056.jpg,sc4_4,sc,train,10
12001,sc4_4_img057.jpg,sc4_4,sc,train,10
12002,sc4_4_img058.jpg,sc4_4,sc,train,10
12003,sc4_4_img059.jpg,sc4_4,sc,train,10
12004,sc4_4_img060.jpg,sc4_4,sc,train,10
12005,sc4_4_img061.jpg,sc4_4,sc,train,10
12006,sc4_4_img062.jpg,sc4_4,sc,train,10
12007,sc4_4_img063.jpg,sc4_4,sc,train,10
12008,sc4_4_img064.jpg,sc4_4,sc,train,10
12009,sc4_4_img065.jpg,sc4_4,sc,train,10
12010,sc4_4_img066.jpg,sc4_4,sc,train,10
12011,sc4_4_img067.jpg,sc4_4,sc,train,10
12012,sc4_4_img068.jpg,sc4_4,sc,train,10
12013,sc4_4_img069.jpg,sc4_4,sc,train,10
12014,sc4_4_img070.jpg,sc4_4,sc,train,10
12015,sc4_4_img071.jpg,sc4_4,sc,train,10
12016,sc4_4_img072.jpg,sc4_4,sc,train,10
12017,sc4_4_img073.jpg,sc4_4,sc,train,10
12018,sc4_4_img074.jpg,sc4_4,sc,train,10
12019,sc4_4_img075.jpg,sc4_4,sc,train,10
12020,sc4_4_img076.jpg,sc4_4,sc,train,10
12021,sc4_4_img077.jpg,sc4_4,sc,train,10
12022,sc4_4_img078.jpg,sc4_4,sc,train,10
12023,sc4_4_img079.jpg,sc4_4,sc,train,10
12024,sc4_4_img080.jpg,sc4_4,sc,train,10
12025,sc4_4_img081.jpg,sc4_4,sc,train,10
12026,sc4_4_img082.jpg,sc4_4,sc,train,10
12027,sc4_4_img083.jpg,sc4_4,sc,train,10
12028,sc4_4_img084.jpg,sc4_4,sc,train,10
12029,sc4_4_img085.jpg,sc4_4,sc,train,10
12030,sc4_4_img086.jpg,sc4_4,sc,train,10
12031,sc4_4_img087.jpg,sc4_4,sc,train,10
12032,sc4_4_img088.jpg,sc4_4,sc,train,10
12033,sc4_4_img089.jpg,sc4_4,sc,train,10
12034,sc4_4_img090.jpg,sc4_4,sc,train,10
12035,sc4_4_img091.jpg,sc4_4,sc,train,10
12036,sc4_4_img092.jpg,sc4_4,sc,train,10
12037,sc4_4_img093.jpg,sc4_4,sc,train,10
12038,sc4_4_img094.jpg,sc4_4,sc,train,10
12039,sc4_4_img095.jpg,sc4_4,sc,train,10
12040,sc4_5_img001.jpg,sc4_5,sc,train,10
12041,sc4_5_img002.jpg,sc4_5,sc,train,10
12042,sc4_5_img003.jpg,sc4_5,sc,train,10
12043,sc4_5_img004.jpg,sc4_5,sc,train,10
12044,sc4_5_img005.jpg,sc4_5,sc,train,10
12045,sc4_5_img006.jpg,sc4_5,sc,train,10
12046,sc4_5_img007.jpg,sc4_5,sc,train,10
12047,sc4_5_img008.jpg,sc4_5,sc,train,10
12048,sc4_5_img009.jpg,sc4_5,sc,train,10
12049,sc4_5_img010.jpg,sc4_5,sc,train,10
12050,sc4_5_img011.jpg,sc4_5,sc,train,10
12051,sc4_5_img012.jpg,sc4_5,sc,train,10
12052,sc4_5_img013.jpg,sc4_5,sc,train,10
12053,sc4_5_img014.jpg,sc4_5,sc,train,10
12054,sc4_5_img015.jpg,sc4_5,sc,train,10
12055,sc4_5_img016.jpg,sc4_5,sc,train,10
12056,sc4_5_img017.jpg,sc4_5,sc,train,10
12057,sc4_5_img018.jpg,sc4_5,sc,train,10
12058,sc4_5_img019.jpg,sc4_5,sc,train,10
12059,sc4_5_img020.jpg,sc4_5,sc,train,10
12060,sc4_5_img021.jpg,sc4_5,sc,train,10
12061,sc4_5_img022.jpg,sc4_5,sc,train,10
12062,sc4_5_img023.jpg,sc4_5,sc,train,10
12063,sc4_5_img024.jpg,sc4_5,sc,train,10
12064,sc4_5_img025.jpg,sc4_5,sc,train,10
12065,sc4_5_img026.jpg,sc4_5,sc,train,10
12066,sc4_5_img027.jpg,sc4_5,sc,train,10
12067,sc4_5_img028.jpg,sc4_5,sc,train,10
12068,sc4_5_img029.jpg,sc4_5,sc,train,10
12069,sc4_5_img030.jpg,sc4_5,sc,train,10
12070,sc4_5_img031.jpg,sc4_5,sc,train,10
12071,sc4_5_img032.jpg,sc4_5,sc,train,10
12072,sc4_5_img033.jpg,sc4_5,sc,train,10
12073,sc4_5_img034.jpg,sc4_5,sc,train,10
12074,sc4_5_img035.jpg,sc4_5,sc,train,10
12075,sc4_5_img036.jpg,sc4_5,sc,train,10
12076,sc4_5_img037.jpg,sc4_5,sc,train,10
12077,sc4_5_img038.jpg,sc4_5,sc,train,10
12078,sc4_5_img039.jpg,sc4_5,sc,train,10
12079,sc4_5_img040.jpg,sc4_5,sc,train,10
12080,sc4_5_img041.jpg,sc4_5,sc,train,10
12081,sc4_5_img042.jpg,sc4_5,sc,train,10
12082,sc4_5_img043.jpg,sc4_5,sc,train,10
12083,sc4_5_img044.jpg,sc4_5,sc,train,10
12084,sc4_5_img045.jpg,sc4_5,sc,train,10
12085,sc4_5_img046.jpg,sc4_5,sc,train,10
12086,sc4_5_img047.jpg,sc4_5,sc,train,10
12087,sc4_5_img048.jpg,sc4_5,sc,train,10
12088,sc4_5_img049.jpg,sc4_5,sc,train,10
12089,sc4_5_img050.jpg,sc4_5,sc,train,10
12090,sc4_5_img051.jpg,sc4_5,sc,train,10
12091,sc4_5_img052.jpg,sc4_5,sc,train,10
12092,sc4_5_img053.jpg,sc4_5,sc,train,10
12093,sc4_5_img054.jpg,sc4_5,sc,train,10
12094,sc4_5_img055.jpg,sc4_5,sc,train,10
12095,sc4_5_img056.jpg,sc4_5,sc,train,10
12096,sc4_5_img057.jpg,sc4_5,sc,train,10
12097,sc4_5_img058.jpg,sc4_5,sc,train,10
12098,sc4_5_img059.jpg,sc4_5,sc,train,10
12099,sc4_5_img060.jpg,sc4_5,sc,train,10
12100,sc4_5_img061.jpg,sc4_5,sc,train,10
12101,sc4_5_img062.jpg,sc4_5,sc,train,10
12102,sc4_5_img063.jpg,sc4_5,sc,train,10
12103,sc4_5_img064.jpg,sc4_5,sc,train,10
12104,sc4_5_img065.jpg,sc4_5,sc,train,10
12105,sc4_5_img066.jpg,sc4_5,sc,train,10
12106,sc4_5_img067.jpg,sc4_5,sc,train,10
12107,sc4_5_img068.jpg,sc4_5,sc,train,10
12108,sc4_5_img069.jpg,sc4_5,sc,train,10
12109,sc4_5_img070.jpg,sc4_5,sc,train,10
12110,sc4_5_img071.jpg,sc4_5,sc,train,10
12111,sc4_5_img072.jpg,sc4_5,sc,train,10
12112,sc4_5_img073.jpg,sc4_5,sc,train,10
12113,sc4_5_img074.jpg,sc4_5,sc,train,10
12114,sc4_5_img075.jpg,sc4_5,sc,train,10
12115,sc4_5_img076.jpg,sc4_5,sc,train,10
12116,sc4_5_img077.jpg,sc4_5,sc,train,10
12117,sc4_5_img078.jpg,sc4_5,sc,train,10
12118,sc4_5_img079.jpg,sc4_5,sc,train,10
12119,sc4_5_img080.jpg,sc4_5,sc,train,10
12120,sc4_5_img081.jpg,sc4_5,sc,train,10
12121,sc4_5_img082.jpg,sc4_5,sc,train,10
12122,sc4_5_img083.jpg,sc4_5,sc,train,10
12123,sc4_5_img084.jpg,sc4_5,sc,train,10
12124,sc4_5_img085.jpg,sc4_5,sc,train,10
12125,sc4_5_img086.jpg,sc4_5,sc,train,10
12126,sc4_5_img087.jpg,sc4_5,sc,train,10
12127,sc4_5_img088.jpg,sc4_5,sc,train,10
12128,sc4_5_img089.jpg,sc4_5,sc,train,10
12129,sc4_5_img090.jpg,sc4_5,sc,train,10
12130,sc4_5_img091.jpg,sc4_5,sc,train,10
12131,sc4_5_img092.jpg,sc4_5,sc,train,10
12132,sc4_5_img093.jpg,sc4_5,sc,train,10
12133,sc4_5_img094.jpg,sc4_5,sc,train,10
12134,sc4_5_img095.jpg,sc4_5,sc,train,10
12135,sc4_6_img001.jpg,sc4_6,sc,train,10
12136,sc4_6_img002.jpg,sc4_6,sc,train,10
12137,sc4_6_img003.jpg,sc4_6,sc,train,10
12138,sc4_6_img004.jpg,sc4_6,sc,train,10
12139,sc4_6_img005.jpg,sc4_6,sc,train,10
12140,sc4_6_img006.jpg,sc4_6,sc,train,10
12141,sc4_6_img007.jpg,sc4_6,sc,train,10
12142,sc4_6_img008.jpg,sc4_6,sc,train,10
12143,sc4_6_img009.jpg,sc4_6,sc,train,10
12144,sc4_6_img010.jpg,sc4_6,sc,train,10
12145,sc4_6_img011.jpg,sc4_6,sc,train,10
12146,sc4_6_img012.jpg,sc4_6,sc,train,10
12147,sc4_6_img013.jpg,sc4_6,sc,train,10
12148,sc4_6_img014.jpg,sc4_6,sc,train,10
12149,sc4_6_img015.jpg,sc4_6,sc,train,10
12150,sc4_6_img016.jpg,sc4_6,sc,train,10
12151,sc4_6_img017.jpg,sc4_6,sc,train,10
12152,sc4_6_img018.jpg,sc4_6,sc,train,10
12153,sc4_6_img019.jpg,sc4_6,sc,train,10
12154,sc4_6_img020.jpg,sc4_6,sc,train,10
12155,sc4_6_img021.jpg,sc4_6,sc,train,10
12156,sc4_6_img022.jpg,sc4_6,sc,train,10
12157,sc4_6_img023.jpg,sc4_6,sc,train,10
12158,sc4_6_img024.jpg,sc4_6,sc,train,10
12159,sc4_6_img025.jpg,sc4_6,sc,train,10
12160,sc4_6_img026.jpg,sc4_6,sc,train,10
12161,sc4_6_img027.jpg,sc4_6,sc,train,10
12162,sc4_6_img028.jpg,sc4_6,sc,train,10
12163,sc4_6_img029.jpg,sc4_6,sc,train,10
12164,sc4_6_img030.jpg,sc4_6,sc,train,10
12165,sc4_6_img031.jpg,sc4_6,sc,train,10
12166,sc4_6_img032.jpg,sc4_6,sc,train,10
12167,sc4_6_img033.jpg,sc4_6,sc,train,10
12168,sc4_6_img034.jpg,sc4_6,sc,train,10
12169,sc4_6_img035.jpg,sc4_6,sc,train,10
12170,sc4_6_img036.jpg,sc4_6,sc,train,10
12171,sc4_6_img037.jpg,sc4_6,sc,train,10
12172,sc4_6_img038.jpg,sc4_6,sc,train,10
12173,sc4_6_img039.jpg,sc4_6,sc,train,10
12174,sc4_6_img040.jpg,sc4_6,sc,train,10
12175,sc4_6_img041.jpg,sc4_6,sc,train,10
12176,sc4_6_img042.jpg,sc4_6,sc,train,10
12177,sc4_6_img043.jpg,sc4_6,sc,train,10
12178,sc4_6_img044.jpg,sc4_6,sc,train,10
12179,sc4_6_img045.jpg,sc4_6,sc,train,10
12180,sc4_6_img046.jpg,sc4_6,sc,train,10
12181,sc4_6_img047.jpg,sc4_6,sc,train,10
12182,sc4_6_img048.jpg,sc4_6,sc,train,10
12183,sc4_6_img049.jpg,sc4_6,sc,train,10
12184,sc4_6_img050.jpg,sc4_6,sc,train,10
12185,sc4_6_img051.jpg,sc4_6,sc,train,10
12186,sc4_6_img052.jpg,sc4_6,sc,train,10
12187,sc4_6_img053.jpg,sc4_6,sc,train,10
12188,sc4_6_img054.jpg,sc4_6,sc,train,10
12189,sc4_6_img055.jpg,sc4_6,sc,train,10
12190,sc4_6_img056.jpg,sc4_6,sc,train,10
12191,sc4_6_img057.jpg,sc4_6,sc,train,10
12192,sc4_6_img058.jpg,sc4_6,sc,train,10
12193,sc4_6_img059.jpg,sc4_6,sc,train,10
12194,sc4_6_img060.jpg,sc4_6,sc,train,10
12195,sc4_6_img061.jpg,sc4_6,sc,train,10
12196,sc4_6_img062.jpg,sc4_6,sc,train,10
12197,sc4_6_img063.jpg,sc4_6,sc,train,10
12198,sc4_6_img064.jpg,sc4_6,sc,train,10
12199,sc4_6_img065.jpg,sc4_6,sc,train,10
12200,sc4_6_img066.jpg,sc4_6,sc,train,10
12201,sc4_6_img067.jpg,sc4_6,sc,train,10
12202,sc4_6_img068.jpg,sc4_6,sc,train,10
12203,sc4_6_img069.jpg,sc4_6,sc,train,10
12204,sc4_6_img070.jpg,sc4_6,sc,train,10
12205,sc4_6_img071.jpg,sc4_6,sc,train,10
12206,sc4_6_img072.jpg,sc4_6,sc,train,10
12207,sc4_6_img073.jpg,sc4_6,sc,train,10
12208,sc4_6_img074.jpg,sc4_6,sc,train,10
12209,sc4_6_img075.jpg,sc4_6,sc,train,10
12210,sc4_6_img076.jpg,sc4_6,sc,train,10
12211,sc4_6_img077.jpg,sc4_6,sc,train,10
12212,sc4_6_img078.jpg,sc4_6,sc,train,10
12213,sc4_6_img079.jpg,sc4_6,sc,train,10
12214,sc4_6_img080.jpg,sc4_6,sc,train,10
12215,sc4_6_img081.jpg,sc4_6,sc,train,10
12216,sc4_6_img082.jpg,sc4_6,sc,train,10
12217,sc4_6_img083.jpg,sc4_6,sc,train,10
12218,sc4_6_img084.jpg,sc4_6,sc,train,10
12219,sc4_6_img085.jpg,sc4_6,sc,train,10
12220,sc4_6_img086.jpg,sc4_6,sc,train,10
12221,sc4_6_img087.jpg,sc4_6,sc,train,10
12222,sc4_6_img088.jpg,sc4_6,sc,train,10
12223,sc4_6_img089.jpg,sc4_6,sc,train,10
12224,sc4_6_img090.jpg,sc4_6,sc,train,10
12225,sc4_6_img091.jpg,sc4_6,sc,train,10
12226,sc4_6_img092.jpg,sc4_6,sc,train,10
12227,sc4_6_img093.jpg,sc4_6,sc,train,10
12228,sc4_6_img094.jpg,sc4_6,sc,train,10
12229,sc4_6_img095.jpg,sc4_6,sc,train,10
12230,sc4_7_img001.jpg,sc4_7,sc,train,10
12231,sc4_7_img002.jpg,sc4_7,sc,train,10
12232,sc4_7_img003.jpg,sc4_7,sc,train,10
12233,sc4_7_img004.jpg,sc4_7,sc,train,10
12234,sc4_7_img005.jpg,sc4_7,sc,train,10
12235,sc4_7_img006.jpg,sc4_7,sc,train,10
12236,sc4_7_img007.jpg,sc4_7,sc,train,10
12237,sc4_7_img008.jpg,sc4_7,sc,train,10
12238,sc4_7_img009.jpg,sc4_7,sc,train,10
12239,sc4_7_img010.jpg,sc4_7,sc,train,10
12240,sc4_7_img011.jpg,sc4_7,sc,train,10
12241,sc4_7_img012.jpg,sc4_7,sc,train,10
12242,sc4_7_img013.jpg,sc4_7,sc,train,10
12243,sc4_7_img014.jpg,sc4_7,sc,train,10
12244,sc4_7_img015.jpg,sc4_7,sc,train,10
12245,sc4_7_img016.jpg,sc4_7,sc,train,10
12246,sc4_7_img017.jpg,sc4_7,sc,train,10
12247,sc4_7_img018.jpg,sc4_7,sc,train,10
12248,sc4_7_img019.jpg,sc4_7,sc,train,10
12249,sc4_7_img020.jpg,sc4_7,sc,train,10
12250,sc4_7_img021.jpg,sc4_7,sc,train,10
12251,sc4_7_img022.jpg,sc4_7,sc,train,10
12252,sc4_7_img023.jpg,sc4_7,sc,train,10
12253,sc4_7_img024.jpg,sc4_7,sc,train,10
12254,sc4_7_img025.jpg,sc4_7,sc,train,10
12255,sc4_7_img026.jpg,sc4_7,sc,train,10
12256,sc4_7_img027.jpg,sc4_7,sc,train,10
12257,sc4_7_img028.jpg,sc4_7,sc,train,10
12258,sc4_7_img029.jpg,sc4_7,sc,train,10
12259,sc4_7_img030.jpg,sc4_7,sc,train,10
12260,sc4_7_img031.jpg,sc4_7,sc,train,10
12261,sc4_7_img032.jpg,sc4_7,sc,train,10
12262,sc4_7_img033.jpg,sc4_7,sc,train,10
12263,sc4_7_img034.jpg,sc4_7,sc,train,10
12264,sc4_7_img035.jpg,sc4_7,sc,train,10
12265,sc4_7_img036.jpg,sc4_7,sc,train,10
12266,sc4_7_img037.jpg,sc4_7,sc,train,10
12267,sc4_7_img038.jpg,sc4_7,sc,train,10
12268,sc4_7_img039.jpg,sc4_7,sc,train,10
12269,sc4_7_img040.jpg,sc4_7,sc,train,10
12270,sc4_7_img041.jpg,sc4_7,sc,train,10
12271,sc4_7_img042.jpg,sc4_7,sc,train,10
12272,sc4_7_img043.jpg,sc4_7,sc,train,10
12273,sc4_7_img044.jpg,sc4_7,sc,train,10
12274,sc4_7_img045.jpg,sc4_7,sc,train,10
12275,sc4_7_img046.jpg,sc4_7,sc,train,10
12276,sc4_7_img047.jpg,sc4_7,sc,train,10
12277,sc4_7_img048.jpg,sc4_7,sc,train,10
12278,sc4_7_img049.jpg,sc4_7,sc,train,10
12279,sc4_7_img050.jpg,sc4_7,sc,train,10
12280,sc4_7_img051.jpg,sc4_7,sc,train,10
12281,sc4_7_img052.jpg,sc4_7,sc,train,10
12282,sc4_7_img053.jpg,sc4_7,sc,train,10
12283,sc4_7_img054.jpg,sc4_7,sc,train,10
12284,sc4_7_img055.jpg,sc4_7,sc,train,10
12285,sc4_7_img056.jpg,sc4_7,sc,train,10
12286,sc4_7_img057.jpg,sc4_7,sc,train,10
12287,sc4_7_img058.jpg,sc4_7,sc,train,10
12288,sc4_7_img059.jpg,sc4_7,sc,train,10
12289,sc4_7_img060.jpg,sc4_7,sc,train,10
12290,sc4_7_img061.jpg,sc4_7,sc,train,10
12291,sc4_7_img062.jpg,sc4_7,sc,train,10
12292,sc4_7_img063.jpg,sc4_7,sc,train,10
12293,sc4_7_img064.jpg,sc4_7,sc,train,10
12294,sc4_7_img065.jpg,sc4_7,sc,train,10
12295,sc4_7_img066.jpg,sc4_7,sc,train,10
12296,sc4_7_img067.jpg,sc4_7,sc,train,10
12297,sc4_7_img068.jpg,sc4_7,sc,train,10
12298,sc4_7_img069.jpg,sc4_7,sc,train,10
12299,sc4_7_img070.jpg,sc4_7,sc,train,10
12300,sc4_7_img071.jpg,sc4_7,sc,train,10
12301,sc4_7_img072.jpg,sc4_7,sc,train,10
12302,sc4_7_img073.jpg,sc4_7,sc,train,10
12303,sc4_7_img074.jpg,sc4_7,sc,train,10
12304,sc4_7_img075.jpg,sc4_7,sc,train,10
12305,sc4_7_img076.jpg,sc4_7,sc,train,10
12306,sc4_7_img077.jpg,sc4_7,sc,train,10
12307,sc4_7_img078.jpg,sc4_7,sc,train,10
12308,sc4_7_img079.jpg,sc4_7,sc,train,10
12309,sc4_7_img080.jpg,sc4_7,sc,train,10
12310,sc4_7_img081.jpg,sc4_7,sc,train,10
12311,sc4_7_img082.jpg,sc4_7,sc,train,10
12312,sc4_7_img083.jpg,sc4_7,sc,train,10
12313,sc4_7_img084.jpg,sc4_7,sc,train,10
12314,sc4_7_img085.jpg,sc4_7,sc,train,10
12315,sc4_7_img086.jpg,sc4_7,sc,train,10
12316,sc4_7_img087.jpg,sc4_7,sc,train,10
12317,sc4_7_img088.jpg,sc4_7,sc,train,10
12318,sc4_7_img089.jpg,sc4_7,sc,train,10
12319,sc4_7_img090.jpg,sc4_7,sc,train,10
12320,sc4_7_img091.jpg,sc4_7,sc,train,10
12321,sc4_7_img092.jpg,sc4_7,sc,train,10
12322,sc4_7_img093.jpg,sc4_7,sc,train,10
12323,sc4_7_img094.jpg,sc4_7,sc,train,10
12324,sc4_7_img095.jpg,sc4_7,sc,train,10
12325,sc4_8_img001.jpg,sc4_8,sc,train,10
12326,sc4_8_img002.jpg,sc4_8,sc,train,10
12327,sc4_8_img003.jpg,sc4_8,sc,train,10
12328,sc4_8_img004.jpg,sc4_8,sc,train,10
12329,sc4_8_img005.jpg,sc4_8,sc,train,10
12330,sc4_8_img006.jpg,sc4_8,sc,train,10
12331,sc4_8_img007.jpg,sc4_8,sc,train,10
12332,sc4_8_img008.jpg,sc4_8,sc,train,10
12333,sc4_8_img009.jpg,sc4_8,sc,train,10
12334,sc4_8_img010.jpg,sc4_8,sc,train,10
12335,sc4_8_img011.jpg,sc4_8,sc,train,10
12336,sc4_8_img012.jpg,sc4_8,sc,train,10
12337,sc4_8_img013.jpg,sc4_8,sc,train,10
12338,sc4_8_img014.jpg,sc4_8,sc,train,10
12339,sc4_8_img015.jpg,sc4_8,sc,train,10
12340,sc4_8_img016.jpg,sc4_8,sc,train,10
12341,sc4_8_img017.jpg,sc4_8,sc,train,10
12342,sc4_8_img018.jpg,sc4_8,sc,train,10
12343,sc4_8_img019.jpg,sc4_8,sc,train,10
12344,sc4_8_img020.jpg,sc4_8,sc,train,10
12345,sc4_8_img021.jpg,sc4_8,sc,train,10
12346,sc4_8_img022.jpg,sc4_8,sc,train,10
12347,sc4_8_img023.jpg,sc4_8,sc,train,10
12348,sc4_8_img024.jpg,sc4_8,sc,train,10
12349,sc4_8_img025.jpg,sc4_8,sc,train,10
12350,sc4_8_img026.jpg,sc4_8,sc,train,10
12351,sc4_8_img027.jpg,sc4_8,sc,train,10
12352,sc4_8_img028.jpg,sc4_8,sc,train,10
12353,sc4_8_img029.jpg,sc4_8,sc,train,10
12354,sc4_8_img030.jpg,sc4_8,sc,train,10
12355,sc4_8_img031.jpg,sc4_8,sc,train,10
12356,sc4_8_img032.jpg,sc4_8,sc,train,10
12357,sc4_8_img033.jpg,sc4_8,sc,train,10
12358,sc4_8_img034.jpg,sc4_8,sc,train,10
12359,sc4_8_img035.jpg,sc4_8,sc,train,10
12360,sc4_8_img036.jpg,sc4_8,sc,train,10
12361,sc4_8_img037.jpg,sc4_8,sc,train,10
12362,sc4_8_img038.jpg,sc4_8,sc,train,10
12363,sc4_8_img039.jpg,sc4_8,sc,train,10
12364,sc4_8_img040.jpg,sc4_8,sc,train,10
12365,sc4_8_img041.jpg,sc4_8,sc,train,10
12366,sc4_8_img042.jpg,sc4_8,sc,train,10
12367,sc4_8_img043.jpg,sc4_8,sc,train,10
12368,sc4_8_img044.jpg,sc4_8,sc,train,10
12369,sc4_8_img045.jpg,sc4_8,sc,train,10
12370,sc4_8_img046.jpg,sc4_8,sc,train,10
12371,sc4_8_img047.jpg,sc4_8,sc,train,10
12372,sc4_8_img048.jpg,sc4_8,sc,train,10
12373,sc4_8_img049.jpg,sc4_8,sc,train,10
12374,sc4_8_img050.jpg,sc4_8,sc,train,10
12375,sc4_8_img051.jpg,sc4_8,sc,train,10
12376,sc4_8_img052.jpg,sc4_8,sc,train,10
12377,sc4_8_img053.jpg,sc4_8,sc,train,10
12378,sc4_8_img054.jpg,sc4_8,sc,train,10
12379,sc4_8_img055.jpg,sc4_8,sc,train,10
12380,sc4_8_img056.jpg,sc4_8,sc,train,10
12381,sc4_8_img057.jpg,sc4_8,sc,train,10
12382,sc4_8_img058.jpg,sc4_8,sc,train,10
12383,sc4_8_img059.jpg,sc4_8,sc,train,10
12384,sc4_8_img060.jpg,sc4_8,sc,train,10
12385,sc4_8_img061.jpg,sc4_8,sc,train,10
12386,sc4_8_img062.jpg,sc4_8,sc,train,10
12387,sc4_8_img063.jpg,sc4_8,sc,train,10
12388,sc4_8_img064.jpg,sc4_8,sc,train,10
12389,sc4_8_img065.jpg,sc4_8,sc,train,10
12390,sc4_8_img066.jpg,sc4_8,sc,train,10
12391,sc4_8_img067.jpg,sc4_8,sc,train,10
12392,sc4_8_img068.jpg,sc4_8,sc,train,10
12393,sc4_8_img069.jpg,sc4_8,sc,train,10
12394,sc4_8_img070.jpg,sc4_8,sc,train,10
12395,sc4_8_img071.jpg,sc4_8,sc,train,10
12396,sc4_8_img072.jpg,sc4_8,sc,train,10
12397,sc4_8_img073.jpg,sc4_8,sc,train,10
12398,sc4_8_img074.jpg,sc4_8,sc,train,10
12399,sc4_8_img075.jpg,sc4_8,sc,train,10
12400,sc4_8_img076.jpg,sc4_8,sc,train,10
12401,sc4_8_img077.jpg,sc4_8,sc,train,10
12402,sc4_8_img078.jpg,sc4_8,sc,train,10
12403,sc4_8_img079.jpg,sc4_8,sc,train,10
12404,sc4_8_img080.jpg,sc4_8,sc,train,10
12405,sc4_8_img081.jpg,sc4_8,sc,train,10
12406,sc4_8_img082.jpg,sc4_8,sc,train,10
12407,sc4_8_img083.jpg,sc4_8,sc,train,10
12408,sc4_8_img084.jpg,sc4_8,sc,train,10
12409,sc4_8_img085.jpg,sc4_8,sc,train,10
12410,sc4_8_img086.jpg,sc4_8,sc,train,10
12411,sc4_8_img087.jpg,sc4_8,sc,train,10
12412,sc4_8_img088.jpg,sc4_8,sc,train,10
12413,sc4_8_img089.jpg,sc4_8,sc,train,10
12414,sc4_8_img090.jpg,sc4_8,sc,train,10
12415,sc4_8_img091.jpg,sc4_8,sc,train,10
12416,sc4_8_img092.jpg,sc4_8,sc,train,10
12417,sc4_8_img093.jpg,sc4_8,sc,train,10
12418,sc4_8_img094.jpg,sc4_8,sc,train,10
12419,sc4_8_img095.jpg,sc4_8,sc,train,10
12420,sc4_9_img001.jpg,sc4_9,sc,train,10
12421,sc4_9_img002.jpg,sc4_9,sc,train,10
12422,sc4_9_img003.jpg,sc4_9,sc,train,10
12423,sc4_9_img004.jpg,sc4_9,sc,train,10
12424,sc4_9_img005.jpg,sc4_9,sc,train,10
12425,sc4_9_img006.jpg,sc4_9,sc,train,10
12426,sc4_9_img007.jpg,sc4_9,sc,train,10
12427,sc4_9_img008.jpg,sc4_9,sc,train,10
12428,sc4_9_img009.jpg,sc4_9,sc,train,10
12429,sc4_9_img010.jpg,sc4_9,sc,train,10
12430,sc4_9_img011.jpg,sc4_9,sc,train,10
12431,sc4_9_img012.jpg,sc4_9,sc,train,10
12432,sc4_9_img013.jpg,sc4_9,sc,train,10
12433,sc4_9_img014.jpg,sc4_9,sc,train,10
12434,sc4_9_img015.jpg,sc4_9,sc,train,10
12435,sc4_9_img016.jpg,sc4_9,sc,train,10
12436,sc4_9_img017.jpg,sc4_9,sc,train,10
12437,sc4_9_img018.jpg,sc4_9,sc,train,10
12438,sc4_9_img019.jpg,sc4_9,sc,train,10
12439,sc4_9_img020.jpg,sc4_9,sc,train,10
12440,sc4_9_img021.jpg,sc4_9,sc,train,10
12441,sc4_9_img022.jpg,sc4_9,sc,train,10
12442,sc4_9_img023.jpg,sc4_9,sc,train,10
12443,sc4_9_img024.jpg,sc4_9,sc,train,10
12444,sc4_9_img025.jpg,sc4_9,sc,train,10
12445,sc4_9_img026.jpg,sc4_9,sc,train,10
12446,sc4_9_img027.jpg,sc4_9,sc,train,10
12447,sc4_9_img028.jpg,sc4_9,sc,train,10
12448,sc4_9_img029.jpg,sc4_9,sc,train,10
12449,sc4_9_img030.jpg,sc4_9,sc,train,10
12450,sc4_9_img031.jpg,sc4_9,sc,train,10
12451,sc4_9_img032.jpg,sc4_9,sc,train,10
12452,sc4_9_img033.jpg,sc4_9,sc,train,10
12453,sc4_9_img034.jpg,sc4_9,sc,train,10
12454,sc4_9_img035.jpg,sc4_9,sc,train,10
12455,sc4_9_img036.jpg,sc4_9,sc,train,10
12456,sc4_9_img037.jpg,sc4_9,sc,train,10
12457,sc4_9_img038.jpg,sc4_9,sc,train,10
12458,sc4_9_img039.jpg,sc4_9,sc,train,10
12459,sc4_9_img040.jpg,sc4_9,sc,train,10
12460,sc4_9_img041.jpg,sc4_9,sc,train,10
12461,sc4_9_img042.jpg,sc4_9,sc,train,10
12462,sc4_9_img043.jpg,sc4_9,sc,train,10
12463,sc4_9_img044.jpg,sc4_9,sc,train,10
12464,sc4_9_img045.jpg,sc4_9,sc,train,10
12465,sc4_9_img046.jpg,sc4_9,sc,train,10
12466,sc4_9_img047.jpg,sc4_9,sc,train,10
12467,sc4_9_img048.jpg,sc4_9,sc,train,10
12468,sc4_9_img049.jpg,sc4_9,sc,train,10
12469,sc4_9_img050.jpg,sc4_9,sc,train,10
12470,sc4_9_img051.jpg,sc4_9,sc,train,10
12471,sc4_9_img052.jpg,sc4_9,sc,train,10
12472,sc4_9_img053.jpg,sc4_9,sc,train,10
12473,sc4_9_img054.jpg,sc4_9,sc,train,10
12474,sc4_9_img055.jpg,sc4_9,sc,train,10
12475,sc4_9_img056.jpg,sc4_9,sc,train,10
12476,sc4_9_img057.jpg,sc4_9,sc,train,10
12477,sc4_9_img058.jpg,sc4_9,sc,train,10
12478,sc4_9_img059.jpg,sc4_9,sc,train,10
12479,sc4_9_img060.jpg,sc4_9,sc,train,10
12480,sc4_9_img061.jpg,sc4_9,sc,train,10
12481,sc4_9_img062.jpg,sc4_9,sc,train,10
12482,sc4_9_img063.jpg,sc4_9,sc,train,10
12483,sc4_9_img064.jpg,sc4_9,sc,train,10
12484,sc4_9_img065.jpg,sc4_9,sc,train,10
12485,sc4_9_img066.jpg,sc4_9,sc,train,10
12486,sc4_9_img067.jpg,sc4_9,sc,train,10
12487,sc4_9_img068.jpg,sc4_9,sc,train,10
12488,sc4_9_img069.jpg,sc4_9,sc,train,10
12489,sc4_9_img070.jpg,sc4_9,sc,train,10
12490,sc4_9_img071.jpg,sc4_9,sc,train,10
12491,sc4_9_img072.jpg,sc4_9,sc,train,10
12492,sc4_9_img073.jpg,sc4_9,sc,train,10
12493,sc4_9_img074.jpg,sc4_9,sc,train,10
12494,sc4_9_img075.jpg,sc4_9,sc,train,10
12495,sc4_9_img076.jpg,sc4_9,sc,train,10
12496,sc4_9_img077.jpg,sc4_9,sc,train,10
12497,sc4_9_img078.jpg,sc4_9,sc,train,10
12498,sc4_9_img079.jpg,sc4_9,sc,train,10
12499,sc4_9_img080.jpg,sc4_9,sc,train,10
12500,sc4_9_img081.jpg,sc4_9,sc,train,10
12501,sc4_9_img082.jpg,sc4_9,sc,train,10
12502,sc4_9_img083.jpg,sc4_9,sc,train,10
12503,sc4_9_img084.jpg,sc4_9,sc,train,10
12504,sc4_9_img085.jpg,sc4_9,sc,train,10
12505,sc4_9_img086.jpg,sc4_9,sc,train,10
12506,sc4_9_img087.jpg,sc4_9,sc,train,10
12507,sc4_9_img088.jpg,sc4_9,sc,train,10
12508,sc4_9_img089.jpg,sc4_9,sc,train,10
12509,sc4_9_img090.jpg,sc4_9,sc,train,10
12510,sc4_9_img091.jpg,sc4_9,sc,train,10
12511,sc4_9_img092.jpg,sc4_9,sc,train,10
12512,sc4_9_img093.jpg,sc4_9,sc,train,10
12513,sc4_9_img094.jpg,sc4_9,sc,train,10
12514,sc4_9_img095.jpg,sc4_9,sc,train,10
12515,sc5_10_img001.jpg,sc5_10,sc,test,10
12516,sc5_10_img002.jpg,sc5_10,sc,test,10
12517,sc5_10_img003.jpg,sc5_10,sc,test,10
12518,sc5_10_img004.jpg,sc5_10,sc,test,10
12519,sc5_10_img005.jpg,sc5_10,sc,test,10
12520,sc5_10_img006.jpg,sc5_10,sc,test,10
12521,sc5_10_img007.jpg,sc5_10,sc,test,10
12522,sc5_10_img008.jpg,sc5_10,sc,test,10
12523,sc5_10_img009.jpg,sc5_10,sc,test,10
12524,sc5_10_img010.jpg,sc5_10,sc,test,10
12525,sc5_10_img011.jpg,sc5_10,sc,test,10
12526,sc5_10_img012.jpg,sc5_10,sc,test,10
12527,sc5_10_img013.jpg,sc5_10,sc,test,10
12528,sc5_10_img014.jpg,sc5_10,sc,test,10
12529,sc5_10_img015.jpg,sc5_10,sc,test,10
12530,sc5_10_img016.jpg,sc5_10,sc,test,10
12531,sc5_10_img017.jpg,sc5_10,sc,test,10
12532,sc5_10_img018.jpg,sc5_10,sc,test,10
12533,sc5_10_img019.jpg,sc5_10,sc,test,10
12534,sc5_10_img020.jpg,sc5_10,sc,test,10
12535,sc5_10_img021.jpg,sc5_10,sc,test,10
12536,sc5_10_img022.jpg,sc5_10,sc,test,10
12537,sc5_10_img023.jpg,sc5_10,sc,test,10
12538,sc5_10_img024.jpg,sc5_10,sc,test,10
12539,sc5_10_img025.jpg,sc5_10,sc,test,10
12540,sc5_10_img026.jpg,sc5_10,sc,test,10
12541,sc5_10_img027.jpg,sc5_10,sc,test,10
12542,sc5_10_img028.jpg,sc5_10,sc,test,10
12543,sc5_10_img029.jpg,sc5_10,sc,test,10
12544,sc5_10_img030.jpg,sc5_10,sc,test,10
12545,sc5_10_img031.jpg,sc5_10,sc,test,10
12546,sc5_10_img032.jpg,sc5_10,sc,test,10
12547,sc5_10_img033.jpg,sc5_10,sc,test,10
12548,sc5_10_img034.jpg,sc5_10,sc,test,10
12549,sc5_10_img035.jpg,sc5_10,sc,test,10
12550,sc5_10_img036.jpg,sc5_10,sc,test,10
12551,sc5_10_img037.jpg,sc5_10,sc,test,10
12552,sc5_10_img038.jpg,sc5_10,sc,test,10
12553,sc5_10_img039.jpg,sc5_10,sc,test,10
12554,sc5_10_img040.jpg,sc5_10,sc,test,10
12555,sc5_10_img041.jpg,sc5_10,sc,test,10
12556,sc5_10_img042.jpg,sc5_10,sc,test,10
12557,sc5_10_img043.jpg,sc5_10,sc,test,10
12558,sc5_10_img044.jpg,sc5_10,sc,test,10
12559,sc5_10_img045.jpg,sc5_10,sc,test,10
12560,sc5_10_img046.jpg,sc5_10,sc,test,10
12561,sc5_10_img047.jpg,sc5_10,sc,test,10
12562,sc5_10_img048.jpg,sc5_10,sc,test,10
12563,sc5_10_img049.jpg,sc5_10,sc,test,10
12564,sc5_10_img050.jpg,sc5_10,sc,test,10
12565,sc5_10_img051.jpg,sc5_10,sc,test,10
12566,sc5_10_img052.jpg,sc5_10,sc,test,10
12567,sc5_10_img053.jpg,sc5_10,sc,test,10
12568,sc5_10_img054.jpg,sc5_10,sc,test,10
12569,sc5_10_img055.jpg,sc5_10,sc,test,10
12570,sc5_10_img056.jpg,sc5_10,sc,test,10
12571,sc5_10_img057.jpg,sc5_10,sc,test,10
12572,sc5_10_img058.jpg,sc5_10,sc,test,10
12573,sc5_10_img059.jpg,sc5_10,sc,test,10
12574,sc5_10_img060.jpg,sc5_10,sc,test,10
12575,sc5_10_img061.jpg,sc5_10,sc,test,10
12576,sc5_10_img062.jpg,sc5_10,sc,test,10
12577,sc5_10_img063.jpg,sc5_10,sc,test,10
12578,sc5_10_img064.jpg,sc5_10,sc,test,10
12579,sc5_10_img065.jpg,sc5_10,sc,test,10
12580,sc5_10_img066.jpg,sc5_10,sc,test,10
12581,sc5_10_img067.jpg,sc5_10,sc,test,10
12582,sc5_10_img068.jpg,sc5_10,sc,test,10
12583,sc5_10_img069.jpg,sc5_10,sc,test,10
12584,sc5_10_img070.jpg,sc5_10,sc,test,10
12585,sc5_10_img071.jpg,sc5_10,sc,test,10
12586,sc5_10_img072.jpg,sc5_10,sc,test,10
12587,sc5_10_img073.jpg,sc5_10,sc,test,10
12588,sc5_10_img074.jpg,sc5_10,sc,test,10
12589,sc5_10_img075.jpg,sc5_10,sc,test,10
12590,sc5_10_img076.jpg,sc5_10,sc,test,10
12591,sc5_10_img077.jpg,sc5_10,sc,test,10
12592,sc5_10_img078.jpg,sc5_10,sc,test,10
12593,sc5_10_img079.jpg,sc5_10,sc,test,10
12594,sc5_10_img080.jpg,sc5_10,sc,test,10
12595,sc5_10_img081.jpg,sc5_10,sc,test,10
12596,sc5_10_img082.jpg,sc5_10,sc,test,10
12597,sc5_10_img083.jpg,sc5_10,sc,test,10
12598,sc5_10_img084.jpg,sc5_10,sc,test,10
12599,sc5_10_img085.jpg,sc5_10,sc,test,10
12600,sc5_10_img086.jpg,sc5_10,sc,test,10
12601,sc5_10_img087.jpg,sc5_10,sc,test,10
12602,sc5_10_img088.jpg,sc5_10,sc,test,10
12603,sc5_10_img089.jpg,sc5_10,sc,test,10
12604,sc5_10_img090.jpg,sc5_10,sc,test,10
12605,sc5_10_img091.jpg,sc5_10,sc,test,10
12606,sc5_10_img092.jpg,sc5_10,sc,test,10
12607,sc5_10_img093.jpg,sc5_10,sc,test,10
12608,sc5_10_img094.jpg,sc5_10,sc,test,10
12609,sc5_10_img095.jpg,sc5_10,sc,test,10
12610,sc5_11_img001.jpg,sc5_11,sc,train,10
12611,sc5_11_img002.jpg,sc5_11,sc,train,10
12612,sc5_11_img003.jpg,sc5_11,sc,train,10
12613,sc5_11_img004.jpg,sc5_11,sc,train,10
12614,sc5_11_img005.jpg,sc5_11,sc,train,10
12615,sc5_11_img006.jpg,sc5_11,sc,train,10
12616,sc5_11_img007.jpg,sc5_11,sc,train,10
12617,sc5_11_img008.jpg,sc5_11,sc,train,10
12618,sc5_11_img009.jpg,sc5_11,sc,train,10
12619,sc5_11_img010.jpg,sc5_11,sc,train,10
12620,sc5_11_img011.jpg,sc5_11,sc,train,10
12621,sc5_11_img012.jpg,sc5_11,sc,train,10
12622,sc5_11_img013.jpg,sc5_11,sc,train,10
12623,sc5_11_img014.jpg,sc5_11,sc,train,10
12624,sc5_11_img015.jpg,sc5_11,sc,train,10
12625,sc5_11_img016.jpg,sc5_11,sc,train,10
12626,sc5_11_img017.jpg,sc5_11,sc,train,10
12627,sc5_11_img018.jpg,sc5_11,sc,train,10
12628,sc5_11_img019.jpg,sc5_11,sc,train,10
12629,sc5_11_img020.jpg,sc5_11,sc,train,10
12630,sc5_11_img021.jpg,sc5_11,sc,train,10
12631,sc5_11_img022.jpg,sc5_11,sc,train,10
12632,sc5_11_img023.jpg,sc5_11,sc,train,10
12633,sc5_11_img024.jpg,sc5_11,sc,train,10
12634,sc5_11_img025.jpg,sc5_11,sc,train,10
12635,sc5_11_img026.jpg,sc5_11,sc,train,10
12636,sc5_11_img027.jpg,sc5_11,sc,train,10
12637,sc5_11_img028.jpg,sc5_11,sc,train,10
12638,sc5_11_img029.jpg,sc5_11,sc,train,10
12639,sc5_11_img030.jpg,sc5_11,sc,train,10
12640,sc5_11_img031.jpg,sc5_11,sc,train,10
12641,sc5_11_img032.jpg,sc5_11,sc,train,10
12642,sc5_11_img033.jpg,sc5_11,sc,train,10
12643,sc5_11_img034.jpg,sc5_11,sc,train,10
12644,sc5_11_img035.jpg,sc5_11,sc,train,10
12645,sc5_11_img036.jpg,sc5_11,sc,train,10
12646,sc5_11_img037.jpg,sc5_11,sc,train,10
12647,sc5_11_img038.jpg,sc5_11,sc,train,10
12648,sc5_11_img039.jpg,sc5_11,sc,train,10
12649,sc5_11_img040.jpg,sc5_11,sc,train,10
12650,sc5_11_img041.jpg,sc5_11,sc,train,10
12651,sc5_11_img042.jpg,sc5_11,sc,train,10
12652,sc5_11_img043.jpg,sc5_11,sc,train,10
12653,sc5_11_img044.jpg,sc5_11,sc,train,10
12654,sc5_11_img045.jpg,sc5_11,sc,train,10
12655,sc5_11_img046.jpg,sc5_11,sc,train,10
12656,sc5_11_img047.jpg,sc5_11,sc,train,10
12657,sc5_11_img048.jpg,sc5_11,sc,train,10
12658,sc5_11_img049.jpg,sc5_11,sc,train,10
12659,sc5_11_img050.jpg,sc5_11,sc,train,10
12660,sc5_11_img051.jpg,sc5_11,sc,train,10
12661,sc5_11_img052.jpg,sc5_11,sc,train,10
12662,sc5_11_img053.jpg,sc5_11,sc,train,10
12663,sc5_11_img054.jpg,sc5_11,sc,train,10
12664,sc5_11_img055.jpg,sc5_11,sc,train,10
12665,sc5_11_img056.jpg,sc5_11,sc,train,10
12666,sc5_11_img057.jpg,sc5_11,sc,train,10
12667,sc5_11_img058.jpg,sc5_11,sc,train,10
12668,sc5_11_img059.jpg,sc5_11,sc,train,10
12669,sc5_11_img060.jpg,sc5_11,sc,train,10
12670,sc5_11_img061.jpg,sc5_11,sc,train,10
12671,sc5_11_img062.jpg,sc5_11,sc,train,10
12672,sc5_11_img063.jpg,sc5_11,sc,train,10
12673,sc5_11_img064.jpg,sc5_11,sc,train,10
12674,sc5_11_img065.jpg,sc5_11,sc,train,10
12675,sc5_11_img066.jpg,sc5_11,sc,train,10
12676,sc5_11_img067.jpg,sc5_11,sc,train,10
12677,sc5_11_img068.jpg,sc5_11,sc,train,10
12678,sc5_11_img069.jpg,sc5_11,sc,train,10
12679,sc5_11_img070.jpg,sc5_11,sc,train,10
12680,sc5_11_img071.jpg,sc5_11,sc,train,10
12681,sc5_11_img072.jpg,sc5_11,sc,train,10
12682,sc5_11_img073.jpg,sc5_11,sc,train,10
12683,sc5_11_img074.jpg,sc5_11,sc,train,10
12684,sc5_11_img075.jpg,sc5_11,sc,train,10
12685,sc5_11_img076.jpg,sc5_11,sc,train,10
12686,sc5_11_img077.jpg,sc5_11,sc,train,10
12687,sc5_11_img078.jpg,sc5_11,sc,train,10
12688,sc5_11_img079.jpg,sc5_11,sc,train,10
12689,sc5_11_img080.jpg,sc5_11,sc,train,10
12690,sc5_11_img081.jpg,sc5_11,sc,train,10
12691,sc5_11_img082.jpg,sc5_11,sc,train,10
12692,sc5_11_img083.jpg,sc5_11,sc,train,10
12693,sc5_11_img084.jpg,sc5_11,sc,train,10
12694,sc5_11_img085.jpg,sc5_11,sc,train,10
12695,sc5_11_img086.jpg,sc5_11,sc,train,10
12696,sc5_11_img087.jpg,sc5_11,sc,train,10
12697,sc5_11_img088.jpg,sc5_11,sc,train,10
12698,sc5_11_img089.jpg,sc5_11,sc,train,10
12699,sc5_11_img090.jpg,sc5_11,sc,train,10
12700,sc5_11_img091.jpg,sc5_11,sc,train,10
12701,sc5_11_img092.jpg,sc5_11,sc,train,10
12702,sc5_11_img093.jpg,sc5_11,sc,train,10
12703,sc5_11_img094.jpg,sc5_11,sc,train,10
12704,sc5_11_img095.jpg,sc5_11,sc,train,10
12705,sc5_1_img001.jpg,sc5_1,sc,train,10
12706,sc5_1_img002.jpg,sc5_1,sc,train,10
12707,sc5_1_img003.jpg,sc5_1,sc,train,10
12708,sc5_1_img004.jpg,sc5_1,sc,train,10
12709,sc5_1_img005.jpg,sc5_1,sc,train,10
12710,sc5_1_img006.jpg,sc5_1,sc,train,10
12711,sc5_1_img007.jpg,sc5_1,sc,train,10
12712,sc5_1_img008.jpg,sc5_1,sc,train,10
12713,sc5_1_img009.jpg,sc5_1,sc,train,10
12714,sc5_1_img010.jpg,sc5_1,sc,train,10
12715,sc5_1_img011.jpg,sc5_1,sc,train,10
12716,sc5_1_img012.jpg,sc5_1,sc,train,10
12717,sc5_1_img013.jpg,sc5_1,sc,train,10
12718,sc5_1_img014.jpg,sc5_1,sc,train,10
12719,sc5_1_img015.jpg,sc5_1,sc,train,10
12720,sc5_1_img016.jpg,sc5_1,sc,train,10
12721,sc5_1_img017.jpg,sc5_1,sc,train,10
12722,sc5_1_img018.jpg,sc5_1,sc,train,10
12723,sc5_1_img019.jpg,sc5_1,sc,train,10
12724,sc5_1_img020.jpg,sc5_1,sc,train,10
12725,sc5_1_img021.jpg,sc5_1,sc,train,10
12726,sc5_1_img022.jpg,sc5_1,sc,train,10
12727,sc5_1_img023.jpg,sc5_1,sc,train,10
12728,sc5_1_img024.jpg,sc5_1,sc,train,10
12729,sc5_1_img025.jpg,sc5_1,sc,train,10
12730,sc5_1_img026.jpg,sc5_1,sc,train,10
12731,sc5_1_img027.jpg,sc5_1,sc,train,10
12732,sc5_1_img028.jpg,sc5_1,sc,train,10
12733,sc5_1_img029.jpg,sc5_1,sc,train,10
12734,sc5_1_img030.jpg,sc5_1,sc,train,10
12735,sc5_1_img031.jpg,sc5_1,sc,train,10
12736,sc5_1_img032.jpg,sc5_1,sc,train,10
12737,sc5_1_img033.jpg,sc5_1,sc,train,10
12738,sc5_1_img034.jpg,sc5_1,sc,train,10
12739,sc5_1_img035.jpg,sc5_1,sc,train,10
12740,sc5_1_img036.jpg,sc5_1,sc,train,10
12741,sc5_1_img037.jpg,sc5_1,sc,train,10
12742,sc5_1_img038.jpg,sc5_1,sc,train,10
12743,sc5_1_img039.jpg,sc5_1,sc,train,10
12744,sc5_1_img040.jpg,sc5_1,sc,train,10
12745,sc5_1_img041.jpg,sc5_1,sc,train,10
12746,sc5_1_img042.jpg,sc5_1,sc,train,10
12747,sc5_1_img043.jpg,sc5_1,sc,train,10
12748,sc5_1_img044.jpg,sc5_1,sc,train,10
12749,sc5_1_img045.jpg,sc5_1,sc,train,10
12750,sc5_1_img046.jpg,sc5_1,sc,train,10
12751,sc5_1_img047.jpg,sc5_1,sc,train,10
12752,sc5_1_img048.jpg,sc5_1,sc,train,10
12753,sc5_1_img049.jpg,sc5_1,sc,train,10
12754,sc5_1_img050.jpg,sc5_1,sc,train,10
12755,sc5_1_img051.jpg,sc5_1,sc,train,10
12756,sc5_1_img052.jpg,sc5_1,sc,train,10
12757,sc5_1_img053.jpg,sc5_1,sc,train,10
12758,sc5_1_img054.jpg,sc5_1,sc,train,10
12759,sc5_1_img055.jpg,sc5_1,sc,train,10
12760,sc5_1_img056.jpg,sc5_1,sc,train,10
12761,sc5_1_img057.jpg,sc5_1,sc,train,10
12762,sc5_1_img058.jpg,sc5_1,sc,train,10
12763,sc5_1_img059.jpg,sc5_1,sc,train,10
12764,sc5_1_img060.jpg,sc5_1,sc,train,10
12765,sc5_1_img061.jpg,sc5_1,sc,train,10
12766,sc5_1_img062.jpg,sc5_1,sc,train,10
12767,sc5_1_img063.jpg,sc5_1,sc,train,10
12768,sc5_1_img064.jpg,sc5_1,sc,train,10
12769,sc5_1_img065.jpg,sc5_1,sc,train,10
12770,sc5_1_img066.jpg,sc5_1,sc,train,10
12771,sc5_1_img067.jpg,sc5_1,sc,train,10
12772,sc5_1_img068.jpg,sc5_1,sc,train,10
12773,sc5_1_img069.jpg,sc5_1,sc,train,10
12774,sc5_1_img070.jpg,sc5_1,sc,train,10
12775,sc5_1_img071.jpg,sc5_1,sc,train,10
12776,sc5_1_img072.jpg,sc5_1,sc,train,10
12777,sc5_1_img073.jpg,sc5_1,sc,train,10
12778,sc5_1_img074.jpg,sc5_1,sc,train,10
12779,sc5_1_img075.jpg,sc5_1,sc,train,10
12780,sc5_1_img076.jpg,sc5_1,sc,train,10
12781,sc5_1_img077.jpg,sc5_1,sc,train,10
12782,sc5_1_img078.jpg,sc5_1,sc,train,10
12783,sc5_1_img079.jpg,sc5_1,sc,train,10
12784,sc5_1_img080.jpg,sc5_1,sc,train,10
12785,sc5_1_img081.jpg,sc5_1,sc,train,10
12786,sc5_1_img082.jpg,sc5_1,sc,train,10
12787,sc5_1_img083.jpg,sc5_1,sc,train,10
12788,sc5_1_img084.jpg,sc5_1,sc,train,10
12789,sc5_1_img085.jpg,sc5_1,sc,train,10
12790,sc5_1_img086.jpg,sc5_1,sc,train,10
12791,sc5_1_img087.jpg,sc5_1,sc,train,10
12792,sc5_1_img088.jpg,sc5_1,sc,train,10
12793,sc5_1_img089.jpg,sc5_1,sc,train,10
12794,sc5_1_img090.jpg,sc5_1,sc,train,10
12795,sc5_1_img091.jpg,sc5_1,sc,train,10
12796,sc5_1_img092.jpg,sc5_1,sc,train,10
12797,sc5_1_img093.jpg,sc5_1,sc,train,10
12798,sc5_1_img094.jpg,sc5_1,sc,train,10
12799,sc5_1_img095.jpg,sc5_1,sc,train,10
12800,sc5_2_img001.jpg,sc5_2,sc,val,10
12801,sc5_2_img002.jpg,sc5_2,sc,val,10
12802,sc5_2_img003.jpg,sc5_2,sc,val,10
12803,sc5_2_img004.jpg,sc5_2,sc,val,10
12804,sc5_2_img005.jpg,sc5_2,sc,val,10
12805,sc5_2_img006.jpg,sc5_2,sc,val,10
12806,sc5_2_img007.jpg,sc5_2,sc,val,10
12807,sc5_2_img008.jpg,sc5_2,sc,val,10
12808,sc5_2_img009.jpg,sc5_2,sc,val,10
12809,sc5_2_img010.jpg,sc5_2,sc,val,10
12810,sc5_2_img011.jpg,sc5_2,sc,val,10
12811,sc5_2_img012.jpg,sc5_2,sc,val,10
12812,sc5_2_img013.jpg,sc5_2,sc,val,10
12813,sc5_2_img014.jpg,sc5_2,sc,val,10
12814,sc5_2_img015.jpg,sc5_2,sc,val,10
12815,sc5_2_img016.jpg,sc5_2,sc,val,10
12816,sc5_2_img017.jpg,sc5_2,sc,val,10
12817,sc5_2_img018.jpg,sc5_2,sc,val,10
12818,sc5_2_img019.jpg,sc5_2,sc,val,10
12819,sc5_2_img020.jpg,sc5_2,sc,val,10
12820,sc5_2_img021.jpg,sc5_2,sc,val,10
12821,sc5_2_img022.jpg,sc5_2,sc,val,10
12822,sc5_2_img023.jpg,sc5_2,sc,val,10
12823,sc5_2_img024.jpg,sc5_2,sc,val,10
12824,sc5_2_img025.jpg,sc5_2,sc,val,10
12825,sc5_2_img026.jpg,sc5_2,sc,val,10
12826,sc5_2_img027.jpg,sc5_2,sc,val,10
12827,sc5_2_img028.jpg,sc5_2,sc,val,10
12828,sc5_2_img029.jpg,sc5_2,sc,val,10
12829,sc5_2_img030.jpg,sc5_2,sc,val,10
12830,sc5_2_img031.jpg,sc5_2,sc,val,10
12831,sc5_2_img032.jpg,sc5_2,sc,val,10
12832,sc5_2_img033.jpg,sc5_2,sc,val,10
12833,sc5_2_img034.jpg,sc5_2,sc,val,10
12834,sc5_2_img035.jpg,sc5_2,sc,val,10
12835,sc5_2_img036.jpg,sc5_2,sc,val,10
12836,sc5_2_img037.jpg,sc5_2,sc,val,10
12837,sc5_2_img038.jpg,sc5_2,sc,val,10
12838,sc5_2_img039.jpg,sc5_2,sc,val,10
12839,sc5_2_img040.jpg,sc5_2,sc,val,10
12840,sc5_2_img041.jpg,sc5_2,sc,val,10
12841,sc5_2_img042.jpg,sc5_2,sc,val,10
12842,sc5_2_img043.jpg,sc5_2,sc,val,10
12843,sc5_2_img044.jpg,sc5_2,sc,val,10
12844,sc5_2_img045.jpg,sc5_2,sc,val,10
12845,sc5_2_img046.jpg,sc5_2,sc,val,10
12846,sc5_2_img047.jpg,sc5_2,sc,val,10
12847,sc5_2_img048.jpg,sc5_2,sc,val,10
12848,sc5_2_img049.jpg,sc5_2,sc,val,10
12849,sc5_2_img050.jpg,sc5_2,sc,val,10
12850,sc5_2_img051.jpg,sc5_2,sc,val,10
12851,sc5_2_img052.jpg,sc5_2,sc,val,10
12852,sc5_2_img053.jpg,sc5_2,sc,val,10
12853,sc5_2_img054.jpg,sc5_2,sc,val,10
12854,sc5_2_img055.jpg,sc5_2,sc,val,10
12855,sc5_2_img056.jpg,sc5_2,sc,val,10
12856,sc5_2_img057.jpg,sc5_2,sc,val,10
12857,sc5_2_img058.jpg,sc5_2,sc,val,10
12858,sc5_2_img059.jpg,sc5_2,sc,val,10
12859,sc5_2_img060.jpg,sc5_2,sc,val,10
12860,sc5_2_img061.jpg,sc5_2,sc,val,10
12861,sc5_2_img062.jpg,sc5_2,sc,val,10
12862,sc5_2_img063.jpg,sc5_2,sc,val,10
12863,sc5_2_img064.jpg,sc5_2,sc,val,10
12864,sc5_2_img065.jpg,sc5_2,sc,val,10
12865,sc5_2_img066.jpg,sc5_2,sc,val,10
12866,sc5_2_img067.jpg,sc5_2,sc,val,10
12867,sc5_2_img068.jpg,sc5_2,sc,val,10
12868,sc5_2_img069.jpg,sc5_2,sc,val,10
12869,sc5_2_img070.jpg,sc5_2,sc,val,10
12870,sc5_2_img071.jpg,sc5_2,sc,val,10
12871,sc5_2_img072.jpg,sc5_2,sc,val,10
12872,sc5_2_img073.jpg,sc5_2,sc,val,10
12873,sc5_2_img074.jpg,sc5_2,sc,val,10
12874,sc5_2_img075.jpg,sc5_2,sc,val,10
12875,sc5_2_img076.jpg,sc5_2,sc,val,10
12876,sc5_2_img077.jpg,sc5_2,sc,val,10
12877,sc5_2_img078.jpg,sc5_2,sc,val,10
12878,sc5_2_img079.jpg,sc5_2,sc,val,10
12879,sc5_2_img080.jpg,sc5_2,sc,val,10
12880,sc5_2_img081.jpg,sc5_2,sc,val,10
12881,sc5_2_img082.jpg,sc5_2,sc,val,10
12882,sc5_2_img083.jpg,sc5_2,sc,val,10
12883,sc5_2_img084.jpg,sc5_2,sc,val,10
12884,sc5_2_img085.jpg,sc5_2,sc,val,10
12885,sc5_2_img086.jpg,sc5_2,sc,val,10
12886,sc5_2_img087.jpg,sc5_2,sc,val,10
12887,sc5_2_img088.jpg,sc5_2,sc,val,10
12888,sc5_2_img089.jpg,sc5_2,sc,val,10
12889,sc5_2_img090.jpg,sc5_2,sc,val,10
12890,sc5_2_img091.jpg,sc5_2,sc,val,10
12891,sc5_2_img092.jpg,sc5_2,sc,val,10
12892,sc5_2_img093.jpg,sc5_2,sc,val,10
12893,sc5_2_img094.jpg,sc5_2,sc,val,10
12894,sc5_2_img095.jpg,sc5_2,sc,val,10
12895,sc5_3_img001.jpg,sc5_3,sc,train,10
12896,sc5_3_img002.jpg,sc5_3,sc,train,10
12897,sc5_3_img003.jpg,sc5_3,sc,train,10
12898,sc5_3_img004.jpg,sc5_3,sc,train,10
12899,sc5_3_img005.jpg,sc5_3,sc,train,10
12900,sc5_3_img006.jpg,sc5_3,sc,train,10
12901,sc5_3_img007.jpg,sc5_3,sc,train,10
12902,sc5_3_img008.jpg,sc5_3,sc,train,10
12903,sc5_3_img009.jpg,sc5_3,sc,train,10
12904,sc5_3_img010.jpg,sc5_3,sc,train,10
12905,sc5_3_img011.jpg,sc5_3,sc,train,10
12906,sc5_3_img012.jpg,sc5_3,sc,train,10
12907,sc5_3_img013.jpg,sc5_3,sc,train,10
12908,sc5_3_img014.jpg,sc5_3,sc,train,10
12909,sc5_3_img015.jpg,sc5_3,sc,train,10
12910,sc5_3_img016.jpg,sc5_3,sc,train,10
12911,sc5_3_img017.jpg,sc5_3,sc,train,10
12912,sc5_3_img018.jpg,sc5_3,sc,train,10
12913,sc5_3_img019.jpg,sc5_3,sc,train,10
12914,sc5_3_img020.jpg,sc5_3,sc,train,10
12915,sc5_3_img021.jpg,sc5_3,sc,train,10
12916,sc5_3_img022.jpg,sc5_3,sc,train,10
12917,sc5_3_img023.jpg,sc5_3,sc,train,10
12918,sc5_3_img024.jpg,sc5_3,sc,train,10
12919,sc5_3_img025.jpg,sc5_3,sc,train,10
12920,sc5_3_img026.jpg,sc5_3,sc,train,10
12921,sc5_3_img027.jpg,sc5_3,sc,train,10
12922,sc5_3_img028.jpg,sc5_3,sc,train,10
12923,sc5_3_img029.jpg,sc5_3,sc,train,10
12924,sc5_3_img030.jpg,sc5_3,sc,train,10
12925,sc5_3_img031.jpg,sc5_3,sc,train,10
12926,sc5_3_img032.jpg,sc5_3,sc,train,10
12927,sc5_3_img033.jpg,sc5_3,sc,train,10
12928,sc5_3_img034.jpg,sc5_3,sc,train,10
12929,sc5_3_img035.jpg,sc5_3,sc,train,10
12930,sc5_3_img036.jpg,sc5_3,sc,train,10
12931,sc5_3_img037.jpg,sc5_3,sc,train,10
12932,sc5_3_img038.jpg,sc5_3,sc,train,10
12933,sc5_3_img039.jpg,sc5_3,sc,train,10
12934,sc5_3_img040.jpg,sc5_3,sc,train,10
12935,sc5_3_img041.jpg,sc5_3,sc,train,10
12936,sc5_3_img042.jpg,sc5_3,sc,train,10
12937,sc5_3_img043.jpg,sc5_3,sc,train,10
12938,sc5_3_img044.jpg,sc5_3,sc,train,10
12939,sc5_3_img045.jpg,sc5_3,sc,train,10
12940,sc5_3_img046.jpg,sc5_3,sc,train,10
12941,sc5_3_img047.jpg,sc5_3,sc,train,10
12942,sc5_3_img048.jpg,sc5_3,sc,train,10
12943,sc5_3_img049.jpg,sc5_3,sc,train,10
12944,sc5_3_img050.jpg,sc5_3,sc,train,10
12945,sc5_3_img051.jpg,sc5_3,sc,train,10
12946,sc5_3_img052.jpg,sc5_3,sc,train,10
12947,sc5_3_img053.jpg,sc5_3,sc,train,10
12948,sc5_3_img054.jpg,sc5_3,sc,train,10
12949,sc5_3_img055.jpg,sc5_3,sc,train,10
12950,sc5_3_img056.jpg,sc5_3,sc,train,10
12951,sc5_3_img057.jpg,sc5_3,sc,train,10
12952,sc5_3_img058.jpg,sc5_3,sc,train,10
12953,sc5_3_img059.jpg,sc5_3,sc,train,10
12954,sc5_3_img060.jpg,sc5_3,sc,train,10
12955,sc5_3_img061.jpg,sc5_3,sc,train,10
12956,sc5_3_img062.jpg,sc5_3,sc,train,10
12957,sc5_3_img063.jpg,sc5_3,sc,train,10
12958,sc5_3_img064.jpg,sc5_3,sc,train,10
12959,sc5_3_img065.jpg,sc5_3,sc,train,10
12960,sc5_3_img066.jpg,sc5_3,sc,train,10
12961,sc5_3_img067.jpg,sc5_3,sc,train,10
12962,sc5_3_img068.jpg,sc5_3,sc,train,10
12963,sc5_3_img069.jpg,sc5_3,sc,train,10
12964,sc5_3_img070.jpg,sc5_3,sc,train,10
12965,sc5_3_img071.jpg,sc5_3,sc,train,10
12966,sc5_3_img072.jpg,sc5_3,sc,train,10
12967,sc5_3_img073.jpg,sc5_3,sc,train,10
12968,sc5_3_img074.jpg,sc5_3,sc,train,10
12969,sc5_3_img075.jpg,sc5_3,sc,train,10
12970,sc5_3_img076.jpg,sc5_3,sc,train,10
12971,sc5_3_img077.jpg,sc5_3,sc,train,10
12972,sc5_3_img078.jpg,sc5_3,sc,train,10
12973,sc5_3_img079.jpg,sc5_3,sc,train,10
12974,sc5_3_img080.jpg,sc5_3,sc,train,10
12975,sc5_3_img081.jpg,sc5_3,sc,train,10
12976,sc5_3_img082.jpg,sc5_3,sc,train,10
12977,sc5_3_img083.jpg,sc5_3,sc,train,10
12978,sc5_3_img084.jpg,sc5_3,sc,train,10
12979,sc5_3_img085.jpg,sc5_3,sc,train,10
12980,sc5_3_img086.jpg,sc5_3,sc,train,10
12981,sc5_3_img087.jpg,sc5_3,sc,train,10
12982,sc5_3_img088.jpg,sc5_3,sc,train,10
12983,sc5_3_img089.jpg,sc5_3,sc,train,10
12984,sc5_3_img090.jpg,sc5_3,sc,train,10
12985,sc5_3_img091.jpg,sc5_3,sc,train,10
12986,sc5_3_img092.jpg,sc5_3,sc,train,10
12987,sc5_3_img093.jpg,sc5_3,sc,train,10
12988,sc5_3_img094.jpg,sc5_3,sc,train,10
12989,sc5_3_img095.jpg,sc5_3,sc,train,10
12990,sc5_4_img001.jpg,sc5_4,sc,train,10
12991,sc5_4_img002.jpg,sc5_4,sc,train,10
12992,sc5_4_img003.jpg,sc5_4,sc,train,10
12993,sc5_4_img004.jpg,sc5_4,sc,train,10
12994,sc5_4_img005.jpg,sc5_4,sc,train,10
12995,sc5_4_img006.jpg,sc5_4,sc,train,10
12996,sc5_4_img007.jpg,sc5_4,sc,train,10
12997,sc5_4_img008.jpg,sc5_4,sc,train,10
12998,sc5_4_img009.jpg,sc5_4,sc,train,10
12999,sc5_4_img010.jpg,sc5_4,sc,train,10
13000,sc5_4_img011.jpg,sc5_4,sc,train,10
13001,sc5_4_img012.jpg,sc5_4,sc,train,10
13002,sc5_4_img013.jpg,sc5_4,sc,train,10
13003,sc5_4_img014.jpg,sc5_4,sc,train,10
13004,sc5_4_img015.jpg,sc5_4,sc,train,10
13005,sc5_4_img016.jpg,sc5_4,sc,train,10
13006,sc5_4_img017.jpg,sc5_4,sc,train,10
13007,sc5_4_img018.jpg,sc5_4,sc,train,10
13008,sc5_4_img019.jpg,sc5_4,sc,train,10
13009,sc5_4_img020.jpg,sc5_4,sc,train,10
13010,sc5_4_img021.jpg,sc5_4,sc,train,10
13011,sc5_4_img022.jpg,sc5_4,sc,train,10
13012,sc5_4_img023.jpg,sc5_4,sc,train,10
13013,sc5_4_img024.jpg,sc5_4,sc,train,10
13014,sc5_4_img025.jpg,sc5_4,sc,train,10
13015,sc5_4_img026.jpg,sc5_4,sc,train,10
13016,sc5_4_img027.jpg,sc5_4,sc,train,10
13017,sc5_4_img028.jpg,sc5_4,sc,train,10
13018,sc5_4_img029.jpg,sc5_4,sc,train,10
13019,sc5_4_img030.jpg,sc5_4,sc,train,10
13020,sc5_4_img031.jpg,sc5_4,sc,train,10
13021,sc5_4_img032.jpg,sc5_4,sc,train,10
13022,sc5_4_img033.jpg,sc5_4,sc,train,10
13023,sc5_4_img034.jpg,sc5_4,sc,train,10
13024,sc5_4_img035.jpg,sc5_4,sc,train,10
13025,sc5_4_img036.jpg,sc5_4,sc,train,10
13026,sc5_4_img037.jpg,sc5_4,sc,train,10
13027,sc5_4_img038.jpg,sc5_4,sc,train,10
13028,sc5_4_img039.jpg,sc5_4,sc,train,10
13029,sc5_4_img040.jpg,sc5_4,sc,train,10
13030,sc5_4_img041.jpg,sc5_4,sc,train,10
13031,sc5_4_img042.jpg,sc5_4,sc,train,10
13032,sc5_4_img043.jpg,sc5_4,sc,train,10
13033,sc5_4_img044.jpg,sc5_4,sc,train,10
13034,sc5_4_img045.jpg,sc5_4,sc,train,10
13035,sc5_4_img046.jpg,sc5_4,sc,train,10
13036,sc5_4_img047.jpg,sc5_4,sc,train,10
13037,sc5_4_img048.jpg,sc5_4,sc,train,10
13038,sc5_4_img049.jpg,sc5_4,sc,train,10
13039,sc5_4_img050.jpg,sc5_4,sc,train,10
13040,sc5_4_img051.jpg,sc5_4,sc,train,10
13041,sc5_4_img052.jpg,sc5_4,sc,train,10
13042,sc5_4_img053.jpg,sc5_4,sc,train,10
13043,sc5_4_img054.jpg,sc5_4,sc,train,10
13044,sc5_4_img055.jpg,sc5_4,sc,train,10
13045,sc5_4_img056.jpg,sc5_4,sc,train,10
13046,sc5_4_img057.jpg,sc5_4,sc,train,10
13047,sc5_4_img058.jpg,sc5_4,sc,train,10
13048,sc5_4_img059.jpg,sc5_4,sc,train,10
13049,sc5_4_img060.jpg,sc5_4,sc,train,10
13050,sc5_4_img061.jpg,sc5_4,sc,train,10
13051,sc5_4_img062.jpg,sc5_4,sc,train,10
13052,sc5_4_img063.jpg,sc5_4,sc,train,10
13053,sc5_4_img064.jpg,sc5_4,sc,train,10
13054,sc5_4_img065.jpg,sc5_4,sc,train,10
13055,sc5_4_img066.jpg,sc5_4,sc,train,10
13056,sc5_4_img067.jpg,sc5_4,sc,train,10
13057,sc5_4_img068.jpg,sc5_4,sc,train,10
13058,sc5_4_img069.jpg,sc5_4,sc,train,10
13059,sc5_4_img070.jpg,sc5_4,sc,train,10
13060,sc5_4_img071.jpg,sc5_4,sc,train,10
13061,sc5_4_img072.jpg,sc5_4,sc,train,10
13062,sc5_4_img073.jpg,sc5_4,sc,train,10
13063,sc5_4_img074.jpg,sc5_4,sc,train,10
13064,sc5_4_img075.jpg,sc5_4,sc,train,10
13065,sc5_4_img076.jpg,sc5_4,sc,train,10
13066,sc5_4_img077.jpg,sc5_4,sc,train,10
13067,sc5_4_img078.jpg,sc5_4,sc,train,10
13068,sc5_4_img079.jpg,sc5_4,sc,train,10
13069,sc5_4_img080.jpg,sc5_4,sc,train,10
13070,sc5_4_img081.jpg,sc5_4,sc,train,10
13071,sc5_4_img082.jpg,sc5_4,sc,train,10
13072,sc5_4_img083.jpg,sc5_4,sc,train,10
13073,sc5_4_img084.jpg,sc5_4,sc,train,10
13074,sc5_4_img085.jpg,sc5_4,sc,train,10
13075,sc5_4_img086.jpg,sc5_4,sc,train,10
13076,sc5_4_img087.jpg,sc5_4,sc,train,10
13077,sc5_4_img088.jpg,sc5_4,sc,train,10
13078,sc5_4_img089.jpg,sc5_4,sc,train,10
13079,sc5_4_img090.jpg,sc5_4,sc,train,10
13080,sc5_4_img091.jpg,sc5_4,sc,train,10
13081,sc5_4_img092.jpg,sc5_4,sc,train,10
13082,sc5_4_img093.jpg,sc5_4,sc,train,10
13083,sc5_4_img094.jpg,sc5_4,sc,train,10
13084,sc5_4_img095.jpg,sc5_4,sc,train,10
13085,sc5_5_img001.jpg,sc5_5,sc,train,11
13086,sc5_5_img002.jpg,sc5_5,sc,train,11
13087,sc5_5_img003.jpg,sc5_5,sc,train,11
13088,sc5_5_img004.jpg,sc5_5,sc,train,11
13089,sc5_5_img005.jpg,sc5_5,sc,train,11
13090,sc5_5_img006.jpg,sc5_5,sc,train,11
13091,sc5_5_img007.jpg,sc5_5,sc,train,11
13092,sc5_5_img008.jpg,sc5_5,sc,train,11
13093,sc5_5_img009.jpg,sc5_5,sc,train,11
13094,sc5_5_img010.jpg,sc5_5,sc,train,11
13095,sc5_5_img011.jpg,sc5_5,sc,train,11
13096,sc5_5_img012.jpg,sc5_5,sc,train,11
13097,sc5_5_img013.jpg,sc5_5,sc,train,11
13098,sc5_5_img014.jpg,sc5_5,sc,train,11
13099,sc5_5_img015.jpg,sc5_5,sc,train,11
13100,sc5_5_img016.jpg,sc5_5,sc,train,11
13101,sc5_5_img017.jpg,sc5_5,sc,train,11
13102,sc5_5_img018.jpg,sc5_5,sc,train,11
13103,sc5_5_img019.jpg,sc5_5,sc,train,11
13104,sc5_5_img020.jpg,sc5_5,sc,train,11
13105,sc5_5_img021.jpg,sc5_5,sc,train,11
13106,sc5_5_img022.jpg,sc5_5,sc,train,11
13107,sc5_5_img023.jpg,sc5_5,sc,train,11
13108,sc5_5_img024.jpg,sc5_5,sc,train,11
13109,sc5_5_img025.jpg,sc5_5,sc,train,11
13110,sc5_5_img026.jpg,sc5_5,sc,train,11
13111,sc5_5_img027.jpg,sc5_5,sc,train,11
13112,sc5_5_img028.jpg,sc5_5,sc,train,11
13113,sc5_5_img029.jpg,sc5_5,sc,train,11
13114,sc5_5_img030.jpg,sc5_5,sc,train,11
13115,sc5_5_img031.jpg,sc5_5,sc,train,11
13116,sc5_5_img032.jpg,sc5_5,sc,train,11
13117,sc5_5_img033.jpg,sc5_5,sc,train,11
13118,sc5_5_img034.jpg,sc5_5,sc,train,11
13119,sc5_5_img035.jpg,sc5_5,sc,train,11
13120,sc5_5_img036.jpg,sc5_5,sc,train,11
13121,sc5_5_img037.jpg,sc5_5,sc,train,11
13122,sc5_5_img038.jpg,sc5_5,sc,train,11
13123,sc5_5_img039.jpg,sc5_5,sc,train,11
13124,sc5_5_img040.jpg,sc5_5,sc,train,11
13125,sc5_5_img041.jpg,sc5_5,sc,train,11
13126,sc5_5_img042.jpg,sc5_5,sc,train,11
13127,sc5_5_img043.jpg,sc5_5,sc,train,11
13128,sc5_5_img044.jpg,sc5_5,sc,train,11
13129,sc5_5_img045.jpg,sc5_5,sc,train,11
13130,sc5_5_img046.jpg,sc5_5,sc,train,11
13131,sc5_5_img047.jpg,sc5_5,sc,train,11
13132,sc5_5_img048.jpg,sc5_5,sc,train,11
13133,sc5_5_img049.jpg,sc5_5,sc,train,11
13134,sc5_5_img050.jpg,sc5_5,sc,train,11
13135,sc5_5_img051.jpg,sc5_5,sc,train,11
13136,sc5_5_img052.jpg,sc5_5,sc,train,11
13137,sc5_5_img053.jpg,sc5_5,sc,train,11
13138,sc5_5_img054.jpg,sc5_5,sc,train,11
13139,sc5_5_img055.jpg,sc5_5,sc,train,11
13140,sc5_5_img056.jpg,sc5_5,sc,train,11
13141,sc5_5_img057.jpg,sc5_5,sc,train,11
13142,sc5_5_img058.jpg,sc5_5,sc,train,11
13143,sc5_5_img059.jpg,sc5_5,sc,train,11
13144,sc5_5_img060.jpg,sc5_5,sc,train,11
13145,sc5_5_img061.jpg,sc5_5,sc,train,11
13146,sc5_5_img062.jpg,sc5_5,sc,train,11
13147,sc5_5_img063.jpg,sc5_5,sc,train,11
13148,sc5_5_img064.jpg,sc5_5,sc,train,11
13149,sc5_5_img065.jpg,sc5_5,sc,train,11
13150,sc5_5_img066.jpg,sc5_5,sc,train,11
13151,sc5_5_img067.jpg,sc5_5,sc,train,11
13152,sc5_5_img068.jpg,sc5_5,sc,train,11
13153,sc5_5_img069.jpg,sc5_5,sc,train,11
13154,sc5_5_img070.jpg,sc5_5,sc,train,11
13155,sc5_5_img071.jpg,sc5_5,sc,train,11
13156,sc5_5_img072.jpg,sc5_5,sc,train,11
13157,sc5_5_img073.jpg,sc5_5,sc,train,11
13158,sc5_5_img074.jpg,sc5_5,sc,train,11
13159,sc5_5_img075.jpg,sc5_5,sc,train,11
13160,sc5_5_img076.jpg,sc5_5,sc,train,11
13161,sc5_5_img077.jpg,sc5_5,sc,train,11
13162,sc5_5_img078.jpg,sc5_5,sc,train,11
13163,sc5_5_img079.jpg,sc5_5,sc,train,11
13164,sc5_5_img080.jpg,sc5_5,sc,train,11
13165,sc5_5_img081.jpg,sc5_5,sc,train,11
13166,sc5_5_img082.jpg,sc5_5,sc,train,11
13167,sc5_5_img083.jpg,sc5_5,sc,train,11
13168,sc5_5_img084.jpg,sc5_5,sc,train,11
13169,sc5_5_img085.jpg,sc5_5,sc,train,11
13170,sc5_5_img086.jpg,sc5_5,sc,train,11
13171,sc5_5_img087.jpg,sc5_5,sc,train,11
13172,sc5_5_img088.jpg,sc5_5,sc,train,11
13173,sc5_5_img089.jpg,sc5_5,sc,train,11
13174,sc5_5_img090.jpg,sc5_5,sc,train,11
13175,sc5_5_img091.jpg,sc5_5,sc,train,11
13176,sc5_5_img092.jpg,sc5_5,sc,train,11
13177,sc5_5_img093.jpg,sc5_5,sc,train,11
13178,sc5_5_img094.jpg,sc5_5,sc,train,11
13179,sc5_5_img095.jpg,sc5_5,sc,train,11
13180,sc5_6_img001.jpg,sc5_6,sc,train,10
13181,sc5_6_img002.jpg,sc5_6,sc,train,10
13182,sc5_6_img003.jpg,sc5_6,sc,train,10
13183,sc5_6_img004.jpg,sc5_6,sc,train,10
13184,sc5_6_img005.jpg,sc5_6,sc,train,10
13185,sc5_6_img006.jpg,sc5_6,sc,train,10
13186,sc5_6_img007.jpg,sc5_6,sc,train,10
13187,sc5_6_img008.jpg,sc5_6,sc,train,10
13188,sc5_6_img009.jpg,sc5_6,sc,train,10
13189,sc5_6_img010.jpg,sc5_6,sc,train,10
13190,sc5_6_img011.jpg,sc5_6,sc,train,10
13191,sc5_6_img012.jpg,sc5_6,sc,train,10
13192,sc5_6_img013.jpg,sc5_6,sc,train,10
13193,sc5_6_img014.jpg,sc5_6,sc,train,10
13194,sc5_6_img015.jpg,sc5_6,sc,train,10
13195,sc5_6_img016.jpg,sc5_6,sc,train,10
13196,sc5_6_img017.jpg,sc5_6,sc,train,10
13197,sc5_6_img018.jpg,sc5_6,sc,train,10
13198,sc5_6_img019.jpg,sc5_6,sc,train,10
13199,sc5_6_img020.jpg,sc5_6,sc,train,10
13200,sc5_6_img021.jpg,sc5_6,sc,train,10
13201,sc5_6_img022.jpg,sc5_6,sc,train,10
13202,sc5_6_img023.jpg,sc5_6,sc,train,10
13203,sc5_6_img024.jpg,sc5_6,sc,train,10
13204,sc5_6_img025.jpg,sc5_6,sc,train,10
13205,sc5_6_img026.jpg,sc5_6,sc,train,10
13206,sc5_6_img027.jpg,sc5_6,sc,train,10
13207,sc5_6_img028.jpg,sc5_6,sc,train,10
13208,sc5_6_img029.jpg,sc5_6,sc,train,10
13209,sc5_6_img030.jpg,sc5_6,sc,train,10
13210,sc5_6_img031.jpg,sc5_6,sc,train,10
13211,sc5_6_img032.jpg,sc5_6,sc,train,10
13212,sc5_6_img033.jpg,sc5_6,sc,train,10
13213,sc5_6_img034.jpg,sc5_6,sc,train,10
13214,sc5_6_img035.jpg,sc5_6,sc,train,10
13215,sc5_6_img036.jpg,sc5_6,sc,train,10
13216,sc5_6_img037.jpg,sc5_6,sc,train,10
13217,sc5_6_img038.jpg,sc5_6,sc,train,10
13218,sc5_6_img039.jpg,sc5_6,sc,train,10
13219,sc5_6_img040.jpg,sc5_6,sc,train,10
13220,sc5_6_img041.jpg,sc5_6,sc,train,10
13221,sc5_6_img042.jpg,sc5_6,sc,train,10
13222,sc5_6_img043.jpg,sc5_6,sc,train,10
13223,sc5_6_img044.jpg,sc5_6,sc,train,10
13224,sc5_6_img045.jpg,sc5_6,sc,train,10
13225,sc5_6_img046.jpg,sc5_6,sc,train,10
13226,sc5_6_img047.jpg,sc5_6,sc,train,10
13227,sc5_6_img048.jpg,sc5_6,sc,train,10
13228,sc5_6_img049.jpg,sc5_6,sc,train,10
13229,sc5_6_img050.jpg,sc5_6,sc,train,10
13230,sc5_6_img051.jpg,sc5_6,sc,train,10
13231,sc5_6_img052.jpg,sc5_6,sc,train,10
13232,sc5_6_img053.jpg,sc5_6,sc,train,10
13233,sc5_6_img054.jpg,sc5_6,sc,train,10
13234,sc5_6_img055.jpg,sc5_6,sc,train,10
13235,sc5_6_img056.jpg,sc5_6,sc,train,10
13236,sc5_6_img057.jpg,sc5_6,sc,train,10
13237,sc5_6_img058.jpg,sc5_6,sc,train,10
13238,sc5_6_img059.jpg,sc5_6,sc,train,10
13239,sc5_6_img060.jpg,sc5_6,sc,train,10
13240,sc5_6_img061.jpg,sc5_6,sc,train,10
13241,sc5_6_img062.jpg,sc5_6,sc,train,10
13242,sc5_6_img063.jpg,sc5_6,sc,train,10
13243,sc5_6_img064.jpg,sc5_6,sc,train,10
13244,sc5_6_img065.jpg,sc5_6,sc,train,10
13245,sc5_6_img066.jpg,sc5_6,sc,train,10
13246,sc5_6_img067.jpg,sc5_6,sc,train,10
13247,sc5_6_img068.jpg,sc5_6,sc,train,10
13248,sc5_6_img069.jpg,sc5_6,sc,train,10
13249,sc5_6_img070.jpg,sc5_6,sc,train,10
13250,sc5_6_img071.jpg,sc5_6,sc,train,10
13251,sc5_6_img072.jpg,sc5_6,sc,train,10
13252,sc5_6_img073.jpg,sc5_6,sc,train,10
13253,sc5_6_img074.jpg,sc5_6,sc,train,10
13254,sc5_6_img075.jpg,sc5_6,sc,train,10
13255,sc5_6_img076.jpg,sc5_6,sc,train,10
13256,sc5_6_img077.jpg,sc5_6,sc,train,10
13257,sc5_6_img078.jpg,sc5_6,sc,train,10
13258,sc5_6_img079.jpg,sc5_6,sc,train,10
13259,sc5_6_img080.jpg,sc5_6,sc,train,10
13260,sc5_6_img081.jpg,sc5_6,sc,train,10
13261,sc5_6_img082.jpg,sc5_6,sc,train,10
13262,sc5_6_img083.jpg,sc5_6,sc,train,10
13263,sc5_6_img084.jpg,sc5_6,sc,train,10
13264,sc5_6_img085.jpg,sc5_6,sc,train,10
13265,sc5_6_img086.jpg,sc5_6,sc,train,10
13266,sc5_6_img087.jpg,sc5_6,sc,train,10
13267,sc5_6_img088.jpg,sc5_6,sc,train,10
13268,sc5_6_img089.jpg,sc5_6,sc,train,10
13269,sc5_6_img090.jpg,sc5_6,sc,train,10
13270,sc5_6_img091.jpg,sc5_6,sc,train,10
13271,sc5_6_img092.jpg,sc5_6,sc,train,10
13272,sc5_6_img093.jpg,sc5_6,sc,train,10
13273,sc5_6_img094.jpg,sc5_6,sc,train,10
13274,sc5_6_img095.jpg,sc5_6,sc,train,10
13275,sc5_7_img001.jpg,sc5_7,sc,train,10
13276,sc5_7_img002.jpg,sc5_7,sc,train,10
13277,sc5_7_img003.jpg,sc5_7,sc,train,10
13278,sc5_7_img004.jpg,sc5_7,sc,train,10
13279,sc5_7_img005.jpg,sc5_7,sc,train,10
13280,sc5_7_img006.jpg,sc5_7,sc,train,10
13281,sc5_7_img007.jpg,sc5_7,sc,train,10
13282,sc5_7_img008.jpg,sc5_7,sc,train,10
13283,sc5_7_img009.jpg,sc5_7,sc,train,10
13284,sc5_7_img010.jpg,sc5_7,sc,train,10
13285,sc5_7_img011.jpg,sc5_7,sc,train,10
13286,sc5_7_img012.jpg,sc5_7,sc,train,10
13287,sc5_7_img013.jpg,sc5_7,sc,train,10
13288,sc5_7_img014.jpg,sc5_7,sc,train,10
13289,sc5_7_img015.jpg,sc5_7,sc,train,10
13290,sc5_7_img016.jpg,sc5_7,sc,train,10
13291,sc5_7_img017.jpg,sc5_7,sc,train,10
13292,sc5_7_img018.jpg,sc5_7,sc,train,10
13293,sc5_7_img019.jpg,sc5_7,sc,train,10
13294,sc5_7_img020.jpg,sc5_7,sc,train,10
13295,sc5_7_img021.jpg,sc5_7,sc,train,10
13296,sc5_7_img022.jpg,sc5_7,sc,train,10
13297,sc5_7_img023.jpg,sc5_7,sc,train,10
13298,sc5_7_img024.jpg,sc5_7,sc,train,10
13299,sc5_7_img025.jpg,sc5_7,sc,train,10
13300,sc5_7_img026.jpg,sc5_7,sc,train,10
13301,sc5_7_img027.jpg,sc5_7,sc,train,10
13302,sc5_7_img028.jpg,sc5_7,sc,train,10
13303,sc5_7_img029.jpg,sc5_7,sc,train,10
13304,sc5_7_img030.jpg,sc5_7,sc,train,10
13305,sc5_7_img031.jpg,sc5_7,sc,train,10
13306,sc5_7_img032.jpg,sc5_7,sc,train,10
13307,sc5_7_img033.jpg,sc5_7,sc,train,10
13308,sc5_7_img034.jpg,sc5_7,sc,train,10
13309,sc5_7_img035.jpg,sc5_7,sc,train,10
13310,sc5_7_img036.jpg,sc5_7,sc,train,10
13311,sc5_7_img037.jpg,sc5_7,sc,train,10
13312,sc5_7_img038.jpg,sc5_7,sc,train,10
13313,sc5_7_img039.jpg,sc5_7,sc,train,10
13314,sc5_7_img040.jpg,sc5_7,sc,train,10
13315,sc5_7_img041.jpg,sc5_7,sc,train,10
13316,sc5_7_img042.jpg,sc5_7,sc,train,10
13317,sc5_7_img043.jpg,sc5_7,sc,train,10
13318,sc5_7_img044.jpg,sc5_7,sc,train,10
13319,sc5_7_img045.jpg,sc5_7,sc,train,10
13320,sc5_7_img046.jpg,sc5_7,sc,train,10
13321,sc5_7_img047.jpg,sc5_7,sc,train,10
13322,sc5_7_img048.jpg,sc5_7,sc,train,10
13323,sc5_7_img049.jpg,sc5_7,sc,train,10
13324,sc5_7_img050.jpg,sc5_7,sc,train,10
13325,sc5_7_img051.jpg,sc5_7,sc,train,10
13326,sc5_7_img052.jpg,sc5_7,sc,train,10
13327,sc5_7_img053.jpg,sc5_7,sc,train,10
13328,sc5_7_img054.jpg,sc5_7,sc,train,10
13329,sc5_7_img055.jpg,sc5_7,sc,train,10
13330,sc5_7_img056.jpg,sc5_7,sc,train,10
13331,sc5_7_img057.jpg,sc5_7,sc,train,10
13332,sc5_7_img058.jpg,sc5_7,sc,train,10
13333,sc5_7_img059.jpg,sc5_7,sc,train,10
13334,sc5_7_img060.jpg,sc5_7,sc,train,10
13335,sc5_7_img061.jpg,sc5_7,sc,train,10
13336,sc5_7_img062.jpg,sc5_7,sc,train,10
13337,sc5_7_img063.jpg,sc5_7,sc,train,10
13338,sc5_7_img064.jpg,sc5_7,sc,train,10
13339,sc5_7_img065.jpg,sc5_7,sc,train,10
13340,sc5_7_img066.jpg,sc5_7,sc,train,10
13341,sc5_7_img067.jpg,sc5_7,sc,train,10
13342,sc5_7_img068.jpg,sc5_7,sc,train,10
13343,sc5_7_img069.jpg,sc5_7,sc,train,10
13344,sc5_7_img070.jpg,sc5_7,sc,train,10
13345,sc5_7_img071.jpg,sc5_7,sc,train,10
13346,sc5_7_img072.jpg,sc5_7,sc,train,10
13347,sc5_7_img073.jpg,sc5_7,sc,train,10
13348,sc5_7_img074.jpg,sc5_7,sc,train,10
13349,sc5_7_img075.jpg,sc5_7,sc,train,10
13350,sc5_7_img076.jpg,sc5_7,sc,train,10
13351,sc5_7_img077.jpg,sc5_7,sc,train,10
13352,sc5_7_img078.jpg,sc5_7,sc,train,10
13353,sc5_7_img079.jpg,sc5_7,sc,train,10
13354,sc5_7_img080.jpg,sc5_7,sc,train,10
13355,sc5_7_img081.jpg,sc5_7,sc,train,10
13356,sc5_7_img082.jpg,sc5_7,sc,train,10
13357,sc5_7_img083.jpg,sc5_7,sc,train,10
13358,sc5_7_img084.jpg,sc5_7,sc,train,10
13359,sc5_7_img085.jpg,sc5_7,sc,train,10
13360,sc5_7_img086.jpg,sc5_7,sc,train,10
13361,sc5_7_img087.jpg,sc5_7,sc,train,10
13362,sc5_7_img088.jpg,sc5_7,sc,train,10
13363,sc5_7_img089.jpg,sc5_7,sc,train,10
13364,sc5_7_img090.jpg,sc5_7,sc,train,10
13365,sc5_7_img091.jpg,sc5_7,sc,train,10
13366,sc5_7_img092.jpg,sc5_7,sc,train,10
13367,sc5_7_img093.jpg,sc5_7,sc,train,10
13368,sc5_7_img094.jpg,sc5_7,sc,train,10
13369,sc5_7_img095.jpg,sc5_7,sc,train,10
13370,sc5_8_img001.jpg,sc5_8,sc,train,10
13371,sc5_8_img002.jpg,sc5_8,sc,train,10
13372,sc5_8_img003.jpg,sc5_8,sc,train,10
13373,sc5_8_img004.jpg,sc5_8,sc,train,10
13374,sc5_8_img005.jpg,sc5_8,sc,train,10
13375,sc5_8_img006.jpg,sc5_8,sc,train,10
13376,sc5_8_img007.jpg,sc5_8,sc,train,10
13377,sc5_8_img008.jpg,sc5_8,sc,train,10
13378,sc5_8_img009.jpg,sc5_8,sc,train,10
13379,sc5_8_img010.jpg,sc5_8,sc,train,10
13380,sc5_8_img011.jpg,sc5_8,sc,train,10
13381,sc5_8_img012.jpg,sc5_8,sc,train,10
13382,sc5_8_img013.jpg,sc5_8,sc,train,10
13383,sc5_8_img014.jpg,sc5_8,sc,train,10
13384,sc5_8_img015.jpg,sc5_8,sc,train,10
13385,sc5_8_img016.jpg,sc5_8,sc,train,10
13386,sc5_8_img017.jpg,sc5_8,sc,train,10
13387,sc5_8_img018.jpg,sc5_8,sc,train,10
13388,sc5_8_img019.jpg,sc5_8,sc,train,10
13389,sc5_8_img020.jpg,sc5_8,sc,train,10
13390,sc5_8_img021.jpg,sc5_8,sc,train,10
13391,sc5_8_img022.jpg,sc5_8,sc,train,10
13392,sc5_8_img023.jpg,sc5_8,sc,train,10
13393,sc5_8_img024.jpg,sc5_8,sc,train,10
13394,sc5_8_img025.jpg,sc5_8,sc,train,10
13395,sc5_8_img026.jpg,sc5_8,sc,train,10
13396,sc5_8_img027.jpg,sc5_8,sc,train,10
13397,sc5_8_img028.jpg,sc5_8,sc,train,10
13398,sc5_8_img029.jpg,sc5_8,sc,train,10
13399,sc5_8_img030.jpg,sc5_8,sc,train,10
13400,sc5_8_img031.jpg,sc5_8,sc,train,10
13401,sc5_8_img032.jpg,sc5_8,sc,train,10
13402,sc5_8_img033.jpg,sc5_8,sc,train,10
13403,sc5_8_img034.jpg,sc5_8,sc,train,10
13404,sc5_8_img035.jpg,sc5_8,sc,train,10
13405,sc5_8_img036.jpg,sc5_8,sc,train,10
13406,sc5_8_img037.jpg,sc5_8,sc,train,10
13407,sc5_8_img038.jpg,sc5_8,sc,train,10
13408,sc5_8_img039.jpg,sc5_8,sc,train,10
13409,sc5_8_img040.jpg,sc5_8,sc,train,10
13410,sc5_8_img041.jpg,sc5_8,sc,train,10
13411,sc5_8_img042.jpg,sc5_8,sc,train,10
13412,sc5_8_img043.jpg,sc5_8,sc,train,10
13413,sc5_8_img044.jpg,sc5_8,sc,train,10
13414,sc5_8_img045.jpg,sc5_8,sc,train,10
13415,sc5_8_img046.jpg,sc5_8,sc,train,10
13416,sc5_8_img047.jpg,sc5_8,sc,train,10
13417,sc5_8_img048.jpg,sc5_8,sc,train,10
13418,sc5_8_img049.jpg,sc5_8,sc,train,10
13419,sc5_8_img050.jpg,sc5_8,sc,train,10
13420,sc5_8_img051.jpg,sc5_8,sc,train,10
13421,sc5_8_img052.jpg,sc5_8,sc,train,10
13422,sc5_8_img053.jpg,sc5_8,sc,train,10
13423,sc5_8_img054.jpg,sc5_8,sc,train,10
13424,sc5_8_img055.jpg,sc5_8,sc,train,10
13425,sc5_8_img056.jpg,sc5_8,sc,train,10
13426,sc5_8_img057.jpg,sc5_8,sc,train,10
13427,sc5_8_img058.jpg,sc5_8,sc,train,10
13428,sc5_8_img059.jpg,sc5_8,sc,train,10
13429,sc5_8_img060.jpg,sc5_8,sc,train,10
13430,sc5_8_img061.jpg,sc5_8,sc,train,10
13431,sc5_8_img062.jpg,sc5_8,sc,train,10
13432,sc5_8_img063.jpg,sc5_8,sc,train,10
13433,sc5_8_img064.jpg,sc5_8,sc,train,10
13434,sc5_8_img065.jpg,sc5_8,sc,train,10
13435,sc5_8_img066.jpg,sc5_8,sc,train,10
13436,sc5_8_img067.jpg,sc5_8,sc,train,10
13437,sc5_8_img068.jpg,sc5_8,sc,train,10
13438,sc5_8_img069.jpg,sc5_8,sc,train,10
13439,sc5_8_img070.jpg,sc5_8,sc,train,10
13440,sc5_8_img071.jpg,sc5_8,sc,train,10
13441,sc5_8_img072.jpg,sc5_8,sc,train,10
13442,sc5_8_img073.jpg,sc5_8,sc,train,10
13443,sc5_8_img074.jpg,sc5_8,sc,train,10
13444,sc5_8_img075.jpg,sc5_8,sc,train,10
13445,sc5_8_img076.jpg,sc5_8,sc,train,10
13446,sc5_8_img077.jpg,sc5_8,sc,train,10
13447,sc5_8_img078.jpg,sc5_8,sc,train,10
13448,sc5_8_img079.jpg,sc5_8,sc,train,10
13449,sc5_8_img080.jpg,sc5_8,sc,train,10
13450,sc5_8_img081.jpg,sc5_8,sc,train,10
13451,sc5_8_img082.jpg,sc5_8,sc,train,10
13452,sc5_8_img083.jpg,sc5_8,sc,train,10
13453,sc5_8_img084.jpg,sc5_8,sc,train,10
13454,sc5_8_img085.jpg,sc5_8,sc,train,10
13455,sc5_8_img086.jpg,sc5_8,sc,train,10
13456,sc5_8_img087.jpg,sc5_8,sc,train,10
13457,sc5_8_img088.jpg,sc5_8,sc,train,10
13458,sc5_8_img089.jpg,sc5_8,sc,train,10
13459,sc5_8_img090.jpg,sc5_8,sc,train,10
13460,sc5_8_img091.jpg,sc5_8,sc,train,10
13461,sc5_8_img092.jpg,sc5_8,sc,train,10
13462,sc5_8_img093.jpg,sc5_8,sc,train,10
13463,sc5_8_img094.jpg,sc5_8,sc,train,10
13464,sc5_8_img095.jpg,sc5_8,sc,train,10
13465,sc6_10_img001.jpg,sc6_10,sc,train,10
13466,sc6_10_img002.jpg,sc6_10,sc,train,10
13467,sc6_10_img003.jpg,sc6_10,sc,train,10
13468,sc6_10_img004.jpg,sc6_10,sc,train,10
13469,sc6_10_img005.jpg,sc6_10,sc,train,10
13470,sc6_10_img006.jpg,sc6_10,sc,train,10
13471,sc6_10_img007.jpg,sc6_10,sc,train,10
13472,sc6_10_img008.jpg,sc6_10,sc,train,10
13473,sc6_10_img009.jpg,sc6_10,sc,train,10
13474,sc6_10_img010.jpg,sc6_10,sc,train,10
13475,sc6_10_img011.jpg,sc6_10,sc,train,10
13476,sc6_10_img012.jpg,sc6_10,sc,train,10
13477,sc6_10_img013.jpg,sc6_10,sc,train,10
13478,sc6_10_img014.jpg,sc6_10,sc,train,10
13479,sc6_10_img015.jpg,sc6_10,sc,train,10
13480,sc6_10_img016.jpg,sc6_10,sc,train,10
13481,sc6_10_img017.jpg,sc6_10,sc,train,10
13482,sc6_10_img018.jpg,sc6_10,sc,train,10
13483,sc6_10_img019.jpg,sc6_10,sc,train,10
13484,sc6_10_img020.jpg,sc6_10,sc,train,10
13485,sc6_10_img021.jpg,sc6_10,sc,train,10
13486,sc6_10_img022.jpg,sc6_10,sc,train,10
13487,sc6_10_img023.jpg,sc6_10,sc,train,10
13488,sc6_10_img024.jpg,sc6_10,sc,train,10
13489,sc6_10_img025.jpg,sc6_10,sc,train,10
13490,sc6_10_img026.jpg,sc6_10,sc,train,10
13491,sc6_10_img027.jpg,sc6_10,sc,train,10
13492,sc6_10_img028.jpg,sc6_10,sc,train,10
13493,sc6_10_img029.jpg,sc6_10,sc,train,10
13494,sc6_10_img030.jpg,sc6_10,sc,train,10
13495,sc6_10_img031.jpg,sc6_10,sc,train,10
13496,sc6_10_img032.jpg,sc6_10,sc,train,10
13497,sc6_10_img033.jpg,sc6_10,sc,train,10
13498,sc6_10_img034.jpg,sc6_10,sc,train,10
13499,sc6_10_img035.jpg,sc6_10,sc,train,10
13500,sc6_10_img036.jpg,sc6_10,sc,train,10
13501,sc6_10_img037.jpg,sc6_10,sc,train,10
13502,sc6_10_img038.jpg,sc6_10,sc,train,10
13503,sc6_10_img039.jpg,sc6_10,sc,train,10
13504,sc6_10_img040.jpg,sc6_10,sc,train,10
13505,sc6_10_img041.jpg,sc6_10,sc,train,10
13506,sc6_10_img042.jpg,sc6_10,sc,train,10
13507,sc6_10_img043.jpg,sc6_10,sc,train,10
13508,sc6_10_img044.jpg,sc6_10,sc,train,10
13509,sc6_10_img045.jpg,sc6_10,sc,train,10
13510,sc6_10_img046.jpg,sc6_10,sc,train,10
13511,sc6_10_img047.jpg,sc6_10,sc,train,10
13512,sc6_10_img048.jpg,sc6_10,sc,train,10
13513,sc6_10_img049.jpg,sc6_10,sc,train,10
13514,sc6_10_img050.jpg,sc6_10,sc,train,10
13515,sc6_10_img051.jpg,sc6_10,sc,train,10
13516,sc6_10_img052.jpg,sc6_10,sc,train,10
13517,sc6_10_img053.jpg,sc6_10,sc,train,10
13518,sc6_10_img054.jpg,sc6_10,sc,train,10
13519,sc6_10_img055.jpg,sc6_10,sc,train,10
13520,sc6_10_img056.jpg,sc6_10,sc,train,10
13521,sc6_10_img057.jpg,sc6_10,sc,train,10
13522,sc6_10_img058.jpg,sc6_10,sc,train,10
13523,sc6_10_img059.jpg,sc6_10,sc,train,10
13524,sc6_10_img060.jpg,sc6_10,sc,train,10
13525,sc6_10_img061.jpg,sc6_10,sc,train,10
13526,sc6_10_img062.jpg,sc6_10,sc,train,10
13527,sc6_10_img063.jpg,sc6_10,sc,train,10
13528,sc6_10_img064.jpg,sc6_10,sc,train,10
13529,sc6_10_img065.jpg,sc6_10,sc,train,10
13530,sc6_10_img066.jpg,sc6_10,sc,train,10
13531,sc6_10_img067.jpg,sc6_10,sc,train,10
13532,sc6_10_img068.jpg,sc6_10,sc,train,10
13533,sc6_10_img069.jpg,sc6_10,sc,train,10
13534,sc6_10_img070.jpg,sc6_10,sc,train,10
13535,sc6_10_img071.jpg,sc6_10,sc,train,10
13536,sc6_10_img072.jpg,sc6_10,sc,train,10
13537,sc6_10_img073.jpg,sc6_10,sc,train,10
13538,sc6_10_img074.jpg,sc6_10,sc,train,10
13539,sc6_10_img075.jpg,sc6_10,sc,train,10
13540,sc6_10_img076.jpg,sc6_10,sc,train,10
13541,sc6_10_img077.jpg,sc6_10,sc,train,10
13542,sc6_10_img078.jpg,sc6_10,sc,train,10
13543,sc6_10_img079.jpg,sc6_10,sc,train,10
13544,sc6_10_img080.jpg,sc6_10,sc,train,10
13545,sc6_10_img081.jpg,sc6_10,sc,train,10
13546,sc6_10_img082.jpg,sc6_10,sc,train,10
13547,sc6_10_img083.jpg,sc6_10,sc,train,10
13548,sc6_10_img084.jpg,sc6_10,sc,train,10
13549,sc6_10_img085.jpg,sc6_10,sc,train,10
13550,sc6_10_img086.jpg,sc6_10,sc,train,10
13551,sc6_10_img087.jpg,sc6_10,sc,train,10
13552,sc6_10_img088.jpg,sc6_10,sc,train,10
13553,sc6_10_img089.jpg,sc6_10,sc,train,10
13554,sc6_10_img090.jpg,sc6_10,sc,train,10
13555,sc6_10_img091.jpg,sc6_10,sc,train,10
13556,sc6_10_img092.jpg,sc6_10,sc,train,10
13557,sc6_10_img093.jpg,sc6_10,sc,train,10
13558,sc6_10_img094.jpg,sc6_10,sc,train,10
13559,sc6_10_img095.jpg,sc6_10,sc,train,10
13560,sc6_11_img001.jpg,sc6_11,sc,test,10
13561,sc6_11_img002.jpg,sc6_11,sc,test,10
13562,sc6_11_img003.jpg,sc6_11,sc,test,10
13563,sc6_11_img004.jpg,sc6_11,sc,test,10
13564,sc6_11_img005.jpg,sc6_11,sc,test,10
13565,sc6_11_img006.jpg,sc6_11,sc,test,10
13566,sc6_11_img007.jpg,sc6_11,sc,test,10
13567,sc6_11_img008.jpg,sc6_11,sc,test,10
13568,sc6_11_img009.jpg,sc6_11,sc,test,10
13569,sc6_11_img010.jpg,sc6_11,sc,test,10
13570,sc6_11_img011.jpg,sc6_11,sc,test,10
13571,sc6_11_img012.jpg,sc6_11,sc,test,10
13572,sc6_11_img013.jpg,sc6_11,sc,test,10
13573,sc6_11_img014.jpg,sc6_11,sc,test,10
13574,sc6_11_img015.jpg,sc6_11,sc,test,10
13575,sc6_11_img016.jpg,sc6_11,sc,test,10
13576,sc6_11_img017.jpg,sc6_11,sc,test,10
13577,sc6_11_img018.jpg,sc6_11,sc,test,10
13578,sc6_11_img019.jpg,sc6_11,sc,test,10
13579,sc6_11_img020.jpg,sc6_11,sc,test,10
13580,sc6_11_img021.jpg,sc6_11,sc,test,10
13581,sc6_11_img022.jpg,sc6_11,sc,test,10
13582,sc6_11_img023.jpg,sc6_11,sc,test,10
13583,sc6_11_img024.jpg,sc6_11,sc,test,10
13584,sc6_11_img025.jpg,sc6_11,sc,test,10
13585,sc6_11_img026.jpg,sc6_11,sc,test,10
13586,sc6_11_img027.jpg,sc6_11,sc,test,10
13587,sc6_11_img028.jpg,sc6_11,sc,test,10
13588,sc6_11_img029.jpg,sc6_11,sc,test,10
13589,sc6_11_img030.jpg,sc6_11,sc,test,10
13590,sc6_11_img031.jpg,sc6_11,sc,test,10
13591,sc6_11_img032.jpg,sc6_11,sc,test,10
13592,sc6_11_img033.jpg,sc6_11,sc,test,10
13593,sc6_11_img034.jpg,sc6_11,sc,test,10
13594,sc6_11_img035.jpg,sc6_11,sc,test,10
13595,sc6_11_img036.jpg,sc6_11,sc,test,10
13596,sc6_11_img037.jpg,sc6_11,sc,test,10
13597,sc6_11_img038.jpg,sc6_11,sc,test,10
13598,sc6_11_img039.jpg,sc6_11,sc,test,10
13599,sc6_11_img040.jpg,sc6_11,sc,test,10
13600,sc6_11_img041.jpg,sc6_11,sc,test,10
13601,sc6_11_img042.jpg,sc6_11,sc,test,10
13602,sc6_11_img043.jpg,sc6_11,sc,test,10
13603,sc6_11_img044.jpg,sc6_11,sc,test,10
13604,sc6_11_img045.jpg,sc6_11,sc,test,10
13605,sc6_11_img046.jpg,sc6_11,sc,test,10
13606,sc6_11_img047.jpg,sc6_11,sc,test,10
13607,sc6_11_img048.jpg,sc6_11,sc,test,10
13608,sc6_11_img049.jpg,sc6_11,sc,test,10
13609,sc6_11_img050.jpg,sc6_11,sc,test,10
13610,sc6_11_img051.jpg,sc6_11,sc,test,10
13611,sc6_11_img052.jpg,sc6_11,sc,test,10
13612,sc6_11_img053.jpg,sc6_11,sc,test,10
13613,sc6_11_img054.jpg,sc6_11,sc,test,10
13614,sc6_11_img055.jpg,sc6_11,sc,test,10
13615,sc6_11_img056.jpg,sc6_11,sc,test,10
13616,sc6_11_img057.jpg,sc6_11,sc,test,10
13617,sc6_11_img058.jpg,sc6_11,sc,test,10
13618,sc6_11_img059.jpg,sc6_11,sc,test,10
13619,sc6_11_img060.jpg,sc6_11,sc,test,10
13620,sc6_11_img061.jpg,sc6_11,sc,test,10
13621,sc6_11_img062.jpg,sc6_11,sc,test,10
13622,sc6_11_img063.jpg,sc6_11,sc,test,10
13623,sc6_11_img064.jpg,sc6_11,sc,test,10
13624,sc6_11_img065.jpg,sc6_11,sc,test,10
13625,sc6_11_img066.jpg,sc6_11,sc,test,10
13626,sc6_11_img067.jpg,sc6_11,sc,test,10
13627,sc6_11_img068.jpg,sc6_11,sc,test,10
13628,sc6_11_img069.jpg,sc6_11,sc,test,10
13629,sc6_11_img070.jpg,sc6_11,sc,test,10
13630,sc6_11_img071.jpg,sc6_11,sc,test,10
13631,sc6_11_img072.jpg,sc6_11,sc,test,10
13632,sc6_11_img073.jpg,sc6_11,sc,test,10
13633,sc6_11_img074.jpg,sc6_11,sc,test,10
13634,sc6_11_img075.jpg,sc6_11,sc,test,10
13635,sc6_11_img076.jpg,sc6_11,sc,test,10
13636,sc6_11_img077.jpg,sc6_11,sc,test,10
13637,sc6_11_img078.jpg,sc6_11,sc,test,10
13638,sc6_11_img079.jpg,sc6_11,sc,test,10
13639,sc6_11_img080.jpg,sc6_11,sc,test,10
13640,sc6_11_img081.jpg,sc6_11,sc,test,10
13641,sc6_11_img082.jpg,sc6_11,sc,test,10
13642,sc6_11_img083.jpg,sc6_11,sc,test,10
13643,sc6_11_img084.jpg,sc6_11,sc,test,10
13644,sc6_11_img085.jpg,sc6_11,sc,test,10
13645,sc6_11_img086.jpg,sc6_11,sc,test,10
13646,sc6_11_img087.jpg,sc6_11,sc,test,10
13647,sc6_11_img088.jpg,sc6_11,sc,test,10
13648,sc6_11_img089.jpg,sc6_11,sc,test,10
13649,sc6_11_img090.jpg,sc6_11,sc,test,10
13650,sc6_11_img091.jpg,sc6_11,sc,test,10
13651,sc6_11_img092.jpg,sc6_11,sc,test,10
13652,sc6_11_img093.jpg,sc6_11,sc,test,10
13653,sc6_11_img094.jpg,sc6_11,sc,test,10
13654,sc6_11_img095.jpg,sc6_11,sc,test,10
13655,sc6_12_img001.jpg,sc6_12,sc,train,10
13656,sc6_12_img002.jpg,sc6_12,sc,train,10
13657,sc6_12_img003.jpg,sc6_12,sc,train,10
13658,sc6_12_img004.jpg,sc6_12,sc,train,10
13659,sc6_12_img005.jpg,sc6_12,sc,train,10
13660,sc6_12_img006.jpg,sc6_12,sc,train,10
13661,sc6_12_img007.jpg,sc6_12,sc,train,10
13662,sc6_12_img008.jpg,sc6_12,sc,train,10
13663,sc6_12_img009.jpg,sc6_12,sc,train,10
13664,sc6_12_img010.jpg,sc6_12,sc,train,10
13665,sc6_12_img011.jpg,sc6_12,sc,train,10
13666,sc6_12_img012.jpg,sc6_12,sc,train,10
13667,sc6_12_img013.jpg,sc6_12,sc,train,10
13668,sc6_12_img014.jpg,sc6_12,sc,train,10
13669,sc6_12_img015.jpg,sc6_12,sc,train,10
13670,sc6_12_img016.jpg,sc6_12,sc,train,10
13671,sc6_12_img017.jpg,sc6_12,sc,train,10
13672,sc6_12_img018.jpg,sc6_12,sc,train,10
13673,sc6_12_img019.jpg,sc6_12,sc,train,10
13674,sc6_12_img020.jpg,sc6_12,sc,train,10
13675,sc6_12_img021.jpg,sc6_12,sc,train,10
13676,sc6_12_img022.jpg,sc6_12,sc,train,10
13677,sc6_12_img023.jpg,sc6_12,sc,train,10
13678,sc6_12_img024.jpg,sc6_12,sc,train,10
13679,sc6_12_img025.jpg,sc6_12,sc,train,10
13680,sc6_12_img026.jpg,sc6_12,sc,train,10
13681,sc6_12_img027.jpg,sc6_12,sc,train,10
13682,sc6_12_img028.jpg,sc6_12,sc,train,10
13683,sc6_12_img029.jpg,sc6_12,sc,train,10
13684,sc6_12_img030.jpg,sc6_12,sc,train,10
13685,sc6_12_img031.jpg,sc6_12,sc,train,10
13686,sc6_12_img032.jpg,sc6_12,sc,train,10
13687,sc6_12_img033.jpg,sc6_12,sc,train,10
13688,sc6_12_img034.jpg,sc6_12,sc,train,10
13689,sc6_12_img035.jpg,sc6_12,sc,train,10
13690,sc6_12_img036.jpg,sc6_12,sc,train,10
13691,sc6_12_img037.jpg,sc6_12,sc,train,10
13692,sc6_12_img038.jpg,sc6_12,sc,train,10
13693,sc6_12_img039.jpg,sc6_12,sc,train,10
13694,sc6_12_img040.jpg,sc6_12,sc,train,10
13695,sc6_12_img041.jpg,sc6_12,sc,train,10
13696,sc6_12_img042.jpg,sc6_12,sc,train,10
13697,sc6_12_img043.jpg,sc6_12,sc,train,10
13698,sc6_12_img044.jpg,sc6_12,sc,train,10
13699,sc6_12_img045.jpg,sc6_12,sc,train,10
13700,sc6_12_img046.jpg,sc6_12,sc,train,10
13701,sc6_12_img047.jpg,sc6_12,sc,train,10
13702,sc6_12_img048.jpg,sc6_12,sc,train,10
13703,sc6_12_img049.jpg,sc6_12,sc,train,10
13704,sc6_12_img050.jpg,sc6_12,sc,train,10
13705,sc6_12_img051.jpg,sc6_12,sc,train,10
13706,sc6_12_img052.jpg,sc6_12,sc,train,10
13707,sc6_12_img053.jpg,sc6_12,sc,train,10
13708,sc6_12_img054.jpg,sc6_12,sc,train,10
13709,sc6_12_img055.jpg,sc6_12,sc,train,10
13710,sc6_12_img056.jpg,sc6_12,sc,train,10
13711,sc6_12_img057.jpg,sc6_12,sc,train,10
13712,sc6_12_img058.jpg,sc6_12,sc,train,10
13713,sc6_12_img059.jpg,sc6_12,sc,train,10
13714,sc6_12_img060.jpg,sc6_12,sc,train,10
13715,sc6_12_img061.jpg,sc6_12,sc,train,10
13716,sc6_12_img062.jpg,sc6_12,sc,train,10
13717,sc6_12_img063.jpg,sc6_12,sc,train,10
13718,sc6_12_img064.jpg,sc6_12,sc,train,10
13719,sc6_12_img065.jpg,sc6_12,sc,train,10
13720,sc6_12_img066.jpg,sc6_12,sc,train,10
13721,sc6_12_img067.jpg,sc6_12,sc,train,10
13722,sc6_12_img068.jpg,sc6_12,sc,train,10
13723,sc6_12_img069.jpg,sc6_12,sc,train,10
13724,sc6_12_img070.jpg,sc6_12,sc,train,10
13725,sc6_12_img071.jpg,sc6_12,sc,train,10
13726,sc6_12_img072.jpg,sc6_12,sc,train,10
13727,sc6_12_img073.jpg,sc6_12,sc,train,10
13728,sc6_12_img074.jpg,sc6_12,sc,train,10
13729,sc6_12_img075.jpg,sc6_12,sc,train,10
13730,sc6_12_img076.jpg,sc6_12,sc,train,10
13731,sc6_12_img077.jpg,sc6_12,sc,train,10
13732,sc6_12_img078.jpg,sc6_12,sc,train,10
13733,sc6_12_img079.jpg,sc6_12,sc,train,10
13734,sc6_12_img080.jpg,sc6_12,sc,train,10
13735,sc6_12_img081.jpg,sc6_12,sc,train,10
13736,sc6_12_img082.jpg,sc6_12,sc,train,10
13737,sc6_12_img083.jpg,sc6_12,sc,train,10
13738,sc6_12_img084.jpg,sc6_12,sc,train,10
13739,sc6_12_img085.jpg,sc6_12,sc,train,10
13740,sc6_12_img086.jpg,sc6_12,sc,train,10
13741,sc6_12_img087.jpg,sc6_12,sc,train,10
13742,sc6_12_img088.jpg,sc6_12,sc,train,10
13743,sc6_12_img089.jpg,sc6_12,sc,train,10
13744,sc6_12_img090.jpg,sc6_12,sc,train,10
13745,sc6_12_img091.jpg,sc6_12,sc,train,10
13746,sc6_12_img092.jpg,sc6_12,sc,train,10
13747,sc6_12_img093.jpg,sc6_12,sc,train,10
13748,sc6_12_img094.jpg,sc6_12,sc,train,10
13749,sc6_12_img095.jpg,sc6_12,sc,train,10
13750,sc6_1_img001.jpg,sc6_1,sc,train,10
13751,sc6_1_img002.jpg,sc6_1,sc,train,10
13752,sc6_1_img003.jpg,sc6_1,sc,train,10
13753,sc6_1_img004.jpg,sc6_1,sc,train,10
13754,sc6_1_img005.jpg,sc6_1,sc,train,10
13755,sc6_1_img006.jpg,sc6_1,sc,train,10
13756,sc6_1_img007.jpg,sc6_1,sc,train,10
13757,sc6_1_img008.jpg,sc6_1,sc,train,10
13758,sc6_1_img009.jpg,sc6_1,sc,train,10
13759,sc6_1_img010.jpg,sc6_1,sc,train,10
13760,sc6_1_img011.jpg,sc6_1,sc,train,10
13761,sc6_1_img012.jpg,sc6_1,sc,train,10
13762,sc6_1_img013.jpg,sc6_1,sc,train,10
13763,sc6_1_img014.jpg,sc6_1,sc,train,10
13764,sc6_1_img015.jpg,sc6_1,sc,train,10
13765,sc6_1_img016.jpg,sc6_1,sc,train,10
13766,sc6_1_img017.jpg,sc6_1,sc,train,10
13767,sc6_1_img018.jpg,sc6_1,sc,train,10
13768,sc6_1_img019.jpg,sc6_1,sc,train,10
13769,sc6_1_img020.jpg,sc6_1,sc,train,10
13770,sc6_1_img021.jpg,sc6_1,sc,train,10
13771,sc6_1_img022.jpg,sc6_1,sc,train,10
13772,sc6_1_img023.jpg,sc6_1,sc,train,10
13773,sc6_1_img024.jpg,sc6_1,sc,train,10
13774,sc6_1_img025.jpg,sc6_1,sc,train,10
13775,sc6_1_img026.jpg,sc6_1,sc,train,10
13776,sc6_1_img027.jpg,sc6_1,sc,train,10
13777,sc6_1_img028.jpg,sc6_1,sc,train,10
13778,sc6_1_img029.jpg,sc6_1,sc,train,10
13779,sc6_1_img030.jpg,sc6_1,sc,train,10
13780,sc6_1_img031.jpg,sc6_1,sc,train,10
13781,sc6_1_img032.jpg,sc6_1,sc,train,10
13782,sc6_1_img033.jpg,sc6_1,sc,train,10
13783,sc6_1_img034.jpg,sc6_1,sc,train,10
13784,sc6_1_img035.jpg,sc6_1,sc,train,10
13785,sc6_1_img036.jpg,sc6_1,sc,train,10
13786,sc6_1_img037.jpg,sc6_1,sc,train,10
13787,sc6_1_img038.jpg,sc6_1,sc,train,10
13788,sc6_1_img039.jpg,sc6_1,sc,train,10
13789,sc6_1_img040.jpg,sc6_1,sc,train,10
13790,sc6_1_img041.jpg,sc6_1,sc,train,10
13791,sc6_1_img042.jpg,sc6_1,sc,train,10
13792,sc6_1_img043.jpg,sc6_1,sc,train,10
13793,sc6_1_img044.jpg,sc6_1,sc,train,10
13794,sc6_1_img045.jpg,sc6_1,sc,train,10
13795,sc6_1_img046.jpg,sc6_1,sc,train,10
13796,sc6_1_img047.jpg,sc6_1,sc,train,10
13797,sc6_1_img048.jpg,sc6_1,sc,train,10
13798,sc6_1_img049.jpg,sc6_1,sc,train,10
13799,sc6_1_img050.jpg,sc6_1,sc,train,10
13800,sc6_1_img051.jpg,sc6_1,sc,train,10
13801,sc6_1_img052.jpg,sc6_1,sc,train,10
13802,sc6_1_img053.jpg,sc6_1,sc,train,10
13803,sc6_1_img054.jpg,sc6_1,sc,train,10
13804,sc6_1_img055.jpg,sc6_1,sc,train,10
13805,sc6_1_img056.jpg,sc6_1,sc,train,10
13806,sc6_1_img057.jpg,sc6_1,sc,train,10
13807,sc6_1_img058.jpg,sc6_1,sc,train,10
13808,sc6_1_img059.jpg,sc6_1,sc,train,10
13809,sc6_1_img060.jpg,sc6_1,sc,train,10
13810,sc6_1_img061.jpg,sc6_1,sc,train,10
13811,sc6_1_img062.jpg,sc6_1,sc,train,10
13812,sc6_1_img063.jpg,sc6_1,sc,train,10
13813,sc6_1_img064.jpg,sc6_1,sc,train,10
13814,sc6_1_img065.jpg,sc6_1,sc,train,10
13815,sc6_1_img066.jpg,sc6_1,sc,train,10
13816,sc6_1_img067.jpg,sc6_1,sc,train,10
13817,sc6_1_img068.jpg,sc6_1,sc,train,10
13818,sc6_1_img069.jpg,sc6_1,sc,train,10
13819,sc6_1_img070.jpg,sc6_1,sc,train,10
13820,sc6_1_img071.jpg,sc6_1,sc,train,10
13821,sc6_1_img072.jpg,sc6_1,sc,train,10
13822,sc6_1_img073.jpg,sc6_1,sc,train,10
13823,sc6_1_img074.jpg,sc6_1,sc,train,10
13824,sc6_1_img075.jpg,sc6_1,sc,train,10
13825,sc6_1_img076.jpg,sc6_1,sc,train,10
13826,sc6_1_img077.jpg,sc6_1,sc,train,10
13827,sc6_1_img078.jpg,sc6_1,sc,train,10
13828,sc6_1_img079.jpg,sc6_1,sc,train,10
13829,sc6_1_img080.jpg,sc6_1,sc,train,10
13830,sc6_1_img081.jpg,sc6_1,sc,train,10
13831,sc6_1_img082.jpg,sc6_1,sc,train,10
13832,sc6_1_img083.jpg,sc6_1,sc,train,10
13833,sc6_1_img084.jpg,sc6_1,sc,train,10
13834,sc6_1_img085.jpg,sc6_1,sc,train,10
13835,sc6_1_img086.jpg,sc6_1,sc,train,10
13836,sc6_1_img087.jpg,sc6_1,sc,train,10
13837,sc6_1_img088.jpg,sc6_1,sc,train,10
13838,sc6_1_img089.jpg,sc6_1,sc,train,10
13839,sc6_1_img090.jpg,sc6_1,sc,train,10
13840,sc6_1_img091.jpg,sc6_1,sc,train,10
13841,sc6_1_img092.jpg,sc6_1,sc,train,10
13842,sc6_1_img093.jpg,sc6_1,sc,train,10
13843,sc6_1_img094.jpg,sc6_1,sc,train,10
13844,sc6_1_img095.jpg,sc6_1,sc,train,10
13845,sc6_2_img001.jpg,sc6_2,sc,train,10
13846,sc6_2_img002.jpg,sc6_2,sc,train,10
13847,sc6_2_img003.jpg,sc6_2,sc,train,10
13848,sc6_2_img004.jpg,sc6_2,sc,train,10
13849,sc6_2_img005.jpg,sc6_2,sc,train,10
13850,sc6_2_img006.jpg,sc6_2,sc,train,10
13851,sc6_2_img007.jpg,sc6_2,sc,train,10
13852,sc6_2_img008.jpg,sc6_2,sc,train,10
13853,sc6_2_img009.jpg,sc6_2,sc,train,10
13854,sc6_2_img010.jpg,sc6_2,sc,train,10
13855,sc6_2_img011.jpg,sc6_2,sc,train,10
13856,sc6_2_img012.jpg,sc6_2,sc,train,10
13857,sc6_2_img013.jpg,sc6_2,sc,train,10
13858,sc6_2_img014.jpg,sc6_2,sc,train,10
13859,sc6_2_img015.jpg,sc6_2,sc,train,10
13860,sc6_2_img016.jpg,sc6_2,sc,train,10
13861,sc6_2_img017.jpg,sc6_2,sc,train,10
13862,sc6_2_img018.jpg,sc6_2,sc,train,10
13863,sc6_2_img019.jpg,sc6_2,sc,train,10
13864,sc6_2_img020.jpg,sc6_2,sc,train,10
13865,sc6_2_img021.jpg,sc6_2,sc,train,10
13866,sc6_2_img022.jpg,sc6_2,sc,train,10
13867,sc6_2_img023.jpg,sc6_2,sc,train,10
13868,sc6_2_img024.jpg,sc6_2,sc,train,10
13869,sc6_2_img025.jpg,sc6_2,sc,train,10
13870,sc6_2_img026.jpg,sc6_2,sc,train,10
13871,sc6_2_img027.jpg,sc6_2,sc,train,10
13872,sc6_2_img028.jpg,sc6_2,sc,train,10
13873,sc6_2_img029.jpg,sc6_2,sc,train,10
13874,sc6_2_img030.jpg,sc6_2,sc,train,10
13875,sc6_2_img031.jpg,sc6_2,sc,train,10
13876,sc6_2_img032.jpg,sc6_2,sc,train,10
13877,sc6_2_img033.jpg,sc6_2,sc,train,10
13878,sc6_2_img034.jpg,sc6_2,sc,train,10
13879,sc6_2_img035.jpg,sc6_2,sc,train,10
13880,sc6_2_img036.jpg,sc6_2,sc,train,10
13881,sc6_2_img037.jpg,sc6_2,sc,train,10
13882,sc6_2_img038.jpg,sc6_2,sc,train,10
13883,sc6_2_img039.jpg,sc6_2,sc,train,10
13884,sc6_2_img040.jpg,sc6_2,sc,train,10
13885,sc6_2_img041.jpg,sc6_2,sc,train,10
13886,sc6_2_img042.jpg,sc6_2,sc,train,10
13887,sc6_2_img043.jpg,sc6_2,sc,train,10
13888,sc6_2_img044.jpg,sc6_2,sc,train,10
13889,sc6_2_img045.jpg,sc6_2,sc,train,10
13890,sc6_2_img046.jpg,sc6_2,sc,train,10
13891,sc6_2_img047.jpg,sc6_2,sc,train,10
13892,sc6_2_img048.jpg,sc6_2,sc,train,10
13893,sc6_2_img049.jpg,sc6_2,sc,train,10
13894,sc6_2_img050.jpg,sc6_2,sc,train,10
13895,sc6_2_img051.jpg,sc6_2,sc,train,10
13896,sc6_2_img052.jpg,sc6_2,sc,train,10
13897,sc6_2_img053.jpg,sc6_2,sc,train,10
13898,sc6_2_img054.jpg,sc6_2,sc,train,10
13899,sc6_2_img055.jpg,sc6_2,sc,train,10
13900,sc6_2_img056.jpg,sc6_2,sc,train,10
13901,sc6_2_img057.jpg,sc6_2,sc,train,10
13902,sc6_2_img058.jpg,sc6_2,sc,train,10
13903,sc6_2_img059.jpg,sc6_2,sc,train,10
13904,sc6_2_img060.jpg,sc6_2,sc,train,10
13905,sc6_2_img061.jpg,sc6_2,sc,train,10
13906,sc6_2_img062.jpg,sc6_2,sc,train,10
13907,sc6_2_img063.jpg,sc6_2,sc,train,10
13908,sc6_2_img064.jpg,sc6_2,sc,train,10
13909,sc6_2_img065.jpg,sc6_2,sc,train,10
13910,sc6_2_img066.jpg,sc6_2,sc,train,10
13911,sc6_2_img067.jpg,sc6_2,sc,train,10
13912,sc6_2_img068.jpg,sc6_2,sc,train,10
13913,sc6_2_img069.jpg,sc6_2,sc,train,10
13914,sc6_2_img070.jpg,sc6_2,sc,train,10
13915,sc6_2_img071.jpg,sc6_2,sc,train,10
13916,sc6_2_img072.jpg,sc6_2,sc,train,10
13917,sc6_2_img073.jpg,sc6_2,sc,train,10
13918,sc6_2_img074.jpg,sc6_2,sc,train,10
13919,sc6_2_img075.jpg,sc6_2,sc,train,10
13920,sc6_2_img076.jpg,sc6_2,sc,train,10
13921,sc6_2_img077.jpg,sc6_2,sc,train,10
13922,sc6_2_img078.jpg,sc6_2,sc,train,10
13923,sc6_2_img079.jpg,sc6_2,sc,train,10
13924,sc6_2_img080.jpg,sc6_2,sc,train,10
13925,sc6_2_img081.jpg,sc6_2,sc,train,10
13926,sc6_2_img082.jpg,sc6_2,sc,train,10
13927,sc6_2_img083.jpg,sc6_2,sc,train,10
13928,sc6_2_img084.jpg,sc6_2,sc,train,10
13929,sc6_2_img085.jpg,sc6_2,sc,train,10
13930,sc6_2_img086.jpg,sc6_2,sc,train,10
13931,sc6_2_img087.jpg,sc6_2,sc,train,10
13932,sc6_2_img088.jpg,sc6_2,sc,train,10
13933,sc6_2_img089.jpg,sc6_2,sc,train,10
13934,sc6_2_img090.jpg,sc6_2,sc,train,10
13935,sc6_2_img091.jpg,sc6_2,sc,train,10
13936,sc6_2_img092.jpg,sc6_2,sc,train,10
13937,sc6_2_img093.jpg,sc6_2,sc,train,10
13938,sc6_2_img094.jpg,sc6_2,sc,train,10
13939,sc6_2_img095.jpg,sc6_2,sc,train,10
13940,sc6_3_img001.jpg,sc6_3,sc,train,10
13941,sc6_3_img002.jpg,sc6_3,sc,train,10
13942,sc6_3_img003.jpg,sc6_3,sc,train,10
13943,sc6_3_img004.jpg,sc6_3,sc,train,10
13944,sc6_3_img005.jpg,sc6_3,sc,train,10
13945,sc6_3_img006.jpg,sc6_3,sc,train,10
13946,sc6_3_img007.jpg,sc6_3,sc,train,10
13947,sc6_3_img008.jpg,sc6_3,sc,train,10
13948,sc6_3_img009.jpg,sc6_3,sc,train,10
13949,sc6_3_img010.jpg,sc6_3,sc,train,10
13950,sc6_3_img011.jpg,sc6_3,sc,train,10
13951,sc6_3_img012.jpg,sc6_3,sc,train,10
13952,sc6_3_img013.jpg,sc6_3,sc,train,10
13953,sc6_3_img014.jpg,sc6_3,sc,train,10
13954,sc6_3_img015.jpg,sc6_3,sc,train,10
13955,sc6_3_img016.jpg,sc6_3,sc,train,10
13956,sc6_3_img017.jpg,sc6_3,sc,train,10
13957,sc6_3_img018.jpg,sc6_3,sc,train,10
13958,sc6_3_img019.jpg,sc6_3,sc,train,10
13959,sc6_3_img020.jpg,sc6_3,sc,train,10
13960,sc6_3_img021.jpg,sc6_3,sc,train,10
13961,sc6_3_img022.jpg,sc6_3,sc,train,10
13962,sc6_3_img023.jpg,sc6_3,sc,train,10
13963,sc6_3_img024.jpg,sc6_3,sc,train,10
13964,sc6_3_img025.jpg,sc6_3,sc,train,10
13965,sc6_3_img026.jpg,sc6_3,sc,train,10
13966,sc6_3_img027.jpg,sc6_3,sc,train,10
13967,sc6_3_img028.jpg,sc6_3,sc,train,10
13968,sc6_3_img029.jpg,sc6_3,sc,train,10
13969,sc6_3_img030.jpg,sc6_3,sc,train,10
13970,sc6_3_img031.jpg,sc6_3,sc,train,10
13971,sc6_3_img032.jpg,sc6_3,sc,train,10
13972,sc6_3_img033.jpg,sc6_3,sc,train,10
13973,sc6_3_img034.jpg,sc6_3,sc,train,10
13974,sc6_3_img035.jpg,sc6_3,sc,train,10
13975,sc6_3_img036.jpg,sc6_3,sc,train,10
13976,sc6_3_img037.jpg,sc6_3,sc,train,10
13977,sc6_3_img038.jpg,sc6_3,sc,train,10
13978,sc6_3_img039.jpg,sc6_3,sc,train,10
13979,sc6_3_img040.jpg,sc6_3,sc,train,10
13980,sc6_3_img041.jpg,sc6_3,sc,train,10
13981,sc6_3_img042.jpg,sc6_3,sc,train,10
13982,sc6_3_img043.jpg,sc6_3,sc,train,10
13983,sc6_3_img044.jpg,sc6_3,sc,train,10
13984,sc6_3_img045.jpg,sc6_3,sc,train,10
13985,sc6_3_img046.jpg,sc6_3,sc,train,10
13986,sc6_3_img047.jpg,sc6_3,sc,train,10
13987,sc6_3_img048.jpg,sc6_3,sc,train,10
13988,sc6_3_img049.jpg,sc6_3,sc,train,10
13989,sc6_3_img050.jpg,sc6_3,sc,train,10
13990,sc6_3_img051.jpg,sc6_3,sc,train,10
13991,sc6_3_img052.jpg,sc6_3,sc,train,10
13992,sc6_3_img053.jpg,sc6_3,sc,train,10
13993,sc6_3_img054.jpg,sc6_3,sc,train,10
13994,sc6_3_img055.jpg,sc6_3,sc,train,10
13995,sc6_3_img056.jpg,sc6_3,sc,train,10
13996,sc6_3_img057.jpg,sc6_3,sc,train,10
13997,sc6_3_img058.jpg,sc6_3,sc,train,10
13998,sc6_3_img059.jpg,sc6_3,sc,train,10
13999,sc6_3_img060.jpg,sc6_3,sc,train,10
14000,sc6_3_img061.jpg,sc6_3,sc,train,10
14001,sc6_3_img062.jpg,sc6_3,sc,train,10
14002,sc6_3_img063.jpg,sc6_3,sc,train,10
14003,sc6_3_img064.jpg,sc6_3,sc,train,10
14004,sc6_3_img065.jpg,sc6_3,sc,train,10
14005,sc6_3_img066.jpg,sc6_3,sc,train,10
14006,sc6_3_img067.jpg,sc6_3,sc,train,10
14007,sc6_3_img068.jpg,sc6_3,sc,train,10
14008,sc6_3_img069.jpg,sc6_3,sc,train,10
14009,sc6_3_img070.jpg,sc6_3,sc,train,10
14010,sc6_3_img071.jpg,sc6_3,sc,train,10
14011,sc6_3_img072.jpg,sc6_3,sc,train,10
14012,sc6_3_img073.jpg,sc6_3,sc,train,10
14013,sc6_3_img074.jpg,sc6_3,sc,train,10
14014,sc6_3_img075.jpg,sc6_3,sc,train,10
14015,sc6_3_img076.jpg,sc6_3,sc,train,10
14016,sc6_3_img077.jpg,sc6_3,sc,train,10
14017,sc6_3_img078.jpg,sc6_3,sc,train,10
14018,sc6_3_img079.jpg,sc6_3,sc,train,10
14019,sc6_3_img080.jpg,sc6_3,sc,train,10
14020,sc6_3_img081.jpg,sc6_3,sc,train,10
14021,sc6_3_img082.jpg,sc6_3,sc,train,10
14022,sc6_3_img083.jpg,sc6_3,sc,train,10
14023,sc6_3_img084.jpg,sc6_3,sc,train,10
14024,sc6_3_img085.jpg,sc6_3,sc,train,10
14025,sc6_3_img086.jpg,sc6_3,sc,train,10
14026,sc6_3_img087.jpg,sc6_3,sc,train,10
14027,sc6_3_img088.jpg,sc6_3,sc,train,10
14028,sc6_3_img089.jpg,sc6_3,sc,train,10
14029,sc6_3_img090.jpg,sc6_3,sc,train,10
14030,sc6_3_img091.jpg,sc6_3,sc,train,10
14031,sc6_3_img092.jpg,sc6_3,sc,train,10
14032,sc6_3_img093.jpg,sc6_3,sc,train,10
14033,sc6_3_img094.jpg,sc6_3,sc,train,10
14034,sc6_3_img095.jpg,sc6_3,sc,train,10
14035,sc6_4_img001.jpg,sc6_4,sc,train,10
14036,sc6_4_img002.jpg,sc6_4,sc,train,10
14037,sc6_4_img003.jpg,sc6_4,sc,train,10
14038,sc6_4_img004.jpg,sc6_4,sc,train,10
14039,sc6_4_img005.jpg,sc6_4,sc,train,10
14040,sc6_4_img006.jpg,sc6_4,sc,train,10
14041,sc6_4_img007.jpg,sc6_4,sc,train,10
14042,sc6_4_img008.jpg,sc6_4,sc,train,10
14043,sc6_4_img009.jpg,sc6_4,sc,train,10
14044,sc6_4_img010.jpg,sc6_4,sc,train,10
14045,sc6_4_img011.jpg,sc6_4,sc,train,10
14046,sc6_4_img012.jpg,sc6_4,sc,train,10
14047,sc6_4_img013.jpg,sc6_4,sc,train,10
14048,sc6_4_img014.jpg,sc6_4,sc,train,10
14049,sc6_4_img015.jpg,sc6_4,sc,train,10
14050,sc6_4_img016.jpg,sc6_4,sc,train,10
14051,sc6_4_img017.jpg,sc6_4,sc,train,10
14052,sc6_4_img018.jpg,sc6_4,sc,train,10
14053,sc6_4_img019.jpg,sc6_4,sc,train,10
14054,sc6_4_img020.jpg,sc6_4,sc,train,10
14055,sc6_4_img021.jpg,sc6_4,sc,train,10
14056,sc6_4_img022.jpg,sc6_4,sc,train,10
14057,sc6_4_img023.jpg,sc6_4,sc,train,10
14058,sc6_4_img024.jpg,sc6_4,sc,train,10
14059,sc6_4_img025.jpg,sc6_4,sc,train,10
14060,sc6_4_img026.jpg,sc6_4,sc,train,10
14061,sc6_4_img027.jpg,sc6_4,sc,train,10
14062,sc6_4_img028.jpg,sc6_4,sc,train,10
14063,sc6_4_img029.jpg,sc6_4,sc,train,10
14064,sc6_4_img030.jpg,sc6_4,sc,train,10
14065,sc6_4_img031.jpg,sc6_4,sc,train,10
14066,sc6_4_img032.jpg,sc6_4,sc,train,10
14067,sc6_4_img033.jpg,sc6_4,sc,train,10
14068,sc6_4_img034.jpg,sc6_4,sc,train,10
14069,sc6_4_img035.jpg,sc6_4,sc,train,10
14070,sc6_4_img036.jpg,sc6_4,sc,train,10
14071,sc6_4_img037.jpg,sc6_4,sc,train,10
14072,sc6_4_img038.jpg,sc6_4,sc,train,10
14073,sc6_4_img039.jpg,sc6_4,sc,train,10
14074,sc6_4_img040.jpg,sc6_4,sc,train,10
14075,sc6_4_img041.jpg,sc6_4,sc,train,10
14076,sc6_4_img042.jpg,sc6_4,sc,train,10
14077,sc6_4_img043.jpg,sc6_4,sc,train,10
14078,sc6_4_img044.jpg,sc6_4,sc,train,10
14079,sc6_4_img045.jpg,sc6_4,sc,train,10
14080,sc6_4_img046.jpg,sc6_4,sc,train,10
14081,sc6_4_img047.jpg,sc6_4,sc,train,10
14082,sc6_4_img048.jpg,sc6_4,sc,train,10
14083,sc6_4_img049.jpg,sc6_4,sc,train,10
14084,sc6_4_img050.jpg,sc6_4,sc,train,10
14085,sc6_4_img051.jpg,sc6_4,sc,train,10
14086,sc6_4_img052.jpg,sc6_4,sc,train,10
14087,sc6_4_img053.jpg,sc6_4,sc,train,10
14088,sc6_4_img054.jpg,sc6_4,sc,train,10
14089,sc6_4_img055.jpg,sc6_4,sc,train,10
14090,sc6_4_img056.jpg,sc6_4,sc,train,10
14091,sc6_4_img057.jpg,sc6_4,sc,train,10
14092,sc6_4_img058.jpg,sc6_4,sc,train,10
14093,sc6_4_img059.jpg,sc6_4,sc,train,10
14094,sc6_4_img060.jpg,sc6_4,sc,train,10
14095,sc6_4_img061.jpg,sc6_4,sc,train,10
14096,sc6_4_img062.jpg,sc6_4,sc,train,10
14097,sc6_4_img063.jpg,sc6_4,sc,train,10
14098,sc6_4_img064.jpg,sc6_4,sc,train,10
14099,sc6_4_img065.jpg,sc6_4,sc,train,10
14100,sc6_4_img066.jpg,sc6_4,sc,train,10
14101,sc6_4_img067.jpg,sc6_4,sc,train,10
14102,sc6_4_img068.jpg,sc6_4,sc,train,10
14103,sc6_4_img069.jpg,sc6_4,sc,train,10
14104,sc6_4_img070.jpg,sc6_4,sc,train,10
14105,sc6_4_img071.jpg,sc6_4,sc,train,10
14106,sc6_4_img072.jpg,sc6_4,sc,train,10
14107,sc6_4_img073.jpg,sc6_4,sc,train,10
14108,sc6_4_img074.jpg,sc6_4,sc,train,10
14109,sc6_4_img075.jpg,sc6_4,sc,train,10
14110,sc6_4_img076.jpg,sc6_4,sc,train,10
14111,sc6_4_img077.jpg,sc6_4,sc,train,10
14112,sc6_4_img078.jpg,sc6_4,sc,train,10
14113,sc6_4_img079.jpg,sc6_4,sc,train,10
14114,sc6_4_img080.jpg,sc6_4,sc,train,10
14115,sc6_4_img081.jpg,sc6_4,sc,train,10
14116,sc6_4_img082.jpg,sc6_4,sc,train,10
14117,sc6_4_img083.jpg,sc6_4,sc,train,10
14118,sc6_4_img084.jpg,sc6_4,sc,train,10
14119,sc6_4_img085.jpg,sc6_4,sc,train,10
14120,sc6_4_img086.jpg,sc6_4,sc,train,10
14121,sc6_4_img087.jpg,sc6_4,sc,train,10
14122,sc6_4_img088.jpg,sc6_4,sc,train,10
14123,sc6_4_img089.jpg,sc6_4,sc,train,10
14124,sc6_4_img090.jpg,sc6_4,sc,train,10
14125,sc6_4_img091.jpg,sc6_4,sc,train,10
14126,sc6_4_img092.jpg,sc6_4,sc,train,10
14127,sc6_4_img093.jpg,sc6_4,sc,train,10
14128,sc6_4_img094.jpg,sc6_4,sc,train,10
14129,sc6_4_img095.jpg,sc6_4,sc,train,10
14130,sc6_5_img001.jpg,sc6_5,sc,train,10
14131,sc6_5_img002.jpg,sc6_5,sc,train,10
14132,sc6_5_img003.jpg,sc6_5,sc,train,10
14133,sc6_5_img004.jpg,sc6_5,sc,train,10
14134,sc6_5_img005.jpg,sc6_5,sc,train,10
14135,sc6_5_img006.jpg,sc6_5,sc,train,10
14136,sc6_5_img007.jpg,sc6_5,sc,train,10
14137,sc6_5_img008.jpg,sc6_5,sc,train,10
14138,sc6_5_img009.jpg,sc6_5,sc,train,10
14139,sc6_5_img010.jpg,sc6_5,sc,train,10
14140,sc6_5_img011.jpg,sc6_5,sc,train,10
14141,sc6_5_img012.jpg,sc6_5,sc,train,10
14142,sc6_5_img013.jpg,sc6_5,sc,train,10
14143,sc6_5_img014.jpg,sc6_5,sc,train,10
14144,sc6_5_img015.jpg,sc6_5,sc,train,10
14145,sc6_5_img016.jpg,sc6_5,sc,train,10
14146,sc6_5_img017.jpg,sc6_5,sc,train,10
14147,sc6_5_img018.jpg,sc6_5,sc,train,10
14148,sc6_5_img019.jpg,sc6_5,sc,train,10
14149,sc6_5_img020.jpg,sc6_5,sc,train,10
14150,sc6_5_img021.jpg,sc6_5,sc,train,10
14151,sc6_5_img022.jpg,sc6_5,sc,train,10
14152,sc6_5_img023.jpg,sc6_5,sc,train,10
14153,sc6_5_img024.jpg,sc6_5,sc,train,10
14154,sc6_5_img025.jpg,sc6_5,sc,train,10
14155,sc6_5_img026.jpg,sc6_5,sc,train,10
14156,sc6_5_img027.jpg,sc6_5,sc,train,10
14157,sc6_5_img028.jpg,sc6_5,sc,train,10
14158,sc6_5_img029.jpg,sc6_5,sc,train,10
14159,sc6_5_img030.jpg,sc6_5,sc,train,10
14160,sc6_5_img031.jpg,sc6_5,sc,train,10
14161,sc6_5_img032.jpg,sc6_5,sc,train,10
14162,sc6_5_img033.jpg,sc6_5,sc,train,10
14163,sc6_5_img034.jpg,sc6_5,sc,train,10
14164,sc6_5_img035.jpg,sc6_5,sc,train,10
14165,sc6_5_img036.jpg,sc6_5,sc,train,10
14166,sc6_5_img037.jpg,sc6_5,sc,train,10
14167,sc6_5_img038.jpg,sc6_5,sc,train,10
14168,sc6_5_img039.jpg,sc6_5,sc,train,10
14169,sc6_5_img040.jpg,sc6_5,sc,train,10
14170,sc6_5_img041.jpg,sc6_5,sc,train,10
14171,sc6_5_img042.jpg,sc6_5,sc,train,10
14172,sc6_5_img043.jpg,sc6_5,sc,train,10
14173,sc6_5_img044.jpg,sc6_5,sc,train,10
14174,sc6_5_img045.jpg,sc6_5,sc,train,10
14175,sc6_5_img046.jpg,sc6_5,sc,train,10
14176,sc6_5_img047.jpg,sc6_5,sc,train,10
14177,sc6_5_img048.jpg,sc6_5,sc,train,10
14178,sc6_5_img049.jpg,sc6_5,sc,train,10
14179,sc6_5_img050.jpg,sc6_5,sc,train,10
14180,sc6_5_img051.jpg,sc6_5,sc,train,10
14181,sc6_5_img052.jpg,sc6_5,sc,train,10
14182,sc6_5_img053.jpg,sc6_5,sc,train,10
14183,sc6_5_img054.jpg,sc6_5,sc,train,10
14184,sc6_5_img055.jpg,sc6_5,sc,train,10
14185,sc6_5_img056.jpg,sc6_5,sc,train,10
14186,sc6_5_img057.jpg,sc6_5,sc,train,10
14187,sc6_5_img058.jpg,sc6_5,sc,train,10
14188,sc6_5_img059.jpg,sc6_5,sc,train,10
14189,sc6_5_img060.jpg,sc6_5,sc,train,10
14190,sc6_5_img061.jpg,sc6_5,sc,train,10
14191,sc6_5_img062.jpg,sc6_5,sc,train,10
14192,sc6_5_img063.jpg,sc6_5,sc,train,10
14193,sc6_5_img064.jpg,sc6_5,sc,train,10
14194,sc6_5_img065.jpg,sc6_5,sc,train,10
14195,sc6_5_img066.jpg,sc6_5,sc,train,10
14196,sc6_5_img067.jpg,sc6_5,sc,train,10
14197,sc6_5_img068.jpg,sc6_5,sc,train,10
14198,sc6_5_img069.jpg,sc6_5,sc,train,10
14199,sc6_5_img070.jpg,sc6_5,sc,train,10
14200,sc6_5_img071.jpg,sc6_5,sc,train,10
14201,sc6_5_img072.jpg,sc6_5,sc,train,10
14202,sc6_5_img073.jpg,sc6_5,sc,train,10
14203,sc6_5_img074.jpg,sc6_5,sc,train,10
14204,sc6_5_img075.jpg,sc6_5,sc,train,10
14205,sc6_5_img076.jpg,sc6_5,sc,train,10
14206,sc6_5_img077.jpg,sc6_5,sc,train,10
14207,sc6_5_img078.jpg,sc6_5,sc,train,10
14208,sc6_5_img079.jpg,sc6_5,sc,train,10
14209,sc6_5_img080.jpg,sc6_5,sc,train,10
14210,sc6_5_img081.jpg,sc6_5,sc,train,10
14211,sc6_5_img082.jpg,sc6_5,sc,train,10
14212,sc6_5_img083.jpg,sc6_5,sc,train,10
14213,sc6_5_img084.jpg,sc6_5,sc,train,10
14214,sc6_5_img085.jpg,sc6_5,sc,train,10
14215,sc6_5_img086.jpg,sc6_5,sc,train,10
14216,sc6_5_img087.jpg,sc6_5,sc,train,10
14217,sc6_5_img088.jpg,sc6_5,sc,train,10
14218,sc6_5_img089.jpg,sc6_5,sc,train,10
14219,sc6_5_img090.jpg,sc6_5,sc,train,10
14220,sc6_5_img091.jpg,sc6_5,sc,train,10
14221,sc6_5_img092.jpg,sc6_5,sc,train,10
14222,sc6_5_img093.jpg,sc6_5,sc,train,10
14223,sc6_5_img094.jpg,sc6_5,sc,train,10
14224,sc6_5_img095.jpg,sc6_5,sc,train,10
14225,sc6_6_img001.jpg,sc6_6,sc,train,10
14226,sc6_6_img002.jpg,sc6_6,sc,train,10
14227,sc6_6_img003.jpg,sc6_6,sc,train,10
14228,sc6_6_img004.jpg,sc6_6,sc,train,10
14229,sc6_6_img005.jpg,sc6_6,sc,train,10
14230,sc6_6_img006.jpg,sc6_6,sc,train,10
14231,sc6_6_img007.jpg,sc6_6,sc,train,10
14232,sc6_6_img008.jpg,sc6_6,sc,train,10
14233,sc6_6_img009.jpg,sc6_6,sc,train,10
14234,sc6_6_img010.jpg,sc6_6,sc,train,10
14235,sc6_6_img011.jpg,sc6_6,sc,train,10
14236,sc6_6_img012.jpg,sc6_6,sc,train,10
14237,sc6_6_img013.jpg,sc6_6,sc,train,10
14238,sc6_6_img014.jpg,sc6_6,sc,train,10
14239,sc6_6_img015.jpg,sc6_6,sc,train,10
14240,sc6_6_img016.jpg,sc6_6,sc,train,10
14241,sc6_6_img017.jpg,sc6_6,sc,train,10
14242,sc6_6_img018.jpg,sc6_6,sc,train,10
14243,sc6_6_img019.jpg,sc6_6,sc,train,10
14244,sc6_6_img020.jpg,sc6_6,sc,train,10
14245,sc6_6_img021.jpg,sc6_6,sc,train,10
14246,sc6_6_img022.jpg,sc6_6,sc,train,10
14247,sc6_6_img023.jpg,sc6_6,sc,train,10
14248,sc6_6_img024.jpg,sc6_6,sc,train,10
14249,sc6_6_img025.jpg,sc6_6,sc,train,10
14250,sc6_6_img026.jpg,sc6_6,sc,train,10
14251,sc6_6_img027.jpg,sc6_6,sc,train,10
14252,sc6_6_img028.jpg,sc6_6,sc,train,10
14253,sc6_6_img029.jpg,sc6_6,sc,train,10
14254,sc6_6_img030.jpg,sc6_6,sc,train,10
14255,sc6_6_img031.jpg,sc6_6,sc,train,10
14256,sc6_6_img032.jpg,sc6_6,sc,train,10
14257,sc6_6_img033.jpg,sc6_6,sc,train,10
14258,sc6_6_img034.jpg,sc6_6,sc,train,10
14259,sc6_6_img035.jpg,sc6_6,sc,train,10
14260,sc6_6_img036.jpg,sc6_6,sc,train,10
14261,sc6_6_img037.jpg,sc6_6,sc,train,10
14262,sc6_6_img038.jpg,sc6_6,sc,train,10
14263,sc6_6_img039.jpg,sc6_6,sc,train,10
14264,sc6_6_img040.jpg,sc6_6,sc,train,10
14265,sc6_6_img041.jpg,sc6_6,sc,train,10
14266,sc6_6_img042.jpg,sc6_6,sc,train,10
14267,sc6_6_img043.jpg,sc6_6,sc,train,10
14268,sc6_6_img044.jpg,sc6_6,sc,train,10
14269,sc6_6_img045.jpg,sc6_6,sc,train,10
14270,sc6_6_img046.jpg,sc6_6,sc,train,10
14271,sc6_6_img047.jpg,sc6_6,sc,train,10
14272,sc6_6_img048.jpg,sc6_6,sc,train,10
14273,sc6_6_img049.jpg,sc6_6,sc,train,10
14274,sc6_6_img050.jpg,sc6_6,sc,train,10
14275,sc6_6_img051.jpg,sc6_6,sc,train,10
14276,sc6_6_img052.jpg,sc6_6,sc,train,10
14277,sc6_6_img053.jpg,sc6_6,sc,train,10
14278,sc6_6_img054.jpg,sc6_6,sc,train,10
14279,sc6_6_img055.jpg,sc6_6,sc,train,10
14280,sc6_6_img056.jpg,sc6_6,sc,train,10
14281,sc6_6_img057.jpg,sc6_6,sc,train,10
14282,sc6_6_img058.jpg,sc6_6,sc,train,10
14283,sc6_6_img059.jpg,sc6_6,sc,train,10
14284,sc6_6_img060.jpg,sc6_6,sc,train,10
14285,sc6_6_img061.jpg,sc6_6,sc,train,10
14286,sc6_6_img062.jpg,sc6_6,sc,train,10
14287,sc6_6_img063.jpg,sc6_6,sc,train,10
14288,sc6_6_img064.jpg,sc6_6,sc,train,10
14289,sc6_6_img065.jpg,sc6_6,sc,train,10
14290,sc6_6_img066.jpg,sc6_6,sc,train,10
14291,sc6_6_img067.jpg,sc6_6,sc,train,10
14292,sc6_6_img068.jpg,sc6_6,sc,train,10
14293,sc6_6_img069.jpg,sc6_6,sc,train,10
14294,sc6_6_img070.jpg,sc6_6,sc,train,10
14295,sc6_6_img071.jpg,sc6_6,sc,train,10
14296,sc6_6_img072.jpg,sc6_6,sc,train,10
14297,sc6_6_img073.jpg,sc6_6,sc,train,10
14298,sc6_6_img074.jpg,sc6_6,sc,train,10
14299,sc6_6_img075.jpg,sc6_6,sc,train,10
14300,sc6_6_img076.jpg,sc6_6,sc,train,10
14301,sc6_6_img077.jpg,sc6_6,sc,train,10
14302,sc6_6_img078.jpg,sc6_6,sc,train,10
14303,sc6_6_img079.jpg,sc6_6,sc,train,10
14304,sc6_6_img080.jpg,sc6_6,sc,train,10
14305,sc6_6_img081.jpg,sc6_6,sc,train,10
14306,sc6_6_img082.jpg,sc6_6,sc,train,10
14307,sc6_6_img083.jpg,sc6_6,sc,train,10
14308,sc6_6_img084.jpg,sc6_6,sc,train,10
14309,sc6_6_img085.jpg,sc6_6,sc,train,10
14310,sc6_6_img086.jpg,sc6_6,sc,train,10
14311,sc6_6_img087.jpg,sc6_6,sc,train,10
14312,sc6_6_img088.jpg,sc6_6,sc,train,10
14313,sc6_6_img089.jpg,sc6_6,sc,train,10
14314,sc6_6_img090.jpg,sc6_6,sc,train,10
14315,sc6_6_img091.jpg,sc6_6,sc,train,10
14316,sc6_6_img092.jpg,sc6_6,sc,train,10
14317,sc6_6_img093.jpg,sc6_6,sc,train,10
14318,sc6_6_img094.jpg,sc6_6,sc,train,10
14319,sc6_6_img095.jpg,sc6_6,sc,train,10
14320,sc6_7_img001.jpg,sc6_7,sc,train,10
14321,sc6_7_img002.jpg,sc6_7,sc,train,10
14322,sc6_7_img003.jpg,sc6_7,sc,train,10
14323,sc6_7_img004.jpg,sc6_7,sc,train,10
14324,sc6_7_img005.jpg,sc6_7,sc,train,10
14325,sc6_7_img006.jpg,sc6_7,sc,train,10
14326,sc6_7_img007.jpg,sc6_7,sc,train,10
14327,sc6_7_img008.jpg,sc6_7,sc,train,10
14328,sc6_7_img009.jpg,sc6_7,sc,train,10
14329,sc6_7_img010.jpg,sc6_7,sc,train,10
14330,sc6_7_img011.jpg,sc6_7,sc,train,10
14331,sc6_7_img012.jpg,sc6_7,sc,train,10
14332,sc6_7_img013.jpg,sc6_7,sc,train,10
14333,sc6_7_img014.jpg,sc6_7,sc,train,10
14334,sc6_7_img015.jpg,sc6_7,sc,train,10
14335,sc6_7_img016.jpg,sc6_7,sc,train,10
14336,sc6_7_img017.jpg,sc6_7,sc,train,10
14337,sc6_7_img018.jpg,sc6_7,sc,train,10
14338,sc6_7_img019.jpg,sc6_7,sc,train,10
14339,sc6_7_img020.jpg,sc6_7,sc,train,10
14340,sc6_7_img021.jpg,sc6_7,sc,train,10
14341,sc6_7_img022.jpg,sc6_7,sc,train,10
14342,sc6_7_img023.jpg,sc6_7,sc,train,10
14343,sc6_7_img024.jpg,sc6_7,sc,train,10
14344,sc6_7_img025.jpg,sc6_7,sc,train,10
14345,sc6_7_img026.jpg,sc6_7,sc,train,10
14346,sc6_7_img027.jpg,sc6_7,sc,train,10
14347,sc6_7_img028.jpg,sc6_7,sc,train,10
14348,sc6_7_img029.jpg,sc6_7,sc,train,10
14349,sc6_7_img030.jpg,sc6_7,sc,train,10
14350,sc6_7_img031.jpg,sc6_7,sc,train,10
14351,sc6_7_img032.jpg,sc6_7,sc,train,10
14352,sc6_7_img033.jpg,sc6_7,sc,train,10
14353,sc6_7_img034.jpg,sc6_7,sc,train,10
14354,sc6_7_img035.jpg,sc6_7,sc,train,10
14355,sc6_7_img036.jpg,sc6_7,sc,train,10
14356,sc6_7_img037.jpg,sc6_7,sc,train,10
14357,sc6_7_img038.jpg,sc6_7,sc,train,10
14358,sc6_7_img039.jpg,sc6_7,sc,train,10
14359,sc6_7_img040.jpg,sc6_7,sc,train,10
14360,sc6_7_img041.jpg,sc6_7,sc,train,10
14361,sc6_7_img042.jpg,sc6_7,sc,train,10
14362,sc6_7_img043.jpg,sc6_7,sc,train,10
14363,sc6_7_img044.jpg,sc6_7,sc,train,10
14364,sc6_7_img045.jpg,sc6_7,sc,train,10
14365,sc6_7_img046.jpg,sc6_7,sc,train,10
14366,sc6_7_img047.jpg,sc6_7,sc,train,10
14367,sc6_7_img048.jpg,sc6_7,sc,train,10
14368,sc6_7_img049.jpg,sc6_7,sc,train,10
14369,sc6_7_img050.jpg,sc6_7,sc,train,10
14370,sc6_7_img051.jpg,sc6_7,sc,train,10
14371,sc6_7_img052.jpg,sc6_7,sc,train,10
14372,sc6_7_img053.jpg,sc6_7,sc,train,10
14373,sc6_7_img054.jpg,sc6_7,sc,train,10
14374,sc6_7_img055.jpg,sc6_7,sc,train,10
14375,sc6_7_img056.jpg,sc6_7,sc,train,10
14376,sc6_7_img057.jpg,sc6_7,sc,train,10
14377,sc6_7_img058.jpg,sc6_7,sc,train,10
14378,sc6_7_img059.jpg,sc6_7,sc,train,10
14379,sc6_7_img060.jpg,sc6_7,sc,train,10
14380,sc6_7_img061.jpg,sc6_7,sc,train,10
14381,sc6_7_img062.jpg,sc6_7,sc,train,10
14382,sc6_7_img063.jpg,sc6_7,sc,train,10
14383,sc6_7_img064.jpg,sc6_7,sc,train,10
14384,sc6_7_img065.jpg,sc6_7,sc,train,10
14385,sc6_7_img066.jpg,sc6_7,sc,train,10
14386,sc6_7_img067.jpg,sc6_7,sc,train,10
14387,sc6_7_img068.jpg,sc6_7,sc,train,10
14388,sc6_7_img069.jpg,sc6_7,sc,train,10
14389,sc6_7_img070.jpg,sc6_7,sc,train,10
14390,sc6_7_img071.jpg,sc6_7,sc,train,10
14391,sc6_7_img072.jpg,sc6_7,sc,train,10
14392,sc6_7_img073.jpg,sc6_7,sc,train,10
14393,sc6_7_img074.jpg,sc6_7,sc,train,10
14394,sc6_7_img075.jpg,sc6_7,sc,train,10
14395,sc6_7_img076.jpg,sc6_7,sc,train,10
14396,sc6_7_img077.jpg,sc6_7,sc,train,10
14397,sc6_7_img078.jpg,sc6_7,sc,train,10
14398,sc6_7_img079.jpg,sc6_7,sc,train,10
14399,sc6_7_img080.jpg,sc6_7,sc,train,10
14400,sc6_7_img081.jpg,sc6_7,sc,train,10
14401,sc6_7_img082.jpg,sc6_7,sc,train,10
14402,sc6_7_img083.jpg,sc6_7,sc,train,10
14403,sc6_7_img084.jpg,sc6_7,sc,train,10
14404,sc6_7_img085.jpg,sc6_7,sc,train,10
14405,sc6_7_img086.jpg,sc6_7,sc,train,10
14406,sc6_7_img087.jpg,sc6_7,sc,train,10
14407,sc6_7_img088.jpg,sc6_7,sc,train,10
14408,sc6_7_img089.jpg,sc6_7,sc,train,10
14409,sc6_7_img090.jpg,sc6_7,sc,train,10
14410,sc6_7_img091.jpg,sc6_7,sc,train,10
14411,sc6_7_img092.jpg,sc6_7,sc,train,10
14412,sc6_7_img093.jpg,sc6_7,sc,train,10
14413,sc6_7_img094.jpg,sc6_7,sc,train,10
14414,sc6_7_img095.jpg,sc6_7,sc,train,10
14415,sc6_8_img001.jpg,sc6_8,sc,test,10
14416,sc6_8_img002.jpg,sc6_8,sc,test,10
14417,sc6_8_img003.jpg,sc6_8,sc,test,10
14418,sc6_8_img004.jpg,sc6_8,sc,test,10
14419,sc6_8_img005.jpg,sc6_8,sc,test,10
14420,sc6_8_img006.jpg,sc6_8,sc,test,10
14421,sc6_8_img007.jpg,sc6_8,sc,test,10
14422,sc6_8_img008.jpg,sc6_8,sc,test,10
14423,sc6_8_img009.jpg,sc6_8,sc,test,10
14424,sc6_8_img010.jpg,sc6_8,sc,test,10
14425,sc6_8_img011.jpg,sc6_8,sc,test,10
14426,sc6_8_img012.jpg,sc6_8,sc,test,10
14427,sc6_8_img013.jpg,sc6_8,sc,test,10
14428,sc6_8_img014.jpg,sc6_8,sc,test,10
14429,sc6_8_img015.jpg,sc6_8,sc,test,10
14430,sc6_8_img016.jpg,sc6_8,sc,test,10
14431,sc6_8_img017.jpg,sc6_8,sc,test,10
14432,sc6_8_img018.jpg,sc6_8,sc,test,10
14433,sc6_8_img019.jpg,sc6_8,sc,test,10
14434,sc6_8_img020.jpg,sc6_8,sc,test,10
14435,sc6_8_img021.jpg,sc6_8,sc,test,10
14436,sc6_8_img022.jpg,sc6_8,sc,test,10
14437,sc6_8_img023.jpg,sc6_8,sc,test,10
14438,sc6_8_img024.jpg,sc6_8,sc,test,10
14439,sc6_8_img025.jpg,sc6_8,sc,test,10
14440,sc6_8_img026.jpg,sc6_8,sc,test,10
14441,sc6_8_img027.jpg,sc6_8,sc,test,10
14442,sc6_8_img028.jpg,sc6_8,sc,test,10
14443,sc6_8_img029.jpg,sc6_8,sc,test,10
14444,sc6_8_img030.jpg,sc6_8,sc,test,10
14445,sc6_8_img031.jpg,sc6_8,sc,test,10
14446,sc6_8_img032.jpg,sc6_8,sc,test,10
14447,sc6_8_img033.jpg,sc6_8,sc,test,10
14448,sc6_8_img034.jpg,sc6_8,sc,test,10
14449,sc6_8_img035.jpg,sc6_8,sc,test,10
14450,sc6_8_img036.jpg,sc6_8,sc,test,10
14451,sc6_8_img037.jpg,sc6_8,sc,test,10
14452,sc6_8_img038.jpg,sc6_8,sc,test,10
14453,sc6_8_img039.jpg,sc6_8,sc,test,10
14454,sc6_8_img040.jpg,sc6_8,sc,test,10
14455,sc6_8_img041.jpg,sc6_8,sc,test,10
14456,sc6_8_img042.jpg,sc6_8,sc,test,10
14457,sc6_8_img043.jpg,sc6_8,sc,test,10
14458,sc6_8_img044.jpg,sc6_8,sc,test,10
14459,sc6_8_img045.jpg,sc6_8,sc,test,10
14460,sc6_8_img046.jpg,sc6_8,sc,test,10
14461,sc6_8_img047.jpg,sc6_8,sc,test,10
14462,sc6_8_img048.jpg,sc6_8,sc,test,10
14463,sc6_8_img049.jpg,sc6_8,sc,test,10
14464,sc6_8_img050.jpg,sc6_8,sc,test,10
14465,sc6_8_img051.jpg,sc6_8,sc,test,10
14466,sc6_8_img052.jpg,sc6_8,sc,test,10
14467,sc6_8_img053.jpg,sc6_8,sc,test,10
14468,sc6_8_img054.jpg,sc6_8,sc,test,10
14469,sc6_8_img055.jpg,sc6_8,sc,test,10
14470,sc6_8_img056.jpg,sc6_8,sc,test,10
14471,sc6_8_img057.jpg,sc6_8,sc,test,10
14472,sc6_8_img058.jpg,sc6_8,sc,test,10
14473,sc6_8_img059.jpg,sc6_8,sc,test,10
14474,sc6_8_img060.jpg,sc6_8,sc,test,10
14475,sc6_8_img061.jpg,sc6_8,sc,test,10
14476,sc6_8_img062.jpg,sc6_8,sc,test,10
14477,sc6_8_img063.jpg,sc6_8,sc,test,10
14478,sc6_8_img064.jpg,sc6_8,sc,test,10
14479,sc6_8_img065.jpg,sc6_8,sc,test,10
14480,sc6_8_img066.jpg,sc6_8,sc,test,10
14481,sc6_8_img067.jpg,sc6_8,sc,test,10
14482,sc6_8_img068.jpg,sc6_8,sc,test,10
14483,sc6_8_img069.jpg,sc6_8,sc,test,10
14484,sc6_8_img070.jpg,sc6_8,sc,test,10
14485,sc6_8_img071.jpg,sc6_8,sc,test,10
14486,sc6_8_img072.jpg,sc6_8,sc,test,10
14487,sc6_8_img073.jpg,sc6_8,sc,test,10
14488,sc6_8_img074.jpg,sc6_8,sc,test,10
14489,sc6_8_img075.jpg,sc6_8,sc,test,10
14490,sc6_8_img076.jpg,sc6_8,sc,test,10
14491,sc6_8_img077.jpg,sc6_8,sc,test,10
14492,sc6_8_img078.jpg,sc6_8,sc,test,10
14493,sc6_8_img079.jpg,sc6_8,sc,test,10
14494,sc6_8_img080.jpg,sc6_8,sc,test,10
14495,sc6_8_img081.jpg,sc6_8,sc,test,10
14496,sc6_8_img082.jpg,sc6_8,sc,test,10
14497,sc6_8_img083.jpg,sc6_8,sc,test,10
14498,sc6_8_img084.jpg,sc6_8,sc,test,10
14499,sc6_8_img085.jpg,sc6_8,sc,test,10
14500,sc6_8_img086.jpg,sc6_8,sc,test,10
14501,sc6_8_img087.jpg,sc6_8,sc,test,10
14502,sc6_8_img088.jpg,sc6_8,sc,test,10
14503,sc6_8_img089.jpg,sc6_8,sc,test,10
14504,sc6_8_img090.jpg,sc6_8,sc,test,10
14505,sc6_8_img091.jpg,sc6_8,sc,test,10
14506,sc6_8_img092.jpg,sc6_8,sc,test,10
14507,sc6_8_img093.jpg,sc6_8,sc,test,10
14508,sc6_8_img094.jpg,sc6_8,sc,test,10
14509,sc6_8_img095.jpg,sc6_8,sc,test,10
14510,sc6_9_img001.jpg,sc6_9,sc,train,10
14511,sc6_9_img002.jpg,sc6_9,sc,train,10
14512,sc6_9_img003.jpg,sc6_9,sc,train,10
14513,sc6_9_img004.jpg,sc6_9,sc,train,10
14514,sc6_9_img005.jpg,sc6_9,sc,train,10
14515,sc6_9_img006.jpg,sc6_9,sc,train,10
14516,sc6_9_img007.jpg,sc6_9,sc,train,10
14517,sc6_9_img008.jpg,sc6_9,sc,train,10
14518,sc6_9_img009.jpg,sc6_9,sc,train,10
14519,sc6_9_img010.jpg,sc6_9,sc,train,10
14520,sc6_9_img011.jpg,sc6_9,sc,train,10
14521,sc6_9_img012.jpg,sc6_9,sc,train,10
14522,sc6_9_img013.jpg,sc6_9,sc,train,10
14523,sc6_9_img014.jpg,sc6_9,sc,train,10
14524,sc6_9_img015.jpg,sc6_9,sc,train,10
14525,sc6_9_img016.jpg,sc6_9,sc,train,10
14526,sc6_9_img017.jpg,sc6_9,sc,train,10
14527,sc6_9_img018.jpg,sc6_9,sc,train,10
14528,sc6_9_img019.jpg,sc6_9,sc,train,10
14529,sc6_9_img020.jpg,sc6_9,sc,train,10
14530,sc6_9_img021.jpg,sc6_9,sc,train,10
14531,sc6_9_img022.jpg,sc6_9,sc,train,10
14532,sc6_9_img023.jpg,sc6_9,sc,train,10
14533,sc6_9_img024.jpg,sc6_9,sc,train,10
14534,sc6_9_img025.jpg,sc6_9,sc,train,10
14535,sc6_9_img026.jpg,sc6_9,sc,train,10
14536,sc6_9_img027.jpg,sc6_9,sc,train,10
14537,sc6_9_img028.jpg,sc6_9,sc,train,10
14538,sc6_9_img029.jpg,sc6_9,sc,train,10
14539,sc6_9_img030.jpg,sc6_9,sc,train,10
14540,sc6_9_img031.jpg,sc6_9,sc,train,10
14541,sc6_9_img032.jpg,sc6_9,sc,train,10
14542,sc6_9_img033.jpg,sc6_9,sc,train,10
14543,sc6_9_img034.jpg,sc6_9,sc,train,10
14544,sc6_9_img035.jpg,sc6_9,sc,train,10
14545,sc6_9_img036.jpg,sc6_9,sc,train,10
14546,sc6_9_img037.jpg,sc6_9,sc,train,10
14547,sc6_9_img038.jpg,sc6_9,sc,train,10
14548,sc6_9_img039.jpg,sc6_9,sc,train,10
14549,sc6_9_img040.jpg,sc6_9,sc,train,10
14550,sc6_9_img041.jpg,sc6_9,sc,train,10
14551,sc6_9_img042.jpg,sc6_9,sc,train,10
14552,sc6_9_img043.jpg,sc6_9,sc,train,10
14553,sc6_9_img044.jpg,sc6_9,sc,train,10
14554,sc6_9_img045.jpg,sc6_9,sc,train,10
14555,sc6_9_img046.jpg,sc6_9,sc,train,10
14556,sc6_9_img047.jpg,sc6_9,sc,train,10
14557,sc6_9_img048.jpg,sc6_9,sc,train,10
14558,sc6_9_img049.jpg,sc6_9,sc,train,10
14559,sc6_9_img050.jpg,sc6_9,sc,train,10
14560,sc6_9_img051.jpg,sc6_9,sc,train,10
14561,sc6_9_img052.jpg,sc6_9,sc,train,10
14562,sc6_9_img053.jpg,sc6_9,sc,train,10
14563,sc6_9_img054.jpg,sc6_9,sc,train,10
14564,sc6_9_img055.jpg,sc6_9,sc,train,10
14565,sc6_9_img056.jpg,sc6_9,sc,train,10
14566,sc6_9_img057.jpg,sc6_9,sc,train,10
14567,sc6_9_img058.jpg,sc6_9,sc,train,10
14568,sc6_9_img059.jpg,sc6_9,sc,train,10
14569,sc6_9_img060.jpg,sc6_9,sc,train,10
14570,sc6_9_img061.jpg,sc6_9,sc,train,10
14571,sc6_9_img062.jpg,sc6_9,sc,train,10
14572,sc6_9_img063.jpg,sc6_9,sc,train,10
14573,sc6_9_img064.jpg,sc6_9,sc,train,10
14574,sc6_9_img065.jpg,sc6_9,sc,train,10
14575,sc6_9_img066.jpg,sc6_9,sc,train,10
14576,sc6_9_img067.jpg,sc6_9,sc,train,10
14577,sc6_9_img068.jpg,sc6_9,sc,train,10
14578,sc6_9_img069.jpg,sc6_9,sc,train,10
14579,sc6_9_img070.jpg,sc6_9,sc,train,10
14580,sc6_9_img071.jpg,sc6_9,sc,train,10
14581,sc6_9_img072.jpg,sc6_9,sc,train,10
14582,sc6_9_img073.jpg,sc6_9,sc,train,10
14583,sc6_9_img074.jpg,sc6_9,sc,train,10
14584,sc6_9_img075.jpg,sc6_9,sc,train,10
14585,sc6_9_img076.jpg,sc6_9,sc,train,10
14586,sc6_9_img077.jpg,sc6_9,sc,train,10
14587,sc6_9_img078.jpg,sc6_9,sc,train,10
14588,sc6_9_img079.jpg,sc6_9,sc,train,10
14589,sc6_9_img080.jpg,sc6_9,sc,train,10
14590,sc6_9_img081.jpg,sc6_9,sc,train,10
14591,sc6_9_img082.jpg,sc6_9,sc,train,10
14592,sc6_9_img083.jpg,sc6_9,sc,train,10
14593,sc6_9_img084.jpg,sc6_9,sc,train,10
14594,sc6_9_img085.jpg,sc6_9,sc,train,10
14595,sc6_9_img086.jpg,sc6_9,sc,train,10
14596,sc6_9_img087.jpg,sc6_9,sc,train,10
14597,sc6_9_img088.jpg,sc6_9,sc,train,10
14598,sc6_9_img089.jpg,sc6_9,sc,train,10
14599,sc6_9_img090.jpg,sc6_9,sc,train,10
14600,sc6_9_img091.jpg,sc6_9,sc,train,10
14601,sc6_9_img092.jpg,sc6_9,sc,train,10
14602,sc6_9_img093.jpg,sc6_9,sc,train,10
14603,sc6_9_img094.jpg,sc6_9,sc,train,10
14604,sc6_9_img095.jpg,sc6_9,sc,train,10
14605,sc7_10_img001.jpg,sc7_10,sc,train,10
14606,sc7_10_img002.jpg,sc7_10,sc,train,10
14607,sc7_10_img003.jpg,sc7_10,sc,train,10
14608,sc7_10_img004.jpg,sc7_10,sc,train,10
14609,sc7_10_img005.jpg,sc7_10,sc,train,10
14610,sc7_10_img006.jpg,sc7_10,sc,train,10
14611,sc7_10_img007.jpg,sc7_10,sc,train,10
14612,sc7_10_img008.jpg,sc7_10,sc,train,10
14613,sc7_10_img009.jpg,sc7_10,sc,train,10
14614,sc7_10_img010.jpg,sc7_10,sc,train,10
14615,sc7_10_img011.jpg,sc7_10,sc,train,10
14616,sc7_10_img012.jpg,sc7_10,sc,train,10
14617,sc7_10_img013.jpg,sc7_10,sc,train,10
14618,sc7_10_img014.jpg,sc7_10,sc,train,10
14619,sc7_10_img015.jpg,sc7_10,sc,train,10
14620,sc7_10_img016.jpg,sc7_10,sc,train,10
14621,sc7_10_img017.jpg,sc7_10,sc,train,10
14622,sc7_10_img018.jpg,sc7_10,sc,train,10
14623,sc7_10_img019.jpg,sc7_10,sc,train,10
14624,sc7_10_img020.jpg,sc7_10,sc,train,10
14625,sc7_10_img021.jpg,sc7_10,sc,train,10
14626,sc7_10_img022.jpg,sc7_10,sc,train,10
14627,sc7_10_img023.jpg,sc7_10,sc,train,10
14628,sc7_10_img024.jpg,sc7_10,sc,train,10
14629,sc7_10_img025.jpg,sc7_10,sc,train,10
14630,sc7_10_img026.jpg,sc7_10,sc,train,10
14631,sc7_10_img027.jpg,sc7_10,sc,train,10
14632,sc7_10_img028.jpg,sc7_10,sc,train,10
14633,sc7_10_img029.jpg,sc7_10,sc,train,10
14634,sc7_10_img030.jpg,sc7_10,sc,train,10
14635,sc7_10_img031.jpg,sc7_10,sc,train,10
14636,sc7_10_img032.jpg,sc7_10,sc,train,10
14637,sc7_10_img033.jpg,sc7_10,sc,train,10
14638,sc7_10_img034.jpg,sc7_10,sc,train,10
14639,sc7_10_img035.jpg,sc7_10,sc,train,10
14640,sc7_10_img036.jpg,sc7_10,sc,train,10
14641,sc7_10_img037.jpg,sc7_10,sc,train,10
14642,sc7_10_img038.jpg,sc7_10,sc,train,10
14643,sc7_10_img039.jpg,sc7_10,sc,train,10
14644,sc7_10_img040.jpg,sc7_10,sc,train,10
14645,sc7_10_img041.jpg,sc7_10,sc,train,10
14646,sc7_10_img042.jpg,sc7_10,sc,train,10
14647,sc7_10_img043.jpg,sc7_10,sc,train,10
14648,sc7_10_img044.jpg,sc7_10,sc,train,10
14649,sc7_10_img045.jpg,sc7_10,sc,train,10
14650,sc7_10_img046.jpg,sc7_10,sc,train,10
14651,sc7_10_img047.jpg,sc7_10,sc,train,10
14652,sc7_10_img048.jpg,sc7_10,sc,train,10
14653,sc7_10_img049.jpg,sc7_10,sc,train,10
14654,sc7_10_img050.jpg,sc7_10,sc,train,10
14655,sc7_10_img051.jpg,sc7_10,sc,train,10
14656,sc7_10_img052.jpg,sc7_10,sc,train,10
14657,sc7_10_img053.jpg,sc7_10,sc,train,10
14658,sc7_10_img054.jpg,sc7_10,sc,train,10
14659,sc7_10_img055.jpg,sc7_10,sc,train,10
14660,sc7_10_img056.jpg,sc7_10,sc,train,10
14661,sc7_10_img057.jpg,sc7_10,sc,train,10
14662,sc7_10_img058.jpg,sc7_10,sc,train,10
14663,sc7_10_img059.jpg,sc7_10,sc,train,10
14664,sc7_10_img060.jpg,sc7_10,sc,train,10
14665,sc7_10_img061.jpg,sc7_10,sc,train,10
14666,sc7_10_img062.jpg,sc7_10,sc,train,10
14667,sc7_10_img063.jpg,sc7_10,sc,train,10
14668,sc7_10_img064.jpg,sc7_10,sc,train,10
14669,sc7_10_img065.jpg,sc7_10,sc,train,10
14670,sc7_10_img066.jpg,sc7_10,sc,train,10
14671,sc7_10_img067.jpg,sc7_10,sc,train,10
14672,sc7_10_img068.jpg,sc7_10,sc,train,10
14673,sc7_10_img069.jpg,sc7_10,sc,train,10
14674,sc7_10_img070.jpg,sc7_10,sc,train,10
14675,sc7_10_img071.jpg,sc7_10,sc,train,10
14676,sc7_10_img072.jpg,sc7_10,sc,train,10
14677,sc7_10_img073.jpg,sc7_10,sc,train,10
14678,sc7_10_img074.jpg,sc7_10,sc,train,10
14679,sc7_10_img075.jpg,sc7_10,sc,train,10
14680,sc7_10_img076.jpg,sc7_10,sc,train,10
14681,sc7_10_img077.jpg,sc7_10,sc,train,10
14682,sc7_10_img078.jpg,sc7_10,sc,train,10
14683,sc7_10_img079.jpg,sc7_10,sc,train,10
14684,sc7_10_img080.jpg,sc7_10,sc,train,10
14685,sc7_10_img081.jpg,sc7_10,sc,train,10
14686,sc7_10_img082.jpg,sc7_10,sc,train,10
14687,sc7_10_img083.jpg,sc7_10,sc,train,10
14688,sc7_10_img084.jpg,sc7_10,sc,train,10
14689,sc7_10_img085.jpg,sc7_10,sc,train,10
14690,sc7_10_img086.jpg,sc7_10,sc,train,10
14691,sc7_10_img087.jpg,sc7_10,sc,train,10
14692,sc7_10_img088.jpg,sc7_10,sc,train,10
14693,sc7_10_img089.jpg,sc7_10,sc,train,10
14694,sc7_10_img090.jpg,sc7_10,sc,train,10
14695,sc7_10_img091.jpg,sc7_10,sc,train,10
14696,sc7_10_img092.jpg,sc7_10,sc,train,10
14697,sc7_10_img093.jpg,sc7_10,sc,train,10
14698,sc7_10_img094.jpg,sc7_10,sc,train,10
14699,sc7_10_img095.jpg,sc7_10,sc,train,10
14700,sc7_11_img001.jpg,sc7_11,sc,test,10
14701,sc7_11_img002.jpg,sc7_11,sc,test,10
14702,sc7_11_img003.jpg,sc7_11,sc,test,10
14703,sc7_11_img004.jpg,sc7_11,sc,test,10
14704,sc7_11_img005.jpg,sc7_11,sc,test,10
14705,sc7_11_img006.jpg,sc7_11,sc,test,10
14706,sc7_11_img007.jpg,sc7_11,sc,test,10
14707,sc7_11_img008.jpg,sc7_11,sc,test,10
14708,sc7_11_img009.jpg,sc7_11,sc,test,10
14709,sc7_11_img010.jpg,sc7_11,sc,test,10
14710,sc7_11_img011.jpg,sc7_11,sc,test,10
14711,sc7_11_img012.jpg,sc7_11,sc,test,10
14712,sc7_11_img013.jpg,sc7_11,sc,test,10
14713,sc7_11_img014.jpg,sc7_11,sc,test,10
14714,sc7_11_img015.jpg,sc7_11,sc,test,10
14715,sc7_11_img016.jpg,sc7_11,sc,test,10
14716,sc7_11_img017.jpg,sc7_11,sc,test,10
14717,sc7_11_img018.jpg,sc7_11,sc,test,10
14718,sc7_11_img019.jpg,sc7_11,sc,test,10
14719,sc7_11_img020.jpg,sc7_11,sc,test,10
14720,sc7_11_img021.jpg,sc7_11,sc,test,10
14721,sc7_11_img022.jpg,sc7_11,sc,test,10
14722,sc7_11_img023.jpg,sc7_11,sc,test,10
14723,sc7_11_img024.jpg,sc7_11,sc,test,10
14724,sc7_11_img025.jpg,sc7_11,sc,test,10
14725,sc7_11_img026.jpg,sc7_11,sc,test,10
14726,sc7_11_img027.jpg,sc7_11,sc,test,10
14727,sc7_11_img028.jpg,sc7_11,sc,test,10
14728,sc7_11_img029.jpg,sc7_11,sc,test,10
14729,sc7_11_img030.jpg,sc7_11,sc,test,10
14730,sc7_11_img031.jpg,sc7_11,sc,test,10
14731,sc7_11_img032.jpg,sc7_11,sc,test,10
14732,sc7_11_img033.jpg,sc7_11,sc,test,10
14733,sc7_11_img034.jpg,sc7_11,sc,test,10
14734,sc7_11_img035.jpg,sc7_11,sc,test,10
14735,sc7_11_img036.jpg,sc7_11,sc,test,10
14736,sc7_11_img037.jpg,sc7_11,sc,test,10
14737,sc7_11_img038.jpg,sc7_11,sc,test,10
14738,sc7_11_img039.jpg,sc7_11,sc,test,10
14739,sc7_11_img040.jpg,sc7_11,sc,test,10
14740,sc7_11_img041.jpg,sc7_11,sc,test,10
14741,sc7_11_img042.jpg,sc7_11,sc,test,10
14742,sc7_11_img043.jpg,sc7_11,sc,test,10
14743,sc7_11_img044.jpg,sc7_11,sc,test,10
14744,sc7_11_img045.jpg,sc7_11,sc,test,10
14745,sc7_11_img046.jpg,sc7_11,sc,test,10
14746,sc7_11_img047.jpg,sc7_11,sc,test,10
14747,sc7_11_img048.jpg,sc7_11,sc,test,10
14748,sc7_11_img049.jpg,sc7_11,sc,test,10
14749,sc7_11_img050.jpg,sc7_11,sc,test,10
14750,sc7_11_img051.jpg,sc7_11,sc,test,10
14751,sc7_11_img052.jpg,sc7_11,sc,test,10
14752,sc7_11_img053.jpg,sc7_11,sc,test,10
14753,sc7_11_img054.jpg,sc7_11,sc,test,10
14754,sc7_11_img055.jpg,sc7_11,sc,test,10
14755,sc7_11_img056.jpg,sc7_11,sc,test,10
14756,sc7_11_img057.jpg,sc7_11,sc,test,10
14757,sc7_11_img058.jpg,sc7_11,sc,test,10
14758,sc7_11_img059.jpg,sc7_11,sc,test,10
14759,sc7_11_img060.jpg,sc7_11,sc,test,10
14760,sc7_11_img061.jpg,sc7_11,sc,test,10
14761,sc7_11_img062.jpg,sc7_11,sc,test,10
14762,sc7_11_img063.jpg,sc7_11,sc,test,10
14763,sc7_11_img064.jpg,sc7_11,sc,test,10
14764,sc7_11_img065.jpg,sc7_11,sc,test,10
14765,sc7_11_img066.jpg,sc7_11,sc,test,10
14766,sc7_11_img067.jpg,sc7_11,sc,test,10
14767,sc7_11_img068.jpg,sc7_11,sc,test,10
14768,sc7_11_img069.jpg,sc7_11,sc,test,10
14769,sc7_11_img070.jpg,sc7_11,sc,test,10
14770,sc7_11_img071.jpg,sc7_11,sc,test,10
14771,sc7_11_img072.jpg,sc7_11,sc,test,10
14772,sc7_11_img073.jpg,sc7_11,sc,test,10
14773,sc7_11_img074.jpg,sc7_11,sc,test,10
14774,sc7_11_img075.jpg,sc7_11,sc,test,10
14775,sc7_11_img076.jpg,sc7_11,sc,test,10
14776,sc7_11_img077.jpg,sc7_11,sc,test,10
14777,sc7_11_img078.jpg,sc7_11,sc,test,10
14778,sc7_11_img079.jpg,sc7_11,sc,test,10
14779,sc7_11_img080.jpg,sc7_11,sc,test,10
14780,sc7_11_img081.jpg,sc7_11,sc,test,10
14781,sc7_11_img082.jpg,sc7_11,sc,test,10
14782,sc7_11_img083.jpg,sc7_11,sc,test,10
14783,sc7_11_img084.jpg,sc7_11,sc,test,10
14784,sc7_11_img085.jpg,sc7_11,sc,test,10
14785,sc7_11_img086.jpg,sc7_11,sc,test,10
14786,sc7_11_img087.jpg,sc7_11,sc,test,10
14787,sc7_11_img088.jpg,sc7_11,sc,test,10
14788,sc7_11_img089.jpg,sc7_11,sc,test,10
14789,sc7_11_img090.jpg,sc7_11,sc,test,10
14790,sc7_11_img091.jpg,sc7_11,sc,test,10
14791,sc7_11_img092.jpg,sc7_11,sc,test,10
14792,sc7_11_img093.jpg,sc7_11,sc,test,10
14793,sc7_11_img094.jpg,sc7_11,sc,test,10
14794,sc7_11_img095.jpg,sc7_11,sc,test,10
14795,sc7_12_img001.jpg,sc7_12,sc,train,10
14796,sc7_12_img002.jpg,sc7_12,sc,train,10
14797,sc7_12_img003.jpg,sc7_12,sc,train,10
14798,sc7_12_img004.jpg,sc7_12,sc,train,10
14799,sc7_12_img005.jpg,sc7_12,sc,train,10
14800,sc7_12_img006.jpg,sc7_12,sc,train,10
14801,sc7_12_img007.jpg,sc7_12,sc,train,10
14802,sc7_12_img008.jpg,sc7_12,sc,train,10
14803,sc7_12_img009.jpg,sc7_12,sc,train,10
14804,sc7_12_img010.jpg,sc7_12,sc,train,10
14805,sc7_12_img011.jpg,sc7_12,sc,train,10
14806,sc7_12_img012.jpg,sc7_12,sc,train,10
14807,sc7_12_img013.jpg,sc7_12,sc,train,10
14808,sc7_12_img014.jpg,sc7_12,sc,train,10
14809,sc7_12_img015.jpg,sc7_12,sc,train,10
14810,sc7_12_img016.jpg,sc7_12,sc,train,10
14811,sc7_12_img017.jpg,sc7_12,sc,train,10
14812,sc7_12_img018.jpg,sc7_12,sc,train,10
14813,sc7_12_img019.jpg,sc7_12,sc,train,10
14814,sc7_12_img020.jpg,sc7_12,sc,train,10
14815,sc7_12_img021.jpg,sc7_12,sc,train,10
14816,sc7_12_img022.jpg,sc7_12,sc,train,10
14817,sc7_12_img023.jpg,sc7_12,sc,train,10
14818,sc7_12_img024.jpg,sc7_12,sc,train,10
14819,sc7_12_img025.jpg,sc7_12,sc,train,10
14820,sc7_12_img026.jpg,sc7_12,sc,train,10
14821,sc7_12_img027.jpg,sc7_12,sc,train,10
14822,sc7_12_img028.jpg,sc7_12,sc,train,10
14823,sc7_12_img029.jpg,sc7_12,sc,train,10
14824,sc7_12_img030.jpg,sc7_12,sc,train,10
14825,sc7_12_img031.jpg,sc7_12,sc,train,10
14826,sc7_12_img032.jpg,sc7_12,sc,train,10
14827,sc7_12_img033.jpg,sc7_12,sc,train,10
14828,sc7_12_img034.jpg,sc7_12,sc,train,10
14829,sc7_12_img035.jpg,sc7_12,sc,train,10
14830,sc7_12_img036.jpg,sc7_12,sc,train,10
14831,sc7_12_img037.jpg,sc7_12,sc,train,10
14832,sc7_12_img038.jpg,sc7_12,sc,train,10
14833,sc7_12_img039.jpg,sc7_12,sc,train,10
14834,sc7_12_img040.jpg,sc7_12,sc,train,10
14835,sc7_12_img041.jpg,sc7_12,sc,train,10
14836,sc7_12_img042.jpg,sc7_12,sc,train,10
14837,sc7_12_img043.jpg,sc7_12,sc,train,10
14838,sc7_12_img044.jpg,sc7_12,sc,train,10
14839,sc7_12_img045.jpg,sc7_12,sc,train,10
14840,sc7_12_img046.jpg,sc7_12,sc,train,10
14841,sc7_12_img047.jpg,sc7_12,sc,train,10
14842,sc7_12_img048.jpg,sc7_12,sc,train,10
14843,sc7_12_img049.jpg,sc7_12,sc,train,10
14844,sc7_12_img050.jpg,sc7_12,sc,train,10
14845,sc7_12_img051.jpg,sc7_12,sc,train,10
14846,sc7_12_img052.jpg,sc7_12,sc,train,10
14847,sc7_12_img053.jpg,sc7_12,sc,train,10
14848,sc7_12_img054.jpg,sc7_12,sc,train,10
14849,sc7_12_img055.jpg,sc7_12,sc,train,10
14850,sc7_12_img056.jpg,sc7_12,sc,train,10
14851,sc7_12_img057.jpg,sc7_12,sc,train,10
14852,sc7_12_img058.jpg,sc7_12,sc,train,10
14853,sc7_12_img059.jpg,sc7_12,sc,train,10
14854,sc7_12_img060.jpg,sc7_12,sc,train,10
14855,sc7_12_img061.jpg,sc7_12,sc,train,10
14856,sc7_12_img062.jpg,sc7_12,sc,train,10
14857,sc7_12_img063.jpg,sc7_12,sc,train,10
14858,sc7_12_img064.jpg,sc7_12,sc,train,10
14859,sc7_12_img065.jpg,sc7_12,sc,train,10
14860,sc7_12_img066.jpg,sc7_12,sc,train,10
14861,sc7_12_img067.jpg,sc7_12,sc,train,10
14862,sc7_12_img068.jpg,sc7_12,sc,train,10
14863,sc7_12_img069.jpg,sc7_12,sc,train,10
14864,sc7_12_img070.jpg,sc7_12,sc,train,10
14865,sc7_12_img071.jpg,sc7_12,sc,train,10
14866,sc7_12_img072.jpg,sc7_12,sc,train,10
14867,sc7_12_img073.jpg,sc7_12,sc,train,10
14868,sc7_12_img074.jpg,sc7_12,sc,train,10
14869,sc7_12_img075.jpg,sc7_12,sc,train,10
14870,sc7_12_img076.jpg,sc7_12,sc,train,10
14871,sc7_12_img077.jpg,sc7_12,sc,train,10
14872,sc7_12_img078.jpg,sc7_12,sc,train,10
14873,sc7_12_img079.jpg,sc7_12,sc,train,10
14874,sc7_12_img080.jpg,sc7_12,sc,train,10
14875,sc7_12_img081.jpg,sc7_12,sc,train,10
14876,sc7_12_img082.jpg,sc7_12,sc,train,10
14877,sc7_12_img083.jpg,sc7_12,sc,train,10
14878,sc7_12_img084.jpg,sc7_12,sc,train,10
14879,sc7_12_img085.jpg,sc7_12,sc,train,10
14880,sc7_12_img086.jpg,sc7_12,sc,train,10
14881,sc7_12_img087.jpg,sc7_12,sc,train,10
14882,sc7_12_img088.jpg,sc7_12,sc,train,10
14883,sc7_12_img089.jpg,sc7_12,sc,train,10
14884,sc7_12_img090.jpg,sc7_12,sc,train,10
14885,sc7_12_img091.jpg,sc7_12,sc,train,10
14886,sc7_12_img092.jpg,sc7_12,sc,train,10
14887,sc7_12_img093.jpg,sc7_12,sc,train,10
14888,sc7_12_img094.jpg,sc7_12,sc,train,10
14889,sc7_12_img095.jpg,sc7_12,sc,train,10
14890,sc7_1_img001.jpg,sc7_1,sc,train,10
14891,sc7_1_img002.jpg,sc7_1,sc,train,10
14892,sc7_1_img003.jpg,sc7_1,sc,train,10
14893,sc7_1_img004.jpg,sc7_1,sc,train,10
14894,sc7_1_img005.jpg,sc7_1,sc,train,10
14895,sc7_1_img006.jpg,sc7_1,sc,train,10
14896,sc7_1_img007.jpg,sc7_1,sc,train,10
14897,sc7_1_img008.jpg,sc7_1,sc,train,10
14898,sc7_1_img009.jpg,sc7_1,sc,train,10
14899,sc7_1_img010.jpg,sc7_1,sc,train,10
14900,sc7_1_img011.jpg,sc7_1,sc,train,10
14901,sc7_1_img012.jpg,sc7_1,sc,train,10
14902,sc7_1_img013.jpg,sc7_1,sc,train,10
14903,sc7_1_img014.jpg,sc7_1,sc,train,10
14904,sc7_1_img015.jpg,sc7_1,sc,train,10
14905,sc7_1_img016.jpg,sc7_1,sc,train,10
14906,sc7_1_img017.jpg,sc7_1,sc,train,10
14907,sc7_1_img018.jpg,sc7_1,sc,train,10
14908,sc7_1_img019.jpg,sc7_1,sc,train,10
14909,sc7_1_img020.jpg,sc7_1,sc,train,10
14910,sc7_1_img021.jpg,sc7_1,sc,train,10
14911,sc7_1_img022.jpg,sc7_1,sc,train,10
14912,sc7_1_img023.jpg,sc7_1,sc,train,10
14913,sc7_1_img024.jpg,sc7_1,sc,train,10
14914,sc7_1_img025.jpg,sc7_1,sc,train,10
14915,sc7_1_img026.jpg,sc7_1,sc,train,10
14916,sc7_1_img027.jpg,sc7_1,sc,train,10
14917,sc7_1_img028.jpg,sc7_1,sc,train,10
14918,sc7_1_img029.jpg,sc7_1,sc,train,10
14919,sc7_1_img030.jpg,sc7_1,sc,train,10
14920,sc7_1_img031.jpg,sc7_1,sc,train,10
14921,sc7_1_img032.jpg,sc7_1,sc,train,10
14922,sc7_1_img033.jpg,sc7_1,sc,train,10
14923,sc7_1_img034.jpg,sc7_1,sc,train,10
14924,sc7_1_img035.jpg,sc7_1,sc,train,10
14925,sc7_1_img036.jpg,sc7_1,sc,train,10
14926,sc7_1_img037.jpg,sc7_1,sc,train,10
14927,sc7_1_img038.jpg,sc7_1,sc,train,10
14928,sc7_1_img039.jpg,sc7_1,sc,train,10
14929,sc7_1_img040.jpg,sc7_1,sc,train,10
14930,sc7_1_img041.jpg,sc7_1,sc,train,10
14931,sc7_1_img042.jpg,sc7_1,sc,train,10
14932,sc7_1_img043.jpg,sc7_1,sc,train,10
14933,sc7_1_img044.jpg,sc7_1,sc,train,10
14934,sc7_1_img045.jpg,sc7_1,sc,train,10
14935,sc7_1_img046.jpg,sc7_1,sc,train,10
14936,sc7_1_img047.jpg,sc7_1,sc,train,10
14937,sc7_1_img048.jpg,sc7_1,sc,train,10
14938,sc7_1_img049.jpg,sc7_1,sc,train,10
14939,sc7_1_img050.jpg,sc7_1,sc,train,10
14940,sc7_1_img051.jpg,sc7_1,sc,train,10
14941,sc7_1_img052.jpg,sc7_1,sc,train,10
14942,sc7_1_img053.jpg,sc7_1,sc,train,10
14943,sc7_1_img054.jpg,sc7_1,sc,train,10
14944,sc7_1_img055.jpg,sc7_1,sc,train,10
14945,sc7_1_img056.jpg,sc7_1,sc,train,10
14946,sc7_1_img057.jpg,sc7_1,sc,train,10
14947,sc7_1_img058.jpg,sc7_1,sc,train,10
14948,sc7_1_img059.jpg,sc7_1,sc,train,10
14949,sc7_1_img060.jpg,sc7_1,sc,train,10
14950,sc7_1_img061.jpg,sc7_1,sc,train,10
14951,sc7_1_img062.jpg,sc7_1,sc,train,10
14952,sc7_1_img063.jpg,sc7_1,sc,train,10
14953,sc7_1_img064.jpg,sc7_1,sc,train,10
14954,sc7_1_img065.jpg,sc7_1,sc,train,10
14955,sc7_1_img066.jpg,sc7_1,sc,train,10
14956,sc7_1_img067.jpg,sc7_1,sc,train,10
14957,sc7_1_img068.jpg,sc7_1,sc,train,10
14958,sc7_1_img069.jpg,sc7_1,sc,train,10
14959,sc7_1_img070.jpg,sc7_1,sc,train,10
14960,sc7_1_img071.jpg,sc7_1,sc,train,10
14961,sc7_1_img072.jpg,sc7_1,sc,train,10
14962,sc7_1_img073.jpg,sc7_1,sc,train,10
14963,sc7_1_img074.jpg,sc7_1,sc,train,10
14964,sc7_1_img075.jpg,sc7_1,sc,train,10
14965,sc7_1_img076.jpg,sc7_1,sc,train,10
14966,sc7_1_img077.jpg,sc7_1,sc,train,10
14967,sc7_1_img078.jpg,sc7_1,sc,train,10
14968,sc7_1_img079.jpg,sc7_1,sc,train,10
14969,sc7_1_img080.jpg,sc7_1,sc,train,10
14970,sc7_1_img081.jpg,sc7_1,sc,train,10
14971,sc7_1_img082.jpg,sc7_1,sc,train,10
14972,sc7_1_img083.jpg,sc7_1,sc,train,10
14973,sc7_1_img084.jpg,sc7_1,sc,train,10
14974,sc7_1_img085.jpg,sc7_1,sc,train,10
14975,sc7_1_img086.jpg,sc7_1,sc,train,10
14976,sc7_1_img087.jpg,sc7_1,sc,train,10
14977,sc7_1_img088.jpg,sc7_1,sc,train,10
14978,sc7_1_img089.jpg,sc7_1,sc,train,10
14979,sc7_1_img090.jpg,sc7_1,sc,train,10
14980,sc7_1_img091.jpg,sc7_1,sc,train,10
14981,sc7_1_img092.jpg,sc7_1,sc,train,10
14982,sc7_1_img093.jpg,sc7_1,sc,train,10
14983,sc7_1_img094.jpg,sc7_1,sc,train,10
14984,sc7_1_img095.jpg,sc7_1,sc,train,10
14985,sc7_2_img001.jpg,sc7_2,sc,train,10
14986,sc7_2_img002.jpg,sc7_2,sc,train,10
14987,sc7_2_img003.jpg,sc7_2,sc,train,10
14988,sc7_2_img004.jpg,sc7_2,sc,train,10
14989,sc7_2_img005.jpg,sc7_2,sc,train,10
14990,sc7_2_img006.jpg,sc7_2,sc,train,10
14991,sc7_2_img007.jpg,sc7_2,sc,train,10
14992,sc7_2_img008.jpg,sc7_2,sc,train,10
14993,sc7_2_img009.jpg,sc7_2,sc,train,10
14994,sc7_2_img010.jpg,sc7_2,sc,train,10
14995,sc7_2_img011.jpg,sc7_2,sc,train,10
14996,sc7_2_img012.jpg,sc7_2,sc,train,10
14997,sc7_2_img013.jpg,sc7_2,sc,train,10
14998,sc7_2_img014.jpg,sc7_2,sc,train,10
14999,sc7_2_img015.jpg,sc7_2,sc,train,10
15000,sc7_2_img016.jpg,sc7_2,sc,train,10
15001,sc7_2_img017.jpg,sc7_2,sc,train,10
15002,sc7_2_img018.jpg,sc7_2,sc,train,10
15003,sc7_2_img019.jpg,sc7_2,sc,train,10
15004,sc7_2_img020.jpg,sc7_2,sc,train,10
15005,sc7_2_img021.jpg,sc7_2,sc,train,10
15006,sc7_2_img022.jpg,sc7_2,sc,train,10
15007,sc7_2_img023.jpg,sc7_2,sc,train,10
15008,sc7_2_img024.jpg,sc7_2,sc,train,10
15009,sc7_2_img025.jpg,sc7_2,sc,train,10
15010,sc7_2_img026.jpg,sc7_2,sc,train,10
15011,sc7_2_img027.jpg,sc7_2,sc,train,10
15012,sc7_2_img028.jpg,sc7_2,sc,train,10
15013,sc7_2_img029.jpg,sc7_2,sc,train,10
15014,sc7_2_img030.jpg,sc7_2,sc,train,10
15015,sc7_2_img031.jpg,sc7_2,sc,train,10
15016,sc7_2_img032.jpg,sc7_2,sc,train,10
15017,sc7_2_img033.jpg,sc7_2,sc,train,10
15018,sc7_2_img034.jpg,sc7_2,sc,train,10
15019,sc7_2_img035.jpg,sc7_2,sc,train,10
15020,sc7_2_img036.jpg,sc7_2,sc,train,10
15021,sc7_2_img037.jpg,sc7_2,sc,train,10
15022,sc7_2_img038.jpg,sc7_2,sc,train,10
15023,sc7_2_img039.jpg,sc7_2,sc,train,10
15024,sc7_2_img040.jpg,sc7_2,sc,train,10
15025,sc7_2_img041.jpg,sc7_2,sc,train,10
15026,sc7_2_img042.jpg,sc7_2,sc,train,10
15027,sc7_2_img043.jpg,sc7_2,sc,train,10
15028,sc7_2_img044.jpg,sc7_2,sc,train,10
15029,sc7_2_img045.jpg,sc7_2,sc,train,10
15030,sc7_2_img046.jpg,sc7_2,sc,train,10
15031,sc7_2_img047.jpg,sc7_2,sc,train,10
15032,sc7_2_img048.jpg,sc7_2,sc,train,10
15033,sc7_2_img049.jpg,sc7_2,sc,train,10
15034,sc7_2_img050.jpg,sc7_2,sc,train,10
15035,sc7_2_img051.jpg,sc7_2,sc,train,10
15036,sc7_2_img052.jpg,sc7_2,sc,train,10
15037,sc7_2_img053.jpg,sc7_2,sc,train,10
15038,sc7_2_img054.jpg,sc7_2,sc,train,10
15039,sc7_2_img055.jpg,sc7_2,sc,train,10
15040,sc7_2_img056.jpg,sc7_2,sc,train,10
15041,sc7_2_img057.jpg,sc7_2,sc,train,10
15042,sc7_2_img058.jpg,sc7_2,sc,train,10
15043,sc7_2_img059.jpg,sc7_2,sc,train,10
15044,sc7_2_img060.jpg,sc7_2,sc,train,10
15045,sc7_2_img061.jpg,sc7_2,sc,train,10
15046,sc7_2_img062.jpg,sc7_2,sc,train,10
15047,sc7_2_img063.jpg,sc7_2,sc,train,10
15048,sc7_2_img064.jpg,sc7_2,sc,train,10
15049,sc7_2_img065.jpg,sc7_2,sc,train,10
15050,sc7_2_img066.jpg,sc7_2,sc,train,10
15051,sc7_2_img067.jpg,sc7_2,sc,train,10
15052,sc7_2_img068.jpg,sc7_2,sc,train,10
15053,sc7_2_img069.jpg,sc7_2,sc,train,10
15054,sc7_2_img070.jpg,sc7_2,sc,train,10
15055,sc7_2_img071.jpg,sc7_2,sc,train,10
15056,sc7_2_img072.jpg,sc7_2,sc,train,10
15057,sc7_2_img073.jpg,sc7_2,sc,train,10
15058,sc7_2_img074.jpg,sc7_2,sc,train,10
15059,sc7_2_img075.jpg,sc7_2,sc,train,10
15060,sc7_2_img076.jpg,sc7_2,sc,train,10
15061,sc7_2_img077.jpg,sc7_2,sc,train,10
15062,sc7_2_img078.jpg,sc7_2,sc,train,10
15063,sc7_2_img079.jpg,sc7_2,sc,train,10
15064,sc7_2_img080.jpg,sc7_2,sc,train,10
15065,sc7_2_img081.jpg,sc7_2,sc,train,10
15066,sc7_2_img082.jpg,sc7_2,sc,train,10
15067,sc7_2_img083.jpg,sc7_2,sc,train,10
15068,sc7_2_img084.jpg,sc7_2,sc,train,10
15069,sc7_2_img085.jpg,sc7_2,sc,train,10
15070,sc7_2_img086.jpg,sc7_2,sc,train,10
15071,sc7_2_img087.jpg,sc7_2,sc,train,10
15072,sc7_2_img088.jpg,sc7_2,sc,train,10
15073,sc7_2_img089.jpg,sc7_2,sc,train,10
15074,sc7_2_img090.jpg,sc7_2,sc,train,10
15075,sc7_2_img091.jpg,sc7_2,sc,train,10
15076,sc7_2_img092.jpg,sc7_2,sc,train,10
15077,sc7_2_img093.jpg,sc7_2,sc,train,10
15078,sc7_2_img094.jpg,sc7_2,sc,train,10
15079,sc7_2_img095.jpg,sc7_2,sc,train,10
15080,sc7_3_img001.jpg,sc7_3,sc,val,10
15081,sc7_3_img002.jpg,sc7_3,sc,val,10
15082,sc7_3_img003.jpg,sc7_3,sc,val,10
15083,sc7_3_img004.jpg,sc7_3,sc,val,10
15084,sc7_3_img005.jpg,sc7_3,sc,val,10
15085,sc7_3_img006.jpg,sc7_3,sc,val,10
15086,sc7_3_img007.jpg,sc7_3,sc,val,10
15087,sc7_3_img008.jpg,sc7_3,sc,val,10
15088,sc7_3_img009.jpg,sc7_3,sc,val,10
15089,sc7_3_img010.jpg,sc7_3,sc,val,10
15090,sc7_3_img011.jpg,sc7_3,sc,val,10
15091,sc7_3_img012.jpg,sc7_3,sc,val,10
15092,sc7_3_img013.jpg,sc7_3,sc,val,10
15093,sc7_3_img014.jpg,sc7_3,sc,val,10
15094,sc7_3_img015.jpg,sc7_3,sc,val,10
15095,sc7_3_img016.jpg,sc7_3,sc,val,10
15096,sc7_3_img017.jpg,sc7_3,sc,val,10
15097,sc7_3_img018.jpg,sc7_3,sc,val,10
15098,sc7_3_img019.jpg,sc7_3,sc,val,10
15099,sc7_3_img020.jpg,sc7_3,sc,val,10
15100,sc7_3_img021.jpg,sc7_3,sc,val,10
15101,sc7_3_img022.jpg,sc7_3,sc,val,10
15102,sc7_3_img023.jpg,sc7_3,sc,val,10
15103,sc7_3_img024.jpg,sc7_3,sc,val,10
15104,sc7_3_img025.jpg,sc7_3,sc,val,10
15105,sc7_3_img026.jpg,sc7_3,sc,val,10
15106,sc7_3_img027.jpg,sc7_3,sc,val,10
15107,sc7_3_img028.jpg,sc7_3,sc,val,10
15108,sc7_3_img029.jpg,sc7_3,sc,val,10
15109,sc7_3_img030.jpg,sc7_3,sc,val,10
15110,sc7_3_img031.jpg,sc7_3,sc,val,10
15111,sc7_3_img032.jpg,sc7_3,sc,val,10
15112,sc7_3_img033.jpg,sc7_3,sc,val,10
15113,sc7_3_img034.jpg,sc7_3,sc,val,10
15114,sc7_3_img035.jpg,sc7_3,sc,val,10
15115,sc7_3_img036.jpg,sc7_3,sc,val,10
15116,sc7_3_img037.jpg,sc7_3,sc,val,10
15117,sc7_3_img038.jpg,sc7_3,sc,val,10
15118,sc7_3_img039.jpg,sc7_3,sc,val,10
15119,sc7_3_img040.jpg,sc7_3,sc,val,10
15120,sc7_3_img041.jpg,sc7_3,sc,val,10
15121,sc7_3_img042.jpg,sc7_3,sc,val,10
15122,sc7_3_img043.jpg,sc7_3,sc,val,10
15123,sc7_3_img044.jpg,sc7_3,sc,val,10
15124,sc7_3_img045.jpg,sc7_3,sc,val,10
15125,sc7_3_img046.jpg,sc7_3,sc,val,10
15126,sc7_3_img047.jpg,sc7_3,sc,val,10
15127,sc7_3_img048.jpg,sc7_3,sc,val,10
15128,sc7_3_img049.jpg,sc7_3,sc,val,10
15129,sc7_3_img050.jpg,sc7_3,sc,val,10
15130,sc7_3_img051.jpg,sc7_3,sc,val,10
15131,sc7_3_img052.jpg,sc7_3,sc,val,10
15132,sc7_3_img053.jpg,sc7_3,sc,val,10
15133,sc7_3_img054.jpg,sc7_3,sc,val,10
15134,sc7_3_img055.jpg,sc7_3,sc,val,10
15135,sc7_3_img056.jpg,sc7_3,sc,val,10
15136,sc7_3_img057.jpg,sc7_3,sc,val,10
15137,sc7_3_img058.jpg,sc7_3,sc,val,10
15138,sc7_3_img059.jpg,sc7_3,sc,val,10
15139,sc7_3_img060.jpg,sc7_3,sc,val,10
15140,sc7_3_img061.jpg,sc7_3,sc,val,10
15141,sc7_3_img062.jpg,sc7_3,sc,val,10
15142,sc7_3_img063.jpg,sc7_3,sc,val,10
15143,sc7_3_img064.jpg,sc7_3,sc,val,10
15144,sc7_3_img065.jpg,sc7_3,sc,val,10
15145,sc7_3_img066.jpg,sc7_3,sc,val,10
15146,sc7_3_img067.jpg,sc7_3,sc,val,10
15147,sc7_3_img068.jpg,sc7_3,sc,val,10
15148,sc7_3_img069.jpg,sc7_3,sc,val,10
15149,sc7_3_img070.jpg,sc7_3,sc,val,10
15150,sc7_3_img071.jpg,sc7_3,sc,val,10
15151,sc7_3_img072.jpg,sc7_3,sc,val,10
15152,sc7_3_img073.jpg,sc7_3,sc,val,10
15153,sc7_3_img074.jpg,sc7_3,sc,val,10
15154,sc7_3_img075.jpg,sc7_3,sc,val,10
15155,sc7_3_img076.jpg,sc7_3,sc,val,10
15156,sc7_3_img077.jpg,sc7_3,sc,val,10
15157,sc7_3_img078.jpg,sc7_3,sc,val,10
15158,sc7_3_img079.jpg,sc7_3,sc,val,10
15159,sc7_3_img080.jpg,sc7_3,sc,val,10
15160,sc7_3_img081.jpg,sc7_3,sc,val,10
15161,sc7_3_img082.jpg,sc7_3,sc,val,10
15162,sc7_3_img083.jpg,sc7_3,sc,val,10
15163,sc7_3_img084.jpg,sc7_3,sc,val,10
15164,sc7_3_img085.jpg,sc7_3,sc,val,10
15165,sc7_3_img086.jpg,sc7_3,sc,val,10
15166,sc7_3_img087.jpg,sc7_3,sc,val,10
15167,sc7_3_img088.jpg,sc7_3,sc,val,10
15168,sc7_3_img089.jpg,sc7_3,sc,val,10
15169,sc7_3_img090.jpg,sc7_3,sc,val,10
15170,sc7_3_img091.jpg,sc7_3,sc,val,10
15171,sc7_3_img092.jpg,sc7_3,sc,val,10
15172,sc7_3_img093.jpg,sc7_3,sc,val,10
15173,sc7_3_img094.jpg,sc7_3,sc,val,10
15174,sc7_3_img095.jpg,sc7_3,sc,val,10
15175,sc7_5_img001.jpg,sc7_5,sc,train,10
15176,sc7_5_img002.jpg,sc7_5,sc,train,10
15177,sc7_5_img003.jpg,sc7_5,sc,train,10
15178,sc7_5_img004.jpg,sc7_5,sc,train,10
15179,sc7_5_img005.jpg,sc7_5,sc,train,10
15180,sc7_5_img006.jpg,sc7_5,sc,train,10
15181,sc7_5_img007.jpg,sc7_5,sc,train,10
15182,sc7_5_img008.jpg,sc7_5,sc,train,10
15183,sc7_5_img009.jpg,sc7_5,sc,train,10
15184,sc7_5_img010.jpg,sc7_5,sc,train,10
15185,sc7_5_img011.jpg,sc7_5,sc,train,10
15186,sc7_5_img012.jpg,sc7_5,sc,train,10
15187,sc7_5_img013.jpg,sc7_5,sc,train,10
15188,sc7_5_img014.jpg,sc7_5,sc,train,10
15189,sc7_5_img015.jpg,sc7_5,sc,train,10
15190,sc7_5_img016.jpg,sc7_5,sc,train,10
15191,sc7_5_img017.jpg,sc7_5,sc,train,10
15192,sc7_5_img018.jpg,sc7_5,sc,train,10
15193,sc7_5_img019.jpg,sc7_5,sc,train,10
15194,sc7_5_img020.jpg,sc7_5,sc,train,10
15195,sc7_5_img021.jpg,sc7_5,sc,train,10
15196,sc7_5_img022.jpg,sc7_5,sc,train,10
15197,sc7_5_img023.jpg,sc7_5,sc,train,10
15198,sc7_5_img024.jpg,sc7_5,sc,train,10
15199,sc7_5_img025.jpg,sc7_5,sc,train,10
15200,sc7_5_img026.jpg,sc7_5,sc,train,10
15201,sc7_5_img027.jpg,sc7_5,sc,train,10
15202,sc7_5_img028.jpg,sc7_5,sc,train,10
15203,sc7_5_img029.jpg,sc7_5,sc,train,10
15204,sc7_5_img030.jpg,sc7_5,sc,train,10
15205,sc7_5_img031.jpg,sc7_5,sc,train,10
15206,sc7_5_img032.jpg,sc7_5,sc,train,10
15207,sc7_5_img033.jpg,sc7_5,sc,train,10
15208,sc7_5_img034.jpg,sc7_5,sc,train,10
15209,sc7_5_img035.jpg,sc7_5,sc,train,10
15210,sc7_5_img036.jpg,sc7_5,sc,train,10
15211,sc7_5_img037.jpg,sc7_5,sc,train,10
15212,sc7_5_img038.jpg,sc7_5,sc,train,10
15213,sc7_5_img039.jpg,sc7_5,sc,train,10
15214,sc7_5_img040.jpg,sc7_5,sc,train,10
15215,sc7_5_img041.jpg,sc7_5,sc,train,10
15216,sc7_5_img042.jpg,sc7_5,sc,train,10
15217,sc7_5_img043.jpg,sc7_5,sc,train,10
15218,sc7_5_img044.jpg,sc7_5,sc,train,10
15219,sc7_5_img045.jpg,sc7_5,sc,train,10
15220,sc7_5_img046.jpg,sc7_5,sc,train,10
15221,sc7_5_img047.jpg,sc7_5,sc,train,10
15222,sc7_5_img048.jpg,sc7_5,sc,train,10
15223,sc7_5_img049.jpg,sc7_5,sc,train,10
15224,sc7_5_img050.jpg,sc7_5,sc,train,10
15225,sc7_5_img051.jpg,sc7_5,sc,train,10
15226,sc7_5_img052.jpg,sc7_5,sc,train,10
15227,sc7_5_img053.jpg,sc7_5,sc,train,10
15228,sc7_5_img054.jpg,sc7_5,sc,train,10
15229,sc7_5_img055.jpg,sc7_5,sc,train,10
15230,sc7_5_img056.jpg,sc7_5,sc,train,10
15231,sc7_5_img057.jpg,sc7_5,sc,train,10
15232,sc7_5_img058.jpg,sc7_5,sc,train,10
15233,sc7_5_img059.jpg,sc7_5,sc,train,10
15234,sc7_5_img060.jpg,sc7_5,sc,train,10
15235,sc7_5_img061.jpg,sc7_5,sc,train,10
15236,sc7_5_img062.jpg,sc7_5,sc,train,10
15237,sc7_5_img063.jpg,sc7_5,sc,train,10
15238,sc7_5_img064.jpg,sc7_5,sc,train,10
15239,sc7_5_img065.jpg,sc7_5,sc,train,10
15240,sc7_5_img066.jpg,sc7_5,sc,train,10
15241,sc7_5_img067.jpg,sc7_5,sc,train,10
15242,sc7_5_img068.jpg,sc7_5,sc,train,10
15243,sc7_5_img069.jpg,sc7_5,sc,train,10
15244,sc7_5_img070.jpg,sc7_5,sc,train,10
15245,sc7_5_img071.jpg,sc7_5,sc,train,10
15246,sc7_5_img072.jpg,sc7_5,sc,train,10
15247,sc7_5_img073.jpg,sc7_5,sc,train,10
15248,sc7_5_img074.jpg,sc7_5,sc,train,10
15249,sc7_5_img075.jpg,sc7_5,sc,train,10
15250,sc7_5_img076.jpg,sc7_5,sc,train,10
15251,sc7_5_img077.jpg,sc7_5,sc,train,10
15252,sc7_5_img078.jpg,sc7_5,sc,train,10
15253,sc7_5_img079.jpg,sc7_5,sc,train,10
15254,sc7_5_img080.jpg,sc7_5,sc,train,10
15255,sc7_5_img081.jpg,sc7_5,sc,train,10
15256,sc7_5_img082.jpg,sc7_5,sc,train,10
15257,sc7_5_img083.jpg,sc7_5,sc,train,10
15258,sc7_5_img084.jpg,sc7_5,sc,train,10
15259,sc7_5_img085.jpg,sc7_5,sc,train,10
15260,sc7_5_img086.jpg,sc7_5,sc,train,10
15261,sc7_5_img087.jpg,sc7_5,sc,train,10
15262,sc7_5_img088.jpg,sc7_5,sc,train,10
15263,sc7_5_img089.jpg,sc7_5,sc,train,10
15264,sc7_5_img090.jpg,sc7_5,sc,train,10
15265,sc7_5_img091.jpg,sc7_5,sc,train,10
15266,sc7_5_img092.jpg,sc7_5,sc,train,10
15267,sc7_5_img093.jpg,sc7_5,sc,train,10
15268,sc7_5_img094.jpg,sc7_5,sc,train,10
15269,sc7_5_img095.jpg,sc7_5,sc,train,10
15270,sc7_6_img001.jpg,sc7_6,sc,train,10
15271,sc7_6_img002.jpg,sc7_6,sc,train,10
15272,sc7_6_img003.jpg,sc7_6,sc,train,10
15273,sc7_6_img004.jpg,sc7_6,sc,train,10
15274,sc7_6_img005.jpg,sc7_6,sc,train,10
15275,sc7_6_img006.jpg,sc7_6,sc,train,10
15276,sc7_6_img007.jpg,sc7_6,sc,train,10
15277,sc7_6_img008.jpg,sc7_6,sc,train,10
15278,sc7_6_img009.jpg,sc7_6,sc,train,10
15279,sc7_6_img010.jpg,sc7_6,sc,train,10
15280,sc7_6_img011.jpg,sc7_6,sc,train,10
15281,sc7_6_img012.jpg,sc7_6,sc,train,10
15282,sc7_6_img013.jpg,sc7_6,sc,train,10
15283,sc7_6_img014.jpg,sc7_6,sc,train,10
15284,sc7_6_img015.jpg,sc7_6,sc,train,10
15285,sc7_6_img016.jpg,sc7_6,sc,train,10
15286,sc7_6_img017.jpg,sc7_6,sc,train,10
15287,sc7_6_img018.jpg,sc7_6,sc,train,10
15288,sc7_6_img019.jpg,sc7_6,sc,train,10
15289,sc7_6_img020.jpg,sc7_6,sc,train,10
15290,sc7_6_img021.jpg,sc7_6,sc,train,10
15291,sc7_6_img022.jpg,sc7_6,sc,train,10
15292,sc7_6_img023.jpg,sc7_6,sc,train,10
15293,sc7_6_img024.jpg,sc7_6,sc,train,10
15294,sc7_6_img025.jpg,sc7_6,sc,train,10
15295,sc7_6_img026.jpg,sc7_6,sc,train,10
15296,sc7_6_img027.jpg,sc7_6,sc,train,10
15297,sc7_6_img028.jpg,sc7_6,sc,train,10
15298,sc7_6_img029.jpg,sc7_6,sc,train,10
15299,sc7_6_img030.jpg,sc7_6,sc,train,10
15300,sc7_6_img031.jpg,sc7_6,sc,train,10
15301,sc7_6_img032.jpg,sc7_6,sc,train,10
15302,sc7_6_img033.jpg,sc7_6,sc,train,10
15303,sc7_6_img034.jpg,sc7_6,sc,train,10
15304,sc7_6_img035.jpg,sc7_6,sc,train,10
15305,sc7_6_img036.jpg,sc7_6,sc,train,10
15306,sc7_6_img037.jpg,sc7_6,sc,train,10
15307,sc7_6_img038.jpg,sc7_6,sc,train,10
15308,sc7_6_img039.jpg,sc7_6,sc,train,10
15309,sc7_6_img040.jpg,sc7_6,sc,train,10
15310,sc7_6_img041.jpg,sc7_6,sc,train,10
15311,sc7_6_img042.jpg,sc7_6,sc,train,10
15312,sc7_6_img043.jpg,sc7_6,sc,train,10
15313,sc7_6_img044.jpg,sc7_6,sc,train,10
15314,sc7_6_img045.jpg,sc7_6,sc,train,10
15315,sc7_6_img046.jpg,sc7_6,sc,train,10
15316,sc7_6_img047.jpg,sc7_6,sc,train,10
15317,sc7_6_img048.jpg,sc7_6,sc,train,10
15318,sc7_6_img049.jpg,sc7_6,sc,train,10
15319,sc7_6_img050.jpg,sc7_6,sc,train,10
15320,sc7_6_img051.jpg,sc7_6,sc,train,10
15321,sc7_6_img052.jpg,sc7_6,sc,train,10
15322,sc7_6_img053.jpg,sc7_6,sc,train,10
15323,sc7_6_img054.jpg,sc7_6,sc,train,10
15324,sc7_6_img055.jpg,sc7_6,sc,train,10
15325,sc7_6_img056.jpg,sc7_6,sc,train,10
15326,sc7_6_img057.jpg,sc7_6,sc,train,10
15327,sc7_6_img058.jpg,sc7_6,sc,train,10
15328,sc7_6_img059.jpg,sc7_6,sc,train,10
15329,sc7_6_img060.jpg,sc7_6,sc,train,10
15330,sc7_6_img061.jpg,sc7_6,sc,train,10
15331,sc7_6_img062.jpg,sc7_6,sc,train,10
15332,sc7_6_img063.jpg,sc7_6,sc,train,10
15333,sc7_6_img064.jpg,sc7_6,sc,train,10
15334,sc7_6_img065.jpg,sc7_6,sc,train,10
15335,sc7_6_img066.jpg,sc7_6,sc,train,10
15336,sc7_6_img067.jpg,sc7_6,sc,train,10
15337,sc7_6_img068.jpg,sc7_6,sc,train,10
15338,sc7_6_img069.jpg,sc7_6,sc,train,10
15339,sc7_6_img070.jpg,sc7_6,sc,train,10
15340,sc7_6_img071.jpg,sc7_6,sc,train,10
15341,sc7_6_img072.jpg,sc7_6,sc,train,10
15342,sc7_6_img073.jpg,sc7_6,sc,train,10
15343,sc7_6_img074.jpg,sc7_6,sc,train,10
15344,sc7_6_img075.jpg,sc7_6,sc,train,10
15345,sc7_6_img076.jpg,sc7_6,sc,train,10
15346,sc7_6_img077.jpg,sc7_6,sc,train,10
15347,sc7_6_img078.jpg,sc7_6,sc,train,10
15348,sc7_6_img079.jpg,sc7_6,sc,train,10
15349,sc7_6_img080.jpg,sc7_6,sc,train,10
15350,sc7_6_img081.jpg,sc7_6,sc,train,10
15351,sc7_6_img082.jpg,sc7_6,sc,train,10
15352,sc7_6_img083.jpg,sc7_6,sc,train,10
15353,sc7_6_img084.jpg,sc7_6,sc,train,10
15354,sc7_6_img085.jpg,sc7_6,sc,train,10
15355,sc7_6_img086.jpg,sc7_6,sc,train,10
15356,sc7_6_img087.jpg,sc7_6,sc,train,10
15357,sc7_6_img088.jpg,sc7_6,sc,train,10
15358,sc7_6_img089.jpg,sc7_6,sc,train,10
15359,sc7_6_img090.jpg,sc7_6,sc,train,10
15360,sc7_6_img091.jpg,sc7_6,sc,train,10
15361,sc7_6_img092.jpg,sc7_6,sc,train,10
15362,sc7_6_img093.jpg,sc7_6,sc,train,10
15363,sc7_6_img094.jpg,sc7_6,sc,train,10
15364,sc7_6_img095.jpg,sc7_6,sc,train,10
15365,sc7_7_img001.jpg,sc7_7,sc,train,10
15366,sc7_7_img002.jpg,sc7_7,sc,train,10
15367,sc7_7_img003.jpg,sc7_7,sc,train,10
15368,sc7_7_img004.jpg,sc7_7,sc,train,10
15369,sc7_7_img005.jpg,sc7_7,sc,train,10
15370,sc7_7_img006.jpg,sc7_7,sc,train,10
15371,sc7_7_img007.jpg,sc7_7,sc,train,10
15372,sc7_7_img008.jpg,sc7_7,sc,train,10
15373,sc7_7_img009.jpg,sc7_7,sc,train,10
15374,sc7_7_img010.jpg,sc7_7,sc,train,10
15375,sc7_7_img011.jpg,sc7_7,sc,train,10
15376,sc7_7_img012.jpg,sc7_7,sc,train,10
15377,sc7_7_img013.jpg,sc7_7,sc,train,10
15378,sc7_7_img014.jpg,sc7_7,sc,train,10
15379,sc7_7_img015.jpg,sc7_7,sc,train,10
15380,sc7_7_img016.jpg,sc7_7,sc,train,10
15381,sc7_7_img017.jpg,sc7_7,sc,train,10
15382,sc7_7_img018.jpg,sc7_7,sc,train,10
15383,sc7_7_img019.jpg,sc7_7,sc,train,10
15384,sc7_7_img020.jpg,sc7_7,sc,train,10
15385,sc7_7_img021.jpg,sc7_7,sc,train,10
15386,sc7_7_img022.jpg,sc7_7,sc,train,10
15387,sc7_7_img023.jpg,sc7_7,sc,train,10
15388,sc7_7_img024.jpg,sc7_7,sc,train,10
15389,sc7_7_img025.jpg,sc7_7,sc,train,10
15390,sc7_7_img026.jpg,sc7_7,sc,train,10
15391,sc7_7_img027.jpg,sc7_7,sc,train,10
15392,sc7_7_img028.jpg,sc7_7,sc,train,10
15393,sc7_7_img029.jpg,sc7_7,sc,train,10
15394,sc7_7_img030.jpg,sc7_7,sc,train,10
15395,sc7_7_img031.jpg,sc7_7,sc,train,10
15396,sc7_7_img032.jpg,sc7_7,sc,train,10
15397,sc7_7_img033.jpg,sc7_7,sc,train,10
15398,sc7_7_img034.jpg,sc7_7,sc,train,10
15399,sc7_7_img035.jpg,sc7_7,sc,train,10
15400,sc7_7_img036.jpg,sc7_7,sc,train,10
15401,sc7_7_img037.jpg,sc7_7,sc,train,10
15402,sc7_7_img038.jpg,sc7_7,sc,train,10
15403,sc7_7_img039.jpg,sc7_7,sc,train,10
15404,sc7_7_img040.jpg,sc7_7,sc,train,10
15405,sc7_7_img041.jpg,sc7_7,sc,train,10
15406,sc7_7_img042.jpg,sc7_7,sc,train,10
15407,sc7_7_img043.jpg,sc7_7,sc,train,10
15408,sc7_7_img044.jpg,sc7_7,sc,train,10
15409,sc7_7_img045.jpg,sc7_7,sc,train,10
15410,sc7_7_img046.jpg,sc7_7,sc,train,10
15411,sc7_7_img047.jpg,sc7_7,sc,train,10
15412,sc7_7_img048.jpg,sc7_7,sc,train,10
15413,sc7_7_img049.jpg,sc7_7,sc,train,10
15414,sc7_7_img050.jpg,sc7_7,sc,train,10
15415,sc7_7_img051.jpg,sc7_7,sc,train,10
15416,sc7_7_img052.jpg,sc7_7,sc,train,10
15417,sc7_7_img053.jpg,sc7_7,sc,train,10
15418,sc7_7_img054.jpg,sc7_7,sc,train,10
15419,sc7_7_img055.jpg,sc7_7,sc,train,10
15420,sc7_7_img056.jpg,sc7_7,sc,train,10
15421,sc7_7_img057.jpg,sc7_7,sc,train,10
15422,sc7_7_img058.jpg,sc7_7,sc,train,10
15423,sc7_7_img059.jpg,sc7_7,sc,train,10
15424,sc7_7_img060.jpg,sc7_7,sc,train,10
15425,sc7_7_img061.jpg,sc7_7,sc,train,10
15426,sc7_7_img062.jpg,sc7_7,sc,train,10
15427,sc7_7_img063.jpg,sc7_7,sc,train,10
15428,sc7_7_img064.jpg,sc7_7,sc,train,10
15429,sc7_7_img065.jpg,sc7_7,sc,train,10
15430,sc7_7_img066.jpg,sc7_7,sc,train,10
15431,sc7_7_img067.jpg,sc7_7,sc,train,10
15432,sc7_7_img068.jpg,sc7_7,sc,train,10
15433,sc7_7_img069.jpg,sc7_7,sc,train,10
15434,sc7_7_img070.jpg,sc7_7,sc,train,10
15435,sc7_7_img071.jpg,sc7_7,sc,train,10
15436,sc7_7_img072.jpg,sc7_7,sc,train,10
15437,sc7_7_img073.jpg,sc7_7,sc,train,10
15438,sc7_7_img074.jpg,sc7_7,sc,train,10
15439,sc7_7_img075.jpg,sc7_7,sc,train,10
15440,sc7_7_img076.jpg,sc7_7,sc,train,10
15441,sc7_7_img077.jpg,sc7_7,sc,train,10
15442,sc7_7_img078.jpg,sc7_7,sc,train,10
15443,sc7_7_img079.jpg,sc7_7,sc,train,10
15444,sc7_7_img080.jpg,sc7_7,sc,train,10
15445,sc7_7_img081.jpg,sc7_7,sc,train,10
15446,sc7_7_img082.jpg,sc7_7,sc,train,10
15447,sc7_7_img083.jpg,sc7_7,sc,train,10
15448,sc7_7_img084.jpg,sc7_7,sc,train,10
15449,sc7_7_img085.jpg,sc7_7,sc,train,10
15450,sc7_7_img086.jpg,sc7_7,sc,train,10
15451,sc7_7_img087.jpg,sc7_7,sc,train,10
15452,sc7_7_img088.jpg,sc7_7,sc,train,10
15453,sc7_7_img089.jpg,sc7_7,sc,train,10
15454,sc7_7_img090.jpg,sc7_7,sc,train,10
15455,sc7_7_img091.jpg,sc7_7,sc,train,10
15456,sc7_7_img092.jpg,sc7_7,sc,train,10
15457,sc7_7_img093.jpg,sc7_7,sc,train,10
15458,sc7_7_img094.jpg,sc7_7,sc,train,10
15459,sc7_7_img095.jpg,sc7_7,sc,train,10
15460,sc7_8_img001.jpg,sc7_8,sc,train,10
15461,sc7_8_img002.jpg,sc7_8,sc,train,10
15462,sc7_8_img003.jpg,sc7_8,sc,train,10
15463,sc7_8_img004.jpg,sc7_8,sc,train,10
15464,sc7_8_img005.jpg,sc7_8,sc,train,10
15465,sc7_8_img006.jpg,sc7_8,sc,train,10
15466,sc7_8_img007.jpg,sc7_8,sc,train,10
15467,sc7_8_img008.jpg,sc7_8,sc,train,10
15468,sc7_8_img009.jpg,sc7_8,sc,train,10
15469,sc7_8_img010.jpg,sc7_8,sc,train,10
15470,sc7_8_img011.jpg,sc7_8,sc,train,10
15471,sc7_8_img012.jpg,sc7_8,sc,train,10
15472,sc7_8_img013.jpg,sc7_8,sc,train,10
15473,sc7_8_img014.jpg,sc7_8,sc,train,10
15474,sc7_8_img015.jpg,sc7_8,sc,train,10
15475,sc7_8_img016.jpg,sc7_8,sc,train,10
15476,sc7_8_img017.jpg,sc7_8,sc,train,10
15477,sc7_8_img018.jpg,sc7_8,sc,train,10
15478,sc7_8_img019.jpg,sc7_8,sc,train,10
15479,sc7_8_img020.jpg,sc7_8,sc,train,10
15480,sc7_8_img021.jpg,sc7_8,sc,train,10
15481,sc7_8_img022.jpg,sc7_8,sc,train,10
15482,sc7_8_img023.jpg,sc7_8,sc,train,10
15483,sc7_8_img024.jpg,sc7_8,sc,train,10
15484,sc7_8_img025.jpg,sc7_8,sc,train,10
15485,sc7_8_img026.jpg,sc7_8,sc,train,10
15486,sc7_8_img027.jpg,sc7_8,sc,train,10
15487,sc7_8_img028.jpg,sc7_8,sc,train,10
15488,sc7_8_img029.jpg,sc7_8,sc,train,10
15489,sc7_8_img030.jpg,sc7_8,sc,train,10
15490,sc7_8_img031.jpg,sc7_8,sc,train,10
15491,sc7_8_img032.jpg,sc7_8,sc,train,10
15492,sc7_8_img033.jpg,sc7_8,sc,train,10
15493,sc7_8_img034.jpg,sc7_8,sc,train,10
15494,sc7_8_img035.jpg,sc7_8,sc,train,10
15495,sc7_8_img036.jpg,sc7_8,sc,train,10
15496,sc7_8_img037.jpg,sc7_8,sc,train,10
15497,sc7_8_img038.jpg,sc7_8,sc,train,10
15498,sc7_8_img039.jpg,sc7_8,sc,train,10
15499,sc7_8_img040.jpg,sc7_8,sc,train,10
15500,sc7_8_img041.jpg,sc7_8,sc,train,10
15501,sc7_8_img042.jpg,sc7_8,sc,train,10
15502,sc7_8_img043.jpg,sc7_8,sc,train,10
15503,sc7_8_img044.jpg,sc7_8,sc,train,10
15504,sc7_8_img045.jpg,sc7_8,sc,train,10
15505,sc7_8_img046.jpg,sc7_8,sc,train,10
15506,sc7_8_img047.jpg,sc7_8,sc,train,10
15507,sc7_8_img048.jpg,sc7_8,sc,train,10
15508,sc7_8_img049.jpg,sc7_8,sc,train,10
15509,sc7_8_img050.jpg,sc7_8,sc,train,10
15510,sc7_8_img051.jpg,sc7_8,sc,train,10
15511,sc7_8_img052.jpg,sc7_8,sc,train,10
15512,sc7_8_img053.jpg,sc7_8,sc,train,10
15513,sc7_8_img054.jpg,sc7_8,sc,train,10
15514,sc7_8_img055.jpg,sc7_8,sc,train,10
15515,sc7_8_img056.jpg,sc7_8,sc,train,10
15516,sc7_8_img057.jpg,sc7_8,sc,train,10
15517,sc7_8_img058.jpg,sc7_8,sc,train,10
15518,sc7_8_img059.jpg,sc7_8,sc,train,10
15519,sc7_8_img060.jpg,sc7_8,sc,train,10
15520,sc7_8_img061.jpg,sc7_8,sc,train,10
15521,sc7_8_img062.jpg,sc7_8,sc,train,10
15522,sc7_8_img063.jpg,sc7_8,sc,train,10
15523,sc7_8_img064.jpg,sc7_8,sc,train,10
15524,sc7_8_img065.jpg,sc7_8,sc,train,10
15525,sc7_8_img066.jpg,sc7_8,sc,train,10
15526,sc7_8_img067.jpg,sc7_8,sc,train,10
15527,sc7_8_img068.jpg,sc7_8,sc,train,10
15528,sc7_8_img069.jpg,sc7_8,sc,train,10
15529,sc7_8_img070.jpg,sc7_8,sc,train,10
15530,sc7_8_img071.jpg,sc7_8,sc,train,10
15531,sc7_8_img072.jpg,sc7_8,sc,train,10
15532,sc7_8_img073.jpg,sc7_8,sc,train,10
15533,sc7_8_img074.jpg,sc7_8,sc,train,10
15534,sc7_8_img075.jpg,sc7_8,sc,train,10
15535,sc7_8_img076.jpg,sc7_8,sc,train,10
15536,sc7_8_img077.jpg,sc7_8,sc,train,10
15537,sc7_8_img078.jpg,sc7_8,sc,train,10
15538,sc7_8_img079.jpg,sc7_8,sc,train,10
15539,sc7_8_img080.jpg,sc7_8,sc,train,10
15540,sc7_8_img081.jpg,sc7_8,sc,train,10
15541,sc7_8_img082.jpg,sc7_8,sc,train,10
15542,sc7_8_img083.jpg,sc7_8,sc,train,10
15543,sc7_8_img084.jpg,sc7_8,sc,train,10
15544,sc7_8_img085.jpg,sc7_8,sc,train,10
15545,sc7_8_img086.jpg,sc7_8,sc,train,10
15546,sc7_8_img087.jpg,sc7_8,sc,train,10
15547,sc7_8_img088.jpg,sc7_8,sc,train,10
15548,sc7_8_img089.jpg,sc7_8,sc,train,10
15549,sc7_8_img090.jpg,sc7_8,sc,train,10
15550,sc7_8_img091.jpg,sc7_8,sc,train,10
15551,sc7_8_img092.jpg,sc7_8,sc,train,10
15552,sc7_8_img093.jpg,sc7_8,sc,train,10
15553,sc7_8_img094.jpg,sc7_8,sc,train,10
15554,sc7_8_img095.jpg,sc7_8,sc,train,10
15555,sc7_9_img001.jpg,sc7_9,sc,train,10
15556,sc7_9_img002.jpg,sc7_9,sc,train,10
15557,sc7_9_img003.jpg,sc7_9,sc,train,10
15558,sc7_9_img004.jpg,sc7_9,sc,train,10
15559,sc7_9_img005.jpg,sc7_9,sc,train,10
15560,sc7_9_img006.jpg,sc7_9,sc,train,10
15561,sc7_9_img007.jpg,sc7_9,sc,train,10
15562,sc7_9_img008.jpg,sc7_9,sc,train,10
15563,sc7_9_img009.jpg,sc7_9,sc,train,10
15564,sc7_9_img010.jpg,sc7_9,sc,train,10
15565,sc7_9_img011.jpg,sc7_9,sc,train,10
15566,sc7_9_img012.jpg,sc7_9,sc,train,10
15567,sc7_9_img013.jpg,sc7_9,sc,train,10
15568,sc7_9_img014.jpg,sc7_9,sc,train,10
15569,sc7_9_img015.jpg,sc7_9,sc,train,10
15570,sc7_9_img016.jpg,sc7_9,sc,train,10
15571,sc7_9_img017.jpg,sc7_9,sc,train,10
15572,sc7_9_img018.jpg,sc7_9,sc,train,10
15573,sc7_9_img019.jpg,sc7_9,sc,train,10
15574,sc7_9_img020.jpg,sc7_9,sc,train,10
15575,sc7_9_img021.jpg,sc7_9,sc,train,10
15576,sc7_9_img022.jpg,sc7_9,sc,train,10
15577,sc7_9_img023.jpg,sc7_9,sc,train,10
15578,sc7_9_img024.jpg,sc7_9,sc,train,10
15579,sc7_9_img025.jpg,sc7_9,sc,train,10
15580,sc7_9_img026.jpg,sc7_9,sc,train,10
15581,sc7_9_img027.jpg,sc7_9,sc,train,10
15582,sc7_9_img028.jpg,sc7_9,sc,train,10
15583,sc7_9_img029.jpg,sc7_9,sc,train,10
15584,sc7_9_img030.jpg,sc7_9,sc,train,10
15585,sc7_9_img031.jpg,sc7_9,sc,train,10
15586,sc7_9_img032.jpg,sc7_9,sc,train,10
15587,sc7_9_img033.jpg,sc7_9,sc,train,10
15588,sc7_9_img034.jpg,sc7_9,sc,train,10
15589,sc7_9_img035.jpg,sc7_9,sc,train,10
15590,sc7_9_img036.jpg,sc7_9,sc,train,10
15591,sc7_9_img037.jpg,sc7_9,sc,train,10
15592,sc7_9_img038.jpg,sc7_9,sc,train,10
15593,sc7_9_img039.jpg,sc7_9,sc,train,10
15594,sc7_9_img040.jpg,sc7_9,sc,train,10
15595,sc7_9_img041.jpg,sc7_9,sc,train,10
15596,sc7_9_img042.jpg,sc7_9,sc,train,10
15597,sc7_9_img043.jpg,sc7_9,sc,train,10
15598,sc7_9_img044.jpg,sc7_9,sc,train,10
15599,sc7_9_img045.jpg,sc7_9,sc,train,10
15600,sc7_9_img046.jpg,sc7_9,sc,train,10
15601,sc7_9_img047.jpg,sc7_9,sc,train,10
15602,sc7_9_img048.jpg,sc7_9,sc,train,10
15603,sc7_9_img049.jpg,sc7_9,sc,train,10
15604,sc7_9_img050.jpg,sc7_9,sc,train,10
15605,sc7_9_img051.jpg,sc7_9,sc,train,10
15606,sc7_9_img052.jpg,sc7_9,sc,train,10
15607,sc7_9_img053.jpg,sc7_9,sc,train,10
15608,sc7_9_img054.jpg,sc7_9,sc,train,10
15609,sc7_9_img055.jpg,sc7_9,sc,train,10
15610,sc7_9_img056.jpg,sc7_9,sc,train,10
15611,sc7_9_img057.jpg,sc7_9,sc,train,10
15612,sc7_9_img058.jpg,sc7_9,sc,train,10
15613,sc7_9_img059.jpg,sc7_9,sc,train,10
15614,sc7_9_img060.jpg,sc7_9,sc,train,10
15615,sc7_9_img061.jpg,sc7_9,sc,train,10
15616,sc7_9_img062.jpg,sc7_9,sc,train,10
15617,sc7_9_img063.jpg,sc7_9,sc,train,10
15618,sc7_9_img064.jpg,sc7_9,sc,train,10
15619,sc7_9_img065.jpg,sc7_9,sc,train,10
15620,sc7_9_img066.jpg,sc7_9,sc,train,10
15621,sc7_9_img067.jpg,sc7_9,sc,train,10
15622,sc7_9_img068.jpg,sc7_9,sc,train,10
15623,sc7_9_img069.jpg,sc7_9,sc,train,10
15624,sc7_9_img070.jpg,sc7_9,sc,train,10
15625,sc7_9_img071.jpg,sc7_9,sc,train,10
15626,sc7_9_img072.jpg,sc7_9,sc,train,10
15627,sc7_9_img073.jpg,sc7_9,sc,train,10
15628,sc7_9_img074.jpg,sc7_9,sc,train,10
15629,sc7_9_img075.jpg,sc7_9,sc,train,10
15630,sc7_9_img076.jpg,sc7_9,sc,train,10
15631,sc7_9_img077.jpg,sc7_9,sc,train,10
15632,sc7_9_img078.jpg,sc7_9,sc,train,10
15633,sc7_9_img079.jpg,sc7_9,sc,train,10
15634,sc7_9_img080.jpg,sc7_9,sc,train,10
15635,sc7_9_img081.jpg,sc7_9,sc,train,10
15636,sc7_9_img082.jpg,sc7_9,sc,train,10
15637,sc7_9_img083.jpg,sc7_9,sc,train,10
15638,sc7_9_img084.jpg,sc7_9,sc,train,10
15639,sc7_9_img085.jpg,sc7_9,sc,train,10
15640,sc7_9_img086.jpg,sc7_9,sc,train,10
15641,sc7_9_img087.jpg,sc7_9,sc,train,10
15642,sc7_9_img088.jpg,sc7_9,sc,train,10
15643,sc7_9_img089.jpg,sc7_9,sc,train,10
15644,sc7_9_img090.jpg,sc7_9,sc,train,10
15645,sc7_9_img091.jpg,sc7_9,sc,train,10
15646,sc7_9_img092.jpg,sc7_9,sc,train,10
15647,sc7_9_img093.jpg,sc7_9,sc,train,10
15648,sc7_9_img094.jpg,sc7_9,sc,train,10
15649,sc7_9_img095.jpg,sc7_9,sc,train,10
15650,zm1_10_img001.jpg,zm1_10,zm,test,10
15651,zm1_10_img002.jpg,zm1_10,zm,test,10
15652,zm1_10_img003.jpg,zm1_10,zm,test,10
15653,zm1_10_img004.jpg,zm1_10,zm,test,10
15654,zm1_10_img005.jpg,zm1_10,zm,test,10
15655,zm1_10_img006.jpg,zm1_10,zm,test,10
15656,zm1_10_img007.jpg,zm1_10,zm,test,10
15657,zm1_10_img008.jpg,zm1_10,zm,test,10
15658,zm1_10_img009.jpg,zm1_10,zm,test,10
15659,zm1_10_img010.jpg,zm1_10,zm,test,10
15660,zm1_10_img011.jpg,zm1_10,zm,test,10
15661,zm1_10_img012.jpg,zm1_10,zm,test,10
15662,zm1_10_img013.jpg,zm1_10,zm,test,10
15663,zm1_10_img014.jpg,zm1_10,zm,test,10
15664,zm1_10_img015.jpg,zm1_10,zm,test,10
15665,zm1_10_img016.jpg,zm1_10,zm,test,10
15666,zm1_10_img017.jpg,zm1_10,zm,test,10
15667,zm1_10_img018.jpg,zm1_10,zm,test,10
15668,zm1_10_img019.jpg,zm1_10,zm,test,10
15669,zm1_10_img020.jpg,zm1_10,zm,test,10
15670,zm1_10_img021.jpg,zm1_10,zm,test,10
15671,zm1_10_img022.jpg,zm1_10,zm,test,10
15672,zm1_10_img023.jpg,zm1_10,zm,test,10
15673,zm1_10_img024.jpg,zm1_10,zm,test,10
15674,zm1_10_img025.jpg,zm1_10,zm,test,10
15675,zm1_10_img026.jpg,zm1_10,zm,test,10
15676,zm1_10_img027.jpg,zm1_10,zm,test,10
15677,zm1_10_img028.jpg,zm1_10,zm,test,10
15678,zm1_10_img029.jpg,zm1_10,zm,test,10
15679,zm1_10_img030.jpg,zm1_10,zm,test,10
15680,zm1_10_img031.jpg,zm1_10,zm,test,10
15681,zm1_10_img032.jpg,zm1_10,zm,test,10
15682,zm1_10_img033.jpg,zm1_10,zm,test,10
15683,zm1_10_img034.jpg,zm1_10,zm,test,10
15684,zm1_10_img035.jpg,zm1_10,zm,test,10
15685,zm1_10_img036.jpg,zm1_10,zm,test,10
15686,zm1_10_img037.jpg,zm1_10,zm,test,10
15687,zm1_10_img038.jpg,zm1_10,zm,test,10
15688,zm1_10_img039.jpg,zm1_10,zm,test,10
15689,zm1_10_img040.jpg,zm1_10,zm,test,10
15690,zm1_10_img041.jpg,zm1_10,zm,test,10
15691,zm1_10_img042.jpg,zm1_10,zm,test,10
15692,zm1_10_img043.jpg,zm1_10,zm,test,10
15693,zm1_10_img044.jpg,zm1_10,zm,test,10
15694,zm1_10_img045.jpg,zm1_10,zm,test,10
15695,zm1_10_img046.jpg,zm1_10,zm,test,10
15696,zm1_10_img047.jpg,zm1_10,zm,test,10
15697,zm1_10_img048.jpg,zm1_10,zm,test,10
15698,zm1_10_img049.jpg,zm1_10,zm,test,10
15699,zm1_10_img050.jpg,zm1_10,zm,test,10
15700,zm1_10_img051.jpg,zm1_10,zm,test,10
15701,zm1_10_img052.jpg,zm1_10,zm,test,10
15702,zm1_10_img053.jpg,zm1_10,zm,test,10
15703,zm1_10_img054.jpg,zm1_10,zm,test,10
15704,zm1_10_img055.jpg,zm1_10,zm,test,10
15705,zm1_10_img056.jpg,zm1_10,zm,test,10
15706,zm1_10_img057.jpg,zm1_10,zm,test,10
15707,zm1_10_img058.jpg,zm1_10,zm,test,10
15708,zm1_10_img059.jpg,zm1_10,zm,test,10
15709,zm1_10_img060.jpg,zm1_10,zm,test,10
15710,zm1_10_img061.jpg,zm1_10,zm,test,10
15711,zm1_10_img062.jpg,zm1_10,zm,test,10
15712,zm1_10_img063.jpg,zm1_10,zm,test,10
15713,zm1_10_img064.jpg,zm1_10,zm,test,10
15714,zm1_10_img065.jpg,zm1_10,zm,test,10
15715,zm1_10_img066.jpg,zm1_10,zm,test,10
15716,zm1_10_img067.jpg,zm1_10,zm,test,10
15717,zm1_10_img068.jpg,zm1_10,zm,test,10
15718,zm1_10_img069.jpg,zm1_10,zm,test,10
15719,zm1_10_img070.jpg,zm1_10,zm,test,10
15720,zm1_10_img071.jpg,zm1_10,zm,test,10
15721,zm1_10_img072.jpg,zm1_10,zm,test,10
15722,zm1_10_img073.jpg,zm1_10,zm,test,10
15723,zm1_10_img074.jpg,zm1_10,zm,test,10
15724,zm1_10_img075.jpg,zm1_10,zm,test,10
15725,zm1_10_img076.jpg,zm1_10,zm,test,10
15726,zm1_10_img077.jpg,zm1_10,zm,test,10
15727,zm1_10_img078.jpg,zm1_10,zm,test,10
15728,zm1_10_img079.jpg,zm1_10,zm,test,10
15729,zm1_10_img080.jpg,zm1_10,zm,test,10
15730,zm1_10_img081.jpg,zm1_10,zm,test,10
15731,zm1_10_img082.jpg,zm1_10,zm,test,10
15732,zm1_10_img083.jpg,zm1_10,zm,test,10
15733,zm1_10_img084.jpg,zm1_10,zm,test,10
15734,zm1_10_img085.jpg,zm1_10,zm,test,10
15735,zm1_10_img086.jpg,zm1_10,zm,test,10
15736,zm1_10_img087.jpg,zm1_10,zm,test,10
15737,zm1_10_img088.jpg,zm1_10,zm,test,10
15738,zm1_10_img089.jpg,zm1_10,zm,test,10
15739,zm1_10_img090.jpg,zm1_10,zm,test,10
15740,zm1_10_img091.jpg,zm1_10,zm,test,10
15741,zm1_10_img092.jpg,zm1_10,zm,test,10
15742,zm1_10_img093.jpg,zm1_10,zm,test,10
15743,zm1_10_img094.jpg,zm1_10,zm,test,10
15744,zm1_10_img095.jpg,zm1_10,zm,test,10
15745,zm1_10_img096.jpg,zm1_10,zm,test,10
15746,zm1_10_img097.jpg,zm1_10,zm,test,10
15747,zm1_11_img001.jpg,zm1_11,zm,train,10
15748,zm1_11_img002.jpg,zm1_11,zm,train,10
15749,zm1_11_img003.jpg,zm1_11,zm,train,10
15750,zm1_11_img004.jpg,zm1_11,zm,train,10
15751,zm1_11_img005.jpg,zm1_11,zm,train,10
15752,zm1_11_img006.jpg,zm1_11,zm,train,10
15753,zm1_11_img007.jpg,zm1_11,zm,train,10
15754,zm1_11_img008.jpg,zm1_11,zm,train,10
15755,zm1_11_img009.jpg,zm1_11,zm,train,10
15756,zm1_11_img010.jpg,zm1_11,zm,train,10
15757,zm1_11_img011.jpg,zm1_11,zm,train,10
15758,zm1_11_img012.jpg,zm1_11,zm,train,10
15759,zm1_11_img013.jpg,zm1_11,zm,train,10
15760,zm1_11_img014.jpg,zm1_11,zm,train,10
15761,zm1_11_img015.jpg,zm1_11,zm,train,10
15762,zm1_11_img016.jpg,zm1_11,zm,train,10
15763,zm1_11_img017.jpg,zm1_11,zm,train,10
15764,zm1_11_img018.jpg,zm1_11,zm,train,10
15765,zm1_11_img019.jpg,zm1_11,zm,train,10
15766,zm1_11_img020.jpg,zm1_11,zm,train,10
15767,zm1_11_img021.jpg,zm1_11,zm,train,10
15768,zm1_11_img022.jpg,zm1_11,zm,train,10
15769,zm1_11_img023.jpg,zm1_11,zm,train,10
15770,zm1_11_img024.jpg,zm1_11,zm,train,10
15771,zm1_11_img025.jpg,zm1_11,zm,train,10
15772,zm1_11_img026.jpg,zm1_11,zm,train,10
15773,zm1_11_img027.jpg,zm1_11,zm,train,10
15774,zm1_11_img028.jpg,zm1_11,zm,train,10
15775,zm1_11_img029.jpg,zm1_11,zm,train,10
15776,zm1_11_img030.jpg,zm1_11,zm,train,10
15777,zm1_11_img031.jpg,zm1_11,zm,train,10
15778,zm1_11_img032.jpg,zm1_11,zm,train,10
15779,zm1_11_img033.jpg,zm1_11,zm,train,10
15780,zm1_11_img034.jpg,zm1_11,zm,train,10
15781,zm1_11_img035.jpg,zm1_11,zm,train,10
15782,zm1_11_img036.jpg,zm1_11,zm,train,10
15783,zm1_11_img037.jpg,zm1_11,zm,train,10
15784,zm1_11_img038.jpg,zm1_11,zm,train,10
15785,zm1_11_img039.jpg,zm1_11,zm,train,10
15786,zm1_11_img040.jpg,zm1_11,zm,train,10
15787,zm1_11_img041.jpg,zm1_11,zm,train,10
15788,zm1_11_img042.jpg,zm1_11,zm,train,10
15789,zm1_11_img043.jpg,zm1_11,zm,train,10
15790,zm1_11_img044.jpg,zm1_11,zm,train,10
15791,zm1_11_img045.jpg,zm1_11,zm,train,10
15792,zm1_11_img046.jpg,zm1_11,zm,train,10
15793,zm1_11_img047.jpg,zm1_11,zm,train,10
15794,zm1_11_img048.jpg,zm1_11,zm,train,10
15795,zm1_11_img049.jpg,zm1_11,zm,train,10
15796,zm1_11_img050.jpg,zm1_11,zm,train,10
15797,zm1_11_img051.jpg,zm1_11,zm,train,10
15798,zm1_11_img052.jpg,zm1_11,zm,train,10
15799,zm1_11_img053.jpg,zm1_11,zm,train,10
15800,zm1_11_img054.jpg,zm1_11,zm,train,10
15801,zm1_11_img055.jpg,zm1_11,zm,train,10
15802,zm1_11_img056.jpg,zm1_11,zm,train,10
15803,zm1_11_img057.jpg,zm1_11,zm,train,10
15804,zm1_11_img058.jpg,zm1_11,zm,train,10
15805,zm1_11_img059.jpg,zm1_11,zm,train,10
15806,zm1_11_img060.jpg,zm1_11,zm,train,10
15807,zm1_11_img061.jpg,zm1_11,zm,train,10
15808,zm1_11_img062.jpg,zm1_11,zm,train,10
15809,zm1_11_img063.jpg,zm1_11,zm,train,10
15810,zm1_11_img064.jpg,zm1_11,zm,train,10
15811,zm1_11_img065.jpg,zm1_11,zm,train,10
15812,zm1_11_img066.jpg,zm1_11,zm,train,10
15813,zm1_11_img067.jpg,zm1_11,zm,train,10
15814,zm1_11_img068.jpg,zm1_11,zm,train,10
15815,zm1_11_img069.jpg,zm1_11,zm,train,10
15816,zm1_11_img070.jpg,zm1_11,zm,train,10
15817,zm1_11_img071.jpg,zm1_11,zm,train,10
15818,zm1_11_img072.jpg,zm1_11,zm,train,10
15819,zm1_11_img073.jpg,zm1_11,zm,train,10
15820,zm1_11_img074.jpg,zm1_11,zm,train,10
15821,zm1_11_img075.jpg,zm1_11,zm,train,10
15822,zm1_11_img076.jpg,zm1_11,zm,train,10
15823,zm1_11_img077.jpg,zm1_11,zm,train,10
15824,zm1_11_img078.jpg,zm1_11,zm,train,10
15825,zm1_11_img079.jpg,zm1_11,zm,train,10
15826,zm1_11_img080.jpg,zm1_11,zm,train,10
15827,zm1_11_img081.jpg,zm1_11,zm,train,10
15828,zm1_11_img082.jpg,zm1_11,zm,train,10
15829,zm1_11_img083.jpg,zm1_11,zm,train,10
15830,zm1_11_img084.jpg,zm1_11,zm,train,10
15831,zm1_11_img085.jpg,zm1_11,zm,train,10
15832,zm1_11_img086.jpg,zm1_11,zm,train,10
15833,zm1_11_img087.jpg,zm1_11,zm,train,10
15834,zm1_11_img088.jpg,zm1_11,zm,train,10
15835,zm1_11_img089.jpg,zm1_11,zm,train,10
15836,zm1_11_img090.jpg,zm1_11,zm,train,10
15837,zm1_11_img091.jpg,zm1_11,zm,train,10
15838,zm1_11_img092.jpg,zm1_11,zm,train,10
15839,zm1_11_img093.jpg,zm1_11,zm,train,10
15840,zm1_11_img094.jpg,zm1_11,zm,train,10
15841,zm1_11_img095.jpg,zm1_11,zm,train,10
15842,zm1_11_img096.jpg,zm1_11,zm,train,10
15843,zm1_11_img097.jpg,zm1_11,zm,train,10
15844,zm1_12_img001.jpg,zm1_12,zm,test,10
15845,zm1_12_img002.jpg,zm1_12,zm,test,10
15846,zm1_12_img003.jpg,zm1_12,zm,test,10
15847,zm1_12_img004.jpg,zm1_12,zm,test,10
15848,zm1_12_img005.jpg,zm1_12,zm,test,10
15849,zm1_12_img006.jpg,zm1_12,zm,test,10
15850,zm1_12_img007.jpg,zm1_12,zm,test,10
15851,zm1_12_img008.jpg,zm1_12,zm,test,10
15852,zm1_12_img009.jpg,zm1_12,zm,test,10
15853,zm1_12_img010.jpg,zm1_12,zm,test,10
15854,zm1_12_img011.jpg,zm1_12,zm,test,10
15855,zm1_12_img012.jpg,zm1_12,zm,test,10
15856,zm1_12_img013.jpg,zm1_12,zm,test,10
15857,zm1_12_img014.jpg,zm1_12,zm,test,10
15858,zm1_12_img015.jpg,zm1_12,zm,test,10
15859,zm1_12_img016.jpg,zm1_12,zm,test,10
15860,zm1_12_img017.jpg,zm1_12,zm,test,10
15861,zm1_12_img018.jpg,zm1_12,zm,test,10
15862,zm1_12_img019.jpg,zm1_12,zm,test,10
15863,zm1_12_img020.jpg,zm1_12,zm,test,10
15864,zm1_12_img021.jpg,zm1_12,zm,test,10
15865,zm1_12_img022.jpg,zm1_12,zm,test,10
15866,zm1_12_img023.jpg,zm1_12,zm,test,10
15867,zm1_12_img024.jpg,zm1_12,zm,test,10
15868,zm1_12_img025.jpg,zm1_12,zm,test,10
15869,zm1_12_img026.jpg,zm1_12,zm,test,10
15870,zm1_12_img027.jpg,zm1_12,zm,test,10
15871,zm1_12_img028.jpg,zm1_12,zm,test,10
15872,zm1_12_img029.jpg,zm1_12,zm,test,10
15873,zm1_12_img030.jpg,zm1_12,zm,test,10
15874,zm1_12_img031.jpg,zm1_12,zm,test,10
15875,zm1_12_img032.jpg,zm1_12,zm,test,10
15876,zm1_12_img033.jpg,zm1_12,zm,test,10
15877,zm1_12_img034.jpg,zm1_12,zm,test,10
15878,zm1_12_img035.jpg,zm1_12,zm,test,10
15879,zm1_12_img036.jpg,zm1_12,zm,test,10
15880,zm1_12_img037.jpg,zm1_12,zm,test,10
15881,zm1_12_img038.jpg,zm1_12,zm,test,10
15882,zm1_12_img039.jpg,zm1_12,zm,test,10
15883,zm1_12_img040.jpg,zm1_12,zm,test,10
15884,zm1_12_img041.jpg,zm1_12,zm,test,10
15885,zm1_12_img042.jpg,zm1_12,zm,test,10
15886,zm1_12_img043.jpg,zm1_12,zm,test,10
15887,zm1_12_img044.jpg,zm1_12,zm,test,10
15888,zm1_12_img045.jpg,zm1_12,zm,test,10
15889,zm1_12_img046.jpg,zm1_12,zm,test,10
15890,zm1_12_img047.jpg,zm1_12,zm,test,10
15891,zm1_12_img048.jpg,zm1_12,zm,test,10
15892,zm1_12_img049.jpg,zm1_12,zm,test,10
15893,zm1_12_img050.jpg,zm1_12,zm,test,10
15894,zm1_12_img051.jpg,zm1_12,zm,test,10
15895,zm1_12_img052.jpg,zm1_12,zm,test,10
15896,zm1_12_img053.jpg,zm1_12,zm,test,10
15897,zm1_12_img054.jpg,zm1_12,zm,test,10
15898,zm1_12_img055.jpg,zm1_12,zm,test,10
15899,zm1_12_img056.jpg,zm1_12,zm,test,10
15900,zm1_12_img057.jpg,zm1_12,zm,test,10
15901,zm1_12_img058.jpg,zm1_12,zm,test,10
15902,zm1_12_img059.jpg,zm1_12,zm,test,10
15903,zm1_12_img060.jpg,zm1_12,zm,test,10
15904,zm1_12_img061.jpg,zm1_12,zm,test,10
15905,zm1_12_img062.jpg,zm1_12,zm,test,10
15906,zm1_12_img063.jpg,zm1_12,zm,test,10
15907,zm1_12_img064.jpg,zm1_12,zm,test,10
15908,zm1_12_img065.jpg,zm1_12,zm,test,10
15909,zm1_12_img066.jpg,zm1_12,zm,test,10
15910,zm1_12_img067.jpg,zm1_12,zm,test,10
15911,zm1_12_img068.jpg,zm1_12,zm,test,10
15912,zm1_12_img069.jpg,zm1_12,zm,test,10
15913,zm1_12_img070.jpg,zm1_12,zm,test,10
15914,zm1_12_img071.jpg,zm1_12,zm,test,10
15915,zm1_12_img072.jpg,zm1_12,zm,test,10
15916,zm1_12_img073.jpg,zm1_12,zm,test,10
15917,zm1_12_img074.jpg,zm1_12,zm,test,10
15918,zm1_12_img075.jpg,zm1_12,zm,test,10
15919,zm1_12_img076.jpg,zm1_12,zm,test,10
15920,zm1_12_img077.jpg,zm1_12,zm,test,10
15921,zm1_12_img078.jpg,zm1_12,zm,test,10
15922,zm1_12_img079.jpg,zm1_12,zm,test,10
15923,zm1_12_img080.jpg,zm1_12,zm,test,10
15924,zm1_12_img081.jpg,zm1_12,zm,test,10
15925,zm1_12_img082.jpg,zm1_12,zm,test,10
15926,zm1_12_img083.jpg,zm1_12,zm,test,10
15927,zm1_12_img084.jpg,zm1_12,zm,test,10
15928,zm1_12_img085.jpg,zm1_12,zm,test,10
15929,zm1_12_img086.jpg,zm1_12,zm,test,10
15930,zm1_12_img087.jpg,zm1_12,zm,test,10
15931,zm1_12_img088.jpg,zm1_12,zm,test,10
15932,zm1_12_img089.jpg,zm1_12,zm,test,10
15933,zm1_12_img090.jpg,zm1_12,zm,test,10
15934,zm1_12_img091.jpg,zm1_12,zm,test,10
15935,zm1_12_img092.jpg,zm1_12,zm,test,10
15936,zm1_12_img093.jpg,zm1_12,zm,test,10
15937,zm1_12_img094.jpg,zm1_12,zm,test,10
15938,zm1_12_img095.jpg,zm1_12,zm,test,10
15939,zm1_12_img096.jpg,zm1_12,zm,test,10
15940,zm1_12_img097.jpg,zm1_12,zm,test,10
15941,zm1_1_img001.jpg,zm1_1,zm,train,10
15942,zm1_1_img002.jpg,zm1_1,zm,train,10
15943,zm1_1_img003.jpg,zm1_1,zm,train,10
15944,zm1_1_img004.jpg,zm1_1,zm,train,10
15945,zm1_1_img005.jpg,zm1_1,zm,train,10
15946,zm1_1_img006.jpg,zm1_1,zm,train,10
15947,zm1_1_img007.jpg,zm1_1,zm,train,10
15948,zm1_1_img008.jpg,zm1_1,zm,train,10
15949,zm1_1_img009.jpg,zm1_1,zm,train,10
15950,zm1_1_img010.jpg,zm1_1,zm,train,10
15951,zm1_1_img011.jpg,zm1_1,zm,train,10
15952,zm1_1_img012.jpg,zm1_1,zm,train,10
15953,zm1_1_img013.jpg,zm1_1,zm,train,10
15954,zm1_1_img014.jpg,zm1_1,zm,train,10
15955,zm1_1_img015.jpg,zm1_1,zm,train,10
15956,zm1_1_img016.jpg,zm1_1,zm,train,10
15957,zm1_1_img017.jpg,zm1_1,zm,train,10
15958,zm1_1_img018.jpg,zm1_1,zm,train,10
15959,zm1_1_img019.jpg,zm1_1,zm,train,10
15960,zm1_1_img020.jpg,zm1_1,zm,train,10
15961,zm1_1_img021.jpg,zm1_1,zm,train,10
15962,zm1_1_img022.jpg,zm1_1,zm,train,10
15963,zm1_1_img023.jpg,zm1_1,zm,train,10
15964,zm1_1_img024.jpg,zm1_1,zm,train,10
15965,zm1_1_img025.jpg,zm1_1,zm,train,10
15966,zm1_1_img026.jpg,zm1_1,zm,train,10
15967,zm1_1_img027.jpg,zm1_1,zm,train,10
15968,zm1_1_img028.jpg,zm1_1,zm,train,10
15969,zm1_1_img029.jpg,zm1_1,zm,train,10
15970,zm1_1_img030.jpg,zm1_1,zm,train,10
15971,zm1_1_img031.jpg,zm1_1,zm,train,10
15972,zm1_1_img032.jpg,zm1_1,zm,train,10
15973,zm1_1_img033.jpg,zm1_1,zm,train,10
15974,zm1_1_img034.jpg,zm1_1,zm,train,10
15975,zm1_1_img035.jpg,zm1_1,zm,train,10
15976,zm1_1_img036.jpg,zm1_1,zm,train,10
15977,zm1_1_img037.jpg,zm1_1,zm,train,10
15978,zm1_1_img038.jpg,zm1_1,zm,train,10
15979,zm1_1_img039.jpg,zm1_1,zm,train,10
15980,zm1_1_img040.jpg,zm1_1,zm,train,10
15981,zm1_1_img041.jpg,zm1_1,zm,train,10
15982,zm1_1_img042.jpg,zm1_1,zm,train,10
15983,zm1_1_img043.jpg,zm1_1,zm,train,10
15984,zm1_1_img044.jpg,zm1_1,zm,train,10
15985,zm1_1_img045.jpg,zm1_1,zm,train,10
15986,zm1_1_img046.jpg,zm1_1,zm,train,10
15987,zm1_1_img047.jpg,zm1_1,zm,train,10
15988,zm1_1_img048.jpg,zm1_1,zm,train,10
15989,zm1_1_img049.jpg,zm1_1,zm,train,10
15990,zm1_1_img050.jpg,zm1_1,zm,train,10
15991,zm1_1_img051.jpg,zm1_1,zm,train,10
15992,zm1_1_img052.jpg,zm1_1,zm,train,10
15993,zm1_1_img053.jpg,zm1_1,zm,train,10
15994,zm1_1_img054.jpg,zm1_1,zm,train,10
15995,zm1_1_img055.jpg,zm1_1,zm,train,10
15996,zm1_1_img056.jpg,zm1_1,zm,train,10
15997,zm1_1_img057.jpg,zm1_1,zm,train,10
15998,zm1_1_img058.jpg,zm1_1,zm,train,10
15999,zm1_1_img059.jpg,zm1_1,zm,train,10
16000,zm1_1_img060.jpg,zm1_1,zm,train,10
16001,zm1_1_img061.jpg,zm1_1,zm,train,10
16002,zm1_1_img062.jpg,zm1_1,zm,train,10
16003,zm1_1_img063.jpg,zm1_1,zm,train,10
16004,zm1_1_img064.jpg,zm1_1,zm,train,10
16005,zm1_1_img065.jpg,zm1_1,zm,train,10
16006,zm1_1_img066.jpg,zm1_1,zm,train,10
16007,zm1_1_img067.jpg,zm1_1,zm,train,10
16008,zm1_1_img068.jpg,zm1_1,zm,train,10
16009,zm1_1_img069.jpg,zm1_1,zm,train,10
16010,zm1_1_img070.jpg,zm1_1,zm,train,10
16011,zm1_1_img071.jpg,zm1_1,zm,train,10
16012,zm1_1_img072.jpg,zm1_1,zm,train,10
16013,zm1_1_img073.jpg,zm1_1,zm,train,10
16014,zm1_1_img074.jpg,zm1_1,zm,train,10
16015,zm1_1_img075.jpg,zm1_1,zm,train,10
16016,zm1_1_img076.jpg,zm1_1,zm,train,10
16017,zm1_1_img077.jpg,zm1_1,zm,train,10
16018,zm1_1_img078.jpg,zm1_1,zm,train,10
16019,zm1_1_img079.jpg,zm1_1,zm,train,10
16020,zm1_1_img080.jpg,zm1_1,zm,train,10
16021,zm1_1_img081.jpg,zm1_1,zm,train,10
16022,zm1_1_img082.jpg,zm1_1,zm,train,10
16023,zm1_1_img083.jpg,zm1_1,zm,train,10
16024,zm1_1_img084.jpg,zm1_1,zm,train,10
16025,zm1_1_img085.jpg,zm1_1,zm,train,10
16026,zm1_1_img086.jpg,zm1_1,zm,train,10
16027,zm1_1_img087.jpg,zm1_1,zm,train,10
16028,zm1_1_img088.jpg,zm1_1,zm,train,10
16029,zm1_1_img089.jpg,zm1_1,zm,train,10
16030,zm1_1_img090.jpg,zm1_1,zm,train,10
16031,zm1_1_img091.jpg,zm1_1,zm,train,10
16032,zm1_1_img092.jpg,zm1_1,zm,train,10
16033,zm1_1_img093.jpg,zm1_1,zm,train,10
16034,zm1_1_img094.jpg,zm1_1,zm,train,10
16035,zm1_1_img095.jpg,zm1_1,zm,train,10
16036,zm1_1_img096.jpg,zm1_1,zm,train,10
16037,zm1_1_img097.jpg,zm1_1,zm,train,10
16038,zm1_2_img001.jpg,zm1_2,zm,train,10
16039,zm1_2_img002.jpg,zm1_2,zm,train,10
16040,zm1_2_img003.jpg,zm1_2,zm,train,10
16041,zm1_2_img004.jpg,zm1_2,zm,train,10
16042,zm1_2_img005.jpg,zm1_2,zm,train,10
16043,zm1_2_img006.jpg,zm1_2,zm,train,10
16044,zm1_2_img007.jpg,zm1_2,zm,train,10
16045,zm1_2_img008.jpg,zm1_2,zm,train,10
16046,zm1_2_img009.jpg,zm1_2,zm,train,10
16047,zm1_2_img010.jpg,zm1_2,zm,train,10
16048,zm1_2_img011.jpg,zm1_2,zm,train,10
16049,zm1_2_img012.jpg,zm1_2,zm,train,10
16050,zm1_2_img013.jpg,zm1_2,zm,train,10
16051,zm1_2_img014.jpg,zm1_2,zm,train,10
16052,zm1_2_img015.jpg,zm1_2,zm,train,10
16053,zm1_2_img016.jpg,zm1_2,zm,train,10
16054,zm1_2_img017.jpg,zm1_2,zm,train,10
16055,zm1_2_img018.jpg,zm1_2,zm,train,10
16056,zm1_2_img019.jpg,zm1_2,zm,train,10
16057,zm1_2_img020.jpg,zm1_2,zm,train,10
16058,zm1_2_img021.jpg,zm1_2,zm,train,10
16059,zm1_2_img022.jpg,zm1_2,zm,train,10
16060,zm1_2_img023.jpg,zm1_2,zm,train,10
16061,zm1_2_img024.jpg,zm1_2,zm,train,10
16062,zm1_2_img025.jpg,zm1_2,zm,train,10
16063,zm1_2_img026.jpg,zm1_2,zm,train,10
16064,zm1_2_img027.jpg,zm1_2,zm,train,10
16065,zm1_2_img028.jpg,zm1_2,zm,train,10
16066,zm1_2_img029.jpg,zm1_2,zm,train,10
16067,zm1_2_img030.jpg,zm1_2,zm,train,10
16068,zm1_2_img031.jpg,zm1_2,zm,train,10
16069,zm1_2_img032.jpg,zm1_2,zm,train,10
16070,zm1_2_img033.jpg,zm1_2,zm,train,10
16071,zm1_2_img034.jpg,zm1_2,zm,train,10
16072,zm1_2_img035.jpg,zm1_2,zm,train,10
16073,zm1_2_img036.jpg,zm1_2,zm,train,10
16074,zm1_2_img037.jpg,zm1_2,zm,train,10
16075,zm1_2_img038.jpg,zm1_2,zm,train,10
16076,zm1_2_img039.jpg,zm1_2,zm,train,10
16077,zm1_2_img040.jpg,zm1_2,zm,train,10
16078,zm1_2_img041.jpg,zm1_2,zm,train,10
16079,zm1_2_img042.jpg,zm1_2,zm,train,10
16080,zm1_2_img043.jpg,zm1_2,zm,train,10
16081,zm1_2_img044.jpg,zm1_2,zm,train,10
16082,zm1_2_img045.jpg,zm1_2,zm,train,10
16083,zm1_2_img046.jpg,zm1_2,zm,train,10
16084,zm1_2_img047.jpg,zm1_2,zm,train,10
16085,zm1_2_img048.jpg,zm1_2,zm,train,10
16086,zm1_2_img049.jpg,zm1_2,zm,train,10
16087,zm1_2_img050.jpg,zm1_2,zm,train,10
16088,zm1_2_img051.jpg,zm1_2,zm,train,10
16089,zm1_2_img052.jpg,zm1_2,zm,train,10
16090,zm1_2_img053.jpg,zm1_2,zm,train,10
16091,zm1_2_img054.jpg,zm1_2,zm,train,10
16092,zm1_2_img055.jpg,zm1_2,zm,train,10
16093,zm1_2_img056.jpg,zm1_2,zm,train,10
16094,zm1_2_img057.jpg,zm1_2,zm,train,10
16095,zm1_2_img058.jpg,zm1_2,zm,train,10
16096,zm1_2_img059.jpg,zm1_2,zm,train,10
16097,zm1_2_img060.jpg,zm1_2,zm,train,10
16098,zm1_2_img061.jpg,zm1_2,zm,train,10
16099,zm1_2_img062.jpg,zm1_2,zm,train,10
16100,zm1_2_img063.jpg,zm1_2,zm,train,10
16101,zm1_2_img064.jpg,zm1_2,zm,train,10
16102,zm1_2_img065.jpg,zm1_2,zm,train,10
16103,zm1_2_img066.jpg,zm1_2,zm,train,10
16104,zm1_2_img067.jpg,zm1_2,zm,train,10
16105,zm1_2_img068.jpg,zm1_2,zm,train,10
16106,zm1_2_img069.jpg,zm1_2,zm,train,10
16107,zm1_2_img070.jpg,zm1_2,zm,train,10
16108,zm1_2_img071.jpg,zm1_2,zm,train,10
16109,zm1_2_img072.jpg,zm1_2,zm,train,10
16110,zm1_2_img073.jpg,zm1_2,zm,train,10
16111,zm1_2_img074.jpg,zm1_2,zm,train,10
16112,zm1_2_img075.jpg,zm1_2,zm,train,10
16113,zm1_2_img076.jpg,zm1_2,zm,train,10
16114,zm1_2_img077.jpg,zm1_2,zm,train,10
16115,zm1_2_img078.jpg,zm1_2,zm,train,10
16116,zm1_2_img079.jpg,zm1_2,zm,train,10
16117,zm1_2_img080.jpg,zm1_2,zm,train,10
16118,zm1_2_img081.jpg,zm1_2,zm,train,10
16119,zm1_2_img082.jpg,zm1_2,zm,train,10
16120,zm1_2_img083.jpg,zm1_2,zm,train,10
16121,zm1_2_img084.jpg,zm1_2,zm,train,10
16122,zm1_2_img085.jpg,zm1_2,zm,train,10
16123,zm1_2_img086.jpg,zm1_2,zm,train,10
16124,zm1_2_img087.jpg,zm1_2,zm,train,10
16125,zm1_2_img088.jpg,zm1_2,zm,train,10
16126,zm1_2_img089.jpg,zm1_2,zm,train,10
16127,zm1_2_img090.jpg,zm1_2,zm,train,10
16128,zm1_2_img091.jpg,zm1_2,zm,train,10
16129,zm1_2_img092.jpg,zm1_2,zm,train,10
16130,zm1_2_img093.jpg,zm1_2,zm,train,10
16131,zm1_2_img094.jpg,zm1_2,zm,train,10
16132,zm1_2_img095.jpg,zm1_2,zm,train,10
16133,zm1_2_img096.jpg,zm1_2,zm,train,10
16134,zm1_2_img097.jpg,zm1_2,zm,train,10
16135,zm1_3_img001.jpg,zm1_3,zm,train,10
16136,zm1_3_img002.jpg,zm1_3,zm,train,10
16137,zm1_3_img003.jpg,zm1_3,zm,train,10
16138,zm1_3_img004.jpg,zm1_3,zm,train,10
16139,zm1_3_img005.jpg,zm1_3,zm,train,10
16140,zm1_3_img006.jpg,zm1_3,zm,train,10
16141,zm1_3_img007.jpg,zm1_3,zm,train,10
16142,zm1_3_img008.jpg,zm1_3,zm,train,10
16143,zm1_3_img009.jpg,zm1_3,zm,train,10
16144,zm1_3_img010.jpg,zm1_3,zm,train,10
16145,zm1_3_img011.jpg,zm1_3,zm,train,10
16146,zm1_3_img012.jpg,zm1_3,zm,train,10
16147,zm1_3_img013.jpg,zm1_3,zm,train,10
16148,zm1_3_img014.jpg,zm1_3,zm,train,10
16149,zm1_3_img015.jpg,zm1_3,zm,train,10
16150,zm1_3_img016.jpg,zm1_3,zm,train,10
16151,zm1_3_img017.jpg,zm1_3,zm,train,10
16152,zm1_3_img018.jpg,zm1_3,zm,train,10
16153,zm1_3_img019.jpg,zm1_3,zm,train,10
16154,zm1_3_img020.jpg,zm1_3,zm,train,10
16155,zm1_3_img021.jpg,zm1_3,zm,train,10
16156,zm1_3_img022.jpg,zm1_3,zm,train,10
16157,zm1_3_img023.jpg,zm1_3,zm,train,10
16158,zm1_3_img024.jpg,zm1_3,zm,train,10
16159,zm1_3_img025.jpg,zm1_3,zm,train,10
16160,zm1_3_img026.jpg,zm1_3,zm,train,10
16161,zm1_3_img027.jpg,zm1_3,zm,train,10
16162,zm1_3_img028.jpg,zm1_3,zm,train,10
16163,zm1_3_img029.jpg,zm1_3,zm,train,10
16164,zm1_3_img030.jpg,zm1_3,zm,train,10
16165,zm1_3_img031.jpg,zm1_3,zm,train,10
16166,zm1_3_img032.jpg,zm1_3,zm,train,10
16167,zm1_3_img033.jpg,zm1_3,zm,train,10
16168,zm1_3_img034.jpg,zm1_3,zm,train,10
16169,zm1_3_img035.jpg,zm1_3,zm,train,10
16170,zm1_3_img036.jpg,zm1_3,zm,train,10
16171,zm1_3_img037.jpg,zm1_3,zm,train,10
16172,zm1_3_img038.jpg,zm1_3,zm,train,10
16173,zm1_3_img039.jpg,zm1_3,zm,train,10
16174,zm1_3_img040.jpg,zm1_3,zm,train,10
16175,zm1_3_img041.jpg,zm1_3,zm,train,10
16176,zm1_3_img042.jpg,zm1_3,zm,train,10
16177,zm1_3_img043.jpg,zm1_3,zm,train,10
16178,zm1_3_img044.jpg,zm1_3,zm,train,10
16179,zm1_3_img045.jpg,zm1_3,zm,train,10
16180,zm1_3_img046.jpg,zm1_3,zm,train,10
16181,zm1_3_img047.jpg,zm1_3,zm,train,10
16182,zm1_3_img048.jpg,zm1_3,zm,train,10
16183,zm1_3_img049.jpg,zm1_3,zm,train,10
16184,zm1_3_img050.jpg,zm1_3,zm,train,10
16185,zm1_3_img051.jpg,zm1_3,zm,train,10
16186,zm1_3_img052.jpg,zm1_3,zm,train,10
16187,zm1_3_img053.jpg,zm1_3,zm,train,10
16188,zm1_3_img054.jpg,zm1_3,zm,train,10
16189,zm1_3_img055.jpg,zm1_3,zm,train,10
16190,zm1_3_img056.jpg,zm1_3,zm,train,10
16191,zm1_3_img057.jpg,zm1_3,zm,train,10
16192,zm1_3_img058.jpg,zm1_3,zm,train,10
16193,zm1_3_img059.jpg,zm1_3,zm,train,10
16194,zm1_3_img060.jpg,zm1_3,zm,train,10
16195,zm1_3_img061.jpg,zm1_3,zm,train,10
16196,zm1_3_img062.jpg,zm1_3,zm,train,10
16197,zm1_3_img063.jpg,zm1_3,zm,train,10
16198,zm1_3_img064.jpg,zm1_3,zm,train,10
16199,zm1_3_img065.jpg,zm1_3,zm,train,10
16200,zm1_3_img066.jpg,zm1_3,zm,train,10
16201,zm1_3_img067.jpg,zm1_3,zm,train,10
16202,zm1_3_img068.jpg,zm1_3,zm,train,10
16203,zm1_3_img069.jpg,zm1_3,zm,train,10
16204,zm1_3_img070.jpg,zm1_3,zm,train,10
16205,zm1_3_img071.jpg,zm1_3,zm,train,10
16206,zm1_3_img072.jpg,zm1_3,zm,train,10
16207,zm1_3_img073.jpg,zm1_3,zm,train,10
16208,zm1_3_img074.jpg,zm1_3,zm,train,10
16209,zm1_3_img075.jpg,zm1_3,zm,train,10
16210,zm1_3_img076.jpg,zm1_3,zm,train,10
16211,zm1_3_img077.jpg,zm1_3,zm,train,10
16212,zm1_3_img078.jpg,zm1_3,zm,train,10
16213,zm1_3_img079.jpg,zm1_3,zm,train,10
16214,zm1_3_img080.jpg,zm1_3,zm,train,10
16215,zm1_3_img081.jpg,zm1_3,zm,train,10
16216,zm1_3_img082.jpg,zm1_3,zm,train,10
16217,zm1_3_img083.jpg,zm1_3,zm,train,10
16218,zm1_3_img084.jpg,zm1_3,zm,train,10
16219,zm1_3_img085.jpg,zm1_3,zm,train,10
16220,zm1_3_img086.jpg,zm1_3,zm,train,10
16221,zm1_3_img087.jpg,zm1_3,zm,train,10
16222,zm1_3_img088.jpg,zm1_3,zm,train,10
16223,zm1_3_img089.jpg,zm1_3,zm,train,10
16224,zm1_3_img090.jpg,zm1_3,zm,train,10
16225,zm1_3_img091.jpg,zm1_3,zm,train,10
16226,zm1_3_img092.jpg,zm1_3,zm,train,10
16227,zm1_3_img093.jpg,zm1_3,zm,train,10
16228,zm1_3_img094.jpg,zm1_3,zm,train,10
16229,zm1_3_img095.jpg,zm1_3,zm,train,10
16230,zm1_3_img096.jpg,zm1_3,zm,train,10
16231,zm1_3_img097.jpg,zm1_3,zm,train,10
16232,zm1_4_img001.jpg,zm1_4,zm,train,10
16233,zm1_4_img002.jpg,zm1_4,zm,train,10
16234,zm1_4_img003.jpg,zm1_4,zm,train,10
16235,zm1_4_img004.jpg,zm1_4,zm,train,10
16236,zm1_4_img005.jpg,zm1_4,zm,train,10
16237,zm1_4_img006.jpg,zm1_4,zm,train,10
16238,zm1_4_img007.jpg,zm1_4,zm,train,10
16239,zm1_4_img008.jpg,zm1_4,zm,train,10
16240,zm1_4_img009.jpg,zm1_4,zm,train,10
16241,zm1_4_img010.jpg,zm1_4,zm,train,10
16242,zm1_4_img011.jpg,zm1_4,zm,train,10
16243,zm1_4_img012.jpg,zm1_4,zm,train,10
16244,zm1_4_img013.jpg,zm1_4,zm,train,10
16245,zm1_4_img014.jpg,zm1_4,zm,train,10
16246,zm1_4_img015.jpg,zm1_4,zm,train,10
16247,zm1_4_img016.jpg,zm1_4,zm,train,10
16248,zm1_4_img017.jpg,zm1_4,zm,train,10
16249,zm1_4_img018.jpg,zm1_4,zm,train,10
16250,zm1_4_img019.jpg,zm1_4,zm,train,10
16251,zm1_4_img020.jpg,zm1_4,zm,train,10
16252,zm1_4_img021.jpg,zm1_4,zm,train,10
16253,zm1_4_img022.jpg,zm1_4,zm,train,10
16254,zm1_4_img023.jpg,zm1_4,zm,train,10
16255,zm1_4_img024.jpg,zm1_4,zm,train,10
16256,zm1_4_img025.jpg,zm1_4,zm,train,10
16257,zm1_4_img026.jpg,zm1_4,zm,train,10
16258,zm1_4_img027.jpg,zm1_4,zm,train,10
16259,zm1_4_img028.jpg,zm1_4,zm,train,10
16260,zm1_4_img029.jpg,zm1_4,zm,train,10
16261,zm1_4_img030.jpg,zm1_4,zm,train,10
16262,zm1_4_img031.jpg,zm1_4,zm,train,10
16263,zm1_4_img032.jpg,zm1_4,zm,train,10
16264,zm1_4_img033.jpg,zm1_4,zm,train,10
16265,zm1_4_img034.jpg,zm1_4,zm,train,10
16266,zm1_4_img035.jpg,zm1_4,zm,train,10
16267,zm1_4_img036.jpg,zm1_4,zm,train,10
16268,zm1_4_img037.jpg,zm1_4,zm,train,10
16269,zm1_4_img038.jpg,zm1_4,zm,train,10
16270,zm1_4_img039.jpg,zm1_4,zm,train,10
16271,zm1_4_img040.jpg,zm1_4,zm,train,10
16272,zm1_4_img041.jpg,zm1_4,zm,train,10
16273,zm1_4_img042.jpg,zm1_4,zm,train,10
16274,zm1_4_img043.jpg,zm1_4,zm,train,10
16275,zm1_4_img044.jpg,zm1_4,zm,train,10
16276,zm1_4_img045.jpg,zm1_4,zm,train,10
16277,zm1_4_img046.jpg,zm1_4,zm,train,10
16278,zm1_4_img047.jpg,zm1_4,zm,train,10
16279,zm1_4_img048.jpg,zm1_4,zm,train,10
16280,zm1_4_img049.jpg,zm1_4,zm,train,10
16281,zm1_4_img050.jpg,zm1_4,zm,train,10
16282,zm1_4_img051.jpg,zm1_4,zm,train,10
16283,zm1_4_img052.jpg,zm1_4,zm,train,10
16284,zm1_4_img053.jpg,zm1_4,zm,train,10
16285,zm1_4_img054.jpg,zm1_4,zm,train,10
16286,zm1_4_img055.jpg,zm1_4,zm,train,10
16287,zm1_4_img056.jpg,zm1_4,zm,train,10
16288,zm1_4_img057.jpg,zm1_4,zm,train,10
16289,zm1_4_img058.jpg,zm1_4,zm,train,10
16290,zm1_4_img059.jpg,zm1_4,zm,train,10
16291,zm1_4_img060.jpg,zm1_4,zm,train,10
16292,zm1_4_img061.jpg,zm1_4,zm,train,10
16293,zm1_4_img062.jpg,zm1_4,zm,train,10
16294,zm1_4_img063.jpg,zm1_4,zm,train,10
16295,zm1_4_img064.jpg,zm1_4,zm,train,10
16296,zm1_4_img065.jpg,zm1_4,zm,train,10
16297,zm1_4_img066.jpg,zm1_4,zm,train,10
16298,zm1_4_img067.jpg,zm1_4,zm,train,10
16299,zm1_4_img068.jpg,zm1_4,zm,train,10
16300,zm1_4_img069.jpg,zm1_4,zm,train,10
16301,zm1_4_img070.jpg,zm1_4,zm,train,10
16302,zm1_4_img071.jpg,zm1_4,zm,train,10
16303,zm1_4_img072.jpg,zm1_4,zm,train,10
16304,zm1_4_img073.jpg,zm1_4,zm,train,10
16305,zm1_4_img074.jpg,zm1_4,zm,train,10
16306,zm1_4_img075.jpg,zm1_4,zm,train,10
16307,zm1_4_img076.jpg,zm1_4,zm,train,10
16308,zm1_4_img077.jpg,zm1_4,zm,train,10
16309,zm1_4_img078.jpg,zm1_4,zm,train,10
16310,zm1_4_img079.jpg,zm1_4,zm,train,10
16311,zm1_4_img080.jpg,zm1_4,zm,train,10
16312,zm1_4_img081.jpg,zm1_4,zm,train,10
16313,zm1_4_img082.jpg,zm1_4,zm,train,10
16314,zm1_4_img083.jpg,zm1_4,zm,train,10
16315,zm1_4_img084.jpg,zm1_4,zm,train,10
16316,zm1_4_img085.jpg,zm1_4,zm,train,10
16317,zm1_4_img086.jpg,zm1_4,zm,train,10
16318,zm1_4_img087.jpg,zm1_4,zm,train,10
16319,zm1_4_img088.jpg,zm1_4,zm,train,10
16320,zm1_4_img089.jpg,zm1_4,zm,train,10
16321,zm1_4_img090.jpg,zm1_4,zm,train,10
16322,zm1_4_img091.jpg,zm1_4,zm,train,10
16323,zm1_4_img092.jpg,zm1_4,zm,train,10
16324,zm1_4_img093.jpg,zm1_4,zm,train,10
16325,zm1_4_img094.jpg,zm1_4,zm,train,10
16326,zm1_4_img095.jpg,zm1_4,zm,train,10
16327,zm1_4_img096.jpg,zm1_4,zm,train,10
16328,zm1_4_img097.jpg,zm1_4,zm,train,10
16329,zm1_5_img001.jpg,zm1_5,zm,val,10
16330,zm1_5_img002.jpg,zm1_5,zm,val,10
16331,zm1_5_img003.jpg,zm1_5,zm,val,10
16332,zm1_5_img004.jpg,zm1_5,zm,val,10
16333,zm1_5_img005.jpg,zm1_5,zm,val,10
16334,zm1_5_img006.jpg,zm1_5,zm,val,10
16335,zm1_5_img007.jpg,zm1_5,zm,val,10
16336,zm1_5_img008.jpg,zm1_5,zm,val,10
16337,zm1_5_img009.jpg,zm1_5,zm,val,10
16338,zm1_5_img010.jpg,zm1_5,zm,val,10
16339,zm1_5_img011.jpg,zm1_5,zm,val,10
16340,zm1_5_img012.jpg,zm1_5,zm,val,10
16341,zm1_5_img013.jpg,zm1_5,zm,val,10
16342,zm1_5_img014.jpg,zm1_5,zm,val,10
16343,zm1_5_img015.jpg,zm1_5,zm,val,10
16344,zm1_5_img016.jpg,zm1_5,zm,val,10
16345,zm1_5_img017.jpg,zm1_5,zm,val,10
16346,zm1_5_img018.jpg,zm1_5,zm,val,10
16347,zm1_5_img019.jpg,zm1_5,zm,val,10
16348,zm1_5_img020.jpg,zm1_5,zm,val,10
16349,zm1_5_img021.jpg,zm1_5,zm,val,10
16350,zm1_5_img022.jpg,zm1_5,zm,val,10
16351,zm1_5_img023.jpg,zm1_5,zm,val,10
16352,zm1_5_img024.jpg,zm1_5,zm,val,10
16353,zm1_5_img025.jpg,zm1_5,zm,val,10
16354,zm1_5_img026.jpg,zm1_5,zm,val,10
16355,zm1_5_img027.jpg,zm1_5,zm,val,10
16356,zm1_5_img028.jpg,zm1_5,zm,val,10
16357,zm1_5_img029.jpg,zm1_5,zm,val,10
16358,zm1_5_img030.jpg,zm1_5,zm,val,10
16359,zm1_5_img031.jpg,zm1_5,zm,val,10
16360,zm1_5_img032.jpg,zm1_5,zm,val,10
16361,zm1_5_img033.jpg,zm1_5,zm,val,10
16362,zm1_5_img034.jpg,zm1_5,zm,val,10
16363,zm1_5_img035.jpg,zm1_5,zm,val,10
16364,zm1_5_img036.jpg,zm1_5,zm,val,10
16365,zm1_5_img037.jpg,zm1_5,zm,val,10
16366,zm1_5_img038.jpg,zm1_5,zm,val,10
16367,zm1_5_img039.jpg,zm1_5,zm,val,10
16368,zm1_5_img040.jpg,zm1_5,zm,val,10
16369,zm1_5_img041.jpg,zm1_5,zm,val,10
16370,zm1_5_img042.jpg,zm1_5,zm,val,10
16371,zm1_5_img043.jpg,zm1_5,zm,val,10
16372,zm1_5_img044.jpg,zm1_5,zm,val,10
16373,zm1_5_img045.jpg,zm1_5,zm,val,10
16374,zm1_5_img046.jpg,zm1_5,zm,val,10
16375,zm1_5_img047.jpg,zm1_5,zm,val,10
16376,zm1_5_img048.jpg,zm1_5,zm,val,10
16377,zm1_5_img049.jpg,zm1_5,zm,val,10
16378,zm1_5_img050.jpg,zm1_5,zm,val,10
16379,zm1_5_img051.jpg,zm1_5,zm,val,10
16380,zm1_5_img052.jpg,zm1_5,zm,val,10
16381,zm1_5_img053.jpg,zm1_5,zm,val,10
16382,zm1_5_img054.jpg,zm1_5,zm,val,10
16383,zm1_5_img055.jpg,zm1_5,zm,val,10
16384,zm1_5_img056.jpg,zm1_5,zm,val,10
16385,zm1_5_img057.jpg,zm1_5,zm,val,10
16386,zm1_5_img058.jpg,zm1_5,zm,val,10
16387,zm1_5_img059.jpg,zm1_5,zm,val,10
16388,zm1_5_img060.jpg,zm1_5,zm,val,10
16389,zm1_5_img061.jpg,zm1_5,zm,val,10
16390,zm1_5_img062.jpg,zm1_5,zm,val,10
16391,zm1_5_img063.jpg,zm1_5,zm,val,10
16392,zm1_5_img064.jpg,zm1_5,zm,val,10
16393,zm1_5_img065.jpg,zm1_5,zm,val,10
16394,zm1_5_img066.jpg,zm1_5,zm,val,10
16395,zm1_5_img067.jpg,zm1_5,zm,val,10
16396,zm1_5_img068.jpg,zm1_5,zm,val,10
16397,zm1_5_img069.jpg,zm1_5,zm,val,10
16398,zm1_5_img070.jpg,zm1_5,zm,val,10
16399,zm1_5_img071.jpg,zm1_5,zm,val,10
16400,zm1_5_img072.jpg,zm1_5,zm,val,10
16401,zm1_5_img073.jpg,zm1_5,zm,val,10
16402,zm1_5_img074.jpg,zm1_5,zm,val,10
16403,zm1_5_img075.jpg,zm1_5,zm,val,10
16404,zm1_5_img076.jpg,zm1_5,zm,val,10
16405,zm1_5_img077.jpg,zm1_5,zm,val,10
16406,zm1_5_img078.jpg,zm1_5,zm,val,10
16407,zm1_5_img079.jpg,zm1_5,zm,val,10
16408,zm1_5_img080.jpg,zm1_5,zm,val,10
16409,zm1_5_img081.jpg,zm1_5,zm,val,10
16410,zm1_5_img082.jpg,zm1_5,zm,val,10
16411,zm1_5_img083.jpg,zm1_5,zm,val,10
16412,zm1_5_img084.jpg,zm1_5,zm,val,10
16413,zm1_5_img085.jpg,zm1_5,zm,val,10
16414,zm1_5_img086.jpg,zm1_5,zm,val,10
16415,zm1_5_img087.jpg,zm1_5,zm,val,10
16416,zm1_5_img088.jpg,zm1_5,zm,val,10
16417,zm1_5_img089.jpg,zm1_5,zm,val,10
16418,zm1_5_img090.jpg,zm1_5,zm,val,10
16419,zm1_5_img091.jpg,zm1_5,zm,val,10
16420,zm1_5_img092.jpg,zm1_5,zm,val,10
16421,zm1_5_img093.jpg,zm1_5,zm,val,10
16422,zm1_5_img094.jpg,zm1_5,zm,val,10
16423,zm1_5_img095.jpg,zm1_5,zm,val,10
16424,zm1_5_img096.jpg,zm1_5,zm,val,10
16425,zm1_5_img097.jpg,zm1_5,zm,val,10
16426,zm1_6_img001.jpg,zm1_6,zm,train,10
16427,zm1_6_img002.jpg,zm1_6,zm,train,10
16428,zm1_6_img003.jpg,zm1_6,zm,train,10
16429,zm1_6_img004.jpg,zm1_6,zm,train,10
16430,zm1_6_img005.jpg,zm1_6,zm,train,10
16431,zm1_6_img006.jpg,zm1_6,zm,train,10
16432,zm1_6_img007.jpg,zm1_6,zm,train,10
16433,zm1_6_img008.jpg,zm1_6,zm,train,10
16434,zm1_6_img009.jpg,zm1_6,zm,train,10
16435,zm1_6_img010.jpg,zm1_6,zm,train,10
16436,zm1_6_img011.jpg,zm1_6,zm,train,10
16437,zm1_6_img012.jpg,zm1_6,zm,train,10
16438,zm1_6_img013.jpg,zm1_6,zm,train,10
16439,zm1_6_img014.jpg,zm1_6,zm,train,10
16440,zm1_6_img015.jpg,zm1_6,zm,train,10
16441,zm1_6_img016.jpg,zm1_6,zm,train,10
16442,zm1_6_img017.jpg,zm1_6,zm,train,10
16443,zm1_6_img018.jpg,zm1_6,zm,train,10
16444,zm1_6_img019.jpg,zm1_6,zm,train,10
16445,zm1_6_img020.jpg,zm1_6,zm,train,10
16446,zm1_6_img021.jpg,zm1_6,zm,train,10
16447,zm1_6_img022.jpg,zm1_6,zm,train,10
16448,zm1_6_img023.jpg,zm1_6,zm,train,10
16449,zm1_6_img024.jpg,zm1_6,zm,train,10
16450,zm1_6_img025.jpg,zm1_6,zm,train,10
16451,zm1_6_img026.jpg,zm1_6,zm,train,10
16452,zm1_6_img027.jpg,zm1_6,zm,train,10
16453,zm1_6_img028.jpg,zm1_6,zm,train,10
16454,zm1_6_img029.jpg,zm1_6,zm,train,10
16455,zm1_6_img030.jpg,zm1_6,zm,train,10
16456,zm1_6_img031.jpg,zm1_6,zm,train,10
16457,zm1_6_img032.jpg,zm1_6,zm,train,10
16458,zm1_6_img033.jpg,zm1_6,zm,train,10
16459,zm1_6_img034.jpg,zm1_6,zm,train,10
16460,zm1_6_img035.jpg,zm1_6,zm,train,10
16461,zm1_6_img036.jpg,zm1_6,zm,train,10
16462,zm1_6_img037.jpg,zm1_6,zm,train,10
16463,zm1_6_img038.jpg,zm1_6,zm,train,10
16464,zm1_6_img039.jpg,zm1_6,zm,train,10
16465,zm1_6_img040.jpg,zm1_6,zm,train,10
16466,zm1_6_img041.jpg,zm1_6,zm,train,10
16467,zm1_6_img042.jpg,zm1_6,zm,train,10
16468,zm1_6_img043.jpg,zm1_6,zm,train,10
16469,zm1_6_img044.jpg,zm1_6,zm,train,10
16470,zm1_6_img045.jpg,zm1_6,zm,train,10
16471,zm1_6_img046.jpg,zm1_6,zm,train,10
16472,zm1_6_img047.jpg,zm1_6,zm,train,10
16473,zm1_6_img048.jpg,zm1_6,zm,train,10
16474,zm1_6_img049.jpg,zm1_6,zm,train,10
16475,zm1_6_img050.jpg,zm1_6,zm,train,10
16476,zm1_6_img051.jpg,zm1_6,zm,train,10
16477,zm1_6_img052.jpg,zm1_6,zm,train,10
16478,zm1_6_img053.jpg,zm1_6,zm,train,10
16479,zm1_6_img054.jpg,zm1_6,zm,train,10
16480,zm1_6_img055.jpg,zm1_6,zm,train,10
16481,zm1_6_img056.jpg,zm1_6,zm,train,10
16482,zm1_6_img057.jpg,zm1_6,zm,train,10
16483,zm1_6_img058.jpg,zm1_6,zm,train,10
16484,zm1_6_img059.jpg,zm1_6,zm,train,10
16485,zm1_6_img060.jpg,zm1_6,zm,train,10
16486,zm1_6_img061.jpg,zm1_6,zm,train,10
16487,zm1_6_img062.jpg,zm1_6,zm,train,10
16488,zm1_6_img063.jpg,zm1_6,zm,train,10
16489,zm1_6_img064.jpg,zm1_6,zm,train,10
16490,zm1_6_img065.jpg,zm1_6,zm,train,10
16491,zm1_6_img066.jpg,zm1_6,zm,train,10
16492,zm1_6_img067.jpg,zm1_6,zm,train,10
16493,zm1_6_img068.jpg,zm1_6,zm,train,10
16494,zm1_6_img069.jpg,zm1_6,zm,train,10
16495,zm1_6_img070.jpg,zm1_6,zm,train,10
16496,zm1_6_img071.jpg,zm1_6,zm,train,10
16497,zm1_6_img072.jpg,zm1_6,zm,train,10
16498,zm1_6_img073.jpg,zm1_6,zm,train,10
16499,zm1_6_img074.jpg,zm1_6,zm,train,10
16500,zm1_6_img075.jpg,zm1_6,zm,train,10
16501,zm1_6_img076.jpg,zm1_6,zm,train,10
16502,zm1_6_img077.jpg,zm1_6,zm,train,10
16503,zm1_6_img078.jpg,zm1_6,zm,train,10
16504,zm1_6_img079.jpg,zm1_6,zm,train,10
16505,zm1_6_img080.jpg,zm1_6,zm,train,10
16506,zm1_6_img081.jpg,zm1_6,zm,train,10
16507,zm1_6_img082.jpg,zm1_6,zm,train,10
16508,zm1_6_img083.jpg,zm1_6,zm,train,10
16509,zm1_6_img084.jpg,zm1_6,zm,train,10
16510,zm1_6_img085.jpg,zm1_6,zm,train,10
16511,zm1_6_img086.jpg,zm1_6,zm,train,10
16512,zm1_6_img087.jpg,zm1_6,zm,train,10
16513,zm1_6_img088.jpg,zm1_6,zm,train,10
16514,zm1_6_img089.jpg,zm1_6,zm,train,10
16515,zm1_6_img090.jpg,zm1_6,zm,train,10
16516,zm1_6_img091.jpg,zm1_6,zm,train,10
16517,zm1_6_img092.jpg,zm1_6,zm,train,10
16518,zm1_6_img093.jpg,zm1_6,zm,train,10
16519,zm1_6_img094.jpg,zm1_6,zm,train,10
16520,zm1_6_img095.jpg,zm1_6,zm,train,10
16521,zm1_6_img096.jpg,zm1_6,zm,train,10
16522,zm1_6_img097.jpg,zm1_6,zm,train,10
16523,zm1_7_img001.jpg,zm1_7,zm,train,10
16524,zm1_7_img002.jpg,zm1_7,zm,train,10
16525,zm1_7_img003.jpg,zm1_7,zm,train,10
16526,zm1_7_img004.jpg,zm1_7,zm,train,10
16527,zm1_7_img005.jpg,zm1_7,zm,train,10
16528,zm1_7_img006.jpg,zm1_7,zm,train,10
16529,zm1_7_img007.jpg,zm1_7,zm,train,10
16530,zm1_7_img008.jpg,zm1_7,zm,train,10
16531,zm1_7_img009.jpg,zm1_7,zm,train,10
16532,zm1_7_img010.jpg,zm1_7,zm,train,10
16533,zm1_7_img011.jpg,zm1_7,zm,train,10
16534,zm1_7_img012.jpg,zm1_7,zm,train,10
16535,zm1_7_img013.jpg,zm1_7,zm,train,10
16536,zm1_7_img014.jpg,zm1_7,zm,train,10
16537,zm1_7_img015.jpg,zm1_7,zm,train,10
16538,zm1_7_img016.jpg,zm1_7,zm,train,10
16539,zm1_7_img017.jpg,zm1_7,zm,train,10
16540,zm1_7_img018.jpg,zm1_7,zm,train,10
16541,zm1_7_img019.jpg,zm1_7,zm,train,10
16542,zm1_7_img020.jpg,zm1_7,zm,train,10
16543,zm1_7_img021.jpg,zm1_7,zm,train,10
16544,zm1_7_img022.jpg,zm1_7,zm,train,10
16545,zm1_7_img023.jpg,zm1_7,zm,train,10
16546,zm1_7_img024.jpg,zm1_7,zm,train,10
16547,zm1_7_img025.jpg,zm1_7,zm,train,10
16548,zm1_7_img026.jpg,zm1_7,zm,train,10
16549,zm1_7_img027.jpg,zm1_7,zm,train,10
16550,zm1_7_img028.jpg,zm1_7,zm,train,10
16551,zm1_7_img029.jpg,zm1_7,zm,train,10
16552,zm1_7_img030.jpg,zm1_7,zm,train,10
16553,zm1_7_img031.jpg,zm1_7,zm,train,10
16554,zm1_7_img032.jpg,zm1_7,zm,train,10
16555,zm1_7_img033.jpg,zm1_7,zm,train,10
16556,zm1_7_img034.jpg,zm1_7,zm,train,10
16557,zm1_7_img035.jpg,zm1_7,zm,train,10
16558,zm1_7_img036.jpg,zm1_7,zm,train,10
16559,zm1_7_img037.jpg,zm1_7,zm,train,10
16560,zm1_7_img038.jpg,zm1_7,zm,train,10
16561,zm1_7_img039.jpg,zm1_7,zm,train,10
16562,zm1_7_img040.jpg,zm1_7,zm,train,10
16563,zm1_7_img041.jpg,zm1_7,zm,train,10
16564,zm1_7_img042.jpg,zm1_7,zm,train,10
16565,zm1_7_img043.jpg,zm1_7,zm,train,10
16566,zm1_7_img044.jpg,zm1_7,zm,train,10
16567,zm1_7_img045.jpg,zm1_7,zm,train,10
16568,zm1_7_img046.jpg,zm1_7,zm,train,10
16569,zm1_7_img047.jpg,zm1_7,zm,train,10
16570,zm1_7_img048.jpg,zm1_7,zm,train,10
16571,zm1_7_img049.jpg,zm1_7,zm,train,10
16572,zm1_7_img050.jpg,zm1_7,zm,train,10
16573,zm1_7_img051.jpg,zm1_7,zm,train,10
16574,zm1_7_img052.jpg,zm1_7,zm,train,10
16575,zm1_7_img053.jpg,zm1_7,zm,train,10
16576,zm1_7_img054.jpg,zm1_7,zm,train,10
16577,zm1_7_img055.jpg,zm1_7,zm,train,10
16578,zm1_7_img056.jpg,zm1_7,zm,train,10
16579,zm1_7_img057.jpg,zm1_7,zm,train,10
16580,zm1_7_img058.jpg,zm1_7,zm,train,10
16581,zm1_7_img059.jpg,zm1_7,zm,train,10
16582,zm1_7_img060.jpg,zm1_7,zm,train,10
16583,zm1_7_img061.jpg,zm1_7,zm,train,10
16584,zm1_7_img062.jpg,zm1_7,zm,train,10
16585,zm1_7_img063.jpg,zm1_7,zm,train,10
16586,zm1_7_img064.jpg,zm1_7,zm,train,10
16587,zm1_7_img065.jpg,zm1_7,zm,train,10
16588,zm1_7_img066.jpg,zm1_7,zm,train,10
16589,zm1_7_img067.jpg,zm1_7,zm,train,10
16590,zm1_7_img068.jpg,zm1_7,zm,train,10
16591,zm1_7_img069.jpg,zm1_7,zm,train,10
16592,zm1_7_img070.jpg,zm1_7,zm,train,10
16593,zm1_7_img071.jpg,zm1_7,zm,train,10
16594,zm1_7_img072.jpg,zm1_7,zm,train,10
16595,zm1_7_img073.jpg,zm1_7,zm,train,10
16596,zm1_7_img074.jpg,zm1_7,zm,train,10
16597,zm1_7_img075.jpg,zm1_7,zm,train,10
16598,zm1_7_img076.jpg,zm1_7,zm,train,10
16599,zm1_7_img077.jpg,zm1_7,zm,train,10
16600,zm1_7_img078.jpg,zm1_7,zm,train,10
16601,zm1_7_img079.jpg,zm1_7,zm,train,10
16602,zm1_7_img080.jpg,zm1_7,zm,train,10
16603,zm1_7_img081.jpg,zm1_7,zm,train,10
16604,zm1_7_img082.jpg,zm1_7,zm,train,10
16605,zm1_7_img083.jpg,zm1_7,zm,train,10
16606,zm1_7_img084.jpg,zm1_7,zm,train,10
16607,zm1_7_img085.jpg,zm1_7,zm,train,10
16608,zm1_7_img086.jpg,zm1_7,zm,train,10
16609,zm1_7_img087.jpg,zm1_7,zm,train,10
16610,zm1_7_img088.jpg,zm1_7,zm,train,10
16611,zm1_7_img089.jpg,zm1_7,zm,train,10
16612,zm1_7_img090.jpg,zm1_7,zm,train,10
16613,zm1_7_img091.jpg,zm1_7,zm,train,10
16614,zm1_7_img092.jpg,zm1_7,zm,train,10
16615,zm1_7_img093.jpg,zm1_7,zm,train,10
16616,zm1_7_img094.jpg,zm1_7,zm,train,10
16617,zm1_7_img095.jpg,zm1_7,zm,train,10
16618,zm1_7_img096.jpg,zm1_7,zm,train,10
16619,zm1_7_img097.jpg,zm1_7,zm,train,10
16620,zm1_8_img001.jpg,zm1_8,zm,val,10
16621,zm1_8_img002.jpg,zm1_8,zm,val,10
16622,zm1_8_img003.jpg,zm1_8,zm,val,10
16623,zm1_8_img004.jpg,zm1_8,zm,val,10
16624,zm1_8_img005.jpg,zm1_8,zm,val,10
16625,zm1_8_img006.jpg,zm1_8,zm,val,10
16626,zm1_8_img007.jpg,zm1_8,zm,val,10
16627,zm1_8_img008.jpg,zm1_8,zm,val,10
16628,zm1_8_img009.jpg,zm1_8,zm,val,10
16629,zm1_8_img010.jpg,zm1_8,zm,val,10
16630,zm1_8_img011.jpg,zm1_8,zm,val,10
16631,zm1_8_img012.jpg,zm1_8,zm,val,10
16632,zm1_8_img013.jpg,zm1_8,zm,val,10
16633,zm1_8_img014.jpg,zm1_8,zm,val,10
16634,zm1_8_img015.jpg,zm1_8,zm,val,10
16635,zm1_8_img016.jpg,zm1_8,zm,val,10
16636,zm1_8_img017.jpg,zm1_8,zm,val,10
16637,zm1_8_img018.jpg,zm1_8,zm,val,10
16638,zm1_8_img019.jpg,zm1_8,zm,val,10
16639,zm1_8_img020.jpg,zm1_8,zm,val,10
16640,zm1_8_img021.jpg,zm1_8,zm,val,10
16641,zm1_8_img022.jpg,zm1_8,zm,val,10
16642,zm1_8_img023.jpg,zm1_8,zm,val,10
16643,zm1_8_img024.jpg,zm1_8,zm,val,10
16644,zm1_8_img025.jpg,zm1_8,zm,val,10
16645,zm1_8_img026.jpg,zm1_8,zm,val,10
16646,zm1_8_img027.jpg,zm1_8,zm,val,10
16647,zm1_8_img028.jpg,zm1_8,zm,val,10
16648,zm1_8_img029.jpg,zm1_8,zm,val,10
16649,zm1_8_img030.jpg,zm1_8,zm,val,10
16650,zm1_8_img031.jpg,zm1_8,zm,val,10
16651,zm1_8_img032.jpg,zm1_8,zm,val,10
16652,zm1_8_img033.jpg,zm1_8,zm,val,10
16653,zm1_8_img034.jpg,zm1_8,zm,val,10
16654,zm1_8_img035.jpg,zm1_8,zm,val,10
16655,zm1_8_img036.jpg,zm1_8,zm,val,10
16656,zm1_8_img037.jpg,zm1_8,zm,val,10
16657,zm1_8_img038.jpg,zm1_8,zm,val,10
16658,zm1_8_img039.jpg,zm1_8,zm,val,10
16659,zm1_8_img040.jpg,zm1_8,zm,val,10
16660,zm1_8_img041.jpg,zm1_8,zm,val,10
16661,zm1_8_img042.jpg,zm1_8,zm,val,10
16662,zm1_8_img043.jpg,zm1_8,zm,val,10
16663,zm1_8_img044.jpg,zm1_8,zm,val,10
16664,zm1_8_img045.jpg,zm1_8,zm,val,10
16665,zm1_8_img046.jpg,zm1_8,zm,val,10
16666,zm1_8_img047.jpg,zm1_8,zm,val,10
16667,zm1_8_img048.jpg,zm1_8,zm,val,10
16668,zm1_8_img049.jpg,zm1_8,zm,val,10
16669,zm1_8_img050.jpg,zm1_8,zm,val,10
16670,zm1_8_img051.jpg,zm1_8,zm,val,10
16671,zm1_8_img052.jpg,zm1_8,zm,val,10
16672,zm1_8_img053.jpg,zm1_8,zm,val,10
16673,zm1_8_img054.jpg,zm1_8,zm,val,10
16674,zm1_8_img055.jpg,zm1_8,zm,val,10
16675,zm1_8_img056.jpg,zm1_8,zm,val,10
16676,zm1_8_img057.jpg,zm1_8,zm,val,10
16677,zm1_8_img058.jpg,zm1_8,zm,val,10
16678,zm1_8_img059.jpg,zm1_8,zm,val,10
16679,zm1_8_img060.jpg,zm1_8,zm,val,10
16680,zm1_8_img061.jpg,zm1_8,zm,val,10
16681,zm1_8_img062.jpg,zm1_8,zm,val,10
16682,zm1_8_img063.jpg,zm1_8,zm,val,10
16683,zm1_8_img064.jpg,zm1_8,zm,val,10
16684,zm1_8_img065.jpg,zm1_8,zm,val,10
16685,zm1_8_img066.jpg,zm1_8,zm,val,10
16686,zm1_8_img067.jpg,zm1_8,zm,val,10
16687,zm1_8_img068.jpg,zm1_8,zm,val,10
16688,zm1_8_img069.jpg,zm1_8,zm,val,10
16689,zm1_8_img070.jpg,zm1_8,zm,val,10
16690,zm1_8_img071.jpg,zm1_8,zm,val,10
16691,zm1_8_img072.jpg,zm1_8,zm,val,10
16692,zm1_8_img073.jpg,zm1_8,zm,val,10
16693,zm1_8_img074.jpg,zm1_8,zm,val,10
16694,zm1_8_img075.jpg,zm1_8,zm,val,10
16695,zm1_8_img076.jpg,zm1_8,zm,val,10
16696,zm1_8_img077.jpg,zm1_8,zm,val,10
16697,zm1_8_img078.jpg,zm1_8,zm,val,10
16698,zm1_8_img079.jpg,zm1_8,zm,val,10
16699,zm1_8_img080.jpg,zm1_8,zm,val,10
16700,zm1_8_img081.jpg,zm1_8,zm,val,10
16701,zm1_8_img082.jpg,zm1_8,zm,val,10
16702,zm1_8_img083.jpg,zm1_8,zm,val,10
16703,zm1_8_img084.jpg,zm1_8,zm,val,10
16704,zm1_8_img085.jpg,zm1_8,zm,val,10
16705,zm1_8_img086.jpg,zm1_8,zm,val,10
16706,zm1_8_img087.jpg,zm1_8,zm,val,10
16707,zm1_8_img088.jpg,zm1_8,zm,val,10
16708,zm1_8_img089.jpg,zm1_8,zm,val,10
16709,zm1_8_img090.jpg,zm1_8,zm,val,10
16710,zm1_8_img091.jpg,zm1_8,zm,val,10
16711,zm1_8_img092.jpg,zm1_8,zm,val,10
16712,zm1_8_img093.jpg,zm1_8,zm,val,10
16713,zm1_8_img094.jpg,zm1_8,zm,val,10
16714,zm1_8_img095.jpg,zm1_8,zm,val,10
16715,zm1_8_img096.jpg,zm1_8,zm,val,10
16716,zm1_8_img097.jpg,zm1_8,zm,val,10
16717,zm1_9_img001.jpg,zm1_9,zm,train,10
16718,zm1_9_img002.jpg,zm1_9,zm,train,10
16719,zm1_9_img003.jpg,zm1_9,zm,train,10
16720,zm1_9_img004.jpg,zm1_9,zm,train,10
16721,zm1_9_img005.jpg,zm1_9,zm,train,10
16722,zm1_9_img006.jpg,zm1_9,zm,train,10
16723,zm1_9_img007.jpg,zm1_9,zm,train,10
16724,zm1_9_img008.jpg,zm1_9,zm,train,10
16725,zm1_9_img009.jpg,zm1_9,zm,train,10
16726,zm1_9_img010.jpg,zm1_9,zm,train,10
16727,zm1_9_img011.jpg,zm1_9,zm,train,10
16728,zm1_9_img012.jpg,zm1_9,zm,train,10
16729,zm1_9_img013.jpg,zm1_9,zm,train,10
16730,zm1_9_img014.jpg,zm1_9,zm,train,10
16731,zm1_9_img015.jpg,zm1_9,zm,train,10
16732,zm1_9_img016.jpg,zm1_9,zm,train,10
16733,zm1_9_img017.jpg,zm1_9,zm,train,10
16734,zm1_9_img018.jpg,zm1_9,zm,train,10
16735,zm1_9_img019.jpg,zm1_9,zm,train,10
16736,zm1_9_img020.jpg,zm1_9,zm,train,10
16737,zm1_9_img021.jpg,zm1_9,zm,train,10
16738,zm1_9_img022.jpg,zm1_9,zm,train,10
16739,zm1_9_img023.jpg,zm1_9,zm,train,10
16740,zm1_9_img024.jpg,zm1_9,zm,train,10
16741,zm1_9_img025.jpg,zm1_9,zm,train,10
16742,zm1_9_img026.jpg,zm1_9,zm,train,10
16743,zm1_9_img027.jpg,zm1_9,zm,train,10
16744,zm1_9_img028.jpg,zm1_9,zm,train,10
16745,zm1_9_img029.jpg,zm1_9,zm,train,10
16746,zm1_9_img030.jpg,zm1_9,zm,train,10
16747,zm1_9_img031.jpg,zm1_9,zm,train,10
16748,zm1_9_img032.jpg,zm1_9,zm,train,10
16749,zm1_9_img033.jpg,zm1_9,zm,train,10
16750,zm1_9_img034.jpg,zm1_9,zm,train,10
16751,zm1_9_img035.jpg,zm1_9,zm,train,10
16752,zm1_9_img036.jpg,zm1_9,zm,train,10
16753,zm1_9_img037.jpg,zm1_9,zm,train,10
16754,zm1_9_img038.jpg,zm1_9,zm,train,10
16755,zm1_9_img039.jpg,zm1_9,zm,train,10
16756,zm1_9_img040.jpg,zm1_9,zm,train,10
16757,zm1_9_img041.jpg,zm1_9,zm,train,10
16758,zm1_9_img042.jpg,zm1_9,zm,train,10
16759,zm1_9_img043.jpg,zm1_9,zm,train,10
16760,zm1_9_img044.jpg,zm1_9,zm,train,10
16761,zm1_9_img045.jpg,zm1_9,zm,train,10
16762,zm1_9_img046.jpg,zm1_9,zm,train,10
16763,zm1_9_img047.jpg,zm1_9,zm,train,10
16764,zm1_9_img048.jpg,zm1_9,zm,train,10
16765,zm1_9_img049.jpg,zm1_9,zm,train,10
16766,zm1_9_img050.jpg,zm1_9,zm,train,10
16767,zm1_9_img051.jpg,zm1_9,zm,train,10
16768,zm1_9_img052.jpg,zm1_9,zm,train,10
16769,zm1_9_img053.jpg,zm1_9,zm,train,10
16770,zm1_9_img054.jpg,zm1_9,zm,train,10
16771,zm1_9_img055.jpg,zm1_9,zm,train,10
16772,zm1_9_img056.jpg,zm1_9,zm,train,10
16773,zm1_9_img057.jpg,zm1_9,zm,train,10
16774,zm1_9_img058.jpg,zm1_9,zm,train,10
16775,zm1_9_img059.jpg,zm1_9,zm,train,10
16776,zm1_9_img060.jpg,zm1_9,zm,train,10
16777,zm1_9_img061.jpg,zm1_9,zm,train,10
16778,zm1_9_img062.jpg,zm1_9,zm,train,10
16779,zm1_9_img063.jpg,zm1_9,zm,train,10
16780,zm1_9_img064.jpg,zm1_9,zm,train,10
16781,zm1_9_img065.jpg,zm1_9,zm,train,10
16782,zm1_9_img066.jpg,zm1_9,zm,train,10
16783,zm1_9_img067.jpg,zm1_9,zm,train,10
16784,zm1_9_img068.jpg,zm1_9,zm,train,10
16785,zm1_9_img069.jpg,zm1_9,zm,train,10
16786,zm1_9_img070.jpg,zm1_9,zm,train,10
16787,zm1_9_img071.jpg,zm1_9,zm,train,10
16788,zm1_9_img072.jpg,zm1_9,zm,train,10
16789,zm1_9_img073.jpg,zm1_9,zm,train,10
16790,zm1_9_img074.jpg,zm1_9,zm,train,10
16791,zm1_9_img075.jpg,zm1_9,zm,train,10
16792,zm1_9_img076.jpg,zm1_9,zm,train,10
16793,zm1_9_img077.jpg,zm1_9,zm,train,10
16794,zm1_9_img078.jpg,zm1_9,zm,train,10
16795,zm1_9_img079.jpg,zm1_9,zm,train,10
16796,zm1_9_img080.jpg,zm1_9,zm,train,10
16797,zm1_9_img081.jpg,zm1_9,zm,train,10
16798,zm1_9_img082.jpg,zm1_9,zm,train,10
16799,zm1_9_img083.jpg,zm1_9,zm,train,10
16800,zm1_9_img084.jpg,zm1_9,zm,train,10
16801,zm1_9_img085.jpg,zm1_9,zm,train,10
16802,zm1_9_img086.jpg,zm1_9,zm,train,10
16803,zm1_9_img087.jpg,zm1_9,zm,train,10
16804,zm1_9_img088.jpg,zm1_9,zm,train,10
16805,zm1_9_img089.jpg,zm1_9,zm,train,10
16806,zm1_9_img090.jpg,zm1_9,zm,train,10
16807,zm1_9_img091.jpg,zm1_9,zm,train,10
16808,zm1_9_img092.jpg,zm1_9,zm,train,10
16809,zm1_9_img093.jpg,zm1_9,zm,train,10
16810,zm1_9_img094.jpg,zm1_9,zm,train,10
16811,zm1_9_img095.jpg,zm1_9,zm,train,10
16812,zm1_9_img096.jpg,zm1_9,zm,train,10
16813,zm1_9_img097.jpg,zm1_9,zm,train,10
16814,zm2_10_img001.jpg,zm2_10,zm,train,10
16815,zm2_10_img002.jpg,zm2_10,zm,train,10
16816,zm2_10_img003.jpg,zm2_10,zm,train,10
16817,zm2_10_img004.jpg,zm2_10,zm,train,10
16818,zm2_10_img005.jpg,zm2_10,zm,train,10
16819,zm2_10_img006.jpg,zm2_10,zm,train,10
16820,zm2_10_img007.jpg,zm2_10,zm,train,10
16821,zm2_10_img008.jpg,zm2_10,zm,train,10
16822,zm2_10_img009.jpg,zm2_10,zm,train,10
16823,zm2_10_img010.jpg,zm2_10,zm,train,10
16824,zm2_10_img011.jpg,zm2_10,zm,train,10
16825,zm2_10_img012.jpg,zm2_10,zm,train,10
16826,zm2_10_img013.jpg,zm2_10,zm,train,10
16827,zm2_10_img014.jpg,zm2_10,zm,train,10
16828,zm2_10_img015.jpg,zm2_10,zm,train,10
16829,zm2_10_img016.jpg,zm2_10,zm,train,10
16830,zm2_10_img017.jpg,zm2_10,zm,train,10
16831,zm2_10_img018.jpg,zm2_10,zm,train,10
16832,zm2_10_img019.jpg,zm2_10,zm,train,10
16833,zm2_10_img020.jpg,zm2_10,zm,train,10
16834,zm2_10_img021.jpg,zm2_10,zm,train,10
16835,zm2_10_img022.jpg,zm2_10,zm,train,10
16836,zm2_10_img023.jpg,zm2_10,zm,train,10
16837,zm2_10_img024.jpg,zm2_10,zm,train,10
16838,zm2_10_img025.jpg,zm2_10,zm,train,10
16839,zm2_10_img026.jpg,zm2_10,zm,train,10
16840,zm2_10_img027.jpg,zm2_10,zm,train,10
16841,zm2_10_img028.jpg,zm2_10,zm,train,10
16842,zm2_10_img029.jpg,zm2_10,zm,train,10
16843,zm2_10_img030.jpg,zm2_10,zm,train,10
16844,zm2_10_img031.jpg,zm2_10,zm,train,10
16845,zm2_10_img032.jpg,zm2_10,zm,train,10
16846,zm2_10_img033.jpg,zm2_10,zm,train,10
16847,zm2_10_img034.jpg,zm2_10,zm,train,10
16848,zm2_10_img035.jpg,zm2_10,zm,train,10
16849,zm2_10_img036.jpg,zm2_10,zm,train,10
16850,zm2_10_img037.jpg,zm2_10,zm,train,10
16851,zm2_10_img038.jpg,zm2_10,zm,train,10
16852,zm2_10_img039.jpg,zm2_10,zm,train,10
16853,zm2_10_img040.jpg,zm2_10,zm,train,10
16854,zm2_10_img041.jpg,zm2_10,zm,train,10
16855,zm2_10_img042.jpg,zm2_10,zm,train,10
16856,zm2_10_img043.jpg,zm2_10,zm,train,10
16857,zm2_10_img044.jpg,zm2_10,zm,train,10
16858,zm2_10_img045.jpg,zm2_10,zm,train,10
16859,zm2_10_img046.jpg,zm2_10,zm,train,10
16860,zm2_10_img047.jpg,zm2_10,zm,train,10
16861,zm2_10_img048.jpg,zm2_10,zm,train,10
16862,zm2_10_img049.jpg,zm2_10,zm,train,10
16863,zm2_10_img050.jpg,zm2_10,zm,train,10
16864,zm2_10_img051.jpg,zm2_10,zm,train,10
16865,zm2_10_img052.jpg,zm2_10,zm,train,10
16866,zm2_10_img053.jpg,zm2_10,zm,train,10
16867,zm2_10_img054.jpg,zm2_10,zm,train,10
16868,zm2_10_img055.jpg,zm2_10,zm,train,10
16869,zm2_10_img056.jpg,zm2_10,zm,train,10
16870,zm2_10_img057.jpg,zm2_10,zm,train,10
16871,zm2_10_img058.jpg,zm2_10,zm,train,10
16872,zm2_10_img059.jpg,zm2_10,zm,train,10
16873,zm2_10_img060.jpg,zm2_10,zm,train,10
16874,zm2_10_img061.jpg,zm2_10,zm,train,10
16875,zm2_10_img062.jpg,zm2_10,zm,train,10
16876,zm2_10_img063.jpg,zm2_10,zm,train,10
16877,zm2_10_img064.jpg,zm2_10,zm,train,10
16878,zm2_10_img065.jpg,zm2_10,zm,train,10
16879,zm2_10_img066.jpg,zm2_10,zm,train,10
16880,zm2_10_img067.jpg,zm2_10,zm,train,10
16881,zm2_10_img068.jpg,zm2_10,zm,train,10
16882,zm2_10_img069.jpg,zm2_10,zm,train,10
16883,zm2_10_img070.jpg,zm2_10,zm,train,10
16884,zm2_10_img071.jpg,zm2_10,zm,train,10
16885,zm2_10_img072.jpg,zm2_10,zm,train,10
16886,zm2_10_img073.jpg,zm2_10,zm,train,10
16887,zm2_10_img074.jpg,zm2_10,zm,train,10
16888,zm2_10_img075.jpg,zm2_10,zm,train,10
16889,zm2_10_img076.jpg,zm2_10,zm,train,10
16890,zm2_10_img077.jpg,zm2_10,zm,train,10
16891,zm2_10_img078.jpg,zm2_10,zm,train,10
16892,zm2_10_img079.jpg,zm2_10,zm,train,10
16893,zm2_10_img080.jpg,zm2_10,zm,train,10
16894,zm2_10_img081.jpg,zm2_10,zm,train,10
16895,zm2_10_img082.jpg,zm2_10,zm,train,10
16896,zm2_10_img083.jpg,zm2_10,zm,train,10
16897,zm2_10_img084.jpg,zm2_10,zm,train,10
16898,zm2_10_img085.jpg,zm2_10,zm,train,10
16899,zm2_10_img086.jpg,zm2_10,zm,train,10
16900,zm2_10_img087.jpg,zm2_10,zm,train,10
16901,zm2_10_img088.jpg,zm2_10,zm,train,10
16902,zm2_10_img089.jpg,zm2_10,zm,train,10
16903,zm2_10_img090.jpg,zm2_10,zm,train,10
16904,zm2_10_img091.jpg,zm2_10,zm,train,10
16905,zm2_10_img092.jpg,zm2_10,zm,train,10
16906,zm2_10_img093.jpg,zm2_10,zm,train,10
16907,zm2_10_img094.jpg,zm2_10,zm,train,10
16908,zm2_10_img095.jpg,zm2_10,zm,train,10
16909,zm2_10_img096.jpg,zm2_10,zm,train,10
16910,zm2_10_img097.jpg,zm2_10,zm,train,10
16911,zm2_11_img001.jpg,zm2_11,zm,train,10
16912,zm2_11_img002.jpg,zm2_11,zm,train,10
16913,zm2_11_img003.jpg,zm2_11,zm,train,10
16914,zm2_11_img004.jpg,zm2_11,zm,train,10
16915,zm2_11_img005.jpg,zm2_11,zm,train,10
16916,zm2_11_img006.jpg,zm2_11,zm,train,10
16917,zm2_11_img007.jpg,zm2_11,zm,train,10
16918,zm2_11_img008.jpg,zm2_11,zm,train,10
16919,zm2_11_img009.jpg,zm2_11,zm,train,10
16920,zm2_11_img010.jpg,zm2_11,zm,train,10
16921,zm2_11_img011.jpg,zm2_11,zm,train,10
16922,zm2_11_img012.jpg,zm2_11,zm,train,10
16923,zm2_11_img013.jpg,zm2_11,zm,train,10
16924,zm2_11_img014.jpg,zm2_11,zm,train,10
16925,zm2_11_img015.jpg,zm2_11,zm,train,10
16926,zm2_11_img016.jpg,zm2_11,zm,train,10
16927,zm2_11_img017.jpg,zm2_11,zm,train,10
16928,zm2_11_img018.jpg,zm2_11,zm,train,10
16929,zm2_11_img019.jpg,zm2_11,zm,train,10
16930,zm2_11_img020.jpg,zm2_11,zm,train,10
16931,zm2_11_img021.jpg,zm2_11,zm,train,10
16932,zm2_11_img022.jpg,zm2_11,zm,train,10
16933,zm2_11_img023.jpg,zm2_11,zm,train,10
16934,zm2_11_img024.jpg,zm2_11,zm,train,10
16935,zm2_11_img025.jpg,zm2_11,zm,train,10
16936,zm2_11_img026.jpg,zm2_11,zm,train,10
16937,zm2_11_img027.jpg,zm2_11,zm,train,10
16938,zm2_11_img028.jpg,zm2_11,zm,train,10
16939,zm2_11_img029.jpg,zm2_11,zm,train,10
16940,zm2_11_img030.jpg,zm2_11,zm,train,10
16941,zm2_11_img031.jpg,zm2_11,zm,train,10
16942,zm2_11_img032.jpg,zm2_11,zm,train,10
16943,zm2_11_img033.jpg,zm2_11,zm,train,10
16944,zm2_11_img034.jpg,zm2_11,zm,train,10
16945,zm2_11_img035.jpg,zm2_11,zm,train,10
16946,zm2_11_img036.jpg,zm2_11,zm,train,10
16947,zm2_11_img037.jpg,zm2_11,zm,train,10
16948,zm2_11_img038.jpg,zm2_11,zm,train,10
16949,zm2_11_img039.jpg,zm2_11,zm,train,10
16950,zm2_11_img040.jpg,zm2_11,zm,train,10
16951,zm2_11_img041.jpg,zm2_11,zm,train,10
16952,zm2_11_img042.jpg,zm2_11,zm,train,10
16953,zm2_11_img043.jpg,zm2_11,zm,train,10
16954,zm2_11_img044.jpg,zm2_11,zm,train,10
16955,zm2_11_img045.jpg,zm2_11,zm,train,10
16956,zm2_11_img046.jpg,zm2_11,zm,train,10
16957,zm2_11_img047.jpg,zm2_11,zm,train,10
16958,zm2_11_img048.jpg,zm2_11,zm,train,10
16959,zm2_11_img049.jpg,zm2_11,zm,train,10
16960,zm2_11_img050.jpg,zm2_11,zm,train,10
16961,zm2_11_img051.jpg,zm2_11,zm,train,10
16962,zm2_11_img052.jpg,zm2_11,zm,train,10
16963,zm2_11_img053.jpg,zm2_11,zm,train,10
16964,zm2_11_img054.jpg,zm2_11,zm,train,10
16965,zm2_11_img055.jpg,zm2_11,zm,train,10
16966,zm2_11_img056.jpg,zm2_11,zm,train,10
16967,zm2_11_img057.jpg,zm2_11,zm,train,10
16968,zm2_11_img058.jpg,zm2_11,zm,train,10
16969,zm2_11_img059.jpg,zm2_11,zm,train,10
16970,zm2_11_img060.jpg,zm2_11,zm,train,10
16971,zm2_11_img061.jpg,zm2_11,zm,train,10
16972,zm2_11_img062.jpg,zm2_11,zm,train,10
16973,zm2_11_img063.jpg,zm2_11,zm,train,10
16974,zm2_11_img064.jpg,zm2_11,zm,train,10
16975,zm2_11_img065.jpg,zm2_11,zm,train,10
16976,zm2_11_img066.jpg,zm2_11,zm,train,10
16977,zm2_11_img067.jpg,zm2_11,zm,train,10
16978,zm2_11_img068.jpg,zm2_11,zm,train,10
16979,zm2_11_img069.jpg,zm2_11,zm,train,10
16980,zm2_11_img070.jpg,zm2_11,zm,train,10
16981,zm2_11_img071.jpg,zm2_11,zm,train,10
16982,zm2_11_img072.jpg,zm2_11,zm,train,10
16983,zm2_11_img073.jpg,zm2_11,zm,train,10
16984,zm2_11_img074.jpg,zm2_11,zm,train,10
16985,zm2_11_img075.jpg,zm2_11,zm,train,10
16986,zm2_11_img076.jpg,zm2_11,zm,train,10
16987,zm2_11_img077.jpg,zm2_11,zm,train,10
16988,zm2_11_img078.jpg,zm2_11,zm,train,10
16989,zm2_11_img079.jpg,zm2_11,zm,train,10
16990,zm2_11_img080.jpg,zm2_11,zm,train,10
16991,zm2_11_img081.jpg,zm2_11,zm,train,10
16992,zm2_11_img082.jpg,zm2_11,zm,train,10
16993,zm2_11_img083.jpg,zm2_11,zm,train,10
16994,zm2_11_img084.jpg,zm2_11,zm,train,10
16995,zm2_11_img085.jpg,zm2_11,zm,train,10
16996,zm2_11_img086.jpg,zm2_11,zm,train,10
16997,zm2_11_img087.jpg,zm2_11,zm,train,10
16998,zm2_11_img088.jpg,zm2_11,zm,train,10
16999,zm2_11_img089.jpg,zm2_11,zm,train,10
17000,zm2_11_img090.jpg,zm2_11,zm,train,10
17001,zm2_11_img091.jpg,zm2_11,zm,train,10
17002,zm2_11_img092.jpg,zm2_11,zm,train,10
17003,zm2_11_img093.jpg,zm2_11,zm,train,10
17004,zm2_11_img094.jpg,zm2_11,zm,train,10
17005,zm2_11_img095.jpg,zm2_11,zm,train,10
17006,zm2_11_img096.jpg,zm2_11,zm,train,10
17007,zm2_11_img097.jpg,zm2_11,zm,train,10
17008,zm2_12_img001.jpg,zm2_12,zm,test,10
17009,zm2_12_img002.jpg,zm2_12,zm,test,10
17010,zm2_12_img003.jpg,zm2_12,zm,test,10
17011,zm2_12_img004.jpg,zm2_12,zm,test,10
17012,zm2_12_img005.jpg,zm2_12,zm,test,10
17013,zm2_12_img006.jpg,zm2_12,zm,test,10
17014,zm2_12_img007.jpg,zm2_12,zm,test,10
17015,zm2_12_img008.jpg,zm2_12,zm,test,10
17016,zm2_12_img009.jpg,zm2_12,zm,test,10
17017,zm2_12_img010.jpg,zm2_12,zm,test,10
17018,zm2_12_img011.jpg,zm2_12,zm,test,10
17019,zm2_12_img012.jpg,zm2_12,zm,test,10
17020,zm2_12_img013.jpg,zm2_12,zm,test,10
17021,zm2_12_img014.jpg,zm2_12,zm,test,10
17022,zm2_12_img015.jpg,zm2_12,zm,test,10
17023,zm2_12_img016.jpg,zm2_12,zm,test,10
17024,zm2_12_img017.jpg,zm2_12,zm,test,10
17025,zm2_12_img018.jpg,zm2_12,zm,test,10
17026,zm2_12_img019.jpg,zm2_12,zm,test,10
17027,zm2_12_img020.jpg,zm2_12,zm,test,10
17028,zm2_12_img021.jpg,zm2_12,zm,test,10
17029,zm2_12_img022.jpg,zm2_12,zm,test,10
17030,zm2_12_img023.jpg,zm2_12,zm,test,10
17031,zm2_12_img024.jpg,zm2_12,zm,test,10
17032,zm2_12_img025.jpg,zm2_12,zm,test,10
17033,zm2_12_img026.jpg,zm2_12,zm,test,10
17034,zm2_12_img027.jpg,zm2_12,zm,test,10
17035,zm2_12_img028.jpg,zm2_12,zm,test,10
17036,zm2_12_img029.jpg,zm2_12,zm,test,10
17037,zm2_12_img030.jpg,zm2_12,zm,test,10
17038,zm2_12_img031.jpg,zm2_12,zm,test,10
17039,zm2_12_img032.jpg,zm2_12,zm,test,10
17040,zm2_12_img033.jpg,zm2_12,zm,test,10
17041,zm2_12_img034.jpg,zm2_12,zm,test,10
17042,zm2_12_img035.jpg,zm2_12,zm,test,10
17043,zm2_12_img036.jpg,zm2_12,zm,test,10
17044,zm2_12_img037.jpg,zm2_12,zm,test,10
17045,zm2_12_img038.jpg,zm2_12,zm,test,10
17046,zm2_12_img039.jpg,zm2_12,zm,test,10
17047,zm2_12_img040.jpg,zm2_12,zm,test,10
17048,zm2_12_img041.jpg,zm2_12,zm,test,10
17049,zm2_12_img042.jpg,zm2_12,zm,test,10
17050,zm2_12_img043.jpg,zm2_12,zm,test,10
17051,zm2_12_img044.jpg,zm2_12,zm,test,10
17052,zm2_12_img045.jpg,zm2_12,zm,test,10
17053,zm2_12_img046.jpg,zm2_12,zm,test,10
17054,zm2_12_img047.jpg,zm2_12,zm,test,10
17055,zm2_12_img048.jpg,zm2_12,zm,test,10
17056,zm2_12_img049.jpg,zm2_12,zm,test,10
17057,zm2_12_img050.jpg,zm2_12,zm,test,10
17058,zm2_12_img051.jpg,zm2_12,zm,test,10
17059,zm2_12_img052.jpg,zm2_12,zm,test,10
17060,zm2_12_img053.jpg,zm2_12,zm,test,10
17061,zm2_12_img054.jpg,zm2_12,zm,test,10
17062,zm2_12_img055.jpg,zm2_12,zm,test,10
17063,zm2_12_img056.jpg,zm2_12,zm,test,10
17064,zm2_12_img057.jpg,zm2_12,zm,test,10
17065,zm2_12_img058.jpg,zm2_12,zm,test,10
17066,zm2_12_img059.jpg,zm2_12,zm,test,10
17067,zm2_12_img060.jpg,zm2_12,zm,test,10
17068,zm2_12_img061.jpg,zm2_12,zm,test,10
17069,zm2_12_img062.jpg,zm2_12,zm,test,10
17070,zm2_12_img063.jpg,zm2_12,zm,test,10
17071,zm2_12_img064.jpg,zm2_12,zm,test,10
17072,zm2_12_img065.jpg,zm2_12,zm,test,10
17073,zm2_12_img066.jpg,zm2_12,zm,test,10
17074,zm2_12_img067.jpg,zm2_12,zm,test,10
17075,zm2_12_img068.jpg,zm2_12,zm,test,10
17076,zm2_12_img069.jpg,zm2_12,zm,test,10
17077,zm2_12_img070.jpg,zm2_12,zm,test,10
17078,zm2_12_img071.jpg,zm2_12,zm,test,10
17079,zm2_12_img072.jpg,zm2_12,zm,test,10
17080,zm2_12_img073.jpg,zm2_12,zm,test,10
17081,zm2_12_img074.jpg,zm2_12,zm,test,10
17082,zm2_12_img075.jpg,zm2_12,zm,test,10
17083,zm2_12_img076.jpg,zm2_12,zm,test,10
17084,zm2_12_img077.jpg,zm2_12,zm,test,10
17085,zm2_12_img078.jpg,zm2_12,zm,test,10
17086,zm2_12_img079.jpg,zm2_12,zm,test,10
17087,zm2_12_img080.jpg,zm2_12,zm,test,10
17088,zm2_12_img081.jpg,zm2_12,zm,test,10
17089,zm2_12_img082.jpg,zm2_12,zm,test,10
17090,zm2_12_img083.jpg,zm2_12,zm,test,10
17091,zm2_12_img084.jpg,zm2_12,zm,test,10
17092,zm2_12_img085.jpg,zm2_12,zm,test,10
17093,zm2_12_img086.jpg,zm2_12,zm,test,10
17094,zm2_12_img087.jpg,zm2_12,zm,test,10
17095,zm2_12_img088.jpg,zm2_12,zm,test,10
17096,zm2_12_img089.jpg,zm2_12,zm,test,10
17097,zm2_12_img090.jpg,zm2_12,zm,test,10
17098,zm2_12_img091.jpg,zm2_12,zm,test,10
17099,zm2_12_img092.jpg,zm2_12,zm,test,10
17100,zm2_12_img093.jpg,zm2_12,zm,test,10
17101,zm2_12_img094.jpg,zm2_12,zm,test,10
17102,zm2_12_img095.jpg,zm2_12,zm,test,10
17103,zm2_12_img096.jpg,zm2_12,zm,test,10
17104,zm2_12_img097.jpg,zm2_12,zm,test,10
17105,zm2_1_img001.jpg,zm2_1,zm,train,10
17106,zm2_1_img002.jpg,zm2_1,zm,train,10
17107,zm2_1_img003.jpg,zm2_1,zm,train,10
17108,zm2_1_img004.jpg,zm2_1,zm,train,10
17109,zm2_1_img005.jpg,zm2_1,zm,train,10
17110,zm2_1_img006.jpg,zm2_1,zm,train,10
17111,zm2_1_img007.jpg,zm2_1,zm,train,10
17112,zm2_1_img008.jpg,zm2_1,zm,train,10
17113,zm2_1_img009.jpg,zm2_1,zm,train,10
17114,zm2_1_img010.jpg,zm2_1,zm,train,10
17115,zm2_1_img011.jpg,zm2_1,zm,train,10
17116,zm2_1_img012.jpg,zm2_1,zm,train,10
17117,zm2_1_img013.jpg,zm2_1,zm,train,10
17118,zm2_1_img014.jpg,zm2_1,zm,train,10
17119,zm2_1_img015.jpg,zm2_1,zm,train,10
17120,zm2_1_img016.jpg,zm2_1,zm,train,10
17121,zm2_1_img017.jpg,zm2_1,zm,train,10
17122,zm2_1_img018.jpg,zm2_1,zm,train,10
17123,zm2_1_img019.jpg,zm2_1,zm,train,10
17124,zm2_1_img020.jpg,zm2_1,zm,train,10
17125,zm2_1_img021.jpg,zm2_1,zm,train,10
17126,zm2_1_img022.jpg,zm2_1,zm,train,10
17127,zm2_1_img023.jpg,zm2_1,zm,train,10
17128,zm2_1_img024.jpg,zm2_1,zm,train,10
17129,zm2_1_img025.jpg,zm2_1,zm,train,10
17130,zm2_1_img026.jpg,zm2_1,zm,train,10
17131,zm2_1_img027.jpg,zm2_1,zm,train,10
17132,zm2_1_img028.jpg,zm2_1,zm,train,10
17133,zm2_1_img029.jpg,zm2_1,zm,train,10
17134,zm2_1_img030.jpg,zm2_1,zm,train,10
17135,zm2_1_img031.jpg,zm2_1,zm,train,10
17136,zm2_1_img032.jpg,zm2_1,zm,train,10
17137,zm2_1_img033.jpg,zm2_1,zm,train,10
17138,zm2_1_img034.jpg,zm2_1,zm,train,10
17139,zm2_1_img035.jpg,zm2_1,zm,train,10
17140,zm2_1_img036.jpg,zm2_1,zm,train,10
17141,zm2_1_img037.jpg,zm2_1,zm,train,10
17142,zm2_1_img038.jpg,zm2_1,zm,train,10
17143,zm2_1_img039.jpg,zm2_1,zm,train,10
17144,zm2_1_img040.jpg,zm2_1,zm,train,10
17145,zm2_1_img041.jpg,zm2_1,zm,train,10
17146,zm2_1_img042.jpg,zm2_1,zm,train,10
17147,zm2_1_img043.jpg,zm2_1,zm,train,10
17148,zm2_1_img044.jpg,zm2_1,zm,train,10
17149,zm2_1_img045.jpg,zm2_1,zm,train,10
17150,zm2_1_img046.jpg,zm2_1,zm,train,10
17151,zm2_1_img047.jpg,zm2_1,zm,train,10
17152,zm2_1_img048.jpg,zm2_1,zm,train,10
17153,zm2_1_img049.jpg,zm2_1,zm,train,10
17154,zm2_1_img050.jpg,zm2_1,zm,train,10
17155,zm2_1_img051.jpg,zm2_1,zm,train,10
17156,zm2_1_img052.jpg,zm2_1,zm,train,10
17157,zm2_1_img053.jpg,zm2_1,zm,train,10
17158,zm2_1_img054.jpg,zm2_1,zm,train,10
17159,zm2_1_img055.jpg,zm2_1,zm,train,10
17160,zm2_1_img056.jpg,zm2_1,zm,train,10
17161,zm2_1_img057.jpg,zm2_1,zm,train,10
17162,zm2_1_img058.jpg,zm2_1,zm,train,10
17163,zm2_1_img059.jpg,zm2_1,zm,train,10
17164,zm2_1_img060.jpg,zm2_1,zm,train,10
17165,zm2_1_img061.jpg,zm2_1,zm,train,10
17166,zm2_1_img062.jpg,zm2_1,zm,train,10
17167,zm2_1_img063.jpg,zm2_1,zm,train,10
17168,zm2_1_img064.jpg,zm2_1,zm,train,10
17169,zm2_1_img065.jpg,zm2_1,zm,train,10
17170,zm2_1_img066.jpg,zm2_1,zm,train,10
17171,zm2_1_img067.jpg,zm2_1,zm,train,10
17172,zm2_1_img068.jpg,zm2_1,zm,train,10
17173,zm2_1_img069.jpg,zm2_1,zm,train,10
17174,zm2_1_img070.jpg,zm2_1,zm,train,10
17175,zm2_1_img071.jpg,zm2_1,zm,train,10
17176,zm2_1_img072.jpg,zm2_1,zm,train,10
17177,zm2_1_img073.jpg,zm2_1,zm,train,10
17178,zm2_1_img074.jpg,zm2_1,zm,train,10
17179,zm2_1_img075.jpg,zm2_1,zm,train,10
17180,zm2_1_img076.jpg,zm2_1,zm,train,10
17181,zm2_1_img077.jpg,zm2_1,zm,train,10
17182,zm2_1_img078.jpg,zm2_1,zm,train,10
17183,zm2_1_img079.jpg,zm2_1,zm,train,10
17184,zm2_1_img080.jpg,zm2_1,zm,train,10
17185,zm2_1_img081.jpg,zm2_1,zm,train,10
17186,zm2_1_img082.jpg,zm2_1,zm,train,10
17187,zm2_1_img083.jpg,zm2_1,zm,train,10
17188,zm2_1_img084.jpg,zm2_1,zm,train,10
17189,zm2_1_img085.jpg,zm2_1,zm,train,10
17190,zm2_1_img086.jpg,zm2_1,zm,train,10
17191,zm2_1_img087.jpg,zm2_1,zm,train,10
17192,zm2_1_img088.jpg,zm2_1,zm,train,10
17193,zm2_1_img089.jpg,zm2_1,zm,train,10
17194,zm2_1_img090.jpg,zm2_1,zm,train,10
17195,zm2_1_img091.jpg,zm2_1,zm,train,10
17196,zm2_1_img092.jpg,zm2_1,zm,train,10
17197,zm2_1_img093.jpg,zm2_1,zm,train,10
17198,zm2_1_img094.jpg,zm2_1,zm,train,10
17199,zm2_1_img095.jpg,zm2_1,zm,train,10
17200,zm2_1_img096.jpg,zm2_1,zm,train,10
17201,zm2_1_img097.jpg,zm2_1,zm,train,10
17202,zm2_2_img001.jpg,zm2_2,zm,train,10
17203,zm2_2_img002.jpg,zm2_2,zm,train,10
17204,zm2_2_img003.jpg,zm2_2,zm,train,10
17205,zm2_2_img004.jpg,zm2_2,zm,train,10
17206,zm2_2_img005.jpg,zm2_2,zm,train,10
17207,zm2_2_img006.jpg,zm2_2,zm,train,10
17208,zm2_2_img007.jpg,zm2_2,zm,train,10
17209,zm2_2_img008.jpg,zm2_2,zm,train,10
17210,zm2_2_img009.jpg,zm2_2,zm,train,10
17211,zm2_2_img010.jpg,zm2_2,zm,train,10
17212,zm2_2_img011.jpg,zm2_2,zm,train,10
17213,zm2_2_img012.jpg,zm2_2,zm,train,10
17214,zm2_2_img013.jpg,zm2_2,zm,train,10
17215,zm2_2_img014.jpg,zm2_2,zm,train,10
17216,zm2_2_img015.jpg,zm2_2,zm,train,10
17217,zm2_2_img016.jpg,zm2_2,zm,train,10
17218,zm2_2_img017.jpg,zm2_2,zm,train,10
17219,zm2_2_img018.jpg,zm2_2,zm,train,10
17220,zm2_2_img019.jpg,zm2_2,zm,train,10
17221,zm2_2_img020.jpg,zm2_2,zm,train,10
17222,zm2_2_img021.jpg,zm2_2,zm,train,10
17223,zm2_2_img022.jpg,zm2_2,zm,train,10
17224,zm2_2_img023.jpg,zm2_2,zm,train,10
17225,zm2_2_img024.jpg,zm2_2,zm,train,10
17226,zm2_2_img025.jpg,zm2_2,zm,train,10
17227,zm2_2_img026.jpg,zm2_2,zm,train,10
17228,zm2_2_img027.jpg,zm2_2,zm,train,10
17229,zm2_2_img028.jpg,zm2_2,zm,train,10
17230,zm2_2_img029.jpg,zm2_2,zm,train,10
17231,zm2_2_img030.jpg,zm2_2,zm,train,10
17232,zm2_2_img031.jpg,zm2_2,zm,train,10
17233,zm2_2_img032.jpg,zm2_2,zm,train,10
17234,zm2_2_img033.jpg,zm2_2,zm,train,10
17235,zm2_2_img034.jpg,zm2_2,zm,train,10
17236,zm2_2_img035.jpg,zm2_2,zm,train,10
17237,zm2_2_img036.jpg,zm2_2,zm,train,10
17238,zm2_2_img037.jpg,zm2_2,zm,train,10
17239,zm2_2_img038.jpg,zm2_2,zm,train,10
17240,zm2_2_img039.jpg,zm2_2,zm,train,10
17241,zm2_2_img040.jpg,zm2_2,zm,train,10
17242,zm2_2_img041.jpg,zm2_2,zm,train,10
17243,zm2_2_img042.jpg,zm2_2,zm,train,10
17244,zm2_2_img043.jpg,zm2_2,zm,train,10
17245,zm2_2_img044.jpg,zm2_2,zm,train,10
17246,zm2_2_img045.jpg,zm2_2,zm,train,10
17247,zm2_2_img046.jpg,zm2_2,zm,train,10
17248,zm2_2_img047.jpg,zm2_2,zm,train,10
17249,zm2_2_img048.jpg,zm2_2,zm,train,10
17250,zm2_2_img049.jpg,zm2_2,zm,train,10
17251,zm2_2_img050.jpg,zm2_2,zm,train,10
17252,zm2_2_img051.jpg,zm2_2,zm,train,10
17253,zm2_2_img052.jpg,zm2_2,zm,train,10
17254,zm2_2_img053.jpg,zm2_2,zm,train,10
17255,zm2_2_img054.jpg,zm2_2,zm,train,10
17256,zm2_2_img055.jpg,zm2_2,zm,train,10
17257,zm2_2_img056.jpg,zm2_2,zm,train,10
17258,zm2_2_img057.jpg,zm2_2,zm,train,10
17259,zm2_2_img058.jpg,zm2_2,zm,train,10
17260,zm2_2_img059.jpg,zm2_2,zm,train,10
17261,zm2_2_img060.jpg,zm2_2,zm,train,10
17262,zm2_2_img061.jpg,zm2_2,zm,train,10
17263,zm2_2_img062.jpg,zm2_2,zm,train,10
17264,zm2_2_img063.jpg,zm2_2,zm,train,10
17265,zm2_2_img064.jpg,zm2_2,zm,train,10
17266,zm2_2_img065.jpg,zm2_2,zm,train,10
17267,zm2_2_img066.jpg,zm2_2,zm,train,10
17268,zm2_2_img067.jpg,zm2_2,zm,train,10
17269,zm2_2_img068.jpg,zm2_2,zm,train,10
17270,zm2_2_img069.jpg,zm2_2,zm,train,10
17271,zm2_2_img070.jpg,zm2_2,zm,train,10
17272,zm2_2_img071.jpg,zm2_2,zm,train,10
17273,zm2_2_img072.jpg,zm2_2,zm,train,10
17274,zm2_2_img073.jpg,zm2_2,zm,train,10
17275,zm2_2_img074.jpg,zm2_2,zm,train,10
17276,zm2_2_img075.jpg,zm2_2,zm,train,10
17277,zm2_2_img076.jpg,zm2_2,zm,train,10
17278,zm2_2_img077.jpg,zm2_2,zm,train,10
17279,zm2_2_img078.jpg,zm2_2,zm,train,10
17280,zm2_2_img079.jpg,zm2_2,zm,train,10
17281,zm2_2_img080.jpg,zm2_2,zm,train,10
17282,zm2_2_img081.jpg,zm2_2,zm,train,10
17283,zm2_2_img082.jpg,zm2_2,zm,train,10
17284,zm2_2_img083.jpg,zm2_2,zm,train,10
17285,zm2_2_img084.jpg,zm2_2,zm,train,10
17286,zm2_2_img085.jpg,zm2_2,zm,train,10
17287,zm2_2_img086.jpg,zm2_2,zm,train,10
17288,zm2_2_img087.jpg,zm2_2,zm,train,10
17289,zm2_2_img088.jpg,zm2_2,zm,train,10
17290,zm2_2_img089.jpg,zm2_2,zm,train,10
17291,zm2_2_img090.jpg,zm2_2,zm,train,10
17292,zm2_2_img091.jpg,zm2_2,zm,train,10
17293,zm2_2_img092.jpg,zm2_2,zm,train,10
17294,zm2_2_img093.jpg,zm2_2,zm,train,10
17295,zm2_2_img094.jpg,zm2_2,zm,train,10
17296,zm2_2_img095.jpg,zm2_2,zm,train,10
17297,zm2_2_img096.jpg,zm2_2,zm,train,10
17298,zm2_2_img097.jpg,zm2_2,zm,train,10
17299,zm2_3_img001.jpg,zm2_3,zm,train,10
17300,zm2_3_img002.jpg,zm2_3,zm,train,10
17301,zm2_3_img003.jpg,zm2_3,zm,train,10
17302,zm2_3_img004.jpg,zm2_3,zm,train,10
17303,zm2_3_img005.jpg,zm2_3,zm,train,10
17304,zm2_3_img006.jpg,zm2_3,zm,train,10
17305,zm2_3_img007.jpg,zm2_3,zm,train,10
17306,zm2_3_img008.jpg,zm2_3,zm,train,10
17307,zm2_3_img009.jpg,zm2_3,zm,train,10
17308,zm2_3_img010.jpg,zm2_3,zm,train,10
17309,zm2_3_img011.jpg,zm2_3,zm,train,10
17310,zm2_3_img012.jpg,zm2_3,zm,train,10
17311,zm2_3_img013.jpg,zm2_3,zm,train,10
17312,zm2_3_img014.jpg,zm2_3,zm,train,10
17313,zm2_3_img015.jpg,zm2_3,zm,train,10
17314,zm2_3_img016.jpg,zm2_3,zm,train,10
17315,zm2_3_img017.jpg,zm2_3,zm,train,10
17316,zm2_3_img018.jpg,zm2_3,zm,train,10
17317,zm2_3_img019.jpg,zm2_3,zm,train,10
17318,zm2_3_img020.jpg,zm2_3,zm,train,10
17319,zm2_3_img021.jpg,zm2_3,zm,train,10
17320,zm2_3_img022.jpg,zm2_3,zm,train,10
17321,zm2_3_img023.jpg,zm2_3,zm,train,10
17322,zm2_3_img024.jpg,zm2_3,zm,train,10
17323,zm2_3_img025.jpg,zm2_3,zm,train,10
17324,zm2_3_img026.jpg,zm2_3,zm,train,10
17325,zm2_3_img027.jpg,zm2_3,zm,train,10
17326,zm2_3_img028.jpg,zm2_3,zm,train,10
17327,zm2_3_img029.jpg,zm2_3,zm,train,10
17328,zm2_3_img030.jpg,zm2_3,zm,train,10
17329,zm2_3_img031.jpg,zm2_3,zm,train,10
17330,zm2_3_img032.jpg,zm2_3,zm,train,10
17331,zm2_3_img033.jpg,zm2_3,zm,train,10
17332,zm2_3_img034.jpg,zm2_3,zm,train,10
17333,zm2_3_img035.jpg,zm2_3,zm,train,10
17334,zm2_3_img036.jpg,zm2_3,zm,train,10
17335,zm2_3_img037.jpg,zm2_3,zm,train,10
17336,zm2_3_img038.jpg,zm2_3,zm,train,10
17337,zm2_3_img039.jpg,zm2_3,zm,train,10
17338,zm2_3_img040.jpg,zm2_3,zm,train,10
17339,zm2_3_img041.jpg,zm2_3,zm,train,10
17340,zm2_3_img042.jpg,zm2_3,zm,train,10
17341,zm2_3_img043.jpg,zm2_3,zm,train,10
17342,zm2_3_img044.jpg,zm2_3,zm,train,10
17343,zm2_3_img045.jpg,zm2_3,zm,train,10
17344,zm2_3_img046.jpg,zm2_3,zm,train,10
17345,zm2_3_img047.jpg,zm2_3,zm,train,10
17346,zm2_3_img048.jpg,zm2_3,zm,train,10
17347,zm2_3_img049.jpg,zm2_3,zm,train,10
17348,zm2_3_img050.jpg,zm2_3,zm,train,10
17349,zm2_3_img051.jpg,zm2_3,zm,train,10
17350,zm2_3_img052.jpg,zm2_3,zm,train,10
17351,zm2_3_img053.jpg,zm2_3,zm,train,10
17352,zm2_3_img054.jpg,zm2_3,zm,train,10
17353,zm2_3_img055.jpg,zm2_3,zm,train,10
17354,zm2_3_img056.jpg,zm2_3,zm,train,10
17355,zm2_3_img057.jpg,zm2_3,zm,train,10
17356,zm2_3_img058.jpg,zm2_3,zm,train,10
17357,zm2_3_img059.jpg,zm2_3,zm,train,10
17358,zm2_3_img060.jpg,zm2_3,zm,train,10
17359,zm2_3_img061.jpg,zm2_3,zm,train,10
17360,zm2_3_img062.jpg,zm2_3,zm,train,10
17361,zm2_3_img063.jpg,zm2_3,zm,train,10
17362,zm2_3_img064.jpg,zm2_3,zm,train,10
17363,zm2_3_img065.jpg,zm2_3,zm,train,10
17364,zm2_3_img066.jpg,zm2_3,zm,train,10
17365,zm2_3_img067.jpg,zm2_3,zm,train,10
17366,zm2_3_img068.jpg,zm2_3,zm,train,10
17367,zm2_3_img069.jpg,zm2_3,zm,train,10
17368,zm2_3_img070.jpg,zm2_3,zm,train,10
17369,zm2_3_img071.jpg,zm2_3,zm,train,10
17370,zm2_3_img072.jpg,zm2_3,zm,train,10
17371,zm2_3_img073.jpg,zm2_3,zm,train,10
17372,zm2_3_img074.jpg,zm2_3,zm,train,10
17373,zm2_3_img075.jpg,zm2_3,zm,train,10
17374,zm2_3_img076.jpg,zm2_3,zm,train,10
17375,zm2_3_img077.jpg,zm2_3,zm,train,10
17376,zm2_3_img078.jpg,zm2_3,zm,train,10
17377,zm2_3_img079.jpg,zm2_3,zm,train,10
17378,zm2_3_img080.jpg,zm2_3,zm,train,10
17379,zm2_3_img081.jpg,zm2_3,zm,train,10
17380,zm2_3_img082.jpg,zm2_3,zm,train,10
17381,zm2_3_img083.jpg,zm2_3,zm,train,10
17382,zm2_3_img084.jpg,zm2_3,zm,train,10
17383,zm2_3_img085.jpg,zm2_3,zm,train,10
17384,zm2_3_img086.jpg,zm2_3,zm,train,10
17385,zm2_3_img087.jpg,zm2_3,zm,train,10
17386,zm2_3_img088.jpg,zm2_3,zm,train,10
17387,zm2_3_img089.jpg,zm2_3,zm,train,10
17388,zm2_3_img090.jpg,zm2_3,zm,train,10
17389,zm2_3_img091.jpg,zm2_3,zm,train,10
17390,zm2_3_img092.jpg,zm2_3,zm,train,10
17391,zm2_3_img093.jpg,zm2_3,zm,train,10
17392,zm2_3_img094.jpg,zm2_3,zm,train,10
17393,zm2_3_img095.jpg,zm2_3,zm,train,10
17394,zm2_3_img096.jpg,zm2_3,zm,train,10
17395,zm2_3_img097.jpg,zm2_3,zm,train,10
17396,zm2_4_img001.jpg,zm2_4,zm,train,10
17397,zm2_4_img002.jpg,zm2_4,zm,train,10
17398,zm2_4_img003.jpg,zm2_4,zm,train,10
17399,zm2_4_img004.jpg,zm2_4,zm,train,10
17400,zm2_4_img005.jpg,zm2_4,zm,train,10
17401,zm2_4_img006.jpg,zm2_4,zm,train,10
17402,zm2_4_img007.jpg,zm2_4,zm,train,10
17403,zm2_4_img008.jpg,zm2_4,zm,train,10
17404,zm2_4_img009.jpg,zm2_4,zm,train,10
17405,zm2_4_img010.jpg,zm2_4,zm,train,10
17406,zm2_4_img011.jpg,zm2_4,zm,train,10
17407,zm2_4_img012.jpg,zm2_4,zm,train,10
17408,zm2_4_img013.jpg,zm2_4,zm,train,10
17409,zm2_4_img014.jpg,zm2_4,zm,train,10
17410,zm2_4_img015.jpg,zm2_4,zm,train,10
17411,zm2_4_img016.jpg,zm2_4,zm,train,10
17412,zm2_4_img017.jpg,zm2_4,zm,train,10
17413,zm2_4_img018.jpg,zm2_4,zm,train,10
17414,zm2_4_img019.jpg,zm2_4,zm,train,10
17415,zm2_4_img020.jpg,zm2_4,zm,train,10
17416,zm2_4_img021.jpg,zm2_4,zm,train,10
17417,zm2_4_img022.jpg,zm2_4,zm,train,10
17418,zm2_4_img023.jpg,zm2_4,zm,train,10
17419,zm2_4_img024.jpg,zm2_4,zm,train,10
17420,zm2_4_img025.jpg,zm2_4,zm,train,10
17421,zm2_4_img026.jpg,zm2_4,zm,train,10
17422,zm2_4_img027.jpg,zm2_4,zm,train,10
17423,zm2_4_img028.jpg,zm2_4,zm,train,10
17424,zm2_4_img029.jpg,zm2_4,zm,train,10
17425,zm2_4_img030.jpg,zm2_4,zm,train,10
17426,zm2_4_img031.jpg,zm2_4,zm,train,10
17427,zm2_4_img032.jpg,zm2_4,zm,train,10
17428,zm2_4_img033.jpg,zm2_4,zm,train,10
17429,zm2_4_img034.jpg,zm2_4,zm,train,10
17430,zm2_4_img035.jpg,zm2_4,zm,train,10
17431,zm2_4_img036.jpg,zm2_4,zm,train,10
17432,zm2_4_img037.jpg,zm2_4,zm,train,10
17433,zm2_4_img038.jpg,zm2_4,zm,train,10
17434,zm2_4_img039.jpg,zm2_4,zm,train,10
17435,zm2_4_img040.jpg,zm2_4,zm,train,10
17436,zm2_4_img041.jpg,zm2_4,zm,train,10
17437,zm2_4_img042.jpg,zm2_4,zm,train,10
17438,zm2_4_img043.jpg,zm2_4,zm,train,10
17439,zm2_4_img044.jpg,zm2_4,zm,train,10
17440,zm2_4_img045.jpg,zm2_4,zm,train,10
17441,zm2_4_img046.jpg,zm2_4,zm,train,10
17442,zm2_4_img047.jpg,zm2_4,zm,train,10
17443,zm2_4_img048.jpg,zm2_4,zm,train,10
17444,zm2_4_img049.jpg,zm2_4,zm,train,10
17445,zm2_4_img050.jpg,zm2_4,zm,train,10
17446,zm2_4_img051.jpg,zm2_4,zm,train,10
17447,zm2_4_img052.jpg,zm2_4,zm,train,10
17448,zm2_4_img053.jpg,zm2_4,zm,train,10
17449,zm2_4_img054.jpg,zm2_4,zm,train,10
17450,zm2_4_img055.jpg,zm2_4,zm,train,10
17451,zm2_4_img056.jpg,zm2_4,zm,train,10
17452,zm2_4_img057.jpg,zm2_4,zm,train,10
17453,zm2_4_img058.jpg,zm2_4,zm,train,10
17454,zm2_4_img059.jpg,zm2_4,zm,train,10
17455,zm2_4_img060.jpg,zm2_4,zm,train,10
17456,zm2_4_img061.jpg,zm2_4,zm,train,10
17457,zm2_4_img062.jpg,zm2_4,zm,train,10
17458,zm2_4_img063.jpg,zm2_4,zm,train,10
17459,zm2_4_img064.jpg,zm2_4,zm,train,10
17460,zm2_4_img065.jpg,zm2_4,zm,train,10
17461,zm2_4_img066.jpg,zm2_4,zm,train,10
17462,zm2_4_img067.jpg,zm2_4,zm,train,10
17463,zm2_4_img068.jpg,zm2_4,zm,train,10
17464,zm2_4_img069.jpg,zm2_4,zm,train,10
17465,zm2_4_img070.jpg,zm2_4,zm,train,10
17466,zm2_4_img071.jpg,zm2_4,zm,train,10
17467,zm2_4_img072.jpg,zm2_4,zm,train,10
17468,zm2_4_img073.jpg,zm2_4,zm,train,10
17469,zm2_4_img074.jpg,zm2_4,zm,train,10
17470,zm2_4_img075.jpg,zm2_4,zm,train,10
17471,zm2_4_img076.jpg,zm2_4,zm,train,10
17472,zm2_4_img077.jpg,zm2_4,zm,train,10
17473,zm2_4_img078.jpg,zm2_4,zm,train,10
17474,zm2_4_img079.jpg,zm2_4,zm,train,10
17475,zm2_4_img080.jpg,zm2_4,zm,train,10
17476,zm2_4_img081.jpg,zm2_4,zm,train,10
17477,zm2_4_img082.jpg,zm2_4,zm,train,10
17478,zm2_4_img083.jpg,zm2_4,zm,train,10
17479,zm2_4_img084.jpg,zm2_4,zm,train,10
17480,zm2_4_img085.jpg,zm2_4,zm,train,10
17481,zm2_4_img086.jpg,zm2_4,zm,train,10
17482,zm2_4_img087.jpg,zm2_4,zm,train,10
17483,zm2_4_img088.jpg,zm2_4,zm,train,10
17484,zm2_4_img089.jpg,zm2_4,zm,train,10
17485,zm2_4_img090.jpg,zm2_4,zm,train,10
17486,zm2_4_img091.jpg,zm2_4,zm,train,10
17487,zm2_4_img092.jpg,zm2_4,zm,train,10
17488,zm2_4_img093.jpg,zm2_4,zm,train,10
17489,zm2_4_img094.jpg,zm2_4,zm,train,10
17490,zm2_4_img095.jpg,zm2_4,zm,train,10
17491,zm2_4_img096.jpg,zm2_4,zm,train,10
17492,zm2_4_img097.jpg,zm2_4,zm,train,10
17493,zm2_5_img001.jpg,zm2_5,zm,train,10
17494,zm2_5_img002.jpg,zm2_5,zm,train,10
17495,zm2_5_img003.jpg,zm2_5,zm,train,10
17496,zm2_5_img004.jpg,zm2_5,zm,train,10
17497,zm2_5_img005.jpg,zm2_5,zm,train,10
17498,zm2_5_img006.jpg,zm2_5,zm,train,10
17499,zm2_5_img007.jpg,zm2_5,zm,train,10
17500,zm2_5_img008.jpg,zm2_5,zm,train,10
17501,zm2_5_img009.jpg,zm2_5,zm,train,10
17502,zm2_5_img010.jpg,zm2_5,zm,train,10
17503,zm2_5_img011.jpg,zm2_5,zm,train,10
17504,zm2_5_img012.jpg,zm2_5,zm,train,10
17505,zm2_5_img013.jpg,zm2_5,zm,train,10
17506,zm2_5_img014.jpg,zm2_5,zm,train,10
17507,zm2_5_img015.jpg,zm2_5,zm,train,10
17508,zm2_5_img016.jpg,zm2_5,zm,train,10
17509,zm2_5_img017.jpg,zm2_5,zm,train,10
17510,zm2_5_img018.jpg,zm2_5,zm,train,10
17511,zm2_5_img019.jpg,zm2_5,zm,train,10
17512,zm2_5_img020.jpg,zm2_5,zm,train,10
17513,zm2_5_img021.jpg,zm2_5,zm,train,10
17514,zm2_5_img022.jpg,zm2_5,zm,train,10
17515,zm2_5_img023.jpg,zm2_5,zm,train,10
17516,zm2_5_img024.jpg,zm2_5,zm,train,10
17517,zm2_5_img025.jpg,zm2_5,zm,train,10
17518,zm2_5_img026.jpg,zm2_5,zm,train,10
17519,zm2_5_img027.jpg,zm2_5,zm,train,10
17520,zm2_5_img028.jpg,zm2_5,zm,train,10
17521,zm2_5_img029.jpg,zm2_5,zm,train,10
17522,zm2_5_img030.jpg,zm2_5,zm,train,10
17523,zm2_5_img031.jpg,zm2_5,zm,train,10
17524,zm2_5_img032.jpg,zm2_5,zm,train,10
17525,zm2_5_img033.jpg,zm2_5,zm,train,10
17526,zm2_5_img034.jpg,zm2_5,zm,train,10
17527,zm2_5_img035.jpg,zm2_5,zm,train,10
17528,zm2_5_img036.jpg,zm2_5,zm,train,10
17529,zm2_5_img037.jpg,zm2_5,zm,train,10
17530,zm2_5_img038.jpg,zm2_5,zm,train,10
17531,zm2_5_img039.jpg,zm2_5,zm,train,10
17532,zm2_5_img040.jpg,zm2_5,zm,train,10
17533,zm2_5_img041.jpg,zm2_5,zm,train,10
17534,zm2_5_img042.jpg,zm2_5,zm,train,10
17535,zm2_5_img043.jpg,zm2_5,zm,train,10
17536,zm2_5_img044.jpg,zm2_5,zm,train,10
17537,zm2_5_img045.jpg,zm2_5,zm,train,10
17538,zm2_5_img046.jpg,zm2_5,zm,train,10
17539,zm2_5_img047.jpg,zm2_5,zm,train,10
17540,zm2_5_img048.jpg,zm2_5,zm,train,10
17541,zm2_5_img049.jpg,zm2_5,zm,train,10
17542,zm2_5_img050.jpg,zm2_5,zm,train,10
17543,zm2_5_img051.jpg,zm2_5,zm,train,10
17544,zm2_5_img052.jpg,zm2_5,zm,train,10
17545,zm2_5_img053.jpg,zm2_5,zm,train,10
17546,zm2_5_img054.jpg,zm2_5,zm,train,10
17547,zm2_5_img055.jpg,zm2_5,zm,train,10
17548,zm2_5_img056.jpg,zm2_5,zm,train,10
17549,zm2_5_img057.jpg,zm2_5,zm,train,10
17550,zm2_5_img058.jpg,zm2_5,zm,train,10
17551,zm2_5_img059.jpg,zm2_5,zm,train,10
17552,zm2_5_img060.jpg,zm2_5,zm,train,10
17553,zm2_5_img061.jpg,zm2_5,zm,train,10
17554,zm2_5_img062.jpg,zm2_5,zm,train,10
17555,zm2_5_img063.jpg,zm2_5,zm,train,10
17556,zm2_5_img064.jpg,zm2_5,zm,train,10
17557,zm2_5_img065.jpg,zm2_5,zm,train,10
17558,zm2_5_img066.jpg,zm2_5,zm,train,10
17559,zm2_5_img067.jpg,zm2_5,zm,train,10
17560,zm2_5_img068.jpg,zm2_5,zm,train,10
17561,zm2_5_img069.jpg,zm2_5,zm,train,10
17562,zm2_5_img070.jpg,zm2_5,zm,train,10
17563,zm2_5_img071.jpg,zm2_5,zm,train,10
17564,zm2_5_img072.jpg,zm2_5,zm,train,10
17565,zm2_5_img073.jpg,zm2_5,zm,train,10
17566,zm2_5_img074.jpg,zm2_5,zm,train,10
17567,zm2_5_img075.jpg,zm2_5,zm,train,10
17568,zm2_5_img076.jpg,zm2_5,zm,train,10
17569,zm2_5_img077.jpg,zm2_5,zm,train,10
17570,zm2_5_img078.jpg,zm2_5,zm,train,10
17571,zm2_5_img079.jpg,zm2_5,zm,train,10
17572,zm2_5_img080.jpg,zm2_5,zm,train,10
17573,zm2_5_img081.jpg,zm2_5,zm,train,10
17574,zm2_5_img082.jpg,zm2_5,zm,train,10
17575,zm2_5_img083.jpg,zm2_5,zm,train,10
17576,zm2_5_img084.jpg,zm2_5,zm,train,10
17577,zm2_5_img085.jpg,zm2_5,zm,train,10
17578,zm2_5_img086.jpg,zm2_5,zm,train,10
17579,zm2_5_img087.jpg,zm2_5,zm,train,10
17580,zm2_5_img088.jpg,zm2_5,zm,train,10
17581,zm2_5_img089.jpg,zm2_5,zm,train,10
17582,zm2_5_img090.jpg,zm2_5,zm,train,10
17583,zm2_5_img091.jpg,zm2_5,zm,train,10
17584,zm2_5_img092.jpg,zm2_5,zm,train,10
17585,zm2_5_img093.jpg,zm2_5,zm,train,10
17586,zm2_5_img094.jpg,zm2_5,zm,train,10
17587,zm2_5_img095.jpg,zm2_5,zm,train,10
17588,zm2_5_img096.jpg,zm2_5,zm,train,10
17589,zm2_5_img097.jpg,zm2_5,zm,train,10
17590,zm2_6_img001.jpg,zm2_6,zm,test,10
17591,zm2_6_img002.jpg,zm2_6,zm,test,10
17592,zm2_6_img003.jpg,zm2_6,zm,test,10
17593,zm2_6_img004.jpg,zm2_6,zm,test,10
17594,zm2_6_img005.jpg,zm2_6,zm,test,10
17595,zm2_6_img006.jpg,zm2_6,zm,test,10
17596,zm2_6_img007.jpg,zm2_6,zm,test,10
17597,zm2_6_img008.jpg,zm2_6,zm,test,10
17598,zm2_6_img009.jpg,zm2_6,zm,test,10
17599,zm2_6_img010.jpg,zm2_6,zm,test,10
17600,zm2_6_img011.jpg,zm2_6,zm,test,10
17601,zm2_6_img012.jpg,zm2_6,zm,test,10
17602,zm2_6_img013.jpg,zm2_6,zm,test,10
17603,zm2_6_img014.jpg,zm2_6,zm,test,10
17604,zm2_6_img015.jpg,zm2_6,zm,test,10
17605,zm2_6_img016.jpg,zm2_6,zm,test,10
17606,zm2_6_img017.jpg,zm2_6,zm,test,10
17607,zm2_6_img018.jpg,zm2_6,zm,test,10
17608,zm2_6_img019.jpg,zm2_6,zm,test,10
17609,zm2_6_img020.jpg,zm2_6,zm,test,10
17610,zm2_6_img021.jpg,zm2_6,zm,test,10
17611,zm2_6_img022.jpg,zm2_6,zm,test,10
17612,zm2_6_img023.jpg,zm2_6,zm,test,10
17613,zm2_6_img024.jpg,zm2_6,zm,test,10
17614,zm2_6_img025.jpg,zm2_6,zm,test,10
17615,zm2_6_img026.jpg,zm2_6,zm,test,10
17616,zm2_6_img027.jpg,zm2_6,zm,test,10
17617,zm2_6_img028.jpg,zm2_6,zm,test,10
17618,zm2_6_img029.jpg,zm2_6,zm,test,10
17619,zm2_6_img030.jpg,zm2_6,zm,test,10
17620,zm2_6_img031.jpg,zm2_6,zm,test,10
17621,zm2_6_img032.jpg,zm2_6,zm,test,10
17622,zm2_6_img033.jpg,zm2_6,zm,test,10
17623,zm2_6_img034.jpg,zm2_6,zm,test,10
17624,zm2_6_img035.jpg,zm2_6,zm,test,10
17625,zm2_6_img036.jpg,zm2_6,zm,test,10
17626,zm2_6_img037.jpg,zm2_6,zm,test,10
17627,zm2_6_img038.jpg,zm2_6,zm,test,10
17628,zm2_6_img039.jpg,zm2_6,zm,test,10
17629,zm2_6_img040.jpg,zm2_6,zm,test,10
17630,zm2_6_img041.jpg,zm2_6,zm,test,10
17631,zm2_6_img042.jpg,zm2_6,zm,test,10
17632,zm2_6_img043.jpg,zm2_6,zm,test,10
17633,zm2_6_img044.jpg,zm2_6,zm,test,10
17634,zm2_6_img045.jpg,zm2_6,zm,test,10
17635,zm2_6_img046.jpg,zm2_6,zm,test,10
17636,zm2_6_img047.jpg,zm2_6,zm,test,10
17637,zm2_6_img048.jpg,zm2_6,zm,test,10
17638,zm2_6_img049.jpg,zm2_6,zm,test,10
17639,zm2_6_img050.jpg,zm2_6,zm,test,10
17640,zm2_6_img051.jpg,zm2_6,zm,test,10
17641,zm2_6_img052.jpg,zm2_6,zm,test,10
17642,zm2_6_img053.jpg,zm2_6,zm,test,10
17643,zm2_6_img054.jpg,zm2_6,zm,test,10
17644,zm2_6_img055.jpg,zm2_6,zm,test,10
17645,zm2_6_img056.jpg,zm2_6,zm,test,10
17646,zm2_6_img057.jpg,zm2_6,zm,test,10
17647,zm2_6_img058.jpg,zm2_6,zm,test,10
17648,zm2_6_img059.jpg,zm2_6,zm,test,10
17649,zm2_6_img060.jpg,zm2_6,zm,test,10
17650,zm2_6_img061.jpg,zm2_6,zm,test,10
17651,zm2_6_img062.jpg,zm2_6,zm,test,10
17652,zm2_6_img063.jpg,zm2_6,zm,test,10
17653,zm2_6_img064.jpg,zm2_6,zm,test,10
17654,zm2_6_img065.jpg,zm2_6,zm,test,10
17655,zm2_6_img066.jpg,zm2_6,zm,test,10
17656,zm2_6_img067.jpg,zm2_6,zm,test,10
17657,zm2_6_img068.jpg,zm2_6,zm,test,10
17658,zm2_6_img069.jpg,zm2_6,zm,test,10
17659,zm2_6_img070.jpg,zm2_6,zm,test,10
17660,zm2_6_img071.jpg,zm2_6,zm,test,10
17661,zm2_6_img072.jpg,zm2_6,zm,test,10
17662,zm2_6_img073.jpg,zm2_6,zm,test,10
17663,zm2_6_img074.jpg,zm2_6,zm,test,10
17664,zm2_6_img075.jpg,zm2_6,zm,test,10
17665,zm2_6_img076.jpg,zm2_6,zm,test,10
17666,zm2_6_img077.jpg,zm2_6,zm,test,10
17667,zm2_6_img078.jpg,zm2_6,zm,test,10
17668,zm2_6_img079.jpg,zm2_6,zm,test,10
17669,zm2_6_img080.jpg,zm2_6,zm,test,10
17670,zm2_6_img081.jpg,zm2_6,zm,test,10
17671,zm2_6_img082.jpg,zm2_6,zm,test,10
17672,zm2_6_img083.jpg,zm2_6,zm,test,10
17673,zm2_6_img084.jpg,zm2_6,zm,test,10
17674,zm2_6_img085.jpg,zm2_6,zm,test,10
17675,zm2_6_img086.jpg,zm2_6,zm,test,10
17676,zm2_6_img087.jpg,zm2_6,zm,test,10
17677,zm2_6_img088.jpg,zm2_6,zm,test,10
17678,zm2_6_img089.jpg,zm2_6,zm,test,10
17679,zm2_6_img090.jpg,zm2_6,zm,test,10
17680,zm2_6_img091.jpg,zm2_6,zm,test,10
17681,zm2_6_img092.jpg,zm2_6,zm,test,10
17682,zm2_6_img093.jpg,zm2_6,zm,test,10
17683,zm2_6_img094.jpg,zm2_6,zm,test,10
17684,zm2_6_img095.jpg,zm2_6,zm,test,10
17685,zm2_6_img096.jpg,zm2_6,zm,test,10
17686,zm2_6_img097.jpg,zm2_6,zm,test,10
17687,zm2_7_img001.jpg,zm2_7,zm,train,10
17688,zm2_7_img002.jpg,zm2_7,zm,train,10
17689,zm2_7_img003.jpg,zm2_7,zm,train,10
17690,zm2_7_img004.jpg,zm2_7,zm,train,10
17691,zm2_7_img005.jpg,zm2_7,zm,train,10
17692,zm2_7_img006.jpg,zm2_7,zm,train,10
17693,zm2_7_img007.jpg,zm2_7,zm,train,10
17694,zm2_7_img008.jpg,zm2_7,zm,train,10
17695,zm2_7_img009.jpg,zm2_7,zm,train,10
17696,zm2_7_img010.jpg,zm2_7,zm,train,10
17697,zm2_7_img011.jpg,zm2_7,zm,train,10
17698,zm2_7_img012.jpg,zm2_7,zm,train,10
17699,zm2_7_img013.jpg,zm2_7,zm,train,10
17700,zm2_7_img014.jpg,zm2_7,zm,train,10
17701,zm2_7_img015.jpg,zm2_7,zm,train,10
17702,zm2_7_img016.jpg,zm2_7,zm,train,10
17703,zm2_7_img017.jpg,zm2_7,zm,train,10
17704,zm2_7_img018.jpg,zm2_7,zm,train,10
17705,zm2_7_img019.jpg,zm2_7,zm,train,10
17706,zm2_7_img020.jpg,zm2_7,zm,train,10
17707,zm2_7_img021.jpg,zm2_7,zm,train,10
17708,zm2_7_img022.jpg,zm2_7,zm,train,10
17709,zm2_7_img023.jpg,zm2_7,zm,train,10
17710,zm2_7_img024.jpg,zm2_7,zm,train,10
17711,zm2_7_img025.jpg,zm2_7,zm,train,10
17712,zm2_7_img026.jpg,zm2_7,zm,train,10
17713,zm2_7_img027.jpg,zm2_7,zm,train,10
17714,zm2_7_img028.jpg,zm2_7,zm,train,10
17715,zm2_7_img029.jpg,zm2_7,zm,train,10
17716,zm2_7_img030.jpg,zm2_7,zm,train,10
17717,zm2_7_img031.jpg,zm2_7,zm,train,10
17718,zm2_7_img032.jpg,zm2_7,zm,train,10
17719,zm2_7_img033.jpg,zm2_7,zm,train,10
17720,zm2_7_img034.jpg,zm2_7,zm,train,10
17721,zm2_7_img035.jpg,zm2_7,zm,train,10
17722,zm2_7_img036.jpg,zm2_7,zm,train,10
17723,zm2_7_img037.jpg,zm2_7,zm,train,10
17724,zm2_7_img038.jpg,zm2_7,zm,train,10
17725,zm2_7_img039.jpg,zm2_7,zm,train,10
17726,zm2_7_img040.jpg,zm2_7,zm,train,10
17727,zm2_7_img041.jpg,zm2_7,zm,train,10
17728,zm2_7_img042.jpg,zm2_7,zm,train,10
17729,zm2_7_img043.jpg,zm2_7,zm,train,10
17730,zm2_7_img044.jpg,zm2_7,zm,train,10
17731,zm2_7_img045.jpg,zm2_7,zm,train,10
17732,zm2_7_img046.jpg,zm2_7,zm,train,10
17733,zm2_7_img047.jpg,zm2_7,zm,train,10
17734,zm2_7_img048.jpg,zm2_7,zm,train,10
17735,zm2_7_img049.jpg,zm2_7,zm,train,10
17736,zm2_7_img050.jpg,zm2_7,zm,train,10
17737,zm2_7_img051.jpg,zm2_7,zm,train,10
17738,zm2_7_img052.jpg,zm2_7,zm,train,10
17739,zm2_7_img053.jpg,zm2_7,zm,train,10
17740,zm2_7_img054.jpg,zm2_7,zm,train,10
17741,zm2_7_img055.jpg,zm2_7,zm,train,10
17742,zm2_7_img056.jpg,zm2_7,zm,train,10
17743,zm2_7_img057.jpg,zm2_7,zm,train,10
17744,zm2_7_img058.jpg,zm2_7,zm,train,10
17745,zm2_7_img059.jpg,zm2_7,zm,train,10
17746,zm2_7_img060.jpg,zm2_7,zm,train,10
17747,zm2_7_img061.jpg,zm2_7,zm,train,10
17748,zm2_7_img062.jpg,zm2_7,zm,train,10
17749,zm2_7_img063.jpg,zm2_7,zm,train,10
17750,zm2_7_img064.jpg,zm2_7,zm,train,10
17751,zm2_7_img065.jpg,zm2_7,zm,train,10
17752,zm2_7_img066.jpg,zm2_7,zm,train,10
17753,zm2_7_img067.jpg,zm2_7,zm,train,10
17754,zm2_7_img068.jpg,zm2_7,zm,train,10
17755,zm2_7_img069.jpg,zm2_7,zm,train,10
17756,zm2_7_img070.jpg,zm2_7,zm,train,10
17757,zm2_7_img071.jpg,zm2_7,zm,train,10
17758,zm2_7_img072.jpg,zm2_7,zm,train,10
17759,zm2_7_img073.jpg,zm2_7,zm,train,10
17760,zm2_7_img074.jpg,zm2_7,zm,train,10
17761,zm2_7_img075.jpg,zm2_7,zm,train,10
17762,zm2_7_img076.jpg,zm2_7,zm,train,10
17763,zm2_7_img077.jpg,zm2_7,zm,train,10
17764,zm2_7_img078.jpg,zm2_7,zm,train,10
17765,zm2_7_img079.jpg,zm2_7,zm,train,10
17766,zm2_7_img080.jpg,zm2_7,zm,train,10
17767,zm2_7_img081.jpg,zm2_7,zm,train,10
17768,zm2_7_img082.jpg,zm2_7,zm,train,10
17769,zm2_7_img083.jpg,zm2_7,zm,train,10
17770,zm2_7_img084.jpg,zm2_7,zm,train,10
17771,zm2_7_img085.jpg,zm2_7,zm,train,10
17772,zm2_7_img086.jpg,zm2_7,zm,train,10
17773,zm2_7_img087.jpg,zm2_7,zm,train,10
17774,zm2_7_img088.jpg,zm2_7,zm,train,10
17775,zm2_7_img089.jpg,zm2_7,zm,train,10
17776,zm2_7_img090.jpg,zm2_7,zm,train,10
17777,zm2_7_img091.jpg,zm2_7,zm,train,10
17778,zm2_7_img092.jpg,zm2_7,zm,train,10
17779,zm2_7_img093.jpg,zm2_7,zm,train,10
17780,zm2_7_img094.jpg,zm2_7,zm,train,10
17781,zm2_7_img095.jpg,zm2_7,zm,train,10
17782,zm2_7_img096.jpg,zm2_7,zm,train,10
17783,zm2_7_img097.jpg,zm2_7,zm,train,10
17784,zm2_8_img001.jpg,zm2_8,zm,train,9
17785,zm2_8_img002.jpg,zm2_8,zm,train,9
17786,zm2_8_img003.jpg,zm2_8,zm,train,9
17787,zm2_8_img004.jpg,zm2_8,zm,train,9
17788,zm2_8_img005.jpg,zm2_8,zm,train,9
17789,zm2_8_img006.jpg,zm2_8,zm,train,9
17790,zm2_8_img007.jpg,zm2_8,zm,train,9
17791,zm2_8_img008.jpg,zm2_8,zm,train,9
17792,zm2_8_img009.jpg,zm2_8,zm,train,9
17793,zm2_8_img010.jpg,zm2_8,zm,train,9
17794,zm2_8_img011.jpg,zm2_8,zm,train,9
17795,zm2_8_img012.jpg,zm2_8,zm,train,9
17796,zm2_8_img013.jpg,zm2_8,zm,train,9
17797,zm2_8_img014.jpg,zm2_8,zm,train,9
17798,zm2_8_img015.jpg,zm2_8,zm,train,9
17799,zm2_8_img016.jpg,zm2_8,zm,train,9
17800,zm2_8_img017.jpg,zm2_8,zm,train,9
17801,zm2_8_img018.jpg,zm2_8,zm,train,9
17802,zm2_8_img019.jpg,zm2_8,zm,train,9
17803,zm2_8_img020.jpg,zm2_8,zm,train,9
17804,zm2_8_img021.jpg,zm2_8,zm,train,9
17805,zm2_8_img022.jpg,zm2_8,zm,train,9
17806,zm2_8_img023.jpg,zm2_8,zm,train,9
17807,zm2_8_img024.jpg,zm2_8,zm,train,9
17808,zm2_8_img025.jpg,zm2_8,zm,train,9
17809,zm2_8_img026.jpg,zm2_8,zm,train,9
17810,zm2_8_img027.jpg,zm2_8,zm,train,9
17811,zm2_8_img028.jpg,zm2_8,zm,train,9
17812,zm2_8_img029.jpg,zm2_8,zm,train,9
17813,zm2_8_img030.jpg,zm2_8,zm,train,9
17814,zm2_8_img031.jpg,zm2_8,zm,train,9
17815,zm2_8_img032.jpg,zm2_8,zm,train,9
17816,zm2_8_img033.jpg,zm2_8,zm,train,9
17817,zm2_8_img034.jpg,zm2_8,zm,train,9
17818,zm2_8_img035.jpg,zm2_8,zm,train,9
17819,zm2_8_img036.jpg,zm2_8,zm,train,9
17820,zm2_8_img037.jpg,zm2_8,zm,train,9
17821,zm2_8_img038.jpg,zm2_8,zm,train,9
17822,zm2_8_img039.jpg,zm2_8,zm,train,9
17823,zm2_8_img040.jpg,zm2_8,zm,train,9
17824,zm2_8_img041.jpg,zm2_8,zm,train,9
17825,zm2_8_img042.jpg,zm2_8,zm,train,9
17826,zm2_8_img043.jpg,zm2_8,zm,train,9
17827,zm2_8_img044.jpg,zm2_8,zm,train,9
17828,zm2_8_img045.jpg,zm2_8,zm,train,9
17829,zm2_8_img046.jpg,zm2_8,zm,train,9
17830,zm2_8_img047.jpg,zm2_8,zm,train,9
17831,zm2_8_img048.jpg,zm2_8,zm,train,9
17832,zm2_8_img049.jpg,zm2_8,zm,train,9
17833,zm2_8_img050.jpg,zm2_8,zm,train,9
17834,zm2_8_img051.jpg,zm2_8,zm,train,9
17835,zm2_8_img052.jpg,zm2_8,zm,train,9
17836,zm2_8_img053.jpg,zm2_8,zm,train,9
17837,zm2_8_img054.jpg,zm2_8,zm,train,9
17838,zm2_8_img055.jpg,zm2_8,zm,train,9
17839,zm2_8_img056.jpg,zm2_8,zm,train,9
17840,zm2_8_img057.jpg,zm2_8,zm,train,9
17841,zm2_8_img058.jpg,zm2_8,zm,train,9
17842,zm2_8_img059.jpg,zm2_8,zm,train,9
17843,zm2_8_img060.jpg,zm2_8,zm,train,9
17844,zm2_8_img061.jpg,zm2_8,zm,train,9
17845,zm2_8_img062.jpg,zm2_8,zm,train,9
17846,zm2_8_img063.jpg,zm2_8,zm,train,9
17847,zm2_8_img064.jpg,zm2_8,zm,train,9
17848,zm2_8_img065.jpg,zm2_8,zm,train,9
17849,zm2_8_img066.jpg,zm2_8,zm,train,9
17850,zm2_8_img067.jpg,zm2_8,zm,train,9
17851,zm2_8_img068.jpg,zm2_8,zm,train,9
17852,zm2_8_img069.jpg,zm2_8,zm,train,9
17853,zm2_8_img070.jpg,zm2_8,zm,train,9
17854,zm2_8_img071.jpg,zm2_8,zm,train,9
17855,zm2_8_img072.jpg,zm2_8,zm,train,9
17856,zm2_8_img073.jpg,zm2_8,zm,train,9
17857,zm2_8_img074.jpg,zm2_8,zm,train,9
17858,zm2_8_img075.jpg,zm2_8,zm,train,9
17859,zm2_8_img076.jpg,zm2_8,zm,train,9
17860,zm2_8_img077.jpg,zm2_8,zm,train,9
17861,zm2_8_img078.jpg,zm2_8,zm,train,9
17862,zm2_8_img079.jpg,zm2_8,zm,train,9
17863,zm2_8_img080.jpg,zm2_8,zm,train,9
17864,zm2_8_img081.jpg,zm2_8,zm,train,9
17865,zm2_8_img082.jpg,zm2_8,zm,train,9
17866,zm2_8_img083.jpg,zm2_8,zm,train,9
17867,zm2_8_img084.jpg,zm2_8,zm,train,9
17868,zm2_8_img085.jpg,zm2_8,zm,train,9
17869,zm2_8_img086.jpg,zm2_8,zm,train,9
17870,zm2_8_img087.jpg,zm2_8,zm,train,9
17871,zm2_8_img088.jpg,zm2_8,zm,train,9
17872,zm2_8_img089.jpg,zm2_8,zm,train,9
17873,zm2_8_img090.jpg,zm2_8,zm,train,9
17874,zm2_8_img091.jpg,zm2_8,zm,train,9
17875,zm2_8_img092.jpg,zm2_8,zm,train,9
17876,zm2_8_img093.jpg,zm2_8,zm,train,9
17877,zm2_8_img094.jpg,zm2_8,zm,train,9
17878,zm2_8_img095.jpg,zm2_8,zm,train,9
17879,zm2_8_img096.jpg,zm2_8,zm,train,9
17880,zm2_8_img097.jpg,zm2_8,zm,train,9
17881,zm2_9_img001.jpg,zm2_9,zm,train,10
17882,zm2_9_img002.jpg,zm2_9,zm,train,10
17883,zm2_9_img003.jpg,zm2_9,zm,train,10
17884,zm2_9_img004.jpg,zm2_9,zm,train,10
17885,zm2_9_img005.jpg,zm2_9,zm,train,10
17886,zm2_9_img006.jpg,zm2_9,zm,train,10
17887,zm2_9_img007.jpg,zm2_9,zm,train,10
17888,zm2_9_img008.jpg,zm2_9,zm,train,10
17889,zm2_9_img009.jpg,zm2_9,zm,train,10
17890,zm2_9_img010.jpg,zm2_9,zm,train,10
17891,zm2_9_img011.jpg,zm2_9,zm,train,10
17892,zm2_9_img012.jpg,zm2_9,zm,train,10
17893,zm2_9_img013.jpg,zm2_9,zm,train,10
17894,zm2_9_img014.jpg,zm2_9,zm,train,10
17895,zm2_9_img015.jpg,zm2_9,zm,train,10
17896,zm2_9_img016.jpg,zm2_9,zm,train,10
17897,zm2_9_img017.jpg,zm2_9,zm,train,10
17898,zm2_9_img018.jpg,zm2_9,zm,train,10
17899,zm2_9_img019.jpg,zm2_9,zm,train,10
17900,zm2_9_img020.jpg,zm2_9,zm,train,10
17901,zm2_9_img021.jpg,zm2_9,zm,train,10
17902,zm2_9_img022.jpg,zm2_9,zm,train,10
17903,zm2_9_img023.jpg,zm2_9,zm,train,10
17904,zm2_9_img024.jpg,zm2_9,zm,train,10
17905,zm2_9_img025.jpg,zm2_9,zm,train,10
17906,zm2_9_img026.jpg,zm2_9,zm,train,10
17907,zm2_9_img027.jpg,zm2_9,zm,train,10
17908,zm2_9_img028.jpg,zm2_9,zm,train,10
17909,zm2_9_img029.jpg,zm2_9,zm,train,10
17910,zm2_9_img030.jpg,zm2_9,zm,train,10
17911,zm2_9_img031.jpg,zm2_9,zm,train,10
17912,zm2_9_img032.jpg,zm2_9,zm,train,10
17913,zm2_9_img033.jpg,zm2_9,zm,train,10
17914,zm2_9_img034.jpg,zm2_9,zm,train,10
17915,zm2_9_img035.jpg,zm2_9,zm,train,10
17916,zm2_9_img036.jpg,zm2_9,zm,train,10
17917,zm2_9_img037.jpg,zm2_9,zm,train,10
17918,zm2_9_img038.jpg,zm2_9,zm,train,10
17919,zm2_9_img039.jpg,zm2_9,zm,train,10
17920,zm2_9_img040.jpg,zm2_9,zm,train,10
17921,zm2_9_img041.jpg,zm2_9,zm,train,10
17922,zm2_9_img042.jpg,zm2_9,zm,train,10
17923,zm2_9_img043.jpg,zm2_9,zm,train,10
17924,zm2_9_img044.jpg,zm2_9,zm,train,10
17925,zm2_9_img045.jpg,zm2_9,zm,train,10
17926,zm2_9_img046.jpg,zm2_9,zm,train,10
17927,zm2_9_img047.jpg,zm2_9,zm,train,10
17928,zm2_9_img048.jpg,zm2_9,zm,train,10
17929,zm2_9_img049.jpg,zm2_9,zm,train,10
17930,zm2_9_img050.jpg,zm2_9,zm,train,10
17931,zm2_9_img051.jpg,zm2_9,zm,train,10
17932,zm2_9_img052.jpg,zm2_9,zm,train,10
17933,zm2_9_img053.jpg,zm2_9,zm,train,10
17934,zm2_9_img054.jpg,zm2_9,zm,train,10
17935,zm2_9_img055.jpg,zm2_9,zm,train,10
17936,zm2_9_img056.jpg,zm2_9,zm,train,10
17937,zm2_9_img057.jpg,zm2_9,zm,train,10
17938,zm2_9_img058.jpg,zm2_9,zm,train,10
17939,zm2_9_img059.jpg,zm2_9,zm,train,10
17940,zm2_9_img060.jpg,zm2_9,zm,train,10
17941,zm2_9_img061.jpg,zm2_9,zm,train,10
17942,zm2_9_img062.jpg,zm2_9,zm,train,10
17943,zm2_9_img063.jpg,zm2_9,zm,train,10
17944,zm2_9_img064.jpg,zm2_9,zm,train,10
17945,zm2_9_img065.jpg,zm2_9,zm,train,10
17946,zm2_9_img066.jpg,zm2_9,zm,train,10
17947,zm2_9_img067.jpg,zm2_9,zm,train,10
17948,zm2_9_img068.jpg,zm2_9,zm,train,10
17949,zm2_9_img069.jpg,zm2_9,zm,train,10
17950,zm2_9_img070.jpg,zm2_9,zm,train,10
17951,zm2_9_img071.jpg,zm2_9,zm,train,10
17952,zm2_9_img072.jpg,zm2_9,zm,train,10
17953,zm2_9_img073.jpg,zm2_9,zm,train,10
17954,zm2_9_img074.jpg,zm2_9,zm,train,10
17955,zm2_9_img075.jpg,zm2_9,zm,train,10
17956,zm2_9_img076.jpg,zm2_9,zm,train,10
17957,zm2_9_img077.jpg,zm2_9,zm,train,10
17958,zm2_9_img078.jpg,zm2_9,zm,train,10
17959,zm2_9_img079.jpg,zm2_9,zm,train,10
17960,zm2_9_img080.jpg,zm2_9,zm,train,10
17961,zm2_9_img081.jpg,zm2_9,zm,train,10
17962,zm2_9_img082.jpg,zm2_9,zm,train,10
17963,zm2_9_img083.jpg,zm2_9,zm,train,10
17964,zm2_9_img084.jpg,zm2_9,zm,train,10
17965,zm2_9_img085.jpg,zm2_9,zm,train,10
17966,zm2_9_img086.jpg,zm2_9,zm,train,10
17967,zm2_9_img087.jpg,zm2_9,zm,train,10
17968,zm2_9_img088.jpg,zm2_9,zm,train,10
17969,zm2_9_img089.jpg,zm2_9,zm,train,10
17970,zm2_9_img090.jpg,zm2_9,zm,train,10
17971,zm2_9_img091.jpg,zm2_9,zm,train,10
17972,zm2_9_img092.jpg,zm2_9,zm,train,10
17973,zm2_9_img093.jpg,zm2_9,zm,train,10
17974,zm2_9_img094.jpg,zm2_9,zm,train,10
17975,zm2_9_img095.jpg,zm2_9,zm,train,10
17976,zm2_9_img096.jpg,zm2_9,zm,train,10
17977,zm2_9_img097.jpg,zm2_9,zm,train,10
17978,zm3_10_img001.jpg,zm3_10,zm,train,9
17979,zm3_10_img002.jpg,zm3_10,zm,train,9
17980,zm3_10_img003.jpg,zm3_10,zm,train,9
17981,zm3_10_img004.jpg,zm3_10,zm,train,9
17982,zm3_10_img005.jpg,zm3_10,zm,train,9
17983,zm3_10_img006.jpg,zm3_10,zm,train,9
17984,zm3_10_img007.jpg,zm3_10,zm,train,9
17985,zm3_10_img008.jpg,zm3_10,zm,train,9
17986,zm3_10_img009.jpg,zm3_10,zm,train,9
17987,zm3_10_img010.jpg,zm3_10,zm,train,9
17988,zm3_10_img011.jpg,zm3_10,zm,train,9
17989,zm3_10_img012.jpg,zm3_10,zm,train,9
17990,zm3_10_img013.jpg,zm3_10,zm,train,9
17991,zm3_10_img014.jpg,zm3_10,zm,train,9
17992,zm3_10_img015.jpg,zm3_10,zm,train,9
17993,zm3_10_img016.jpg,zm3_10,zm,train,9
17994,zm3_10_img017.jpg,zm3_10,zm,train,9
17995,zm3_10_img018.jpg,zm3_10,zm,train,9
17996,zm3_10_img019.jpg,zm3_10,zm,train,9
17997,zm3_10_img020.jpg,zm3_10,zm,train,9
17998,zm3_10_img021.jpg,zm3_10,zm,train,9
17999,zm3_10_img022.jpg,zm3_10,zm,train,9
18000,zm3_10_img023.jpg,zm3_10,zm,train,9
18001,zm3_10_img024.jpg,zm3_10,zm,train,9
18002,zm3_10_img025.jpg,zm3_10,zm,train,9
18003,zm3_10_img026.jpg,zm3_10,zm,train,9
18004,zm3_10_img027.jpg,zm3_10,zm,train,9
18005,zm3_10_img028.jpg,zm3_10,zm,train,9
18006,zm3_10_img029.jpg,zm3_10,zm,train,9
18007,zm3_10_img030.jpg,zm3_10,zm,train,9
18008,zm3_10_img031.jpg,zm3_10,zm,train,9
18009,zm3_10_img032.jpg,zm3_10,zm,train,9
18010,zm3_10_img033.jpg,zm3_10,zm,train,9
18011,zm3_10_img034.jpg,zm3_10,zm,train,9
18012,zm3_10_img035.jpg,zm3_10,zm,train,9
18013,zm3_10_img036.jpg,zm3_10,zm,train,9
18014,zm3_10_img037.jpg,zm3_10,zm,train,9
18015,zm3_10_img038.jpg,zm3_10,zm,train,9
18016,zm3_10_img039.jpg,zm3_10,zm,train,9
18017,zm3_10_img040.jpg,zm3_10,zm,train,9
18018,zm3_10_img041.jpg,zm3_10,zm,train,9
18019,zm3_10_img042.jpg,zm3_10,zm,train,9
18020,zm3_10_img043.jpg,zm3_10,zm,train,9
18021,zm3_10_img044.jpg,zm3_10,zm,train,9
18022,zm3_10_img045.jpg,zm3_10,zm,train,9
18023,zm3_10_img046.jpg,zm3_10,zm,train,9
18024,zm3_10_img047.jpg,zm3_10,zm,train,9
18025,zm3_10_img048.jpg,zm3_10,zm,train,9
18026,zm3_10_img049.jpg,zm3_10,zm,train,9
18027,zm3_10_img050.jpg,zm3_10,zm,train,9
18028,zm3_10_img051.jpg,zm3_10,zm,train,9
18029,zm3_10_img052.jpg,zm3_10,zm,train,9
18030,zm3_10_img053.jpg,zm3_10,zm,train,9
18031,zm3_10_img054.jpg,zm3_10,zm,train,9
18032,zm3_10_img055.jpg,zm3_10,zm,train,9
18033,zm3_10_img056.jpg,zm3_10,zm,train,9
18034,zm3_10_img057.jpg,zm3_10,zm,train,9
18035,zm3_10_img058.jpg,zm3_10,zm,train,9
18036,zm3_10_img059.jpg,zm3_10,zm,train,9
18037,zm3_10_img060.jpg,zm3_10,zm,train,9
18038,zm3_10_img061.jpg,zm3_10,zm,train,9
18039,zm3_10_img062.jpg,zm3_10,zm,train,9
18040,zm3_10_img063.jpg,zm3_10,zm,train,9
18041,zm3_10_img064.jpg,zm3_10,zm,train,9
18042,zm3_10_img065.jpg,zm3_10,zm,train,9
18043,zm3_10_img066.jpg,zm3_10,zm,train,9
18044,zm3_10_img067.jpg,zm3_10,zm,train,9
18045,zm3_10_img068.jpg,zm3_10,zm,train,9
18046,zm3_10_img069.jpg,zm3_10,zm,train,9
18047,zm3_10_img070.jpg,zm3_10,zm,train,9
18048,zm3_10_img071.jpg,zm3_10,zm,train,9
18049,zm3_10_img072.jpg,zm3_10,zm,train,9
18050,zm3_10_img073.jpg,zm3_10,zm,train,9
18051,zm3_10_img074.jpg,zm3_10,zm,train,9
18052,zm3_10_img075.jpg,zm3_10,zm,train,9
18053,zm3_10_img076.jpg,zm3_10,zm,train,9
18054,zm3_10_img077.jpg,zm3_10,zm,train,9
18055,zm3_10_img078.jpg,zm3_10,zm,train,9
18056,zm3_10_img079.jpg,zm3_10,zm,train,9
18057,zm3_10_img080.jpg,zm3_10,zm,train,9
18058,zm3_10_img081.jpg,zm3_10,zm,train,9
18059,zm3_10_img082.jpg,zm3_10,zm,train,9
18060,zm3_10_img083.jpg,zm3_10,zm,train,9
18061,zm3_10_img084.jpg,zm3_10,zm,train,9
18062,zm3_10_img085.jpg,zm3_10,zm,train,9
18063,zm3_10_img086.jpg,zm3_10,zm,train,9
18064,zm3_10_img087.jpg,zm3_10,zm,train,9
18065,zm3_10_img088.jpg,zm3_10,zm,train,9
18066,zm3_10_img089.jpg,zm3_10,zm,train,9
18067,zm3_10_img090.jpg,zm3_10,zm,train,9
18068,zm3_10_img091.jpg,zm3_10,zm,train,9
18069,zm3_10_img092.jpg,zm3_10,zm,train,9
18070,zm3_10_img093.jpg,zm3_10,zm,train,9
18071,zm3_10_img094.jpg,zm3_10,zm,train,9
18072,zm3_10_img095.jpg,zm3_10,zm,train,9
18073,zm3_10_img096.jpg,zm3_10,zm,train,9
18074,zm3_10_img097.jpg,zm3_10,zm,train,9
18075,zm3_11_img001.jpg,zm3_11,zm,train,10
18076,zm3_11_img002.jpg,zm3_11,zm,train,10
18077,zm3_11_img003.jpg,zm3_11,zm,train,10
18078,zm3_11_img004.jpg,zm3_11,zm,train,10
18079,zm3_11_img005.jpg,zm3_11,zm,train,10
18080,zm3_11_img006.jpg,zm3_11,zm,train,10
18081,zm3_11_img007.jpg,zm3_11,zm,train,10
18082,zm3_11_img008.jpg,zm3_11,zm,train,10
18083,zm3_11_img009.jpg,zm3_11,zm,train,10
18084,zm3_11_img010.jpg,zm3_11,zm,train,10
18085,zm3_11_img011.jpg,zm3_11,zm,train,10
18086,zm3_11_img012.jpg,zm3_11,zm,train,10
18087,zm3_11_img013.jpg,zm3_11,zm,train,10
18088,zm3_11_img014.jpg,zm3_11,zm,train,10
18089,zm3_11_img015.jpg,zm3_11,zm,train,10
18090,zm3_11_img016.jpg,zm3_11,zm,train,10
18091,zm3_11_img017.jpg,zm3_11,zm,train,10
18092,zm3_11_img018.jpg,zm3_11,zm,train,10
18093,zm3_11_img019.jpg,zm3_11,zm,train,10
18094,zm3_11_img020.jpg,zm3_11,zm,train,10
18095,zm3_11_img021.jpg,zm3_11,zm,train,10
18096,zm3_11_img022.jpg,zm3_11,zm,train,10
18097,zm3_11_img023.jpg,zm3_11,zm,train,10
18098,zm3_11_img024.jpg,zm3_11,zm,train,10
18099,zm3_11_img025.jpg,zm3_11,zm,train,10
18100,zm3_11_img026.jpg,zm3_11,zm,train,10
18101,zm3_11_img027.jpg,zm3_11,zm,train,10
18102,zm3_11_img028.jpg,zm3_11,zm,train,10
18103,zm3_11_img029.jpg,zm3_11,zm,train,10
18104,zm3_11_img030.jpg,zm3_11,zm,train,10
18105,zm3_11_img031.jpg,zm3_11,zm,train,10
18106,zm3_11_img032.jpg,zm3_11,zm,train,10
18107,zm3_11_img033.jpg,zm3_11,zm,train,10
18108,zm3_11_img034.jpg,zm3_11,zm,train,10
18109,zm3_11_img035.jpg,zm3_11,zm,train,10
18110,zm3_11_img036.jpg,zm3_11,zm,train,10
18111,zm3_11_img037.jpg,zm3_11,zm,train,10
18112,zm3_11_img038.jpg,zm3_11,zm,train,10
18113,zm3_11_img039.jpg,zm3_11,zm,train,10
18114,zm3_11_img040.jpg,zm3_11,zm,train,10
18115,zm3_11_img041.jpg,zm3_11,zm,train,10
18116,zm3_11_img042.jpg,zm3_11,zm,train,10
18117,zm3_11_img043.jpg,zm3_11,zm,train,10
18118,zm3_11_img044.jpg,zm3_11,zm,train,10
18119,zm3_11_img045.jpg,zm3_11,zm,train,10
18120,zm3_11_img046.jpg,zm3_11,zm,train,10
18121,zm3_11_img047.jpg,zm3_11,zm,train,10
18122,zm3_11_img048.jpg,zm3_11,zm,train,10
18123,zm3_11_img049.jpg,zm3_11,zm,train,10
18124,zm3_11_img050.jpg,zm3_11,zm,train,10
18125,zm3_11_img051.jpg,zm3_11,zm,train,10
18126,zm3_11_img052.jpg,zm3_11,zm,train,10
18127,zm3_11_img053.jpg,zm3_11,zm,train,10
18128,zm3_11_img054.jpg,zm3_11,zm,train,10
18129,zm3_11_img055.jpg,zm3_11,zm,train,10
18130,zm3_11_img056.jpg,zm3_11,zm,train,10
18131,zm3_11_img057.jpg,zm3_11,zm,train,10
18132,zm3_11_img058.jpg,zm3_11,zm,train,10
18133,zm3_11_img059.jpg,zm3_11,zm,train,10
18134,zm3_11_img060.jpg,zm3_11,zm,train,10
18135,zm3_11_img061.jpg,zm3_11,zm,train,10
18136,zm3_11_img062.jpg,zm3_11,zm,train,10
18137,zm3_11_img063.jpg,zm3_11,zm,train,10
18138,zm3_11_img064.jpg,zm3_11,zm,train,10
18139,zm3_11_img065.jpg,zm3_11,zm,train,10
18140,zm3_11_img066.jpg,zm3_11,zm,train,10
18141,zm3_11_img067.jpg,zm3_11,zm,train,10
18142,zm3_11_img068.jpg,zm3_11,zm,train,10
18143,zm3_11_img069.jpg,zm3_11,zm,train,10
18144,zm3_11_img070.jpg,zm3_11,zm,train,10
18145,zm3_11_img071.jpg,zm3_11,zm,train,10
18146,zm3_11_img072.jpg,zm3_11,zm,train,10
18147,zm3_11_img073.jpg,zm3_11,zm,train,10
18148,zm3_11_img074.jpg,zm3_11,zm,train,10
18149,zm3_11_img075.jpg,zm3_11,zm,train,10
18150,zm3_11_img076.jpg,zm3_11,zm,train,10
18151,zm3_11_img077.jpg,zm3_11,zm,train,10
18152,zm3_11_img078.jpg,zm3_11,zm,train,10
18153,zm3_11_img079.jpg,zm3_11,zm,train,10
18154,zm3_11_img080.jpg,zm3_11,zm,train,10
18155,zm3_11_img081.jpg,zm3_11,zm,train,10
18156,zm3_11_img082.jpg,zm3_11,zm,train,10
18157,zm3_11_img083.jpg,zm3_11,zm,train,10
18158,zm3_11_img084.jpg,zm3_11,zm,train,10
18159,zm3_11_img085.jpg,zm3_11,zm,train,10
18160,zm3_11_img086.jpg,zm3_11,zm,train,10
18161,zm3_11_img087.jpg,zm3_11,zm,train,10
18162,zm3_11_img088.jpg,zm3_11,zm,train,10
18163,zm3_11_img089.jpg,zm3_11,zm,train,10
18164,zm3_11_img090.jpg,zm3_11,zm,train,10
18165,zm3_11_img091.jpg,zm3_11,zm,train,10
18166,zm3_11_img092.jpg,zm3_11,zm,train,10
18167,zm3_11_img093.jpg,zm3_11,zm,train,10
18168,zm3_11_img094.jpg,zm3_11,zm,train,10
18169,zm3_11_img095.jpg,zm3_11,zm,train,10
18170,zm3_11_img096.jpg,zm3_11,zm,train,10
18171,zm3_11_img097.jpg,zm3_11,zm,train,10
18172,zm3_12_img001.jpg,zm3_12,zm,train,10
18173,zm3_12_img002.jpg,zm3_12,zm,train,10
18174,zm3_12_img003.jpg,zm3_12,zm,train,10
18175,zm3_12_img004.jpg,zm3_12,zm,train,10
18176,zm3_12_img005.jpg,zm3_12,zm,train,10
18177,zm3_12_img006.jpg,zm3_12,zm,train,10
18178,zm3_12_img007.jpg,zm3_12,zm,train,10
18179,zm3_12_img008.jpg,zm3_12,zm,train,10
18180,zm3_12_img009.jpg,zm3_12,zm,train,10
18181,zm3_12_img010.jpg,zm3_12,zm,train,10
18182,zm3_12_img011.jpg,zm3_12,zm,train,10
18183,zm3_12_img012.jpg,zm3_12,zm,train,10
18184,zm3_12_img013.jpg,zm3_12,zm,train,10
18185,zm3_12_img014.jpg,zm3_12,zm,train,10
18186,zm3_12_img015.jpg,zm3_12,zm,train,10
18187,zm3_12_img016.jpg,zm3_12,zm,train,10
18188,zm3_12_img017.jpg,zm3_12,zm,train,10
18189,zm3_12_img018.jpg,zm3_12,zm,train,10
18190,zm3_12_img019.jpg,zm3_12,zm,train,10
18191,zm3_12_img020.jpg,zm3_12,zm,train,10
18192,zm3_12_img021.jpg,zm3_12,zm,train,10
18193,zm3_12_img022.jpg,zm3_12,zm,train,10
18194,zm3_12_img023.jpg,zm3_12,zm,train,10
18195,zm3_12_img024.jpg,zm3_12,zm,train,10
18196,zm3_12_img025.jpg,zm3_12,zm,train,10
18197,zm3_12_img026.jpg,zm3_12,zm,train,10
18198,zm3_12_img027.jpg,zm3_12,zm,train,10
18199,zm3_12_img028.jpg,zm3_12,zm,train,10
18200,zm3_12_img029.jpg,zm3_12,zm,train,10
18201,zm3_12_img030.jpg,zm3_12,zm,train,10
18202,zm3_12_img031.jpg,zm3_12,zm,train,10
18203,zm3_12_img032.jpg,zm3_12,zm,train,10
18204,zm3_12_img033.jpg,zm3_12,zm,train,10
18205,zm3_12_img034.jpg,zm3_12,zm,train,10
18206,zm3_12_img035.jpg,zm3_12,zm,train,10
18207,zm3_12_img036.jpg,zm3_12,zm,train,10
18208,zm3_12_img037.jpg,zm3_12,zm,train,10
18209,zm3_12_img038.jpg,zm3_12,zm,train,10
18210,zm3_12_img039.jpg,zm3_12,zm,train,10
18211,zm3_12_img040.jpg,zm3_12,zm,train,10
18212,zm3_12_img041.jpg,zm3_12,zm,train,10
18213,zm3_12_img042.jpg,zm3_12,zm,train,10
18214,zm3_12_img043.jpg,zm3_12,zm,train,10
18215,zm3_12_img044.jpg,zm3_12,zm,train,10
18216,zm3_12_img045.jpg,zm3_12,zm,train,10
18217,zm3_12_img046.jpg,zm3_12,zm,train,10
18218,zm3_12_img047.jpg,zm3_12,zm,train,10
18219,zm3_12_img048.jpg,zm3_12,zm,train,10
18220,zm3_12_img049.jpg,zm3_12,zm,train,10
18221,zm3_12_img050.jpg,zm3_12,zm,train,10
18222,zm3_12_img051.jpg,zm3_12,zm,train,10
18223,zm3_12_img052.jpg,zm3_12,zm,train,10
18224,zm3_12_img053.jpg,zm3_12,zm,train,10
18225,zm3_12_img054.jpg,zm3_12,zm,train,10
18226,zm3_12_img055.jpg,zm3_12,zm,train,10
18227,zm3_12_img056.jpg,zm3_12,zm,train,10
18228,zm3_12_img057.jpg,zm3_12,zm,train,10
18229,zm3_12_img058.jpg,zm3_12,zm,train,10
18230,zm3_12_img059.jpg,zm3_12,zm,train,10
18231,zm3_12_img060.jpg,zm3_12,zm,train,10
18232,zm3_12_img061.jpg,zm3_12,zm,train,10
18233,zm3_12_img062.jpg,zm3_12,zm,train,10
18234,zm3_12_img063.jpg,zm3_12,zm,train,10
18235,zm3_12_img064.jpg,zm3_12,zm,train,10
18236,zm3_12_img065.jpg,zm3_12,zm,train,10
18237,zm3_12_img066.jpg,zm3_12,zm,train,10
18238,zm3_12_img067.jpg,zm3_12,zm,train,10
18239,zm3_12_img068.jpg,zm3_12,zm,train,10
18240,zm3_12_img069.jpg,zm3_12,zm,train,10
18241,zm3_12_img070.jpg,zm3_12,zm,train,10
18242,zm3_12_img071.jpg,zm3_12,zm,train,10
18243,zm3_12_img072.jpg,zm3_12,zm,train,10
18244,zm3_12_img073.jpg,zm3_12,zm,train,10
18245,zm3_12_img074.jpg,zm3_12,zm,train,10
18246,zm3_12_img075.jpg,zm3_12,zm,train,10
18247,zm3_12_img076.jpg,zm3_12,zm,train,10
18248,zm3_12_img077.jpg,zm3_12,zm,train,10
18249,zm3_12_img078.jpg,zm3_12,zm,train,10
18250,zm3_12_img079.jpg,zm3_12,zm,train,10
18251,zm3_12_img080.jpg,zm3_12,zm,train,10
18252,zm3_12_img081.jpg,zm3_12,zm,train,10
18253,zm3_12_img082.jpg,zm3_12,zm,train,10
18254,zm3_12_img083.jpg,zm3_12,zm,train,10
18255,zm3_12_img084.jpg,zm3_12,zm,train,10
18256,zm3_12_img085.jpg,zm3_12,zm,train,10
18257,zm3_12_img086.jpg,zm3_12,zm,train,10
18258,zm3_12_img087.jpg,zm3_12,zm,train,10
18259,zm3_12_img088.jpg,zm3_12,zm,train,10
18260,zm3_12_img089.jpg,zm3_12,zm,train,10
18261,zm3_12_img090.jpg,zm3_12,zm,train,10
18262,zm3_12_img091.jpg,zm3_12,zm,train,10
18263,zm3_12_img092.jpg,zm3_12,zm,train,10
18264,zm3_12_img093.jpg,zm3_12,zm,train,10
18265,zm3_12_img094.jpg,zm3_12,zm,train,10
18266,zm3_12_img095.jpg,zm3_12,zm,train,10
18267,zm3_12_img096.jpg,zm3_12,zm,train,10
18268,zm3_12_img097.jpg,zm3_12,zm,train,10
18269,zm3_1_img001.jpg,zm3_1,zm,train,9
18270,zm3_1_img002.jpg,zm3_1,zm,train,9
18271,zm3_1_img003.jpg,zm3_1,zm,train,9
18272,zm3_1_img004.jpg,zm3_1,zm,train,9
18273,zm3_1_img005.jpg,zm3_1,zm,train,9
18274,zm3_1_img006.jpg,zm3_1,zm,train,9
18275,zm3_1_img007.jpg,zm3_1,zm,train,9
18276,zm3_1_img008.jpg,zm3_1,zm,train,9
18277,zm3_1_img009.jpg,zm3_1,zm,train,9
18278,zm3_1_img010.jpg,zm3_1,zm,train,9
18279,zm3_1_img011.jpg,zm3_1,zm,train,9
18280,zm3_1_img012.jpg,zm3_1,zm,train,9
18281,zm3_1_img013.jpg,zm3_1,zm,train,9
18282,zm3_1_img014.jpg,zm3_1,zm,train,9
18283,zm3_1_img015.jpg,zm3_1,zm,train,9
18284,zm3_1_img016.jpg,zm3_1,zm,train,9
18285,zm3_1_img017.jpg,zm3_1,zm,train,9
18286,zm3_1_img018.jpg,zm3_1,zm,train,9
18287,zm3_1_img019.jpg,zm3_1,zm,train,9
18288,zm3_1_img020.jpg,zm3_1,zm,train,9
18289,zm3_1_img021.jpg,zm3_1,zm,train,9
18290,zm3_1_img022.jpg,zm3_1,zm,train,9
18291,zm3_1_img023.jpg,zm3_1,zm,train,9
18292,zm3_1_img024.jpg,zm3_1,zm,train,9
18293,zm3_1_img025.jpg,zm3_1,zm,train,9
18294,zm3_1_img026.jpg,zm3_1,zm,train,9
18295,zm3_1_img027.jpg,zm3_1,zm,train,9
18296,zm3_1_img028.jpg,zm3_1,zm,train,9
18297,zm3_1_img029.jpg,zm3_1,zm,train,9
18298,zm3_1_img030.jpg,zm3_1,zm,train,9
18299,zm3_1_img031.jpg,zm3_1,zm,train,9
18300,zm3_1_img032.jpg,zm3_1,zm,train,9
18301,zm3_1_img033.jpg,zm3_1,zm,train,9
18302,zm3_1_img034.jpg,zm3_1,zm,train,9
18303,zm3_1_img035.jpg,zm3_1,zm,train,9
18304,zm3_1_img036.jpg,zm3_1,zm,train,9
18305,zm3_1_img037.jpg,zm3_1,zm,train,9
18306,zm3_1_img038.jpg,zm3_1,zm,train,9
18307,zm3_1_img039.jpg,zm3_1,zm,train,9
18308,zm3_1_img040.jpg,zm3_1,zm,train,9
18309,zm3_1_img041.jpg,zm3_1,zm,train,9
18310,zm3_1_img042.jpg,zm3_1,zm,train,9
18311,zm3_1_img043.jpg,zm3_1,zm,train,9
18312,zm3_1_img044.jpg,zm3_1,zm,train,9
18313,zm3_1_img045.jpg,zm3_1,zm,train,9
18314,zm3_1_img046.jpg,zm3_1,zm,train,9
18315,zm3_1_img047.jpg,zm3_1,zm,train,9
18316,zm3_1_img048.jpg,zm3_1,zm,train,9
18317,zm3_1_img049.jpg,zm3_1,zm,train,9
18318,zm3_1_img050.jpg,zm3_1,zm,train,9
18319,zm3_1_img051.jpg,zm3_1,zm,train,9
18320,zm3_1_img052.jpg,zm3_1,zm,train,9
18321,zm3_1_img053.jpg,zm3_1,zm,train,9
18322,zm3_1_img054.jpg,zm3_1,zm,train,9
18323,zm3_1_img055.jpg,zm3_1,zm,train,9
18324,zm3_1_img056.jpg,zm3_1,zm,train,9
18325,zm3_1_img057.jpg,zm3_1,zm,train,9
18326,zm3_1_img058.jpg,zm3_1,zm,train,9
18327,zm3_1_img059.jpg,zm3_1,zm,train,9
18328,zm3_1_img060.jpg,zm3_1,zm,train,9
18329,zm3_1_img061.jpg,zm3_1,zm,train,9
18330,zm3_1_img062.jpg,zm3_1,zm,train,9
18331,zm3_1_img063.jpg,zm3_1,zm,train,9
18332,zm3_1_img064.jpg,zm3_1,zm,train,9
18333,zm3_1_img065.jpg,zm3_1,zm,train,9
18334,zm3_1_img066.jpg,zm3_1,zm,train,9
18335,zm3_1_img067.jpg,zm3_1,zm,train,9
18336,zm3_1_img068.jpg,zm3_1,zm,train,9
18337,zm3_1_img069.jpg,zm3_1,zm,train,9
18338,zm3_1_img070.jpg,zm3_1,zm,train,9
18339,zm3_1_img071.jpg,zm3_1,zm,train,9
18340,zm3_1_img072.jpg,zm3_1,zm,train,9
18341,zm3_1_img073.jpg,zm3_1,zm,train,9
18342,zm3_1_img074.jpg,zm3_1,zm,train,9
18343,zm3_1_img075.jpg,zm3_1,zm,train,9
18344,zm3_1_img076.jpg,zm3_1,zm,train,9
18345,zm3_1_img077.jpg,zm3_1,zm,train,9
18346,zm3_1_img078.jpg,zm3_1,zm,train,9
18347,zm3_1_img079.jpg,zm3_1,zm,train,9
18348,zm3_1_img080.jpg,zm3_1,zm,train,9
18349,zm3_1_img081.jpg,zm3_1,zm,train,9
18350,zm3_1_img082.jpg,zm3_1,zm,train,9
18351,zm3_1_img083.jpg,zm3_1,zm,train,9
18352,zm3_1_img084.jpg,zm3_1,zm,train,9
18353,zm3_1_img085.jpg,zm3_1,zm,train,9
18354,zm3_1_img086.jpg,zm3_1,zm,train,9
18355,zm3_1_img087.jpg,zm3_1,zm,train,9
18356,zm3_1_img088.jpg,zm3_1,zm,train,9
18357,zm3_1_img089.jpg,zm3_1,zm,train,9
18358,zm3_1_img090.jpg,zm3_1,zm,train,9
18359,zm3_1_img091.jpg,zm3_1,zm,train,9
18360,zm3_1_img092.jpg,zm3_1,zm,train,9
18361,zm3_1_img093.jpg,zm3_1,zm,train,9
18362,zm3_1_img094.jpg,zm3_1,zm,train,9
18363,zm3_1_img095.jpg,zm3_1,zm,train,9
18364,zm3_1_img096.jpg,zm3_1,zm,train,9
18365,zm3_1_img097.jpg,zm3_1,zm,train,9
18366,zm3_2_img001.jpg,zm3_2,zm,train,10
18367,zm3_2_img002.jpg,zm3_2,zm,train,10
18368,zm3_2_img003.jpg,zm3_2,zm,train,10
18369,zm3_2_img004.jpg,zm3_2,zm,train,10
18370,zm3_2_img005.jpg,zm3_2,zm,train,10
18371,zm3_2_img006.jpg,zm3_2,zm,train,10
18372,zm3_2_img007.jpg,zm3_2,zm,train,10
18373,zm3_2_img008.jpg,zm3_2,zm,train,10
18374,zm3_2_img009.jpg,zm3_2,zm,train,10
18375,zm3_2_img010.jpg,zm3_2,zm,train,10
18376,zm3_2_img011.jpg,zm3_2,zm,train,10
18377,zm3_2_img012.jpg,zm3_2,zm,train,10
18378,zm3_2_img013.jpg,zm3_2,zm,train,10
18379,zm3_2_img014.jpg,zm3_2,zm,train,10
18380,zm3_2_img015.jpg,zm3_2,zm,train,10
18381,zm3_2_img016.jpg,zm3_2,zm,train,10
18382,zm3_2_img017.jpg,zm3_2,zm,train,10
18383,zm3_2_img018.jpg,zm3_2,zm,train,10
18384,zm3_2_img019.jpg,zm3_2,zm,train,10
18385,zm3_2_img020.jpg,zm3_2,zm,train,10
18386,zm3_2_img021.jpg,zm3_2,zm,train,10
18387,zm3_2_img022.jpg,zm3_2,zm,train,10
18388,zm3_2_img023.jpg,zm3_2,zm,train,10
18389,zm3_2_img024.jpg,zm3_2,zm,train,10
18390,zm3_2_img025.jpg,zm3_2,zm,train,10
18391,zm3_2_img026.jpg,zm3_2,zm,train,10
18392,zm3_2_img027.jpg,zm3_2,zm,train,10
18393,zm3_2_img028.jpg,zm3_2,zm,train,10
18394,zm3_2_img029.jpg,zm3_2,zm,train,10
18395,zm3_2_img030.jpg,zm3_2,zm,train,10
18396,zm3_2_img031.jpg,zm3_2,zm,train,10
18397,zm3_2_img032.jpg,zm3_2,zm,train,10
18398,zm3_2_img033.jpg,zm3_2,zm,train,10
18399,zm3_2_img034.jpg,zm3_2,zm,train,10
18400,zm3_2_img035.jpg,zm3_2,zm,train,10
18401,zm3_2_img036.jpg,zm3_2,zm,train,10
18402,zm3_2_img037.jpg,zm3_2,zm,train,10
18403,zm3_2_img038.jpg,zm3_2,zm,train,10
18404,zm3_2_img039.jpg,zm3_2,zm,train,10
18405,zm3_2_img040.jpg,zm3_2,zm,train,10
18406,zm3_2_img041.jpg,zm3_2,zm,train,10
18407,zm3_2_img042.jpg,zm3_2,zm,train,10
18408,zm3_2_img043.jpg,zm3_2,zm,train,10
18409,zm3_2_img044.jpg,zm3_2,zm,train,10
18410,zm3_2_img045.jpg,zm3_2,zm,train,10
18411,zm3_2_img046.jpg,zm3_2,zm,train,10
18412,zm3_2_img047.jpg,zm3_2,zm,train,10
18413,zm3_2_img048.jpg,zm3_2,zm,train,10
18414,zm3_2_img049.jpg,zm3_2,zm,train,10
18415,zm3_2_img050.jpg,zm3_2,zm,train,10
18416,zm3_2_img051.jpg,zm3_2,zm,train,10
18417,zm3_2_img052.jpg,zm3_2,zm,train,10
18418,zm3_2_img053.jpg,zm3_2,zm,train,10
18419,zm3_2_img054.jpg,zm3_2,zm,train,10
18420,zm3_2_img055.jpg,zm3_2,zm,train,10
18421,zm3_2_img056.jpg,zm3_2,zm,train,10
18422,zm3_2_img057.jpg,zm3_2,zm,train,10
18423,zm3_2_img058.jpg,zm3_2,zm,train,10
18424,zm3_2_img059.jpg,zm3_2,zm,train,10
18425,zm3_2_img060.jpg,zm3_2,zm,train,10
18426,zm3_2_img061.jpg,zm3_2,zm,train,10
18427,zm3_2_img062.jpg,zm3_2,zm,train,10
18428,zm3_2_img063.jpg,zm3_2,zm,train,10
18429,zm3_2_img064.jpg,zm3_2,zm,train,10
18430,zm3_2_img065.jpg,zm3_2,zm,train,10
18431,zm3_2_img066.jpg,zm3_2,zm,train,10
18432,zm3_2_img067.jpg,zm3_2,zm,train,10
18433,zm3_2_img068.jpg,zm3_2,zm,train,10
18434,zm3_2_img069.jpg,zm3_2,zm,train,10
18435,zm3_2_img070.jpg,zm3_2,zm,train,10
18436,zm3_2_img071.jpg,zm3_2,zm,train,10
18437,zm3_2_img072.jpg,zm3_2,zm,train,10
18438,zm3_2_img073.jpg,zm3_2,zm,train,10
18439,zm3_2_img074.jpg,zm3_2,zm,train,10
18440,zm3_2_img075.jpg,zm3_2,zm,train,10
18441,zm3_2_img076.jpg,zm3_2,zm,train,10
18442,zm3_2_img077.jpg,zm3_2,zm,train,10
18443,zm3_2_img078.jpg,zm3_2,zm,train,10
18444,zm3_2_img079.jpg,zm3_2,zm,train,10
18445,zm3_2_img080.jpg,zm3_2,zm,train,10
18446,zm3_2_img081.jpg,zm3_2,zm,train,10
18447,zm3_2_img082.jpg,zm3_2,zm,train,10
18448,zm3_2_img083.jpg,zm3_2,zm,train,10
18449,zm3_2_img084.jpg,zm3_2,zm,train,10
18450,zm3_2_img085.jpg,zm3_2,zm,train,10
18451,zm3_2_img086.jpg,zm3_2,zm,train,10
18452,zm3_2_img087.jpg,zm3_2,zm,train,10
18453,zm3_2_img088.jpg,zm3_2,zm,train,10
18454,zm3_2_img089.jpg,zm3_2,zm,train,10
18455,zm3_2_img090.jpg,zm3_2,zm,train,10
18456,zm3_2_img091.jpg,zm3_2,zm,train,10
18457,zm3_2_img092.jpg,zm3_2,zm,train,10
18458,zm3_2_img093.jpg,zm3_2,zm,train,10
18459,zm3_2_img094.jpg,zm3_2,zm,train,10
18460,zm3_2_img095.jpg,zm3_2,zm,train,10
18461,zm3_2_img096.jpg,zm3_2,zm,train,10
18462,zm3_2_img097.jpg,zm3_2,zm,train,10
18463,zm3_3_img001.jpg,zm3_3,zm,train,10
18464,zm3_3_img002.jpg,zm3_3,zm,train,10
18465,zm3_3_img003.jpg,zm3_3,zm,train,10
18466,zm3_3_img004.jpg,zm3_3,zm,train,10
18467,zm3_3_img005.jpg,zm3_3,zm,train,10
18468,zm3_3_img006.jpg,zm3_3,zm,train,10
18469,zm3_3_img007.jpg,zm3_3,zm,train,10
18470,zm3_3_img008.jpg,zm3_3,zm,train,10
18471,zm3_3_img009.jpg,zm3_3,zm,train,10
18472,zm3_3_img010.jpg,zm3_3,zm,train,10
18473,zm3_3_img011.jpg,zm3_3,zm,train,10
18474,zm3_3_img012.jpg,zm3_3,zm,train,10
18475,zm3_3_img013.jpg,zm3_3,zm,train,10
18476,zm3_3_img014.jpg,zm3_3,zm,train,10
18477,zm3_3_img015.jpg,zm3_3,zm,train,10
18478,zm3_3_img016.jpg,zm3_3,zm,train,10
18479,zm3_3_img017.jpg,zm3_3,zm,train,10
18480,zm3_3_img018.jpg,zm3_3,zm,train,10
18481,zm3_3_img019.jpg,zm3_3,zm,train,10
18482,zm3_3_img020.jpg,zm3_3,zm,train,10
18483,zm3_3_img021.jpg,zm3_3,zm,train,10
18484,zm3_3_img022.jpg,zm3_3,zm,train,10
18485,zm3_3_img023.jpg,zm3_3,zm,train,10
18486,zm3_3_img024.jpg,zm3_3,zm,train,10
18487,zm3_3_img025.jpg,zm3_3,zm,train,10
18488,zm3_3_img026.jpg,zm3_3,zm,train,10
18489,zm3_3_img027.jpg,zm3_3,zm,train,10
18490,zm3_3_img028.jpg,zm3_3,zm,train,10
18491,zm3_3_img029.jpg,zm3_3,zm,train,10
18492,zm3_3_img030.jpg,zm3_3,zm,train,10
18493,zm3_3_img031.jpg,zm3_3,zm,train,10
18494,zm3_3_img032.jpg,zm3_3,zm,train,10
18495,zm3_3_img033.jpg,zm3_3,zm,train,10
18496,zm3_3_img034.jpg,zm3_3,zm,train,10
18497,zm3_3_img035.jpg,zm3_3,zm,train,10
18498,zm3_3_img036.jpg,zm3_3,zm,train,10
18499,zm3_3_img037.jpg,zm3_3,zm,train,10
18500,zm3_3_img038.jpg,zm3_3,zm,train,10
18501,zm3_3_img039.jpg,zm3_3,zm,train,10
18502,zm3_3_img040.jpg,zm3_3,zm,train,10
18503,zm3_3_img041.jpg,zm3_3,zm,train,10
18504,zm3_3_img042.jpg,zm3_3,zm,train,10
18505,zm3_3_img043.jpg,zm3_3,zm,train,10
18506,zm3_3_img044.jpg,zm3_3,zm,train,10
18507,zm3_3_img045.jpg,zm3_3,zm,train,10
18508,zm3_3_img046.jpg,zm3_3,zm,train,10
18509,zm3_3_img047.jpg,zm3_3,zm,train,10
18510,zm3_3_img048.jpg,zm3_3,zm,train,10
18511,zm3_3_img049.jpg,zm3_3,zm,train,10
18512,zm3_3_img050.jpg,zm3_3,zm,train,10
18513,zm3_3_img051.jpg,zm3_3,zm,train,10
18514,zm3_3_img052.jpg,zm3_3,zm,train,10
18515,zm3_3_img053.jpg,zm3_3,zm,train,10
18516,zm3_3_img054.jpg,zm3_3,zm,train,10
18517,zm3_3_img055.jpg,zm3_3,zm,train,10
18518,zm3_3_img056.jpg,zm3_3,zm,train,10
18519,zm3_3_img057.jpg,zm3_3,zm,train,10
18520,zm3_3_img058.jpg,zm3_3,zm,train,10
18521,zm3_3_img059.jpg,zm3_3,zm,train,10
18522,zm3_3_img060.jpg,zm3_3,zm,train,10
18523,zm3_3_img061.jpg,zm3_3,zm,train,10
18524,zm3_3_img062.jpg,zm3_3,zm,train,10
18525,zm3_3_img063.jpg,zm3_3,zm,train,10
18526,zm3_3_img064.jpg,zm3_3,zm,train,10
18527,zm3_3_img065.jpg,zm3_3,zm,train,10
18528,zm3_3_img066.jpg,zm3_3,zm,train,10
18529,zm3_3_img067.jpg,zm3_3,zm,train,10
18530,zm3_3_img068.jpg,zm3_3,zm,train,10
18531,zm3_3_img069.jpg,zm3_3,zm,train,10
18532,zm3_3_img070.jpg,zm3_3,zm,train,10
18533,zm3_3_img071.jpg,zm3_3,zm,train,10
18534,zm3_3_img072.jpg,zm3_3,zm,train,10
18535,zm3_3_img073.jpg,zm3_3,zm,train,10
18536,zm3_3_img074.jpg,zm3_3,zm,train,10
18537,zm3_3_img075.jpg,zm3_3,zm,train,10
18538,zm3_3_img076.jpg,zm3_3,zm,train,10
18539,zm3_3_img077.jpg,zm3_3,zm,train,10
18540,zm3_3_img078.jpg,zm3_3,zm,train,10
18541,zm3_3_img079.jpg,zm3_3,zm,train,10
18542,zm3_3_img080.jpg,zm3_3,zm,train,10
18543,zm3_3_img081.jpg,zm3_3,zm,train,10
18544,zm3_3_img082.jpg,zm3_3,zm,train,10
18545,zm3_3_img083.jpg,zm3_3,zm,train,10
18546,zm3_3_img084.jpg,zm3_3,zm,train,10
18547,zm3_3_img085.jpg,zm3_3,zm,train,10
18548,zm3_3_img086.jpg,zm3_3,zm,train,10
18549,zm3_3_img087.jpg,zm3_3,zm,train,10
18550,zm3_3_img088.jpg,zm3_3,zm,train,10
18551,zm3_3_img089.jpg,zm3_3,zm,train,10
18552,zm3_3_img090.jpg,zm3_3,zm,train,10
18553,zm3_3_img091.jpg,zm3_3,zm,train,10
18554,zm3_3_img092.jpg,zm3_3,zm,train,10
18555,zm3_3_img093.jpg,zm3_3,zm,train,10
18556,zm3_3_img094.jpg,zm3_3,zm,train,10
18557,zm3_3_img095.jpg,zm3_3,zm,train,10
18558,zm3_3_img096.jpg,zm3_3,zm,train,10
18559,zm3_3_img097.jpg,zm3_3,zm,train,10
18560,zm3_4_img001.jpg,zm3_4,zm,val,10
18561,zm3_4_img002.jpg,zm3_4,zm,val,10
18562,zm3_4_img003.jpg,zm3_4,zm,val,10
18563,zm3_4_img004.jpg,zm3_4,zm,val,10
18564,zm3_4_img005.jpg,zm3_4,zm,val,10
18565,zm3_4_img006.jpg,zm3_4,zm,val,10
18566,zm3_4_img007.jpg,zm3_4,zm,val,10
18567,zm3_4_img008.jpg,zm3_4,zm,val,10
18568,zm3_4_img009.jpg,zm3_4,zm,val,10
18569,zm3_4_img010.jpg,zm3_4,zm,val,10
18570,zm3_4_img011.jpg,zm3_4,zm,val,10
18571,zm3_4_img012.jpg,zm3_4,zm,val,10
18572,zm3_4_img013.jpg,zm3_4,zm,val,10
18573,zm3_4_img014.jpg,zm3_4,zm,val,10
18574,zm3_4_img015.jpg,zm3_4,zm,val,10
18575,zm3_4_img016.jpg,zm3_4,zm,val,10
18576,zm3_4_img017.jpg,zm3_4,zm,val,10
18577,zm3_4_img018.jpg,zm3_4,zm,val,10
18578,zm3_4_img019.jpg,zm3_4,zm,val,10
18579,zm3_4_img020.jpg,zm3_4,zm,val,10
18580,zm3_4_img021.jpg,zm3_4,zm,val,10
18581,zm3_4_img022.jpg,zm3_4,zm,val,10
18582,zm3_4_img023.jpg,zm3_4,zm,val,10
18583,zm3_4_img024.jpg,zm3_4,zm,val,10
18584,zm3_4_img025.jpg,zm3_4,zm,val,10
18585,zm3_4_img026.jpg,zm3_4,zm,val,10
18586,zm3_4_img027.jpg,zm3_4,zm,val,10
18587,zm3_4_img028.jpg,zm3_4,zm,val,10
18588,zm3_4_img029.jpg,zm3_4,zm,val,10
18589,zm3_4_img030.jpg,zm3_4,zm,val,10
18590,zm3_4_img031.jpg,zm3_4,zm,val,10
18591,zm3_4_img032.jpg,zm3_4,zm,val,10
18592,zm3_4_img033.jpg,zm3_4,zm,val,10
18593,zm3_4_img034.jpg,zm3_4,zm,val,10
18594,zm3_4_img035.jpg,zm3_4,zm,val,10
18595,zm3_4_img036.jpg,zm3_4,zm,val,10
18596,zm3_4_img037.jpg,zm3_4,zm,val,10
18597,zm3_4_img038.jpg,zm3_4,zm,val,10
18598,zm3_4_img039.jpg,zm3_4,zm,val,10
18599,zm3_4_img040.jpg,zm3_4,zm,val,10
18600,zm3_4_img041.jpg,zm3_4,zm,val,10
18601,zm3_4_img042.jpg,zm3_4,zm,val,10
18602,zm3_4_img043.jpg,zm3_4,zm,val,10
18603,zm3_4_img044.jpg,zm3_4,zm,val,10
18604,zm3_4_img045.jpg,zm3_4,zm,val,10
18605,zm3_4_img046.jpg,zm3_4,zm,val,10
18606,zm3_4_img047.jpg,zm3_4,zm,val,10
18607,zm3_4_img048.jpg,zm3_4,zm,val,10
18608,zm3_4_img049.jpg,zm3_4,zm,val,10
18609,zm3_4_img050.jpg,zm3_4,zm,val,10
18610,zm3_4_img051.jpg,zm3_4,zm,val,10
18611,zm3_4_img052.jpg,zm3_4,zm,val,10
18612,zm3_4_img053.jpg,zm3_4,zm,val,10
18613,zm3_4_img054.jpg,zm3_4,zm,val,10
18614,zm3_4_img055.jpg,zm3_4,zm,val,10
18615,zm3_4_img056.jpg,zm3_4,zm,val,10
18616,zm3_4_img057.jpg,zm3_4,zm,val,10
18617,zm3_4_img058.jpg,zm3_4,zm,val,10
18618,zm3_4_img059.jpg,zm3_4,zm,val,10
18619,zm3_4_img060.jpg,zm3_4,zm,val,10
18620,zm3_4_img061.jpg,zm3_4,zm,val,10
18621,zm3_4_img062.jpg,zm3_4,zm,val,10
18622,zm3_4_img063.jpg,zm3_4,zm,val,10
18623,zm3_4_img064.jpg,zm3_4,zm,val,10
18624,zm3_4_img065.jpg,zm3_4,zm,val,10
18625,zm3_4_img066.jpg,zm3_4,zm,val,10
18626,zm3_4_img067.jpg,zm3_4,zm,val,10
18627,zm3_4_img068.jpg,zm3_4,zm,val,10
18628,zm3_4_img069.jpg,zm3_4,zm,val,10
18629,zm3_4_img070.jpg,zm3_4,zm,val,10
18630,zm3_4_img071.jpg,zm3_4,zm,val,10
18631,zm3_4_img072.jpg,zm3_4,zm,val,10
18632,zm3_4_img073.jpg,zm3_4,zm,val,10
18633,zm3_4_img074.jpg,zm3_4,zm,val,10
18634,zm3_4_img075.jpg,zm3_4,zm,val,10
18635,zm3_4_img076.jpg,zm3_4,zm,val,10
18636,zm3_4_img077.jpg,zm3_4,zm,val,10
18637,zm3_4_img078.jpg,zm3_4,zm,val,10
18638,zm3_4_img079.jpg,zm3_4,zm,val,10
18639,zm3_4_img080.jpg,zm3_4,zm,val,10
18640,zm3_4_img081.jpg,zm3_4,zm,val,10
18641,zm3_4_img082.jpg,zm3_4,zm,val,10
18642,zm3_4_img083.jpg,zm3_4,zm,val,10
18643,zm3_4_img084.jpg,zm3_4,zm,val,10
18644,zm3_4_img085.jpg,zm3_4,zm,val,10
18645,zm3_4_img086.jpg,zm3_4,zm,val,10
18646,zm3_4_img087.jpg,zm3_4,zm,val,10
18647,zm3_4_img088.jpg,zm3_4,zm,val,10
18648,zm3_4_img089.jpg,zm3_4,zm,val,10
18649,zm3_4_img090.jpg,zm3_4,zm,val,10
18650,zm3_4_img091.jpg,zm3_4,zm,val,10
18651,zm3_4_img092.jpg,zm3_4,zm,val,10
18652,zm3_4_img093.jpg,zm3_4,zm,val,10
18653,zm3_4_img094.jpg,zm3_4,zm,val,10
18654,zm3_4_img095.jpg,zm3_4,zm,val,10
18655,zm3_4_img096.jpg,zm3_4,zm,val,10
18656,zm3_4_img097.jpg,zm3_4,zm,val,10
18657,zm3_5_img001.jpg,zm3_5,zm,train,8
18658,zm3_5_img002.jpg,zm3_5,zm,train,8
18659,zm3_5_img003.jpg,zm3_5,zm,train,8
18660,zm3_5_img004.jpg,zm3_5,zm,train,8
18661,zm3_5_img005.jpg,zm3_5,zm,train,8
18662,zm3_5_img006.jpg,zm3_5,zm,train,8
18663,zm3_5_img007.jpg,zm3_5,zm,train,8
18664,zm3_5_img008.jpg,zm3_5,zm,train,8
18665,zm3_5_img009.jpg,zm3_5,zm,train,8
18666,zm3_5_img010.jpg,zm3_5,zm,train,8
18667,zm3_5_img011.jpg,zm3_5,zm,train,8
18668,zm3_5_img012.jpg,zm3_5,zm,train,8
18669,zm3_5_img013.jpg,zm3_5,zm,train,8
18670,zm3_5_img014.jpg,zm3_5,zm,train,8
18671,zm3_5_img015.jpg,zm3_5,zm,train,8
18672,zm3_5_img016.jpg,zm3_5,zm,train,8
18673,zm3_5_img017.jpg,zm3_5,zm,train,8
18674,zm3_5_img018.jpg,zm3_5,zm,train,8
18675,zm3_5_img019.jpg,zm3_5,zm,train,8
18676,zm3_5_img020.jpg,zm3_5,zm,train,8
18677,zm3_5_img021.jpg,zm3_5,zm,train,8
18678,zm3_5_img022.jpg,zm3_5,zm,train,8
18679,zm3_5_img023.jpg,zm3_5,zm,train,8
18680,zm3_5_img024.jpg,zm3_5,zm,train,8
18681,zm3_5_img025.jpg,zm3_5,zm,train,8
18682,zm3_5_img026.jpg,zm3_5,zm,train,8
18683,zm3_5_img027.jpg,zm3_5,zm,train,8
18684,zm3_5_img028.jpg,zm3_5,zm,train,8
18685,zm3_5_img029.jpg,zm3_5,zm,train,8
18686,zm3_5_img030.jpg,zm3_5,zm,train,8
18687,zm3_5_img031.jpg,zm3_5,zm,train,8
18688,zm3_5_img032.jpg,zm3_5,zm,train,8
18689,zm3_5_img033.jpg,zm3_5,zm,train,8
18690,zm3_5_img034.jpg,zm3_5,zm,train,8
18691,zm3_5_img035.jpg,zm3_5,zm,train,8
18692,zm3_5_img036.jpg,zm3_5,zm,train,8
18693,zm3_5_img037.jpg,zm3_5,zm,train,8
18694,zm3_5_img038.jpg,zm3_5,zm,train,8
18695,zm3_5_img039.jpg,zm3_5,zm,train,8
18696,zm3_5_img040.jpg,zm3_5,zm,train,8
18697,zm3_5_img041.jpg,zm3_5,zm,train,8
18698,zm3_5_img042.jpg,zm3_5,zm,train,8
18699,zm3_5_img043.jpg,zm3_5,zm,train,8
18700,zm3_5_img044.jpg,zm3_5,zm,train,8
18701,zm3_5_img045.jpg,zm3_5,zm,train,8
18702,zm3_5_img046.jpg,zm3_5,zm,train,8
18703,zm3_5_img047.jpg,zm3_5,zm,train,8
18704,zm3_5_img048.jpg,zm3_5,zm,train,8
18705,zm3_5_img049.jpg,zm3_5,zm,train,8
18706,zm3_5_img050.jpg,zm3_5,zm,train,8
18707,zm3_5_img051.jpg,zm3_5,zm,train,8
18708,zm3_5_img052.jpg,zm3_5,zm,train,8
18709,zm3_5_img053.jpg,zm3_5,zm,train,8
18710,zm3_5_img054.jpg,zm3_5,zm,train,8
18711,zm3_5_img055.jpg,zm3_5,zm,train,8
18712,zm3_5_img056.jpg,zm3_5,zm,train,8
18713,zm3_5_img057.jpg,zm3_5,zm,train,8
18714,zm3_5_img058.jpg,zm3_5,zm,train,8
18715,zm3_5_img059.jpg,zm3_5,zm,train,8
18716,zm3_5_img060.jpg,zm3_5,zm,train,8
18717,zm3_5_img061.jpg,zm3_5,zm,train,8
18718,zm3_5_img062.jpg,zm3_5,zm,train,8
18719,zm3_5_img063.jpg,zm3_5,zm,train,8
18720,zm3_5_img064.jpg,zm3_5,zm,train,8
18721,zm3_5_img065.jpg,zm3_5,zm,train,8
18722,zm3_5_img066.jpg,zm3_5,zm,train,8
18723,zm3_5_img067.jpg,zm3_5,zm,train,8
18724,zm3_5_img068.jpg,zm3_5,zm,train,8
18725,zm3_5_img069.jpg,zm3_5,zm,train,8
18726,zm3_5_img070.jpg,zm3_5,zm,train,8
18727,zm3_5_img071.jpg,zm3_5,zm,train,8
18728,zm3_5_img072.jpg,zm3_5,zm,train,8
18729,zm3_5_img073.jpg,zm3_5,zm,train,8
18730,zm3_5_img074.jpg,zm3_5,zm,train,8
18731,zm3_5_img075.jpg,zm3_5,zm,train,8
18732,zm3_5_img076.jpg,zm3_5,zm,train,8
18733,zm3_5_img077.jpg,zm3_5,zm,train,8
18734,zm3_5_img078.jpg,zm3_5,zm,train,8
18735,zm3_5_img079.jpg,zm3_5,zm,train,8
18736,zm3_5_img080.jpg,zm3_5,zm,train,8
18737,zm3_5_img081.jpg,zm3_5,zm,train,8
18738,zm3_5_img082.jpg,zm3_5,zm,train,8
18739,zm3_5_img083.jpg,zm3_5,zm,train,8
18740,zm3_5_img084.jpg,zm3_5,zm,train,8
18741,zm3_5_img085.jpg,zm3_5,zm,train,8
18742,zm3_5_img086.jpg,zm3_5,zm,train,8
18743,zm3_5_img087.jpg,zm3_5,zm,train,8
18744,zm3_5_img088.jpg,zm3_5,zm,train,8
18745,zm3_5_img089.jpg,zm3_5,zm,train,8
18746,zm3_5_img090.jpg,zm3_5,zm,train,8
18747,zm3_5_img091.jpg,zm3_5,zm,train,8
18748,zm3_5_img092.jpg,zm3_5,zm,train,8
18749,zm3_5_img093.jpg,zm3_5,zm,train,8
18750,zm3_5_img094.jpg,zm3_5,zm,train,8
18751,zm3_5_img095.jpg,zm3_5,zm,train,8
18752,zm3_5_img096.jpg,zm3_5,zm,train,8
18753,zm3_5_img097.jpg,zm3_5,zm,train,8
18754,zm3_6_img001.jpg,zm3_6,zm,train,9
18755,zm3_6_img002.jpg,zm3_6,zm,train,9
18756,zm3_6_img003.jpg,zm3_6,zm,train,9
18757,zm3_6_img004.jpg,zm3_6,zm,train,9
18758,zm3_6_img005.jpg,zm3_6,zm,train,9
18759,zm3_6_img006.jpg,zm3_6,zm,train,9
18760,zm3_6_img007.jpg,zm3_6,zm,train,9
18761,zm3_6_img008.jpg,zm3_6,zm,train,9
18762,zm3_6_img009.jpg,zm3_6,zm,train,9
18763,zm3_6_img010.jpg,zm3_6,zm,train,9
18764,zm3_6_img011.jpg,zm3_6,zm,train,9
18765,zm3_6_img012.jpg,zm3_6,zm,train,9
18766,zm3_6_img013.jpg,zm3_6,zm,train,9
18767,zm3_6_img014.jpg,zm3_6,zm,train,9
18768,zm3_6_img015.jpg,zm3_6,zm,train,9
18769,zm3_6_img016.jpg,zm3_6,zm,train,9
18770,zm3_6_img017.jpg,zm3_6,zm,train,9
18771,zm3_6_img018.jpg,zm3_6,zm,train,9
18772,zm3_6_img019.jpg,zm3_6,zm,train,9
18773,zm3_6_img020.jpg,zm3_6,zm,train,9
18774,zm3_6_img021.jpg,zm3_6,zm,train,9
18775,zm3_6_img022.jpg,zm3_6,zm,train,9
18776,zm3_6_img023.jpg,zm3_6,zm,train,9
18777,zm3_6_img024.jpg,zm3_6,zm,train,9
18778,zm3_6_img025.jpg,zm3_6,zm,train,9
18779,zm3_6_img026.jpg,zm3_6,zm,train,9
18780,zm3_6_img027.jpg,zm3_6,zm,train,9
18781,zm3_6_img028.jpg,zm3_6,zm,train,9
18782,zm3_6_img029.jpg,zm3_6,zm,train,9
18783,zm3_6_img030.jpg,zm3_6,zm,train,9
18784,zm3_6_img031.jpg,zm3_6,zm,train,9
18785,zm3_6_img032.jpg,zm3_6,zm,train,9
18786,zm3_6_img033.jpg,zm3_6,zm,train,9
18787,zm3_6_img034.jpg,zm3_6,zm,train,9
18788,zm3_6_img035.jpg,zm3_6,zm,train,9
18789,zm3_6_img036.jpg,zm3_6,zm,train,9
18790,zm3_6_img037.jpg,zm3_6,zm,train,9
18791,zm3_6_img038.jpg,zm3_6,zm,train,9
18792,zm3_6_img039.jpg,zm3_6,zm,train,9
18793,zm3_6_img040.jpg,zm3_6,zm,train,9
18794,zm3_6_img041.jpg,zm3_6,zm,train,9
18795,zm3_6_img042.jpg,zm3_6,zm,train,9
18796,zm3_6_img043.jpg,zm3_6,zm,train,9
18797,zm3_6_img044.jpg,zm3_6,zm,train,9
18798,zm3_6_img045.jpg,zm3_6,zm,train,9
18799,zm3_6_img046.jpg,zm3_6,zm,train,9
18800,zm3_6_img047.jpg,zm3_6,zm,train,9
18801,zm3_6_img048.jpg,zm3_6,zm,train,9
18802,zm3_6_img049.jpg,zm3_6,zm,train,9
18803,zm3_6_img050.jpg,zm3_6,zm,train,9
18804,zm3_6_img051.jpg,zm3_6,zm,train,9
18805,zm3_6_img052.jpg,zm3_6,zm,train,9
18806,zm3_6_img053.jpg,zm3_6,zm,train,9
18807,zm3_6_img054.jpg,zm3_6,zm,train,9
18808,zm3_6_img055.jpg,zm3_6,zm,train,9
18809,zm3_6_img056.jpg,zm3_6,zm,train,9
18810,zm3_6_img057.jpg,zm3_6,zm,train,9
18811,zm3_6_img058.jpg,zm3_6,zm,train,9
18812,zm3_6_img059.jpg,zm3_6,zm,train,9
18813,zm3_6_img060.jpg,zm3_6,zm,train,9
18814,zm3_6_img061.jpg,zm3_6,zm,train,9
18815,zm3_6_img062.jpg,zm3_6,zm,train,9
18816,zm3_6_img063.jpg,zm3_6,zm,train,9
18817,zm3_6_img064.jpg,zm3_6,zm,train,9
18818,zm3_6_img065.jpg,zm3_6,zm,train,9
18819,zm3_6_img066.jpg,zm3_6,zm,train,9
18820,zm3_6_img067.jpg,zm3_6,zm,train,9
18821,zm3_6_img068.jpg,zm3_6,zm,train,9
18822,zm3_6_img069.jpg,zm3_6,zm,train,9
18823,zm3_6_img070.jpg,zm3_6,zm,train,9
18824,zm3_6_img071.jpg,zm3_6,zm,train,9
18825,zm3_6_img072.jpg,zm3_6,zm,train,9
18826,zm3_6_img073.jpg,zm3_6,zm,train,9
18827,zm3_6_img074.jpg,zm3_6,zm,train,9
18828,zm3_6_img075.jpg,zm3_6,zm,train,9
18829,zm3_6_img076.jpg,zm3_6,zm,train,9
18830,zm3_6_img077.jpg,zm3_6,zm,train,9
18831,zm3_6_img078.jpg,zm3_6,zm,train,9
18832,zm3_6_img079.jpg,zm3_6,zm,train,9
18833,zm3_6_img080.jpg,zm3_6,zm,train,9
18834,zm3_6_img081.jpg,zm3_6,zm,train,9
18835,zm3_6_img082.jpg,zm3_6,zm,train,9
18836,zm3_6_img083.jpg,zm3_6,zm,train,9
18837,zm3_6_img084.jpg,zm3_6,zm,train,9
18838,zm3_6_img085.jpg,zm3_6,zm,train,9
18839,zm3_6_img086.jpg,zm3_6,zm,train,9
18840,zm3_6_img087.jpg,zm3_6,zm,train,9
18841,zm3_6_img088.jpg,zm3_6,zm,train,9
18842,zm3_6_img089.jpg,zm3_6,zm,train,9
18843,zm3_6_img090.jpg,zm3_6,zm,train,9
18844,zm3_6_img091.jpg,zm3_6,zm,train,9
18845,zm3_6_img092.jpg,zm3_6,zm,train,9
18846,zm3_6_img093.jpg,zm3_6,zm,train,9
18847,zm3_6_img094.jpg,zm3_6,zm,train,9
18848,zm3_6_img095.jpg,zm3_6,zm,train,9
18849,zm3_6_img096.jpg,zm3_6,zm,train,9
18850,zm3_6_img097.jpg,zm3_6,zm,train,9
18851,zm3_7_img001.jpg,zm3_7,zm,train,10
18852,zm3_7_img002.jpg,zm3_7,zm,train,10
18853,zm3_7_img003.jpg,zm3_7,zm,train,10
18854,zm3_7_img004.jpg,zm3_7,zm,train,10
18855,zm3_7_img005.jpg,zm3_7,zm,train,10
18856,zm3_7_img006.jpg,zm3_7,zm,train,10
18857,zm3_7_img007.jpg,zm3_7,zm,train,10
18858,zm3_7_img008.jpg,zm3_7,zm,train,10
18859,zm3_7_img009.jpg,zm3_7,zm,train,10
18860,zm3_7_img010.jpg,zm3_7,zm,train,10
18861,zm3_7_img011.jpg,zm3_7,zm,train,10
18862,zm3_7_img012.jpg,zm3_7,zm,train,10
18863,zm3_7_img013.jpg,zm3_7,zm,train,10
18864,zm3_7_img014.jpg,zm3_7,zm,train,10
18865,zm3_7_img015.jpg,zm3_7,zm,train,10
18866,zm3_7_img016.jpg,zm3_7,zm,train,10
18867,zm3_7_img017.jpg,zm3_7,zm,train,10
18868,zm3_7_img018.jpg,zm3_7,zm,train,10
18869,zm3_7_img019.jpg,zm3_7,zm,train,10
18870,zm3_7_img020.jpg,zm3_7,zm,train,10
18871,zm3_7_img021.jpg,zm3_7,zm,train,10
18872,zm3_7_img022.jpg,zm3_7,zm,train,10
18873,zm3_7_img023.jpg,zm3_7,zm,train,10
18874,zm3_7_img024.jpg,zm3_7,zm,train,10
18875,zm3_7_img025.jpg,zm3_7,zm,train,10
18876,zm3_7_img026.jpg,zm3_7,zm,train,10
18877,zm3_7_img027.jpg,zm3_7,zm,train,10
18878,zm3_7_img028.jpg,zm3_7,zm,train,10
18879,zm3_7_img029.jpg,zm3_7,zm,train,10
18880,zm3_7_img030.jpg,zm3_7,zm,train,10
18881,zm3_7_img031.jpg,zm3_7,zm,train,10
18882,zm3_7_img032.jpg,zm3_7,zm,train,10
18883,zm3_7_img033.jpg,zm3_7,zm,train,10
18884,zm3_7_img034.jpg,zm3_7,zm,train,10
18885,zm3_7_img035.jpg,zm3_7,zm,train,10
18886,zm3_7_img036.jpg,zm3_7,zm,train,10
18887,zm3_7_img037.jpg,zm3_7,zm,train,10
18888,zm3_7_img038.jpg,zm3_7,zm,train,10
18889,zm3_7_img039.jpg,zm3_7,zm,train,10
18890,zm3_7_img040.jpg,zm3_7,zm,train,10
18891,zm3_7_img041.jpg,zm3_7,zm,train,10
18892,zm3_7_img042.jpg,zm3_7,zm,train,10
18893,zm3_7_img043.jpg,zm3_7,zm,train,10
18894,zm3_7_img044.jpg,zm3_7,zm,train,10
18895,zm3_7_img045.jpg,zm3_7,zm,train,10
18896,zm3_7_img046.jpg,zm3_7,zm,train,10
18897,zm3_7_img047.jpg,zm3_7,zm,train,10
18898,zm3_7_img048.jpg,zm3_7,zm,train,10
18899,zm3_7_img049.jpg,zm3_7,zm,train,10
18900,zm3_7_img050.jpg,zm3_7,zm,train,10
18901,zm3_7_img051.jpg,zm3_7,zm,train,10
18902,zm3_7_img052.jpg,zm3_7,zm,train,10
18903,zm3_7_img053.jpg,zm3_7,zm,train,10
18904,zm3_7_img054.jpg,zm3_7,zm,train,10
18905,zm3_7_img055.jpg,zm3_7,zm,train,10
18906,zm3_7_img056.jpg,zm3_7,zm,train,10
18907,zm3_7_img057.jpg,zm3_7,zm,train,10
18908,zm3_7_img058.jpg,zm3_7,zm,train,10
18909,zm3_7_img059.jpg,zm3_7,zm,train,10
18910,zm3_7_img060.jpg,zm3_7,zm,train,10
18911,zm3_7_img061.jpg,zm3_7,zm,train,10
18912,zm3_7_img062.jpg,zm3_7,zm,train,10
18913,zm3_7_img063.jpg,zm3_7,zm,train,10
18914,zm3_7_img064.jpg,zm3_7,zm,train,10
18915,zm3_7_img065.jpg,zm3_7,zm,train,10
18916,zm3_7_img066.jpg,zm3_7,zm,train,10
18917,zm3_7_img067.jpg,zm3_7,zm,train,10
18918,zm3_7_img068.jpg,zm3_7,zm,train,10
18919,zm3_7_img069.jpg,zm3_7,zm,train,10
18920,zm3_7_img070.jpg,zm3_7,zm,train,10
18921,zm3_7_img071.jpg,zm3_7,zm,train,10
18922,zm3_7_img072.jpg,zm3_7,zm,train,10
18923,zm3_7_img073.jpg,zm3_7,zm,train,10
18924,zm3_7_img074.jpg,zm3_7,zm,train,10
18925,zm3_7_img075.jpg,zm3_7,zm,train,10
18926,zm3_7_img076.jpg,zm3_7,zm,train,10
18927,zm3_7_img077.jpg,zm3_7,zm,train,10
18928,zm3_7_img078.jpg,zm3_7,zm,train,10
18929,zm3_7_img079.jpg,zm3_7,zm,train,10
18930,zm3_7_img080.jpg,zm3_7,zm,train,10
18931,zm3_7_img081.jpg,zm3_7,zm,train,10
18932,zm3_7_img082.jpg,zm3_7,zm,train,10
18933,zm3_7_img083.jpg,zm3_7,zm,train,10
18934,zm3_7_img084.jpg,zm3_7,zm,train,10
18935,zm3_7_img085.jpg,zm3_7,zm,train,10
18936,zm3_7_img086.jpg,zm3_7,zm,train,10
18937,zm3_7_img087.jpg,zm3_7,zm,train,10
18938,zm3_7_img088.jpg,zm3_7,zm,train,10
18939,zm3_7_img089.jpg,zm3_7,zm,train,10
18940,zm3_7_img090.jpg,zm3_7,zm,train,10
18941,zm3_7_img091.jpg,zm3_7,zm,train,10
18942,zm3_7_img092.jpg,zm3_7,zm,train,10
18943,zm3_7_img093.jpg,zm3_7,zm,train,10
18944,zm3_7_img094.jpg,zm3_7,zm,train,10
18945,zm3_7_img095.jpg,zm3_7,zm,train,10
18946,zm3_7_img096.jpg,zm3_7,zm,train,10
18947,zm3_7_img097.jpg,zm3_7,zm,train,10
18948,zm3_8_img001.jpg,zm3_8,zm,train,10
18949,zm3_8_img002.jpg,zm3_8,zm,train,10
18950,zm3_8_img003.jpg,zm3_8,zm,train,10
18951,zm3_8_img004.jpg,zm3_8,zm,train,10
18952,zm3_8_img005.jpg,zm3_8,zm,train,10
18953,zm3_8_img006.jpg,zm3_8,zm,train,10
18954,zm3_8_img007.jpg,zm3_8,zm,train,10
18955,zm3_8_img008.jpg,zm3_8,zm,train,10
18956,zm3_8_img009.jpg,zm3_8,zm,train,10
18957,zm3_8_img010.jpg,zm3_8,zm,train,10
18958,zm3_8_img011.jpg,zm3_8,zm,train,10
18959,zm3_8_img012.jpg,zm3_8,zm,train,10
18960,zm3_8_img013.jpg,zm3_8,zm,train,10
18961,zm3_8_img014.jpg,zm3_8,zm,train,10
18962,zm3_8_img015.jpg,zm3_8,zm,train,10
18963,zm3_8_img016.jpg,zm3_8,zm,train,10
18964,zm3_8_img017.jpg,zm3_8,zm,train,10
18965,zm3_8_img018.jpg,zm3_8,zm,train,10
18966,zm3_8_img019.jpg,zm3_8,zm,train,10
18967,zm3_8_img020.jpg,zm3_8,zm,train,10
18968,zm3_8_img021.jpg,zm3_8,zm,train,10
18969,zm3_8_img022.jpg,zm3_8,zm,train,10
18970,zm3_8_img023.jpg,zm3_8,zm,train,10
18971,zm3_8_img024.jpg,zm3_8,zm,train,10
18972,zm3_8_img025.jpg,zm3_8,zm,train,10
18973,zm3_8_img026.jpg,zm3_8,zm,train,10
18974,zm3_8_img027.jpg,zm3_8,zm,train,10
18975,zm3_8_img028.jpg,zm3_8,zm,train,10
18976,zm3_8_img029.jpg,zm3_8,zm,train,10
18977,zm3_8_img030.jpg,zm3_8,zm,train,10
18978,zm3_8_img031.jpg,zm3_8,zm,train,10
18979,zm3_8_img032.jpg,zm3_8,zm,train,10
18980,zm3_8_img033.jpg,zm3_8,zm,train,10
18981,zm3_8_img034.jpg,zm3_8,zm,train,10
18982,zm3_8_img035.jpg,zm3_8,zm,train,10
18983,zm3_8_img036.jpg,zm3_8,zm,train,10
18984,zm3_8_img037.jpg,zm3_8,zm,train,10
18985,zm3_8_img038.jpg,zm3_8,zm,train,10
18986,zm3_8_img039.jpg,zm3_8,zm,train,10
18987,zm3_8_img040.jpg,zm3_8,zm,train,10
18988,zm3_8_img041.jpg,zm3_8,zm,train,10
18989,zm3_8_img042.jpg,zm3_8,zm,train,10
18990,zm3_8_img043.jpg,zm3_8,zm,train,10
18991,zm3_8_img044.jpg,zm3_8,zm,train,10
18992,zm3_8_img045.jpg,zm3_8,zm,train,10
18993,zm3_8_img046.jpg,zm3_8,zm,train,10
18994,zm3_8_img047.jpg,zm3_8,zm,train,10
18995,zm3_8_img048.jpg,zm3_8,zm,train,10
18996,zm3_8_img049.jpg,zm3_8,zm,train,10
18997,zm3_8_img050.jpg,zm3_8,zm,train,10
18998,zm3_8_img051.jpg,zm3_8,zm,train,10
18999,zm3_8_img052.jpg,zm3_8,zm,train,10
19000,zm3_8_img053.jpg,zm3_8,zm,train,10
19001,zm3_8_img054.jpg,zm3_8,zm,train,10
19002,zm3_8_img055.jpg,zm3_8,zm,train,10
19003,zm3_8_img056.jpg,zm3_8,zm,train,10
19004,zm3_8_img057.jpg,zm3_8,zm,train,10
19005,zm3_8_img058.jpg,zm3_8,zm,train,10
19006,zm3_8_img059.jpg,zm3_8,zm,train,10
19007,zm3_8_img060.jpg,zm3_8,zm,train,10
19008,zm3_8_img061.jpg,zm3_8,zm,train,10
19009,zm3_8_img062.jpg,zm3_8,zm,train,10
19010,zm3_8_img063.jpg,zm3_8,zm,train,10
19011,zm3_8_img064.jpg,zm3_8,zm,train,10
19012,zm3_8_img065.jpg,zm3_8,zm,train,10
19013,zm3_8_img066.jpg,zm3_8,zm,train,10
19014,zm3_8_img067.jpg,zm3_8,zm,train,10
19015,zm3_8_img068.jpg,zm3_8,zm,train,10
19016,zm3_8_img069.jpg,zm3_8,zm,train,10
19017,zm3_8_img070.jpg,zm3_8,zm,train,10
19018,zm3_8_img071.jpg,zm3_8,zm,train,10
19019,zm3_8_img072.jpg,zm3_8,zm,train,10
19020,zm3_8_img073.jpg,zm3_8,zm,train,10
19021,zm3_8_img074.jpg,zm3_8,zm,train,10
19022,zm3_8_img075.jpg,zm3_8,zm,train,10
19023,zm3_8_img076.jpg,zm3_8,zm,train,10
19024,zm3_8_img077.jpg,zm3_8,zm,train,10
19025,zm3_8_img078.jpg,zm3_8,zm,train,10
19026,zm3_8_img079.jpg,zm3_8,zm,train,10
19027,zm3_8_img080.jpg,zm3_8,zm,train,10
19028,zm3_8_img081.jpg,zm3_8,zm,train,10
19029,zm3_8_img082.jpg,zm3_8,zm,train,10
19030,zm3_8_img083.jpg,zm3_8,zm,train,10
19031,zm3_8_img084.jpg,zm3_8,zm,train,10
19032,zm3_8_img085.jpg,zm3_8,zm,train,10
19033,zm3_8_img086.jpg,zm3_8,zm,train,10
19034,zm3_8_img087.jpg,zm3_8,zm,train,10
19035,zm3_8_img088.jpg,zm3_8,zm,train,10
19036,zm3_8_img089.jpg,zm3_8,zm,train,10
19037,zm3_8_img090.jpg,zm3_8,zm,train,10
19038,zm3_8_img091.jpg,zm3_8,zm,train,10
19039,zm3_8_img092.jpg,zm3_8,zm,train,10
19040,zm3_8_img093.jpg,zm3_8,zm,train,10
19041,zm3_8_img094.jpg,zm3_8,zm,train,10
19042,zm3_8_img095.jpg,zm3_8,zm,train,10
19043,zm3_8_img096.jpg,zm3_8,zm,train,10
19044,zm3_8_img097.jpg,zm3_8,zm,train,10
19045,zm3_9_img001.jpg,zm3_9,zm,train,10
19046,zm3_9_img002.jpg,zm3_9,zm,train,10
19047,zm3_9_img003.jpg,zm3_9,zm,train,10
19048,zm3_9_img004.jpg,zm3_9,zm,train,10
19049,zm3_9_img005.jpg,zm3_9,zm,train,10
19050,zm3_9_img006.jpg,zm3_9,zm,train,10
19051,zm3_9_img007.jpg,zm3_9,zm,train,10
19052,zm3_9_img008.jpg,zm3_9,zm,train,10
19053,zm3_9_img009.jpg,zm3_9,zm,train,10
19054,zm3_9_img010.jpg,zm3_9,zm,train,10
19055,zm3_9_img011.jpg,zm3_9,zm,train,10
19056,zm3_9_img012.jpg,zm3_9,zm,train,10
19057,zm3_9_img013.jpg,zm3_9,zm,train,10
19058,zm3_9_img014.jpg,zm3_9,zm,train,10
19059,zm3_9_img015.jpg,zm3_9,zm,train,10
19060,zm3_9_img016.jpg,zm3_9,zm,train,10
19061,zm3_9_img017.jpg,zm3_9,zm,train,10
19062,zm3_9_img018.jpg,zm3_9,zm,train,10
19063,zm3_9_img019.jpg,zm3_9,zm,train,10
19064,zm3_9_img020.jpg,zm3_9,zm,train,10
19065,zm3_9_img021.jpg,zm3_9,zm,train,10
19066,zm3_9_img022.jpg,zm3_9,zm,train,10
19067,zm3_9_img023.jpg,zm3_9,zm,train,10
19068,zm3_9_img024.jpg,zm3_9,zm,train,10
19069,zm3_9_img025.jpg,zm3_9,zm,train,10
19070,zm3_9_img026.jpg,zm3_9,zm,train,10
19071,zm3_9_img027.jpg,zm3_9,zm,train,10
19072,zm3_9_img028.jpg,zm3_9,zm,train,10
19073,zm3_9_img029.jpg,zm3_9,zm,train,10
19074,zm3_9_img030.jpg,zm3_9,zm,train,10
19075,zm3_9_img031.jpg,zm3_9,zm,train,10
19076,zm3_9_img032.jpg,zm3_9,zm,train,10
19077,zm3_9_img033.jpg,zm3_9,zm,train,10
19078,zm3_9_img034.jpg,zm3_9,zm,train,10
19079,zm3_9_img035.jpg,zm3_9,zm,train,10
19080,zm3_9_img036.jpg,zm3_9,zm,train,10
19081,zm3_9_img037.jpg,zm3_9,zm,train,10
19082,zm3_9_img038.jpg,zm3_9,zm,train,10
19083,zm3_9_img039.jpg,zm3_9,zm,train,10
19084,zm3_9_img040.jpg,zm3_9,zm,train,10
19085,zm3_9_img041.jpg,zm3_9,zm,train,10
19086,zm3_9_img042.jpg,zm3_9,zm,train,10
19087,zm3_9_img043.jpg,zm3_9,zm,train,10
19088,zm3_9_img044.jpg,zm3_9,zm,train,10
19089,zm3_9_img045.jpg,zm3_9,zm,train,10
19090,zm3_9_img046.jpg,zm3_9,zm,train,10
19091,zm3_9_img047.jpg,zm3_9,zm,train,10
19092,zm3_9_img048.jpg,zm3_9,zm,train,10
19093,zm3_9_img049.jpg,zm3_9,zm,train,10
19094,zm3_9_img050.jpg,zm3_9,zm,train,10
19095,zm3_9_img051.jpg,zm3_9,zm,train,10
19096,zm3_9_img052.jpg,zm3_9,zm,train,10
19097,zm3_9_img053.jpg,zm3_9,zm,train,10
19098,zm3_9_img054.jpg,zm3_9,zm,train,10
19099,zm3_9_img055.jpg,zm3_9,zm,train,10
19100,zm3_9_img056.jpg,zm3_9,zm,train,10
19101,zm3_9_img057.jpg,zm3_9,zm,train,10
19102,zm3_9_img058.jpg,zm3_9,zm,train,10
19103,zm3_9_img059.jpg,zm3_9,zm,train,10
19104,zm3_9_img060.jpg,zm3_9,zm,train,10
19105,zm3_9_img061.jpg,zm3_9,zm,train,10
19106,zm3_9_img062.jpg,zm3_9,zm,train,10
19107,zm3_9_img063.jpg,zm3_9,zm,train,10
19108,zm3_9_img064.jpg,zm3_9,zm,train,10
19109,zm3_9_img065.jpg,zm3_9,zm,train,10
19110,zm3_9_img066.jpg,zm3_9,zm,train,10
19111,zm3_9_img067.jpg,zm3_9,zm,train,10
19112,zm3_9_img068.jpg,zm3_9,zm,train,10
19113,zm3_9_img069.jpg,zm3_9,zm,train,10
19114,zm3_9_img070.jpg,zm3_9,zm,train,10
19115,zm3_9_img071.jpg,zm3_9,zm,train,10
19116,zm3_9_img072.jpg,zm3_9,zm,train,10
19117,zm3_9_img073.jpg,zm3_9,zm,train,10
19118,zm3_9_img074.jpg,zm3_9,zm,train,10
19119,zm3_9_img075.jpg,zm3_9,zm,train,10
19120,zm3_9_img076.jpg,zm3_9,zm,train,10
19121,zm3_9_img077.jpg,zm3_9,zm,train,10
19122,zm3_9_img078.jpg,zm3_9,zm,train,10
19123,zm3_9_img079.jpg,zm3_9,zm,train,10
19124,zm3_9_img080.jpg,zm3_9,zm,train,10
19125,zm3_9_img081.jpg,zm3_9,zm,train,10
19126,zm3_9_img082.jpg,zm3_9,zm,train,10
19127,zm3_9_img083.jpg,zm3_9,zm,train,10
19128,zm3_9_img084.jpg,zm3_9,zm,train,10
19129,zm3_9_img085.jpg,zm3_9,zm,train,10
19130,zm3_9_img086.jpg,zm3_9,zm,train,10
19131,zm3_9_img087.jpg,zm3_9,zm,train,10
19132,zm3_9_img088.jpg,zm3_9,zm,train,10
19133,zm3_9_img089.jpg,zm3_9,zm,train,10
19134,zm3_9_img090.jpg,zm3_9,zm,train,10
19135,zm3_9_img091.jpg,zm3_9,zm,train,10
19136,zm3_9_img092.jpg,zm3_9,zm,train,10
19137,zm3_9_img093.jpg,zm3_9,zm,train,10
19138,zm3_9_img094.jpg,zm3_9,zm,train,10
19139,zm3_9_img095.jpg,zm3_9,zm,train,10
19140,zm3_9_img096.jpg,zm3_9,zm,train,10
19141,zm3_9_img097.jpg,zm3_9,zm,train,10
19142,zm4_10_img001.jpg,zm4_10,zm,train,8
19143,zm4_10_img002.jpg,zm4_10,zm,train,8
19144,zm4_10_img003.jpg,zm4_10,zm,train,8
19145,zm4_10_img004.jpg,zm4_10,zm,train,8
19146,zm4_10_img005.jpg,zm4_10,zm,train,8
19147,zm4_10_img006.jpg,zm4_10,zm,train,8
19148,zm4_10_img007.jpg,zm4_10,zm,train,8
19149,zm4_10_img008.jpg,zm4_10,zm,train,8
19150,zm4_10_img009.jpg,zm4_10,zm,train,8
19151,zm4_10_img010.jpg,zm4_10,zm,train,8
19152,zm4_10_img011.jpg,zm4_10,zm,train,8
19153,zm4_10_img012.jpg,zm4_10,zm,train,8
19154,zm4_10_img013.jpg,zm4_10,zm,train,8
19155,zm4_10_img014.jpg,zm4_10,zm,train,8
19156,zm4_10_img015.jpg,zm4_10,zm,train,8
19157,zm4_10_img016.jpg,zm4_10,zm,train,8
19158,zm4_10_img017.jpg,zm4_10,zm,train,8
19159,zm4_10_img018.jpg,zm4_10,zm,train,8
19160,zm4_10_img019.jpg,zm4_10,zm,train,8
19161,zm4_10_img020.jpg,zm4_10,zm,train,8
19162,zm4_10_img021.jpg,zm4_10,zm,train,8
19163,zm4_10_img022.jpg,zm4_10,zm,train,8
19164,zm4_10_img023.jpg,zm4_10,zm,train,8
19165,zm4_10_img024.jpg,zm4_10,zm,train,8
19166,zm4_10_img025.jpg,zm4_10,zm,train,8
19167,zm4_10_img026.jpg,zm4_10,zm,train,8
19168,zm4_10_img027.jpg,zm4_10,zm,train,8
19169,zm4_10_img028.jpg,zm4_10,zm,train,8
19170,zm4_10_img029.jpg,zm4_10,zm,train,8
19171,zm4_10_img030.jpg,zm4_10,zm,train,8
19172,zm4_10_img031.jpg,zm4_10,zm,train,8
19173,zm4_10_img032.jpg,zm4_10,zm,train,8
19174,zm4_10_img033.jpg,zm4_10,zm,train,8
19175,zm4_10_img034.jpg,zm4_10,zm,train,8
19176,zm4_10_img035.jpg,zm4_10,zm,train,8
19177,zm4_10_img036.jpg,zm4_10,zm,train,8
19178,zm4_10_img037.jpg,zm4_10,zm,train,8
19179,zm4_10_img038.jpg,zm4_10,zm,train,8
19180,zm4_10_img039.jpg,zm4_10,zm,train,8
19181,zm4_10_img040.jpg,zm4_10,zm,train,8
19182,zm4_10_img041.jpg,zm4_10,zm,train,8
19183,zm4_10_img042.jpg,zm4_10,zm,train,8
19184,zm4_10_img043.jpg,zm4_10,zm,train,8
19185,zm4_10_img044.jpg,zm4_10,zm,train,8
19186,zm4_10_img045.jpg,zm4_10,zm,train,8
19187,zm4_10_img046.jpg,zm4_10,zm,train,8
19188,zm4_10_img047.jpg,zm4_10,zm,train,8
19189,zm4_10_img048.jpg,zm4_10,zm,train,8
19190,zm4_10_img049.jpg,zm4_10,zm,train,8
19191,zm4_10_img050.jpg,zm4_10,zm,train,8
19192,zm4_10_img051.jpg,zm4_10,zm,train,8
19193,zm4_10_img052.jpg,zm4_10,zm,train,8
19194,zm4_10_img053.jpg,zm4_10,zm,train,8
19195,zm4_10_img054.jpg,zm4_10,zm,train,8
19196,zm4_10_img055.jpg,zm4_10,zm,train,8
19197,zm4_10_img056.jpg,zm4_10,zm,train,8
19198,zm4_10_img057.jpg,zm4_10,zm,train,8
19199,zm4_10_img058.jpg,zm4_10,zm,train,8
19200,zm4_10_img059.jpg,zm4_10,zm,train,8
19201,zm4_10_img060.jpg,zm4_10,zm,train,8
19202,zm4_10_img061.jpg,zm4_10,zm,train,8
19203,zm4_10_img062.jpg,zm4_10,zm,train,8
19204,zm4_10_img063.jpg,zm4_10,zm,train,8
19205,zm4_10_img064.jpg,zm4_10,zm,train,8
19206,zm4_10_img065.jpg,zm4_10,zm,train,8
19207,zm4_10_img066.jpg,zm4_10,zm,train,8
19208,zm4_10_img067.jpg,zm4_10,zm,train,8
19209,zm4_10_img068.jpg,zm4_10,zm,train,8
19210,zm4_10_img069.jpg,zm4_10,zm,train,8
19211,zm4_10_img070.jpg,zm4_10,zm,train,8
19212,zm4_10_img071.jpg,zm4_10,zm,train,8
19213,zm4_10_img072.jpg,zm4_10,zm,train,8
19214,zm4_10_img073.jpg,zm4_10,zm,train,8
19215,zm4_10_img074.jpg,zm4_10,zm,train,8
19216,zm4_10_img075.jpg,zm4_10,zm,train,8
19217,zm4_10_img076.jpg,zm4_10,zm,train,8
19218,zm4_10_img077.jpg,zm4_10,zm,train,8
19219,zm4_10_img078.jpg,zm4_10,zm,train,8
19220,zm4_10_img079.jpg,zm4_10,zm,train,8
19221,zm4_10_img080.jpg,zm4_10,zm,train,8
19222,zm4_10_img081.jpg,zm4_10,zm,train,8
19223,zm4_10_img082.jpg,zm4_10,zm,train,8
19224,zm4_10_img083.jpg,zm4_10,zm,train,8
19225,zm4_10_img084.jpg,zm4_10,zm,train,8
19226,zm4_10_img085.jpg,zm4_10,zm,train,8
19227,zm4_10_img086.jpg,zm4_10,zm,train,8
19228,zm4_10_img087.jpg,zm4_10,zm,train,8
19229,zm4_10_img088.jpg,zm4_10,zm,train,8
19230,zm4_10_img089.jpg,zm4_10,zm,train,8
19231,zm4_10_img090.jpg,zm4_10,zm,train,8
19232,zm4_10_img091.jpg,zm4_10,zm,train,8
19233,zm4_10_img092.jpg,zm4_10,zm,train,8
19234,zm4_10_img093.jpg,zm4_10,zm,train,8
19235,zm4_10_img094.jpg,zm4_10,zm,train,8
19236,zm4_10_img095.jpg,zm4_10,zm,train,8
19237,zm4_10_img096.jpg,zm4_10,zm,train,8
19238,zm4_10_img097.jpg,zm4_10,zm,train,8
19239,zm4_11_img001.jpg,zm4_11,zm,train,10
19240,zm4_11_img002.jpg,zm4_11,zm,train,10
19241,zm4_11_img003.jpg,zm4_11,zm,train,10
19242,zm4_11_img004.jpg,zm4_11,zm,train,10
19243,zm4_11_img005.jpg,zm4_11,zm,train,10
19244,zm4_11_img006.jpg,zm4_11,zm,train,10
19245,zm4_11_img007.jpg,zm4_11,zm,train,10
19246,zm4_11_img008.jpg,zm4_11,zm,train,10
19247,zm4_11_img009.jpg,zm4_11,zm,train,10
19248,zm4_11_img010.jpg,zm4_11,zm,train,10
19249,zm4_11_img011.jpg,zm4_11,zm,train,10
19250,zm4_11_img012.jpg,zm4_11,zm,train,10
19251,zm4_11_img013.jpg,zm4_11,zm,train,10
19252,zm4_11_img014.jpg,zm4_11,zm,train,10
19253,zm4_11_img015.jpg,zm4_11,zm,train,10
19254,zm4_11_img016.jpg,zm4_11,zm,train,10
19255,zm4_11_img017.jpg,zm4_11,zm,train,10
19256,zm4_11_img018.jpg,zm4_11,zm,train,10
19257,zm4_11_img019.jpg,zm4_11,zm,train,10
19258,zm4_11_img020.jpg,zm4_11,zm,train,10
19259,zm4_11_img021.jpg,zm4_11,zm,train,10
19260,zm4_11_img022.jpg,zm4_11,zm,train,10
19261,zm4_11_img023.jpg,zm4_11,zm,train,10
19262,zm4_11_img024.jpg,zm4_11,zm,train,10
19263,zm4_11_img025.jpg,zm4_11,zm,train,10
19264,zm4_11_img026.jpg,zm4_11,zm,train,10
19265,zm4_11_img027.jpg,zm4_11,zm,train,10
19266,zm4_11_img028.jpg,zm4_11,zm,train,10
19267,zm4_11_img029.jpg,zm4_11,zm,train,10
19268,zm4_11_img030.jpg,zm4_11,zm,train,10
19269,zm4_11_img031.jpg,zm4_11,zm,train,10
19270,zm4_11_img032.jpg,zm4_11,zm,train,10
19271,zm4_11_img033.jpg,zm4_11,zm,train,10
19272,zm4_11_img034.jpg,zm4_11,zm,train,10
19273,zm4_11_img035.jpg,zm4_11,zm,train,10
19274,zm4_11_img036.jpg,zm4_11,zm,train,10
19275,zm4_11_img037.jpg,zm4_11,zm,train,10
19276,zm4_11_img038.jpg,zm4_11,zm,train,10
19277,zm4_11_img039.jpg,zm4_11,zm,train,10
19278,zm4_11_img040.jpg,zm4_11,zm,train,10
19279,zm4_11_img041.jpg,zm4_11,zm,train,10
19280,zm4_11_img042.jpg,zm4_11,zm,train,10
19281,zm4_11_img043.jpg,zm4_11,zm,train,10
19282,zm4_11_img044.jpg,zm4_11,zm,train,10
19283,zm4_11_img045.jpg,zm4_11,zm,train,10
19284,zm4_11_img046.jpg,zm4_11,zm,train,10
19285,zm4_11_img047.jpg,zm4_11,zm,train,10
19286,zm4_11_img048.jpg,zm4_11,zm,train,10
19287,zm4_11_img049.jpg,zm4_11,zm,train,10
19288,zm4_11_img050.jpg,zm4_11,zm,train,10
19289,zm4_11_img051.jpg,zm4_11,zm,train,10
19290,zm4_11_img052.jpg,zm4_11,zm,train,10
19291,zm4_11_img053.jpg,zm4_11,zm,train,10
19292,zm4_11_img054.jpg,zm4_11,zm,train,10
19293,zm4_11_img055.jpg,zm4_11,zm,train,10
19294,zm4_11_img056.jpg,zm4_11,zm,train,10
19295,zm4_11_img057.jpg,zm4_11,zm,train,10
19296,zm4_11_img058.jpg,zm4_11,zm,train,10
19297,zm4_11_img059.jpg,zm4_11,zm,train,10
19298,zm4_11_img060.jpg,zm4_11,zm,train,10
19299,zm4_11_img061.jpg,zm4_11,zm,train,10
19300,zm4_11_img062.jpg,zm4_11,zm,train,10
19301,zm4_11_img063.jpg,zm4_11,zm,train,10
19302,zm4_11_img064.jpg,zm4_11,zm,train,10
19303,zm4_11_img065.jpg,zm4_11,zm,train,10
19304,zm4_11_img066.jpg,zm4_11,zm,train,10
19305,zm4_11_img067.jpg,zm4_11,zm,train,10
19306,zm4_11_img068.jpg,zm4_11,zm,train,10
19307,zm4_11_img069.jpg,zm4_11,zm,train,10
19308,zm4_11_img070.jpg,zm4_11,zm,train,10
19309,zm4_11_img071.jpg,zm4_11,zm,train,10
19310,zm4_11_img072.jpg,zm4_11,zm,train,10
19311,zm4_11_img073.jpg,zm4_11,zm,train,10
19312,zm4_11_img074.jpg,zm4_11,zm,train,10
19313,zm4_11_img075.jpg,zm4_11,zm,train,10
19314,zm4_11_img076.jpg,zm4_11,zm,train,10
19315,zm4_11_img077.jpg,zm4_11,zm,train,10
19316,zm4_11_img078.jpg,zm4_11,zm,train,10
19317,zm4_11_img079.jpg,zm4_11,zm,train,10
19318,zm4_11_img080.jpg,zm4_11,zm,train,10
19319,zm4_11_img081.jpg,zm4_11,zm,train,10
19320,zm4_11_img082.jpg,zm4_11,zm,train,10
19321,zm4_11_img083.jpg,zm4_11,zm,train,10
19322,zm4_11_img084.jpg,zm4_11,zm,train,10
19323,zm4_11_img085.jpg,zm4_11,zm,train,10
19324,zm4_11_img086.jpg,zm4_11,zm,train,10
19325,zm4_11_img087.jpg,zm4_11,zm,train,10
19326,zm4_11_img088.jpg,zm4_11,zm,train,10
19327,zm4_11_img089.jpg,zm4_11,zm,train,10
19328,zm4_11_img090.jpg,zm4_11,zm,train,10
19329,zm4_11_img091.jpg,zm4_11,zm,train,10
19330,zm4_11_img092.jpg,zm4_11,zm,train,10
19331,zm4_11_img093.jpg,zm4_11,zm,train,10
19332,zm4_11_img094.jpg,zm4_11,zm,train,10
19333,zm4_11_img095.jpg,zm4_11,zm,train,10
19334,zm4_11_img096.jpg,zm4_11,zm,train,10
19335,zm4_11_img097.jpg,zm4_11,zm,train,10
19336,zm4_12_img001.jpg,zm4_12,zm,train,10
19337,zm4_12_img002.jpg,zm4_12,zm,train,10
19338,zm4_12_img003.jpg,zm4_12,zm,train,10
19339,zm4_12_img004.jpg,zm4_12,zm,train,10
19340,zm4_12_img005.jpg,zm4_12,zm,train,10
19341,zm4_12_img006.jpg,zm4_12,zm,train,10
19342,zm4_12_img007.jpg,zm4_12,zm,train,10
19343,zm4_12_img008.jpg,zm4_12,zm,train,10
19344,zm4_12_img009.jpg,zm4_12,zm,train,10
19345,zm4_12_img010.jpg,zm4_12,zm,train,10
19346,zm4_12_img011.jpg,zm4_12,zm,train,10
19347,zm4_12_img012.jpg,zm4_12,zm,train,10
19348,zm4_12_img013.jpg,zm4_12,zm,train,10
19349,zm4_12_img014.jpg,zm4_12,zm,train,10
19350,zm4_12_img015.jpg,zm4_12,zm,train,10
19351,zm4_12_img016.jpg,zm4_12,zm,train,10
19352,zm4_12_img017.jpg,zm4_12,zm,train,10
19353,zm4_12_img018.jpg,zm4_12,zm,train,10
19354,zm4_12_img019.jpg,zm4_12,zm,train,10
19355,zm4_12_img020.jpg,zm4_12,zm,train,10
19356,zm4_12_img021.jpg,zm4_12,zm,train,10
19357,zm4_12_img022.jpg,zm4_12,zm,train,10
19358,zm4_12_img023.jpg,zm4_12,zm,train,10
19359,zm4_12_img024.jpg,zm4_12,zm,train,10
19360,zm4_12_img025.jpg,zm4_12,zm,train,10
19361,zm4_12_img026.jpg,zm4_12,zm,train,10
19362,zm4_12_img027.jpg,zm4_12,zm,train,10
19363,zm4_12_img028.jpg,zm4_12,zm,train,10
19364,zm4_12_img029.jpg,zm4_12,zm,train,10
19365,zm4_12_img030.jpg,zm4_12,zm,train,10
19366,zm4_12_img031.jpg,zm4_12,zm,train,10
19367,zm4_12_img032.jpg,zm4_12,zm,train,10
19368,zm4_12_img033.jpg,zm4_12,zm,train,10
19369,zm4_12_img034.jpg,zm4_12,zm,train,10
19370,zm4_12_img035.jpg,zm4_12,zm,train,10
19371,zm4_12_img036.jpg,zm4_12,zm,train,10
19372,zm4_12_img037.jpg,zm4_12,zm,train,10
19373,zm4_12_img038.jpg,zm4_12,zm,train,10
19374,zm4_12_img039.jpg,zm4_12,zm,train,10
19375,zm4_12_img040.jpg,zm4_12,zm,train,10
19376,zm4_12_img041.jpg,zm4_12,zm,train,10
19377,zm4_12_img042.jpg,zm4_12,zm,train,10
19378,zm4_12_img043.jpg,zm4_12,zm,train,10
19379,zm4_12_img044.jpg,zm4_12,zm,train,10
19380,zm4_12_img045.jpg,zm4_12,zm,train,10
19381,zm4_12_img046.jpg,zm4_12,zm,train,10
19382,zm4_12_img047.jpg,zm4_12,zm,train,10
19383,zm4_12_img048.jpg,zm4_12,zm,train,10
19384,zm4_12_img049.jpg,zm4_12,zm,train,10
19385,zm4_12_img050.jpg,zm4_12,zm,train,10
19386,zm4_12_img051.jpg,zm4_12,zm,train,10
19387,zm4_12_img052.jpg,zm4_12,zm,train,10
19388,zm4_12_img053.jpg,zm4_12,zm,train,10
19389,zm4_12_img054.jpg,zm4_12,zm,train,10
19390,zm4_12_img055.jpg,zm4_12,zm,train,10
19391,zm4_12_img056.jpg,zm4_12,zm,train,10
19392,zm4_12_img057.jpg,zm4_12,zm,train,10
19393,zm4_12_img058.jpg,zm4_12,zm,train,10
19394,zm4_12_img059.jpg,zm4_12,zm,train,10
19395,zm4_12_img060.jpg,zm4_12,zm,train,10
19396,zm4_12_img061.jpg,zm4_12,zm,train,10
19397,zm4_12_img062.jpg,zm4_12,zm,train,10
19398,zm4_12_img063.jpg,zm4_12,zm,train,10
19399,zm4_12_img064.jpg,zm4_12,zm,train,10
19400,zm4_12_img065.jpg,zm4_12,zm,train,10
19401,zm4_12_img066.jpg,zm4_12,zm,train,10
19402,zm4_12_img067.jpg,zm4_12,zm,train,10
19403,zm4_12_img068.jpg,zm4_12,zm,train,10
19404,zm4_12_img069.jpg,zm4_12,zm,train,10
19405,zm4_12_img070.jpg,zm4_12,zm,train,10
19406,zm4_12_img071.jpg,zm4_12,zm,train,10
19407,zm4_12_img072.jpg,zm4_12,zm,train,10
19408,zm4_12_img073.jpg,zm4_12,zm,train,10
19409,zm4_12_img074.jpg,zm4_12,zm,train,10
19410,zm4_12_img075.jpg,zm4_12,zm,train,10
19411,zm4_12_img076.jpg,zm4_12,zm,train,10
19412,zm4_12_img077.jpg,zm4_12,zm,train,10
19413,zm4_12_img078.jpg,zm4_12,zm,train,10
19414,zm4_12_img079.jpg,zm4_12,zm,train,10
19415,zm4_12_img080.jpg,zm4_12,zm,train,10
19416,zm4_12_img081.jpg,zm4_12,zm,train,10
19417,zm4_12_img082.jpg,zm4_12,zm,train,10
19418,zm4_12_img083.jpg,zm4_12,zm,train,10
19419,zm4_12_img084.jpg,zm4_12,zm,train,10
19420,zm4_12_img085.jpg,zm4_12,zm,train,10
19421,zm4_12_img086.jpg,zm4_12,zm,train,10
19422,zm4_12_img087.jpg,zm4_12,zm,train,10
19423,zm4_12_img088.jpg,zm4_12,zm,train,10
19424,zm4_12_img089.jpg,zm4_12,zm,train,10
19425,zm4_12_img090.jpg,zm4_12,zm,train,10
19426,zm4_12_img091.jpg,zm4_12,zm,train,10
19427,zm4_12_img092.jpg,zm4_12,zm,train,10
19428,zm4_12_img093.jpg,zm4_12,zm,train,10
19429,zm4_12_img094.jpg,zm4_12,zm,train,10
19430,zm4_12_img095.jpg,zm4_12,zm,train,10
19431,zm4_12_img096.jpg,zm4_12,zm,train,10
19432,zm4_12_img097.jpg,zm4_12,zm,train,10
19433,zm4_1_img001.jpg,zm4_1,zm,val,8
19434,zm4_1_img002.jpg,zm4_1,zm,val,8
19435,zm4_1_img003.jpg,zm4_1,zm,val,8
19436,zm4_1_img004.jpg,zm4_1,zm,val,8
19437,zm4_1_img005.jpg,zm4_1,zm,val,8
19438,zm4_1_img006.jpg,zm4_1,zm,val,8
19439,zm4_1_img007.jpg,zm4_1,zm,val,8
19440,zm4_1_img008.jpg,zm4_1,zm,val,8
19441,zm4_1_img009.jpg,zm4_1,zm,val,8
19442,zm4_1_img010.jpg,zm4_1,zm,val,8
19443,zm4_1_img011.jpg,zm4_1,zm,val,8
19444,zm4_1_img012.jpg,zm4_1,zm,val,8
19445,zm4_1_img013.jpg,zm4_1,zm,val,8
19446,zm4_1_img014.jpg,zm4_1,zm,val,8
19447,zm4_1_img015.jpg,zm4_1,zm,val,8
19448,zm4_1_img016.jpg,zm4_1,zm,val,8
19449,zm4_1_img017.jpg,zm4_1,zm,val,8
19450,zm4_1_img018.jpg,zm4_1,zm,val,8
19451,zm4_1_img019.jpg,zm4_1,zm,val,8
19452,zm4_1_img020.jpg,zm4_1,zm,val,8
19453,zm4_1_img021.jpg,zm4_1,zm,val,8
19454,zm4_1_img022.jpg,zm4_1,zm,val,8
19455,zm4_1_img023.jpg,zm4_1,zm,val,8
19456,zm4_1_img024.jpg,zm4_1,zm,val,8
19457,zm4_1_img025.jpg,zm4_1,zm,val,8
19458,zm4_1_img026.jpg,zm4_1,zm,val,8
19459,zm4_1_img027.jpg,zm4_1,zm,val,8
19460,zm4_1_img028.jpg,zm4_1,zm,val,8
19461,zm4_1_img029.jpg,zm4_1,zm,val,8
19462,zm4_1_img030.jpg,zm4_1,zm,val,8
19463,zm4_1_img031.jpg,zm4_1,zm,val,8
19464,zm4_1_img032.jpg,zm4_1,zm,val,8
19465,zm4_1_img033.jpg,zm4_1,zm,val,8
19466,zm4_1_img034.jpg,zm4_1,zm,val,8
19467,zm4_1_img035.jpg,zm4_1,zm,val,8
19468,zm4_1_img036.jpg,zm4_1,zm,val,8
19469,zm4_1_img037.jpg,zm4_1,zm,val,8
19470,zm4_1_img038.jpg,zm4_1,zm,val,8
19471,zm4_1_img039.jpg,zm4_1,zm,val,8
19472,zm4_1_img040.jpg,zm4_1,zm,val,8
19473,zm4_1_img041.jpg,zm4_1,zm,val,8
19474,zm4_1_img042.jpg,zm4_1,zm,val,8
19475,zm4_1_img043.jpg,zm4_1,zm,val,8
19476,zm4_1_img044.jpg,zm4_1,zm,val,8
19477,zm4_1_img045.jpg,zm4_1,zm,val,8
19478,zm4_1_img046.jpg,zm4_1,zm,val,8
19479,zm4_1_img047.jpg,zm4_1,zm,val,8
19480,zm4_1_img048.jpg,zm4_1,zm,val,8
19481,zm4_1_img049.jpg,zm4_1,zm,val,8
19482,zm4_1_img050.jpg,zm4_1,zm,val,8
19483,zm4_1_img051.jpg,zm4_1,zm,val,8
19484,zm4_1_img052.jpg,zm4_1,zm,val,8
19485,zm4_1_img053.jpg,zm4_1,zm,val,8
19486,zm4_1_img054.jpg,zm4_1,zm,val,8
19487,zm4_1_img055.jpg,zm4_1,zm,val,8
19488,zm4_1_img056.jpg,zm4_1,zm,val,8
19489,zm4_1_img057.jpg,zm4_1,zm,val,8
19490,zm4_1_img058.jpg,zm4_1,zm,val,8
19491,zm4_1_img059.jpg,zm4_1,zm,val,8
19492,zm4_1_img060.jpg,zm4_1,zm,val,8
19493,zm4_1_img061.jpg,zm4_1,zm,val,8
19494,zm4_1_img062.jpg,zm4_1,zm,val,8
19495,zm4_1_img063.jpg,zm4_1,zm,val,8
19496,zm4_1_img064.jpg,zm4_1,zm,val,8
19497,zm4_1_img065.jpg,zm4_1,zm,val,8
19498,zm4_1_img066.jpg,zm4_1,zm,val,8
19499,zm4_1_img067.jpg,zm4_1,zm,val,8
19500,zm4_1_img068.jpg,zm4_1,zm,val,8
19501,zm4_1_img069.jpg,zm4_1,zm,val,8
19502,zm4_1_img070.jpg,zm4_1,zm,val,8
19503,zm4_1_img071.jpg,zm4_1,zm,val,8
19504,zm4_1_img072.jpg,zm4_1,zm,val,8
19505,zm4_1_img073.jpg,zm4_1,zm,val,8
19506,zm4_1_img074.jpg,zm4_1,zm,val,8
19507,zm4_1_img075.jpg,zm4_1,zm,val,8
19508,zm4_1_img076.jpg,zm4_1,zm,val,8
19509,zm4_1_img077.jpg,zm4_1,zm,val,8
19510,zm4_1_img078.jpg,zm4_1,zm,val,8
19511,zm4_1_img079.jpg,zm4_1,zm,val,8
19512,zm4_1_img080.jpg,zm4_1,zm,val,8
19513,zm4_1_img081.jpg,zm4_1,zm,val,8
19514,zm4_1_img082.jpg,zm4_1,zm,val,8
19515,zm4_1_img083.jpg,zm4_1,zm,val,8
19516,zm4_1_img084.jpg,zm4_1,zm,val,8
19517,zm4_1_img085.jpg,zm4_1,zm,val,8
19518,zm4_1_img086.jpg,zm4_1,zm,val,8
19519,zm4_1_img087.jpg,zm4_1,zm,val,8
19520,zm4_1_img088.jpg,zm4_1,zm,val,8
19521,zm4_1_img089.jpg,zm4_1,zm,val,8
19522,zm4_1_img090.jpg,zm4_1,zm,val,8
19523,zm4_1_img091.jpg,zm4_1,zm,val,8
19524,zm4_1_img092.jpg,zm4_1,zm,val,8
19525,zm4_1_img093.jpg,zm4_1,zm,val,8
19526,zm4_1_img094.jpg,zm4_1,zm,val,8
19527,zm4_1_img095.jpg,zm4_1,zm,val,8
19528,zm4_1_img096.jpg,zm4_1,zm,val,8
19529,zm4_1_img097.jpg,zm4_1,zm,val,8
19530,zm4_2_img001.jpg,zm4_2,zm,train,7
19531,zm4_2_img002.jpg,zm4_2,zm,train,7
19532,zm4_2_img003.jpg,zm4_2,zm,train,7
19533,zm4_2_img004.jpg,zm4_2,zm,train,7
19534,zm4_2_img005.jpg,zm4_2,zm,train,7
19535,zm4_2_img006.jpg,zm4_2,zm,train,7
19536,zm4_2_img007.jpg,zm4_2,zm,train,7
19537,zm4_2_img008.jpg,zm4_2,zm,train,7
19538,zm4_2_img009.jpg,zm4_2,zm,train,7
19539,zm4_2_img010.jpg,zm4_2,zm,train,7
19540,zm4_2_img011.jpg,zm4_2,zm,train,7
19541,zm4_2_img012.jpg,zm4_2,zm,train,7
19542,zm4_2_img013.jpg,zm4_2,zm,train,7
19543,zm4_2_img014.jpg,zm4_2,zm,train,7
19544,zm4_2_img015.jpg,zm4_2,zm,train,7
19545,zm4_2_img016.jpg,zm4_2,zm,train,7
19546,zm4_2_img017.jpg,zm4_2,zm,train,7
19547,zm4_2_img018.jpg,zm4_2,zm,train,7
19548,zm4_2_img019.jpg,zm4_2,zm,train,7
19549,zm4_2_img020.jpg,zm4_2,zm,train,7
19550,zm4_2_img021.jpg,zm4_2,zm,train,7
19551,zm4_2_img022.jpg,zm4_2,zm,train,7
19552,zm4_2_img023.jpg,zm4_2,zm,train,7
19553,zm4_2_img024.jpg,zm4_2,zm,train,7
19554,zm4_2_img025.jpg,zm4_2,zm,train,7
19555,zm4_2_img026.jpg,zm4_2,zm,train,7
19556,zm4_2_img027.jpg,zm4_2,zm,train,7
19557,zm4_2_img028.jpg,zm4_2,zm,train,7
19558,zm4_2_img029.jpg,zm4_2,zm,train,7
19559,zm4_2_img030.jpg,zm4_2,zm,train,7
19560,zm4_2_img031.jpg,zm4_2,zm,train,7
19561,zm4_2_img032.jpg,zm4_2,zm,train,7
19562,zm4_2_img033.jpg,zm4_2,zm,train,7
19563,zm4_2_img034.jpg,zm4_2,zm,train,7
19564,zm4_2_img035.jpg,zm4_2,zm,train,7
19565,zm4_2_img036.jpg,zm4_2,zm,train,7
19566,zm4_2_img037.jpg,zm4_2,zm,train,7
19567,zm4_2_img038.jpg,zm4_2,zm,train,7
19568,zm4_2_img039.jpg,zm4_2,zm,train,7
19569,zm4_2_img040.jpg,zm4_2,zm,train,7
19570,zm4_2_img041.jpg,zm4_2,zm,train,7
19571,zm4_2_img042.jpg,zm4_2,zm,train,7
19572,zm4_2_img043.jpg,zm4_2,zm,train,7
19573,zm4_2_img044.jpg,zm4_2,zm,train,7
19574,zm4_2_img045.jpg,zm4_2,zm,train,7
19575,zm4_2_img046.jpg,zm4_2,zm,train,7
19576,zm4_2_img047.jpg,zm4_2,zm,train,7
19577,zm4_2_img048.jpg,zm4_2,zm,train,7
19578,zm4_2_img049.jpg,zm4_2,zm,train,7
19579,zm4_2_img050.jpg,zm4_2,zm,train,7
19580,zm4_2_img051.jpg,zm4_2,zm,train,7
19581,zm4_2_img052.jpg,zm4_2,zm,train,7
19582,zm4_2_img053.jpg,zm4_2,zm,train,7
19583,zm4_2_img054.jpg,zm4_2,zm,train,7
19584,zm4_2_img055.jpg,zm4_2,zm,train,7
19585,zm4_2_img056.jpg,zm4_2,zm,train,7
19586,zm4_2_img057.jpg,zm4_2,zm,train,7
19587,zm4_2_img058.jpg,zm4_2,zm,train,7
19588,zm4_2_img059.jpg,zm4_2,zm,train,7
19589,zm4_2_img060.jpg,zm4_2,zm,train,7
19590,zm4_2_img061.jpg,zm4_2,zm,train,7
19591,zm4_2_img062.jpg,zm4_2,zm,train,7
19592,zm4_2_img063.jpg,zm4_2,zm,train,7
19593,zm4_2_img064.jpg,zm4_2,zm,train,7
19594,zm4_2_img065.jpg,zm4_2,zm,train,7
19595,zm4_2_img066.jpg,zm4_2,zm,train,7
19596,zm4_2_img067.jpg,zm4_2,zm,train,7
19597,zm4_2_img068.jpg,zm4_2,zm,train,7
19598,zm4_2_img069.jpg,zm4_2,zm,train,7
19599,zm4_2_img070.jpg,zm4_2,zm,train,7
19600,zm4_2_img071.jpg,zm4_2,zm,train,7
19601,zm4_2_img072.jpg,zm4_2,zm,train,7
19602,zm4_2_img073.jpg,zm4_2,zm,train,7
19603,zm4_2_img074.jpg,zm4_2,zm,train,7
19604,zm4_2_img075.jpg,zm4_2,zm,train,7
19605,zm4_2_img076.jpg,zm4_2,zm,train,7
19606,zm4_2_img077.jpg,zm4_2,zm,train,7
19607,zm4_2_img078.jpg,zm4_2,zm,train,7
19608,zm4_2_img079.jpg,zm4_2,zm,train,7
19609,zm4_2_img080.jpg,zm4_2,zm,train,7
19610,zm4_2_img081.jpg,zm4_2,zm,train,7
19611,zm4_2_img082.jpg,zm4_2,zm,train,7
19612,zm4_2_img083.jpg,zm4_2,zm,train,7
19613,zm4_2_img084.jpg,zm4_2,zm,train,7
19614,zm4_2_img085.jpg,zm4_2,zm,train,7
19615,zm4_2_img086.jpg,zm4_2,zm,train,7
19616,zm4_2_img087.jpg,zm4_2,zm,train,7
19617,zm4_2_img088.jpg,zm4_2,zm,train,7
19618,zm4_2_img089.jpg,zm4_2,zm,train,7
19619,zm4_2_img090.jpg,zm4_2,zm,train,7
19620,zm4_2_img091.jpg,zm4_2,zm,train,7
19621,zm4_2_img092.jpg,zm4_2,zm,train,7
19622,zm4_2_img093.jpg,zm4_2,zm,train,7
19623,zm4_2_img094.jpg,zm4_2,zm,train,7
19624,zm4_2_img095.jpg,zm4_2,zm,train,7
19625,zm4_2_img096.jpg,zm4_2,zm,train,7
19626,zm4_2_img097.jpg,zm4_2,zm,train,7
19627,zm4_3_img001.jpg,zm4_3,zm,test,10
19628,zm4_3_img002.jpg,zm4_3,zm,test,10
19629,zm4_3_img003.jpg,zm4_3,zm,test,10
19630,zm4_3_img004.jpg,zm4_3,zm,test,10
19631,zm4_3_img005.jpg,zm4_3,zm,test,10
19632,zm4_3_img006.jpg,zm4_3,zm,test,10
19633,zm4_3_img007.jpg,zm4_3,zm,test,10
19634,zm4_3_img008.jpg,zm4_3,zm,test,10
19635,zm4_3_img009.jpg,zm4_3,zm,test,10
19636,zm4_3_img010.jpg,zm4_3,zm,test,10
19637,zm4_3_img011.jpg,zm4_3,zm,test,10
19638,zm4_3_img012.jpg,zm4_3,zm,test,10
19639,zm4_3_img013.jpg,zm4_3,zm,test,10
19640,zm4_3_img014.jpg,zm4_3,zm,test,10
19641,zm4_3_img015.jpg,zm4_3,zm,test,10
19642,zm4_3_img016.jpg,zm4_3,zm,test,10
19643,zm4_3_img017.jpg,zm4_3,zm,test,10
19644,zm4_3_img018.jpg,zm4_3,zm,test,10
19645,zm4_3_img019.jpg,zm4_3,zm,test,10
19646,zm4_3_img020.jpg,zm4_3,zm,test,10
19647,zm4_3_img021.jpg,zm4_3,zm,test,10
19648,zm4_3_img022.jpg,zm4_3,zm,test,10
19649,zm4_3_img023.jpg,zm4_3,zm,test,10
19650,zm4_3_img024.jpg,zm4_3,zm,test,10
19651,zm4_3_img025.jpg,zm4_3,zm,test,10
19652,zm4_3_img026.jpg,zm4_3,zm,test,10
19653,zm4_3_img027.jpg,zm4_3,zm,test,10
19654,zm4_3_img028.jpg,zm4_3,zm,test,10
19655,zm4_3_img029.jpg,zm4_3,zm,test,10
19656,zm4_3_img030.jpg,zm4_3,zm,test,10
19657,zm4_3_img031.jpg,zm4_3,zm,test,10
19658,zm4_3_img032.jpg,zm4_3,zm,test,10
19659,zm4_3_img033.jpg,zm4_3,zm,test,10
19660,zm4_3_img034.jpg,zm4_3,zm,test,10
19661,zm4_3_img035.jpg,zm4_3,zm,test,10
19662,zm4_3_img036.jpg,zm4_3,zm,test,10
19663,zm4_3_img037.jpg,zm4_3,zm,test,10
19664,zm4_3_img038.jpg,zm4_3,zm,test,10
19665,zm4_3_img039.jpg,zm4_3,zm,test,10
19666,zm4_3_img040.jpg,zm4_3,zm,test,10
19667,zm4_3_img041.jpg,zm4_3,zm,test,10
19668,zm4_3_img042.jpg,zm4_3,zm,test,10
19669,zm4_3_img043.jpg,zm4_3,zm,test,10
19670,zm4_3_img044.jpg,zm4_3,zm,test,10
19671,zm4_3_img045.jpg,zm4_3,zm,test,10
19672,zm4_3_img046.jpg,zm4_3,zm,test,10
19673,zm4_3_img047.jpg,zm4_3,zm,test,10
19674,zm4_3_img048.jpg,zm4_3,zm,test,10
19675,zm4_3_img049.jpg,zm4_3,zm,test,10
19676,zm4_3_img050.jpg,zm4_3,zm,test,10
19677,zm4_3_img051.jpg,zm4_3,zm,test,10
19678,zm4_3_img052.jpg,zm4_3,zm,test,10
19679,zm4_3_img053.jpg,zm4_3,zm,test,10
19680,zm4_3_img054.jpg,zm4_3,zm,test,10
19681,zm4_3_img055.jpg,zm4_3,zm,test,10
19682,zm4_3_img056.jpg,zm4_3,zm,test,10
19683,zm4_3_img057.jpg,zm4_3,zm,test,10
19684,zm4_3_img058.jpg,zm4_3,zm,test,10
19685,zm4_3_img059.jpg,zm4_3,zm,test,10
19686,zm4_3_img060.jpg,zm4_3,zm,test,10
19687,zm4_3_img061.jpg,zm4_3,zm,test,10
19688,zm4_3_img062.jpg,zm4_3,zm,test,10
19689,zm4_3_img063.jpg,zm4_3,zm,test,10
19690,zm4_3_img064.jpg,zm4_3,zm,test,10
19691,zm4_3_img065.jpg,zm4_3,zm,test,10
19692,zm4_3_img066.jpg,zm4_3,zm,test,10
19693,zm4_3_img067.jpg,zm4_3,zm,test,10
19694,zm4_3_img068.jpg,zm4_3,zm,test,10
19695,zm4_3_img069.jpg,zm4_3,zm,test,10
19696,zm4_3_img070.jpg,zm4_3,zm,test,10
19697,zm4_3_img071.jpg,zm4_3,zm,test,10
19698,zm4_3_img072.jpg,zm4_3,zm,test,10
19699,zm4_3_img073.jpg,zm4_3,zm,test,10
19700,zm4_3_img074.jpg,zm4_3,zm,test,10
19701,zm4_3_img075.jpg,zm4_3,zm,test,10
19702,zm4_3_img076.jpg,zm4_3,zm,test,10
19703,zm4_3_img077.jpg,zm4_3,zm,test,10
19704,zm4_3_img078.jpg,zm4_3,zm,test,10
19705,zm4_3_img079.jpg,zm4_3,zm,test,10
19706,zm4_3_img080.jpg,zm4_3,zm,test,10
19707,zm4_3_img081.jpg,zm4_3,zm,test,10
19708,zm4_3_img082.jpg,zm4_3,zm,test,10
19709,zm4_3_img083.jpg,zm4_3,zm,test,10
19710,zm4_3_img084.jpg,zm4_3,zm,test,10
19711,zm4_3_img085.jpg,zm4_3,zm,test,10
19712,zm4_3_img086.jpg,zm4_3,zm,test,10
19713,zm4_3_img087.jpg,zm4_3,zm,test,10
19714,zm4_3_img088.jpg,zm4_3,zm,test,10
19715,zm4_3_img089.jpg,zm4_3,zm,test,10
19716,zm4_3_img090.jpg,zm4_3,zm,test,10
19717,zm4_3_img091.jpg,zm4_3,zm,test,10
19718,zm4_3_img092.jpg,zm4_3,zm,test,10
19719,zm4_3_img093.jpg,zm4_3,zm,test,10
19720,zm4_3_img094.jpg,zm4_3,zm,test,10
19721,zm4_3_img095.jpg,zm4_3,zm,test,10
19722,zm4_3_img096.jpg,zm4_3,zm,test,10
19723,zm4_3_img097.jpg,zm4_3,zm,test,10
19724,zm4_4_img001.jpg,zm4_4,zm,train,8
19725,zm4_4_img002.jpg,zm4_4,zm,train,8
19726,zm4_4_img003.jpg,zm4_4,zm,train,8
19727,zm4_4_img004.jpg,zm4_4,zm,train,8
19728,zm4_4_img005.jpg,zm4_4,zm,train,8
19729,zm4_4_img006.jpg,zm4_4,zm,train,8
19730,zm4_4_img007.jpg,zm4_4,zm,train,8
19731,zm4_4_img008.jpg,zm4_4,zm,train,8
19732,zm4_4_img009.jpg,zm4_4,zm,train,8
19733,zm4_4_img010.jpg,zm4_4,zm,train,8
19734,zm4_4_img011.jpg,zm4_4,zm,train,8
19735,zm4_4_img012.jpg,zm4_4,zm,train,8
19736,zm4_4_img013.jpg,zm4_4,zm,train,8
19737,zm4_4_img014.jpg,zm4_4,zm,train,8
19738,zm4_4_img015.jpg,zm4_4,zm,train,8
19739,zm4_4_img016.jpg,zm4_4,zm,train,8
19740,zm4_4_img017.jpg,zm4_4,zm,train,8
19741,zm4_4_img018.jpg,zm4_4,zm,train,8
19742,zm4_4_img019.jpg,zm4_4,zm,train,8
19743,zm4_4_img020.jpg,zm4_4,zm,train,8
19744,zm4_4_img021.jpg,zm4_4,zm,train,8
19745,zm4_4_img022.jpg,zm4_4,zm,train,8
19746,zm4_4_img023.jpg,zm4_4,zm,train,8
19747,zm4_4_img024.jpg,zm4_4,zm,train,8
19748,zm4_4_img025.jpg,zm4_4,zm,train,8
19749,zm4_4_img026.jpg,zm4_4,zm,train,8
19750,zm4_4_img027.jpg,zm4_4,zm,train,8
19751,zm4_4_img028.jpg,zm4_4,zm,train,8
19752,zm4_4_img029.jpg,zm4_4,zm,train,8
19753,zm4_4_img030.jpg,zm4_4,zm,train,8
19754,zm4_4_img031.jpg,zm4_4,zm,train,8
19755,zm4_4_img032.jpg,zm4_4,zm,train,8
19756,zm4_4_img033.jpg,zm4_4,zm,train,8
19757,zm4_4_img034.jpg,zm4_4,zm,train,8
19758,zm4_4_img035.jpg,zm4_4,zm,train,8
19759,zm4_4_img036.jpg,zm4_4,zm,train,8
19760,zm4_4_img037.jpg,zm4_4,zm,train,8
19761,zm4_4_img038.jpg,zm4_4,zm,train,8
19762,zm4_4_img039.jpg,zm4_4,zm,train,8
19763,zm4_4_img040.jpg,zm4_4,zm,train,8
19764,zm4_4_img041.jpg,zm4_4,zm,train,8
19765,zm4_4_img042.jpg,zm4_4,zm,train,8
19766,zm4_4_img043.jpg,zm4_4,zm,train,8
19767,zm4_4_img044.jpg,zm4_4,zm,train,8
19768,zm4_4_img045.jpg,zm4_4,zm,train,8
19769,zm4_4_img046.jpg,zm4_4,zm,train,8
19770,zm4_4_img047.jpg,zm4_4,zm,train,8
19771,zm4_4_img048.jpg,zm4_4,zm,train,8
19772,zm4_4_img049.jpg,zm4_4,zm,train,8
19773,zm4_4_img050.jpg,zm4_4,zm,train,8
19774,zm4_4_img051.jpg,zm4_4,zm,train,8
19775,zm4_4_img052.jpg,zm4_4,zm,train,8
19776,zm4_4_img053.jpg,zm4_4,zm,train,8
19777,zm4_4_img054.jpg,zm4_4,zm,train,8
19778,zm4_4_img055.jpg,zm4_4,zm,train,8
19779,zm4_4_img056.jpg,zm4_4,zm,train,8
19780,zm4_4_img057.jpg,zm4_4,zm,train,8
19781,zm4_4_img058.jpg,zm4_4,zm,train,8
19782,zm4_4_img059.jpg,zm4_4,zm,train,8
19783,zm4_4_img060.jpg,zm4_4,zm,train,8
19784,zm4_4_img061.jpg,zm4_4,zm,train,8
19785,zm4_4_img062.jpg,zm4_4,zm,train,8
19786,zm4_4_img063.jpg,zm4_4,zm,train,8
19787,zm4_4_img064.jpg,zm4_4,zm,train,8
19788,zm4_4_img065.jpg,zm4_4,zm,train,8
19789,zm4_4_img066.jpg,zm4_4,zm,train,8
19790,zm4_4_img067.jpg,zm4_4,zm,train,8
19791,zm4_4_img068.jpg,zm4_4,zm,train,8
19792,zm4_4_img069.jpg,zm4_4,zm,train,8
19793,zm4_4_img070.jpg,zm4_4,zm,train,8
19794,zm4_4_img071.jpg,zm4_4,zm,train,8
19795,zm4_4_img072.jpg,zm4_4,zm,train,8
19796,zm4_4_img073.jpg,zm4_4,zm,train,8
19797,zm4_4_img074.jpg,zm4_4,zm,train,8
19798,zm4_4_img075.jpg,zm4_4,zm,train,8
19799,zm4_4_img076.jpg,zm4_4,zm,train,8
19800,zm4_4_img077.jpg,zm4_4,zm,train,8
19801,zm4_4_img078.jpg,zm4_4,zm,train,8
19802,zm4_4_img079.jpg,zm4_4,zm,train,8
19803,zm4_4_img080.jpg,zm4_4,zm,train,8
19804,zm4_4_img081.jpg,zm4_4,zm,train,8
19805,zm4_4_img082.jpg,zm4_4,zm,train,8
19806,zm4_4_img083.jpg,zm4_4,zm,train,8
19807,zm4_4_img084.jpg,zm4_4,zm,train,8
19808,zm4_4_img085.jpg,zm4_4,zm,train,8
19809,zm4_4_img086.jpg,zm4_4,zm,train,8
19810,zm4_4_img087.jpg,zm4_4,zm,train,8
19811,zm4_4_img088.jpg,zm4_4,zm,train,8
19812,zm4_4_img089.jpg,zm4_4,zm,train,8
19813,zm4_4_img090.jpg,zm4_4,zm,train,8
19814,zm4_4_img091.jpg,zm4_4,zm,train,8
19815,zm4_4_img092.jpg,zm4_4,zm,train,8
19816,zm4_4_img093.jpg,zm4_4,zm,train,8
19817,zm4_4_img094.jpg,zm4_4,zm,train,8
19818,zm4_4_img095.jpg,zm4_4,zm,train,8
19819,zm4_4_img096.jpg,zm4_4,zm,train,8
19820,zm4_4_img097.jpg,zm4_4,zm,train,8
19821,zm4_5_img001.jpg,zm4_5,zm,train,8
19822,zm4_5_img002.jpg,zm4_5,zm,train,8
19823,zm4_5_img003.jpg,zm4_5,zm,train,8
19824,zm4_5_img004.jpg,zm4_5,zm,train,8
19825,zm4_5_img005.jpg,zm4_5,zm,train,8
19826,zm4_5_img006.jpg,zm4_5,zm,train,8
19827,zm4_5_img007.jpg,zm4_5,zm,train,8
19828,zm4_5_img008.jpg,zm4_5,zm,train,8
19829,zm4_5_img009.jpg,zm4_5,zm,train,8
19830,zm4_5_img010.jpg,zm4_5,zm,train,8
19831,zm4_5_img011.jpg,zm4_5,zm,train,8
19832,zm4_5_img012.jpg,zm4_5,zm,train,8
19833,zm4_5_img013.jpg,zm4_5,zm,train,8
19834,zm4_5_img014.jpg,zm4_5,zm,train,8
19835,zm4_5_img015.jpg,zm4_5,zm,train,8
19836,zm4_5_img016.jpg,zm4_5,zm,train,8
19837,zm4_5_img017.jpg,zm4_5,zm,train,8
19838,zm4_5_img018.jpg,zm4_5,zm,train,8
19839,zm4_5_img019.jpg,zm4_5,zm,train,8
19840,zm4_5_img020.jpg,zm4_5,zm,train,8
19841,zm4_5_img021.jpg,zm4_5,zm,train,8
19842,zm4_5_img022.jpg,zm4_5,zm,train,8
19843,zm4_5_img023.jpg,zm4_5,zm,train,8
19844,zm4_5_img024.jpg,zm4_5,zm,train,8
19845,zm4_5_img025.jpg,zm4_5,zm,train,8
19846,zm4_5_img026.jpg,zm4_5,zm,train,8
19847,zm4_5_img027.jpg,zm4_5,zm,train,8
19848,zm4_5_img028.jpg,zm4_5,zm,train,8
19849,zm4_5_img029.jpg,zm4_5,zm,train,8
19850,zm4_5_img030.jpg,zm4_5,zm,train,8
19851,zm4_5_img031.jpg,zm4_5,zm,train,8
19852,zm4_5_img032.jpg,zm4_5,zm,train,8
19853,zm4_5_img033.jpg,zm4_5,zm,train,8
19854,zm4_5_img034.jpg,zm4_5,zm,train,8
19855,zm4_5_img035.jpg,zm4_5,zm,train,8
19856,zm4_5_img036.jpg,zm4_5,zm,train,8
19857,zm4_5_img037.jpg,zm4_5,zm,train,8
19858,zm4_5_img038.jpg,zm4_5,zm,train,8
19859,zm4_5_img039.jpg,zm4_5,zm,train,8
19860,zm4_5_img040.jpg,zm4_5,zm,train,8
19861,zm4_5_img041.jpg,zm4_5,zm,train,8
19862,zm4_5_img042.jpg,zm4_5,zm,train,8
19863,zm4_5_img043.jpg,zm4_5,zm,train,8
19864,zm4_5_img044.jpg,zm4_5,zm,train,8
19865,zm4_5_img045.jpg,zm4_5,zm,train,8
19866,zm4_5_img046.jpg,zm4_5,zm,train,8
19867,zm4_5_img047.jpg,zm4_5,zm,train,8
19868,zm4_5_img048.jpg,zm4_5,zm,train,8
19869,zm4_5_img049.jpg,zm4_5,zm,train,8
19870,zm4_5_img050.jpg,zm4_5,zm,train,8
19871,zm4_5_img051.jpg,zm4_5,zm,train,8
19872,zm4_5_img052.jpg,zm4_5,zm,train,8
19873,zm4_5_img053.jpg,zm4_5,zm,train,8
19874,zm4_5_img054.jpg,zm4_5,zm,train,8
19875,zm4_5_img055.jpg,zm4_5,zm,train,8
19876,zm4_5_img056.jpg,zm4_5,zm,train,8
19877,zm4_5_img057.jpg,zm4_5,zm,train,8
19878,zm4_5_img058.jpg,zm4_5,zm,train,8
19879,zm4_5_img059.jpg,zm4_5,zm,train,8
19880,zm4_5_img060.jpg,zm4_5,zm,train,8
19881,zm4_5_img061.jpg,zm4_5,zm,train,8
19882,zm4_5_img062.jpg,zm4_5,zm,train,8
19883,zm4_5_img063.jpg,zm4_5,zm,train,8
19884,zm4_5_img064.jpg,zm4_5,zm,train,8
19885,zm4_5_img065.jpg,zm4_5,zm,train,8
19886,zm4_5_img066.jpg,zm4_5,zm,train,8
19887,zm4_5_img067.jpg,zm4_5,zm,train,8
19888,zm4_5_img068.jpg,zm4_5,zm,train,8
19889,zm4_5_img069.jpg,zm4_5,zm,train,8
19890,zm4_5_img070.jpg,zm4_5,zm,train,8
19891,zm4_5_img071.jpg,zm4_5,zm,train,8
19892,zm4_5_img072.jpg,zm4_5,zm,train,8
19893,zm4_5_img073.jpg,zm4_5,zm,train,8
19894,zm4_5_img074.jpg,zm4_5,zm,train,8
19895,zm4_5_img075.jpg,zm4_5,zm,train,8
19896,zm4_5_img076.jpg,zm4_5,zm,train,8
19897,zm4_5_img077.jpg,zm4_5,zm,train,8
19898,zm4_5_img078.jpg,zm4_5,zm,train,8
19899,zm4_5_img079.jpg,zm4_5,zm,train,8
19900,zm4_5_img080.jpg,zm4_5,zm,train,8
19901,zm4_5_img081.jpg,zm4_5,zm,train,8
19902,zm4_5_img082.jpg,zm4_5,zm,train,8
19903,zm4_5_img083.jpg,zm4_5,zm,train,8
19904,zm4_5_img084.jpg,zm4_5,zm,train,8
19905,zm4_5_img085.jpg,zm4_5,zm,train,8
19906,zm4_5_img086.jpg,zm4_5,zm,train,8
19907,zm4_5_img087.jpg,zm4_5,zm,train,8
19908,zm4_5_img088.jpg,zm4_5,zm,train,8
19909,zm4_5_img089.jpg,zm4_5,zm,train,8
19910,zm4_5_img090.jpg,zm4_5,zm,train,8
19911,zm4_5_img091.jpg,zm4_5,zm,train,8
19912,zm4_5_img092.jpg,zm4_5,zm,train,8
19913,zm4_5_img093.jpg,zm4_5,zm,train,8
19914,zm4_5_img094.jpg,zm4_5,zm,train,8
19915,zm4_5_img095.jpg,zm4_5,zm,train,8
19916,zm4_5_img096.jpg,zm4_5,zm,train,8
19917,zm4_5_img097.jpg,zm4_5,zm,train,8
19918,zm4_6_img001.jpg,zm4_6,zm,train,8
19919,zm4_6_img002.jpg,zm4_6,zm,train,8
19920,zm4_6_img003.jpg,zm4_6,zm,train,8
19921,zm4_6_img004.jpg,zm4_6,zm,train,8
19922,zm4_6_img005.jpg,zm4_6,zm,train,8
19923,zm4_6_img006.jpg,zm4_6,zm,train,8
19924,zm4_6_img007.jpg,zm4_6,zm,train,8
19925,zm4_6_img008.jpg,zm4_6,zm,train,8
19926,zm4_6_img009.jpg,zm4_6,zm,train,8
19927,zm4_6_img010.jpg,zm4_6,zm,train,8
19928,zm4_6_img011.jpg,zm4_6,zm,train,8
19929,zm4_6_img012.jpg,zm4_6,zm,train,8
19930,zm4_6_img013.jpg,zm4_6,zm,train,8
19931,zm4_6_img014.jpg,zm4_6,zm,train,8
19932,zm4_6_img015.jpg,zm4_6,zm,train,8
19933,zm4_6_img016.jpg,zm4_6,zm,train,8
19934,zm4_6_img017.jpg,zm4_6,zm,train,8
19935,zm4_6_img018.jpg,zm4_6,zm,train,8
19936,zm4_6_img019.jpg,zm4_6,zm,train,8
19937,zm4_6_img020.jpg,zm4_6,zm,train,8
19938,zm4_6_img021.jpg,zm4_6,zm,train,8
19939,zm4_6_img022.jpg,zm4_6,zm,train,8
19940,zm4_6_img023.jpg,zm4_6,zm,train,8
19941,zm4_6_img024.jpg,zm4_6,zm,train,8
19942,zm4_6_img025.jpg,zm4_6,zm,train,8
19943,zm4_6_img026.jpg,zm4_6,zm,train,8
19944,zm4_6_img027.jpg,zm4_6,zm,train,8
19945,zm4_6_img028.jpg,zm4_6,zm,train,8
19946,zm4_6_img029.jpg,zm4_6,zm,train,8
19947,zm4_6_img030.jpg,zm4_6,zm,train,8
19948,zm4_6_img031.jpg,zm4_6,zm,train,8
19949,zm4_6_img032.jpg,zm4_6,zm,train,8
19950,zm4_6_img033.jpg,zm4_6,zm,train,8
19951,zm4_6_img034.jpg,zm4_6,zm,train,8
19952,zm4_6_img035.jpg,zm4_6,zm,train,8
19953,zm4_6_img036.jpg,zm4_6,zm,train,8
19954,zm4_6_img037.jpg,zm4_6,zm,train,8
19955,zm4_6_img038.jpg,zm4_6,zm,train,8
19956,zm4_6_img039.jpg,zm4_6,zm,train,8
19957,zm4_6_img040.jpg,zm4_6,zm,train,8
19958,zm4_6_img041.jpg,zm4_6,zm,train,8
19959,zm4_6_img042.jpg,zm4_6,zm,train,8
19960,zm4_6_img043.jpg,zm4_6,zm,train,8
19961,zm4_6_img044.jpg,zm4_6,zm,train,8
19962,zm4_6_img045.jpg,zm4_6,zm,train,8
19963,zm4_6_img046.jpg,zm4_6,zm,train,8
19964,zm4_6_img047.jpg,zm4_6,zm,train,8
19965,zm4_6_img048.jpg,zm4_6,zm,train,8
19966,zm4_6_img049.jpg,zm4_6,zm,train,8
19967,zm4_6_img050.jpg,zm4_6,zm,train,8
19968,zm4_6_img051.jpg,zm4_6,zm,train,8
19969,zm4_6_img052.jpg,zm4_6,zm,train,8
19970,zm4_6_img053.jpg,zm4_6,zm,train,8
19971,zm4_6_img054.jpg,zm4_6,zm,train,8
19972,zm4_6_img055.jpg,zm4_6,zm,train,8
19973,zm4_6_img056.jpg,zm4_6,zm,train,8
19974,zm4_6_img057.jpg,zm4_6,zm,train,8
19975,zm4_6_img058.jpg,zm4_6,zm,train,8
19976,zm4_6_img059.jpg,zm4_6,zm,train,8
19977,zm4_6_img060.jpg,zm4_6,zm,train,8
19978,zm4_6_img061.jpg,zm4_6,zm,train,8
19979,zm4_6_img062.jpg,zm4_6,zm,train,8
19980,zm4_6_img063.jpg,zm4_6,zm,train,8
19981,zm4_6_img064.jpg,zm4_6,zm,train,8
19982,zm4_6_img065.jpg,zm4_6,zm,train,8
19983,zm4_6_img066.jpg,zm4_6,zm,train,8
19984,zm4_6_img067.jpg,zm4_6,zm,train,8
19985,zm4_6_img068.jpg,zm4_6,zm,train,8
19986,zm4_6_img069.jpg,zm4_6,zm,train,8
19987,zm4_6_img070.jpg,zm4_6,zm,train,8
19988,zm4_6_img071.jpg,zm4_6,zm,train,8
19989,zm4_6_img072.jpg,zm4_6,zm,train,8
19990,zm4_6_img073.jpg,zm4_6,zm,train,8
19991,zm4_6_img074.jpg,zm4_6,zm,train,8
19992,zm4_6_img075.jpg,zm4_6,zm,train,8
19993,zm4_6_img076.jpg,zm4_6,zm,train,8
19994,zm4_6_img077.jpg,zm4_6,zm,train,8
19995,zm4_6_img078.jpg,zm4_6,zm,train,8
19996,zm4_6_img079.jpg,zm4_6,zm,train,8
19997,zm4_6_img080.jpg,zm4_6,zm,train,8
19998,zm4_6_img081.jpg,zm4_6,zm,train,8
19999,zm4_6_img082.jpg,zm4_6,zm,train,8
20000,zm4_6_img083.jpg,zm4_6,zm,train,8
20001,zm4_6_img084.jpg,zm4_6,zm,train,8
20002,zm4_6_img085.jpg,zm4_6,zm,train,8
20003,zm4_6_img086.jpg,zm4_6,zm,train,8
20004,zm4_6_img087.jpg,zm4_6,zm,train,8
20005,zm4_6_img088.jpg,zm4_6,zm,train,8
20006,zm4_6_img089.jpg,zm4_6,zm,train,8
20007,zm4_6_img090.jpg,zm4_6,zm,train,8
20008,zm4_6_img091.jpg,zm4_6,zm,train,8
20009,zm4_6_img092.jpg,zm4_6,zm,train,8
20010,zm4_6_img093.jpg,zm4_6,zm,train,8
20011,zm4_6_img094.jpg,zm4_6,zm,train,8
20012,zm4_6_img095.jpg,zm4_6,zm,train,8
20013,zm4_6_img096.jpg,zm4_6,zm,train,8
20014,zm4_6_img097.jpg,zm4_6,zm,train,8
20015,zm4_7_img001.jpg,zm4_7,zm,train,10
20016,zm4_7_img002.jpg,zm4_7,zm,train,10
20017,zm4_7_img003.jpg,zm4_7,zm,train,10
20018,zm4_7_img004.jpg,zm4_7,zm,train,10
20019,zm4_7_img005.jpg,zm4_7,zm,train,10
20020,zm4_7_img006.jpg,zm4_7,zm,train,10
20021,zm4_7_img007.jpg,zm4_7,zm,train,10
20022,zm4_7_img008.jpg,zm4_7,zm,train,10
20023,zm4_7_img009.jpg,zm4_7,zm,train,10
20024,zm4_7_img010.jpg,zm4_7,zm,train,10
20025,zm4_7_img011.jpg,zm4_7,zm,train,10
20026,zm4_7_img012.jpg,zm4_7,zm,train,10
20027,zm4_7_img013.jpg,zm4_7,zm,train,10
20028,zm4_7_img014.jpg,zm4_7,zm,train,10
20029,zm4_7_img015.jpg,zm4_7,zm,train,10
20030,zm4_7_img016.jpg,zm4_7,zm,train,10
20031,zm4_7_img017.jpg,zm4_7,zm,train,10
20032,zm4_7_img018.jpg,zm4_7,zm,train,10
20033,zm4_7_img019.jpg,zm4_7,zm,train,10
20034,zm4_7_img020.jpg,zm4_7,zm,train,10
20035,zm4_7_img021.jpg,zm4_7,zm,train,10
20036,zm4_7_img022.jpg,zm4_7,zm,train,10
20037,zm4_7_img023.jpg,zm4_7,zm,train,10
20038,zm4_7_img024.jpg,zm4_7,zm,train,10
20039,zm4_7_img025.jpg,zm4_7,zm,train,10
20040,zm4_7_img026.jpg,zm4_7,zm,train,10
20041,zm4_7_img027.jpg,zm4_7,zm,train,10
20042,zm4_7_img028.jpg,zm4_7,zm,train,10
20043,zm4_7_img029.jpg,zm4_7,zm,train,10
20044,zm4_7_img030.jpg,zm4_7,zm,train,10
20045,zm4_7_img031.jpg,zm4_7,zm,train,10
20046,zm4_7_img032.jpg,zm4_7,zm,train,10
20047,zm4_7_img033.jpg,zm4_7,zm,train,10
20048,zm4_7_img034.jpg,zm4_7,zm,train,10
20049,zm4_7_img035.jpg,zm4_7,zm,train,10
20050,zm4_7_img036.jpg,zm4_7,zm,train,10
20051,zm4_7_img037.jpg,zm4_7,zm,train,10
20052,zm4_7_img038.jpg,zm4_7,zm,train,10
20053,zm4_7_img039.jpg,zm4_7,zm,train,10
20054,zm4_7_img040.jpg,zm4_7,zm,train,10
20055,zm4_7_img041.jpg,zm4_7,zm,train,10
20056,zm4_7_img042.jpg,zm4_7,zm,train,10
20057,zm4_7_img043.jpg,zm4_7,zm,train,10
20058,zm4_7_img044.jpg,zm4_7,zm,train,10
20059,zm4_7_img045.jpg,zm4_7,zm,train,10
20060,zm4_7_img046.jpg,zm4_7,zm,train,10
20061,zm4_7_img047.jpg,zm4_7,zm,train,10
20062,zm4_7_img048.jpg,zm4_7,zm,train,10
20063,zm4_7_img049.jpg,zm4_7,zm,train,10
20064,zm4_7_img050.jpg,zm4_7,zm,train,10
20065,zm4_7_img051.jpg,zm4_7,zm,train,10
20066,zm4_7_img052.jpg,zm4_7,zm,train,10
20067,zm4_7_img053.jpg,zm4_7,zm,train,10
20068,zm4_7_img054.jpg,zm4_7,zm,train,10
20069,zm4_7_img055.jpg,zm4_7,zm,train,10
20070,zm4_7_img056.jpg,zm4_7,zm,train,10
20071,zm4_7_img057.jpg,zm4_7,zm,train,10
20072,zm4_7_img058.jpg,zm4_7,zm,train,10
20073,zm4_7_img059.jpg,zm4_7,zm,train,10
20074,zm4_7_img060.jpg,zm4_7,zm,train,10
20075,zm4_7_img061.jpg,zm4_7,zm,train,10
20076,zm4_7_img062.jpg,zm4_7,zm,train,10
20077,zm4_7_img063.jpg,zm4_7,zm,train,10
20078,zm4_7_img064.jpg,zm4_7,zm,train,10
20079,zm4_7_img065.jpg,zm4_7,zm,train,10
20080,zm4_7_img066.jpg,zm4_7,zm,train,10
20081,zm4_7_img067.jpg,zm4_7,zm,train,10
20082,zm4_7_img068.jpg,zm4_7,zm,train,10
20083,zm4_7_img069.jpg,zm4_7,zm,train,10
20084,zm4_7_img070.jpg,zm4_7,zm,train,10
20085,zm4_7_img071.jpg,zm4_7,zm,train,10
20086,zm4_7_img072.jpg,zm4_7,zm,train,10
20087,zm4_7_img073.jpg,zm4_7,zm,train,10
20088,zm4_7_img074.jpg,zm4_7,zm,train,10
20089,zm4_7_img075.jpg,zm4_7,zm,train,10
20090,zm4_7_img076.jpg,zm4_7,zm,train,10
20091,zm4_7_img077.jpg,zm4_7,zm,train,10
20092,zm4_7_img078.jpg,zm4_7,zm,train,10
20093,zm4_7_img079.jpg,zm4_7,zm,train,10
20094,zm4_7_img080.jpg,zm4_7,zm,train,10
20095,zm4_7_img081.jpg,zm4_7,zm,train,10
20096,zm4_7_img082.jpg,zm4_7,zm,train,10
20097,zm4_7_img083.jpg,zm4_7,zm,train,10
20098,zm4_7_img084.jpg,zm4_7,zm,train,10
20099,zm4_7_img085.jpg,zm4_7,zm,train,10
20100,zm4_7_img086.jpg,zm4_7,zm,train,10
20101,zm4_7_img087.jpg,zm4_7,zm,train,10
20102,zm4_7_img088.jpg,zm4_7,zm,train,10
20103,zm4_7_img089.jpg,zm4_7,zm,train,10
20104,zm4_7_img090.jpg,zm4_7,zm,train,10
20105,zm4_7_img091.jpg,zm4_7,zm,train,10
20106,zm4_7_img092.jpg,zm4_7,zm,train,10
20107,zm4_7_img093.jpg,zm4_7,zm,train,10
20108,zm4_7_img094.jpg,zm4_7,zm,train,10
20109,zm4_7_img095.jpg,zm4_7,zm,train,10
20110,zm4_7_img096.jpg,zm4_7,zm,train,10
20111,zm4_7_img097.jpg,zm4_7,zm,train,10
20112,zm4_8_img001.jpg,zm4_8,zm,val,10
20113,zm4_8_img002.jpg,zm4_8,zm,val,10
20114,zm4_8_img003.jpg,zm4_8,zm,val,10
20115,zm4_8_img004.jpg,zm4_8,zm,val,10
20116,zm4_8_img005.jpg,zm4_8,zm,val,10
20117,zm4_8_img006.jpg,zm4_8,zm,val,10
20118,zm4_8_img007.jpg,zm4_8,zm,val,10
20119,zm4_8_img008.jpg,zm4_8,zm,val,10
20120,zm4_8_img009.jpg,zm4_8,zm,val,10
20121,zm4_8_img010.jpg,zm4_8,zm,val,10
20122,zm4_8_img011.jpg,zm4_8,zm,val,10
20123,zm4_8_img012.jpg,zm4_8,zm,val,10
20124,zm4_8_img013.jpg,zm4_8,zm,val,10
20125,zm4_8_img014.jpg,zm4_8,zm,val,10
20126,zm4_8_img015.jpg,zm4_8,zm,val,10
20127,zm4_8_img016.jpg,zm4_8,zm,val,10
20128,zm4_8_img017.jpg,zm4_8,zm,val,10
20129,zm4_8_img018.jpg,zm4_8,zm,val,10
20130,zm4_8_img019.jpg,zm4_8,zm,val,10
20131,zm4_8_img020.jpg,zm4_8,zm,val,10
20132,zm4_8_img021.jpg,zm4_8,zm,val,10
20133,zm4_8_img022.jpg,zm4_8,zm,val,10
20134,zm4_8_img023.jpg,zm4_8,zm,val,10
20135,zm4_8_img024.jpg,zm4_8,zm,val,10
20136,zm4_8_img025.jpg,zm4_8,zm,val,10
20137,zm4_8_img026.jpg,zm4_8,zm,val,10
20138,zm4_8_img027.jpg,zm4_8,zm,val,10
20139,zm4_8_img028.jpg,zm4_8,zm,val,10
20140,zm4_8_img029.jpg,zm4_8,zm,val,10
20141,zm4_8_img030.jpg,zm4_8,zm,val,10
20142,zm4_8_img031.jpg,zm4_8,zm,val,10
20143,zm4_8_img032.jpg,zm4_8,zm,val,10
20144,zm4_8_img033.jpg,zm4_8,zm,val,10
20145,zm4_8_img034.jpg,zm4_8,zm,val,10
20146,zm4_8_img035.jpg,zm4_8,zm,val,10
20147,zm4_8_img036.jpg,zm4_8,zm,val,10
20148,zm4_8_img037.jpg,zm4_8,zm,val,10
20149,zm4_8_img038.jpg,zm4_8,zm,val,10
20150,zm4_8_img039.jpg,zm4_8,zm,val,10
20151,zm4_8_img040.jpg,zm4_8,zm,val,10
20152,zm4_8_img041.jpg,zm4_8,zm,val,10
20153,zm4_8_img042.jpg,zm4_8,zm,val,10
20154,zm4_8_img043.jpg,zm4_8,zm,val,10
20155,zm4_8_img044.jpg,zm4_8,zm,val,10
20156,zm4_8_img045.jpg,zm4_8,zm,val,10
20157,zm4_8_img046.jpg,zm4_8,zm,val,10
20158,zm4_8_img047.jpg,zm4_8,zm,val,10
20159,zm4_8_img048.jpg,zm4_8,zm,val,10
20160,zm4_8_img049.jpg,zm4_8,zm,val,10
20161,zm4_8_img050.jpg,zm4_8,zm,val,10
20162,zm4_8_img051.jpg,zm4_8,zm,val,10
20163,zm4_8_img052.jpg,zm4_8,zm,val,10
20164,zm4_8_img053.jpg,zm4_8,zm,val,10
20165,zm4_8_img054.jpg,zm4_8,zm,val,10
20166,zm4_8_img055.jpg,zm4_8,zm,val,10
20167,zm4_8_img056.jpg,zm4_8,zm,val,10
20168,zm4_8_img057.jpg,zm4_8,zm,val,10
20169,zm4_8_img058.jpg,zm4_8,zm,val,10
20170,zm4_8_img059.jpg,zm4_8,zm,val,10
20171,zm4_8_img060.jpg,zm4_8,zm,val,10
20172,zm4_8_img061.jpg,zm4_8,zm,val,10
20173,zm4_8_img062.jpg,zm4_8,zm,val,10
20174,zm4_8_img063.jpg,zm4_8,zm,val,10
20175,zm4_8_img064.jpg,zm4_8,zm,val,10
20176,zm4_8_img065.jpg,zm4_8,zm,val,10
20177,zm4_8_img066.jpg,zm4_8,zm,val,10
20178,zm4_8_img067.jpg,zm4_8,zm,val,10
20179,zm4_8_img068.jpg,zm4_8,zm,val,10
20180,zm4_8_img069.jpg,zm4_8,zm,val,10
20181,zm4_8_img070.jpg,zm4_8,zm,val,10
20182,zm4_8_img071.jpg,zm4_8,zm,val,10
20183,zm4_8_img072.jpg,zm4_8,zm,val,10
20184,zm4_8_img073.jpg,zm4_8,zm,val,10
20185,zm4_8_img074.jpg,zm4_8,zm,val,10
20186,zm4_8_img075.jpg,zm4_8,zm,val,10
20187,zm4_8_img076.jpg,zm4_8,zm,val,10
20188,zm4_8_img077.jpg,zm4_8,zm,val,10
20189,zm4_8_img078.jpg,zm4_8,zm,val,10
20190,zm4_8_img079.jpg,zm4_8,zm,val,10
20191,zm4_8_img080.jpg,zm4_8,zm,val,10
20192,zm4_8_img081.jpg,zm4_8,zm,val,10
20193,zm4_8_img082.jpg,zm4_8,zm,val,10
20194,zm4_8_img083.jpg,zm4_8,zm,val,10
20195,zm4_8_img084.jpg,zm4_8,zm,val,10
20196,zm4_8_img085.jpg,zm4_8,zm,val,10
20197,zm4_8_img086.jpg,zm4_8,zm,val,10
20198,zm4_8_img087.jpg,zm4_8,zm,val,10
20199,zm4_8_img088.jpg,zm4_8,zm,val,10
20200,zm4_8_img089.jpg,zm4_8,zm,val,10
20201,zm4_8_img090.jpg,zm4_8,zm,val,10
20202,zm4_8_img091.jpg,zm4_8,zm,val,10
20203,zm4_8_img092.jpg,zm4_8,zm,val,10
20204,zm4_8_img093.jpg,zm4_8,zm,val,10
20205,zm4_8_img094.jpg,zm4_8,zm,val,10
20206,zm4_8_img095.jpg,zm4_8,zm,val,10
20207,zm4_8_img096.jpg,zm4_8,zm,val,10
20208,zm4_8_img097.jpg,zm4_8,zm,val,10
20209,zm4_9_img001.jpg,zm4_9,zm,train,8
20210,zm4_9_img002.jpg,zm4_9,zm,train,8
20211,zm4_9_img003.jpg,zm4_9,zm,train,8
20212,zm4_9_img004.jpg,zm4_9,zm,train,8
20213,zm4_9_img005.jpg,zm4_9,zm,train,8
20214,zm4_9_img006.jpg,zm4_9,zm,train,8
20215,zm4_9_img007.jpg,zm4_9,zm,train,8
20216,zm4_9_img008.jpg,zm4_9,zm,train,8
20217,zm4_9_img009.jpg,zm4_9,zm,train,8
20218,zm4_9_img010.jpg,zm4_9,zm,train,8
20219,zm4_9_img011.jpg,zm4_9,zm,train,8
20220,zm4_9_img012.jpg,zm4_9,zm,train,8
20221,zm4_9_img013.jpg,zm4_9,zm,train,8
20222,zm4_9_img014.jpg,zm4_9,zm,train,8
20223,zm4_9_img015.jpg,zm4_9,zm,train,8
20224,zm4_9_img016.jpg,zm4_9,zm,train,8
20225,zm4_9_img017.jpg,zm4_9,zm,train,8
20226,zm4_9_img018.jpg,zm4_9,zm,train,8
20227,zm4_9_img019.jpg,zm4_9,zm,train,8
20228,zm4_9_img020.jpg,zm4_9,zm,train,8
20229,zm4_9_img021.jpg,zm4_9,zm,train,8
20230,zm4_9_img022.jpg,zm4_9,zm,train,8
20231,zm4_9_img023.jpg,zm4_9,zm,train,8
20232,zm4_9_img024.jpg,zm4_9,zm,train,8
20233,zm4_9_img025.jpg,zm4_9,zm,train,8
20234,zm4_9_img026.jpg,zm4_9,zm,train,8
20235,zm4_9_img027.jpg,zm4_9,zm,train,8
20236,zm4_9_img028.jpg,zm4_9,zm,train,8
20237,zm4_9_img029.jpg,zm4_9,zm,train,8
20238,zm4_9_img030.jpg,zm4_9,zm,train,8
20239,zm4_9_img031.jpg,zm4_9,zm,train,8
20240,zm4_9_img032.jpg,zm4_9,zm,train,8
20241,zm4_9_img033.jpg,zm4_9,zm,train,8
20242,zm4_9_img034.jpg,zm4_9,zm,train,8
20243,zm4_9_img035.jpg,zm4_9,zm,train,8
20244,zm4_9_img036.jpg,zm4_9,zm,train,8
20245,zm4_9_img037.jpg,zm4_9,zm,train,8
20246,zm4_9_img038.jpg,zm4_9,zm,train,8
20247,zm4_9_img039.jpg,zm4_9,zm,train,8
20248,zm4_9_img040.jpg,zm4_9,zm,train,8
20249,zm4_9_img041.jpg,zm4_9,zm,train,8
20250,zm4_9_img042.jpg,zm4_9,zm,train,8
20251,zm4_9_img043.jpg,zm4_9,zm,train,8
20252,zm4_9_img044.jpg,zm4_9,zm,train,8
20253,zm4_9_img045.jpg,zm4_9,zm,train,8
20254,zm4_9_img046.jpg,zm4_9,zm,train,8
20255,zm4_9_img047.jpg,zm4_9,zm,train,8
20256,zm4_9_img048.jpg,zm4_9,zm,train,8
20257,zm4_9_img049.jpg,zm4_9,zm,train,8
20258,zm4_9_img050.jpg,zm4_9,zm,train,8
20259,zm4_9_img051.jpg,zm4_9,zm,train,8
20260,zm4_9_img052.jpg,zm4_9,zm,train,8
20261,zm4_9_img053.jpg,zm4_9,zm,train,8
20262,zm4_9_img054.jpg,zm4_9,zm,train,8
20263,zm4_9_img055.jpg,zm4_9,zm,train,8
20264,zm4_9_img056.jpg,zm4_9,zm,train,8
20265,zm4_9_img057.jpg,zm4_9,zm,train,8
20266,zm4_9_img058.jpg,zm4_9,zm,train,8
20267,zm4_9_img059.jpg,zm4_9,zm,train,8
20268,zm4_9_img060.jpg,zm4_9,zm,train,8
20269,zm4_9_img061.jpg,zm4_9,zm,train,8
20270,zm4_9_img062.jpg,zm4_9,zm,train,8
20271,zm4_9_img063.jpg,zm4_9,zm,train,8
20272,zm4_9_img064.jpg,zm4_9,zm,train,8
20273,zm4_9_img065.jpg,zm4_9,zm,train,8
20274,zm4_9_img066.jpg,zm4_9,zm,train,8
20275,zm4_9_img067.jpg,zm4_9,zm,train,8
20276,zm4_9_img068.jpg,zm4_9,zm,train,8
20277,zm4_9_img069.jpg,zm4_9,zm,train,8
20278,zm4_9_img070.jpg,zm4_9,zm,train,8
20279,zm4_9_img071.jpg,zm4_9,zm,train,8
20280,zm4_9_img072.jpg,zm4_9,zm,train,8
20281,zm4_9_img073.jpg,zm4_9,zm,train,8
20282,zm4_9_img074.jpg,zm4_9,zm,train,8
20283,zm4_9_img075.jpg,zm4_9,zm,train,8
20284,zm4_9_img076.jpg,zm4_9,zm,train,8
20285,zm4_9_img077.jpg,zm4_9,zm,train,8
20286,zm4_9_img078.jpg,zm4_9,zm,train,8
20287,zm4_9_img079.jpg,zm4_9,zm,train,8
20288,zm4_9_img080.jpg,zm4_9,zm,train,8
20289,zm4_9_img081.jpg,zm4_9,zm,train,8
20290,zm4_9_img082.jpg,zm4_9,zm,train,8
20291,zm4_9_img083.jpg,zm4_9,zm,train,8
20292,zm4_9_img084.jpg,zm4_9,zm,train,8
20293,zm4_9_img085.jpg,zm4_9,zm,train,8
20294,zm4_9_img086.jpg,zm4_9,zm,train,8
20295,zm4_9_img087.jpg,zm4_9,zm,train,8
20296,zm4_9_img088.jpg,zm4_9,zm,train,8
20297,zm4_9_img089.jpg,zm4_9,zm,train,8
20298,zm4_9_img090.jpg,zm4_9,zm,train,8
20299,zm4_9_img091.jpg,zm4_9,zm,train,8
20300,zm4_9_img092.jpg,zm4_9,zm,train,8
20301,zm4_9_img093.jpg,zm4_9,zm,train,8
20302,zm4_9_img094.jpg,zm4_9,zm,train,8
20303,zm4_9_img095.jpg,zm4_9,zm,train,8
20304,zm4_9_img096.jpg,zm4_9,zm,train,8
20305,zm4_9_img097.jpg,zm4_9,zm,train,8
20306,zm5_10_img001.jpg,zm5_10,zm,train,10
20307,zm5_10_img002.jpg,zm5_10,zm,train,10
20308,zm5_10_img003.jpg,zm5_10,zm,train,10
20309,zm5_10_img004.jpg,zm5_10,zm,train,10
20310,zm5_10_img005.jpg,zm5_10,zm,train,10
20311,zm5_10_img006.jpg,zm5_10,zm,train,10
20312,zm5_10_img007.jpg,zm5_10,zm,train,10
20313,zm5_10_img008.jpg,zm5_10,zm,train,10
20314,zm5_10_img009.jpg,zm5_10,zm,train,10
20315,zm5_10_img010.jpg,zm5_10,zm,train,10
20316,zm5_10_img011.jpg,zm5_10,zm,train,10
20317,zm5_10_img012.jpg,zm5_10,zm,train,10
20318,zm5_10_img013.jpg,zm5_10,zm,train,10
20319,zm5_10_img014.jpg,zm5_10,zm,train,10
20320,zm5_10_img015.jpg,zm5_10,zm,train,10
20321,zm5_10_img016.jpg,zm5_10,zm,train,10
20322,zm5_10_img017.jpg,zm5_10,zm,train,10
20323,zm5_10_img018.jpg,zm5_10,zm,train,10
20324,zm5_10_img019.jpg,zm5_10,zm,train,10
20325,zm5_10_img020.jpg,zm5_10,zm,train,10
20326,zm5_10_img021.jpg,zm5_10,zm,train,10
20327,zm5_10_img022.jpg,zm5_10,zm,train,10
20328,zm5_10_img023.jpg,zm5_10,zm,train,10
20329,zm5_10_img024.jpg,zm5_10,zm,train,10
20330,zm5_10_img025.jpg,zm5_10,zm,train,10
20331,zm5_10_img026.jpg,zm5_10,zm,train,10
20332,zm5_10_img027.jpg,zm5_10,zm,train,10
20333,zm5_10_img028.jpg,zm5_10,zm,train,10
20334,zm5_10_img029.jpg,zm5_10,zm,train,10
20335,zm5_10_img030.jpg,zm5_10,zm,train,10
20336,zm5_10_img031.jpg,zm5_10,zm,train,10
20337,zm5_10_img032.jpg,zm5_10,zm,train,10
20338,zm5_10_img033.jpg,zm5_10,zm,train,10
20339,zm5_10_img034.jpg,zm5_10,zm,train,10
20340,zm5_10_img035.jpg,zm5_10,zm,train,10
20341,zm5_10_img036.jpg,zm5_10,zm,train,10
20342,zm5_10_img037.jpg,zm5_10,zm,train,10
20343,zm5_10_img038.jpg,zm5_10,zm,train,10
20344,zm5_10_img039.jpg,zm5_10,zm,train,10
20345,zm5_10_img040.jpg,zm5_10,zm,train,10
20346,zm5_10_img041.jpg,zm5_10,zm,train,10
20347,zm5_10_img042.jpg,zm5_10,zm,train,10
20348,zm5_10_img043.jpg,zm5_10,zm,train,10
20349,zm5_10_img044.jpg,zm5_10,zm,train,10
20350,zm5_10_img045.jpg,zm5_10,zm,train,10
20351,zm5_10_img046.jpg,zm5_10,zm,train,10
20352,zm5_10_img047.jpg,zm5_10,zm,train,10
20353,zm5_10_img048.jpg,zm5_10,zm,train,10
20354,zm5_10_img049.jpg,zm5_10,zm,train,10
20355,zm5_10_img050.jpg,zm5_10,zm,train,10
20356,zm5_10_img051.jpg,zm5_10,zm,train,10
20357,zm5_10_img052.jpg,zm5_10,zm,train,10
20358,zm5_10_img053.jpg,zm5_10,zm,train,10
20359,zm5_10_img054.jpg,zm5_10,zm,train,10
20360,zm5_10_img055.jpg,zm5_10,zm,train,10
20361,zm5_10_img056.jpg,zm5_10,zm,train,10
20362,zm5_10_img057.jpg,zm5_10,zm,train,10
20363,zm5_10_img058.jpg,zm5_10,zm,train,10
20364,zm5_10_img059.jpg,zm5_10,zm,train,10
20365,zm5_10_img060.jpg,zm5_10,zm,train,10
20366,zm5_10_img061.jpg,zm5_10,zm,train,10
20367,zm5_10_img062.jpg,zm5_10,zm,train,10
20368,zm5_10_img063.jpg,zm5_10,zm,train,10
20369,zm5_10_img064.jpg,zm5_10,zm,train,10
20370,zm5_10_img065.jpg,zm5_10,zm,train,10
20371,zm5_10_img066.jpg,zm5_10,zm,train,10
20372,zm5_10_img067.jpg,zm5_10,zm,train,10
20373,zm5_10_img068.jpg,zm5_10,zm,train,10
20374,zm5_10_img069.jpg,zm5_10,zm,train,10
20375,zm5_10_img070.jpg,zm5_10,zm,train,10
20376,zm5_10_img071.jpg,zm5_10,zm,train,10
20377,zm5_10_img072.jpg,zm5_10,zm,train,10
20378,zm5_10_img073.jpg,zm5_10,zm,train,10
20379,zm5_10_img074.jpg,zm5_10,zm,train,10
20380,zm5_10_img075.jpg,zm5_10,zm,train,10
20381,zm5_10_img076.jpg,zm5_10,zm,train,10
20382,zm5_10_img077.jpg,zm5_10,zm,train,10
20383,zm5_10_img078.jpg,zm5_10,zm,train,10
20384,zm5_10_img079.jpg,zm5_10,zm,train,10
20385,zm5_10_img080.jpg,zm5_10,zm,train,10
20386,zm5_10_img081.jpg,zm5_10,zm,train,10
20387,zm5_10_img082.jpg,zm5_10,zm,train,10
20388,zm5_10_img083.jpg,zm5_10,zm,train,10
20389,zm5_10_img084.jpg,zm5_10,zm,train,10
20390,zm5_10_img085.jpg,zm5_10,zm,train,10
20391,zm5_10_img086.jpg,zm5_10,zm,train,10
20392,zm5_10_img087.jpg,zm5_10,zm,train,10
20393,zm5_10_img088.jpg,zm5_10,zm,train,10
20394,zm5_10_img089.jpg,zm5_10,zm,train,10
20395,zm5_10_img090.jpg,zm5_10,zm,train,10
20396,zm5_10_img091.jpg,zm5_10,zm,train,10
20397,zm5_10_img092.jpg,zm5_10,zm,train,10
20398,zm5_10_img093.jpg,zm5_10,zm,train,10
20399,zm5_10_img094.jpg,zm5_10,zm,train,10
20400,zm5_10_img095.jpg,zm5_10,zm,train,10
20401,zm5_10_img096.jpg,zm5_10,zm,train,10
20402,zm5_10_img097.jpg,zm5_10,zm,train,10
20403,zm5_11_img001.jpg,zm5_11,zm,train,10
20404,zm5_11_img002.jpg,zm5_11,zm,train,10
20405,zm5_11_img003.jpg,zm5_11,zm,train,10
20406,zm5_11_img004.jpg,zm5_11,zm,train,10
20407,zm5_11_img005.jpg,zm5_11,zm,train,10
20408,zm5_11_img006.jpg,zm5_11,zm,train,10
20409,zm5_11_img007.jpg,zm5_11,zm,train,10
20410,zm5_11_img008.jpg,zm5_11,zm,train,10
20411,zm5_11_img009.jpg,zm5_11,zm,train,10
20412,zm5_11_img010.jpg,zm5_11,zm,train,10
20413,zm5_11_img011.jpg,zm5_11,zm,train,10
20414,zm5_11_img012.jpg,zm5_11,zm,train,10
20415,zm5_11_img013.jpg,zm5_11,zm,train,10
20416,zm5_11_img014.jpg,zm5_11,zm,train,10
20417,zm5_11_img015.jpg,zm5_11,zm,train,10
20418,zm5_11_img016.jpg,zm5_11,zm,train,10
20419,zm5_11_img017.jpg,zm5_11,zm,train,10
20420,zm5_11_img018.jpg,zm5_11,zm,train,10
20421,zm5_11_img019.jpg,zm5_11,zm,train,10
20422,zm5_11_img020.jpg,zm5_11,zm,train,10
20423,zm5_11_img021.jpg,zm5_11,zm,train,10
20424,zm5_11_img022.jpg,zm5_11,zm,train,10
20425,zm5_11_img023.jpg,zm5_11,zm,train,10
20426,zm5_11_img024.jpg,zm5_11,zm,train,10
20427,zm5_11_img025.jpg,zm5_11,zm,train,10
20428,zm5_11_img026.jpg,zm5_11,zm,train,10
20429,zm5_11_img027.jpg,zm5_11,zm,train,10
20430,zm5_11_img028.jpg,zm5_11,zm,train,10
20431,zm5_11_img029.jpg,zm5_11,zm,train,10
20432,zm5_11_img030.jpg,zm5_11,zm,train,10
20433,zm5_11_img031.jpg,zm5_11,zm,train,10
20434,zm5_11_img032.jpg,zm5_11,zm,train,10
20435,zm5_11_img033.jpg,zm5_11,zm,train,10
20436,zm5_11_img034.jpg,zm5_11,zm,train,10
20437,zm5_11_img035.jpg,zm5_11,zm,train,10
20438,zm5_11_img036.jpg,zm5_11,zm,train,10
20439,zm5_11_img037.jpg,zm5_11,zm,train,10
20440,zm5_11_img038.jpg,zm5_11,zm,train,10
20441,zm5_11_img039.jpg,zm5_11,zm,train,10
20442,zm5_11_img040.jpg,zm5_11,zm,train,10
20443,zm5_11_img041.jpg,zm5_11,zm,train,10
20444,zm5_11_img042.jpg,zm5_11,zm,train,10
20445,zm5_11_img043.jpg,zm5_11,zm,train,10
20446,zm5_11_img044.jpg,zm5_11,zm,train,10
20447,zm5_11_img045.jpg,zm5_11,zm,train,10
20448,zm5_11_img046.jpg,zm5_11,zm,train,10
20449,zm5_11_img047.jpg,zm5_11,zm,train,10
20450,zm5_11_img048.jpg,zm5_11,zm,train,10
20451,zm5_11_img049.jpg,zm5_11,zm,train,10
20452,zm5_11_img050.jpg,zm5_11,zm,train,10
20453,zm5_11_img051.jpg,zm5_11,zm,train,10
20454,zm5_11_img052.jpg,zm5_11,zm,train,10
20455,zm5_11_img053.jpg,zm5_11,zm,train,10
20456,zm5_11_img054.jpg,zm5_11,zm,train,10
20457,zm5_11_img055.jpg,zm5_11,zm,train,10
20458,zm5_11_img056.jpg,zm5_11,zm,train,10
20459,zm5_11_img057.jpg,zm5_11,zm,train,10
20460,zm5_11_img058.jpg,zm5_11,zm,train,10
20461,zm5_11_img059.jpg,zm5_11,zm,train,10
20462,zm5_11_img060.jpg,zm5_11,zm,train,10
20463,zm5_11_img061.jpg,zm5_11,zm,train,10
20464,zm5_11_img062.jpg,zm5_11,zm,train,10
20465,zm5_11_img063.jpg,zm5_11,zm,train,10
20466,zm5_11_img064.jpg,zm5_11,zm,train,10
20467,zm5_11_img065.jpg,zm5_11,zm,train,10
20468,zm5_11_img066.jpg,zm5_11,zm,train,10
20469,zm5_11_img067.jpg,zm5_11,zm,train,10
20470,zm5_11_img068.jpg,zm5_11,zm,train,10
20471,zm5_11_img069.jpg,zm5_11,zm,train,10
20472,zm5_11_img070.jpg,zm5_11,zm,train,10
20473,zm5_11_img071.jpg,zm5_11,zm,train,10
20474,zm5_11_img072.jpg,zm5_11,zm,train,10
20475,zm5_11_img073.jpg,zm5_11,zm,train,10
20476,zm5_11_img074.jpg,zm5_11,zm,train,10
20477,zm5_11_img075.jpg,zm5_11,zm,train,10
20478,zm5_11_img076.jpg,zm5_11,zm,train,10
20479,zm5_11_img077.jpg,zm5_11,zm,train,10
20480,zm5_11_img078.jpg,zm5_11,zm,train,10
20481,zm5_11_img079.jpg,zm5_11,zm,train,10
20482,zm5_11_img080.jpg,zm5_11,zm,train,10
20483,zm5_11_img081.jpg,zm5_11,zm,train,10
20484,zm5_11_img082.jpg,zm5_11,zm,train,10
20485,zm5_11_img083.jpg,zm5_11,zm,train,10
20486,zm5_11_img084.jpg,zm5_11,zm,train,10
20487,zm5_11_img085.jpg,zm5_11,zm,train,10
20488,zm5_11_img086.jpg,zm5_11,zm,train,10
20489,zm5_11_img087.jpg,zm5_11,zm,train,10
20490,zm5_11_img088.jpg,zm5_11,zm,train,10
20491,zm5_11_img089.jpg,zm5_11,zm,train,10
20492,zm5_11_img090.jpg,zm5_11,zm,train,10
20493,zm5_11_img091.jpg,zm5_11,zm,train,10
20494,zm5_11_img092.jpg,zm5_11,zm,train,10
20495,zm5_11_img093.jpg,zm5_11,zm,train,10
20496,zm5_11_img094.jpg,zm5_11,zm,train,10
20497,zm5_11_img095.jpg,zm5_11,zm,train,10
20498,zm5_11_img096.jpg,zm5_11,zm,train,10
20499,zm5_11_img097.jpg,zm5_11,zm,train,10
20500,zm5_12_img001.jpg,zm5_12,zm,train,10
20501,zm5_12_img002.jpg,zm5_12,zm,train,10
20502,zm5_12_img003.jpg,zm5_12,zm,train,10
20503,zm5_12_img004.jpg,zm5_12,zm,train,10
20504,zm5_12_img005.jpg,zm5_12,zm,train,10
20505,zm5_12_img006.jpg,zm5_12,zm,train,10
20506,zm5_12_img007.jpg,zm5_12,zm,train,10
20507,zm5_12_img008.jpg,zm5_12,zm,train,10
20508,zm5_12_img009.jpg,zm5_12,zm,train,10
20509,zm5_12_img010.jpg,zm5_12,zm,train,10
20510,zm5_12_img011.jpg,zm5_12,zm,train,10
20511,zm5_12_img012.jpg,zm5_12,zm,train,10
20512,zm5_12_img013.jpg,zm5_12,zm,train,10
20513,zm5_12_img014.jpg,zm5_12,zm,train,10
20514,zm5_12_img015.jpg,zm5_12,zm,train,10
20515,zm5_12_img016.jpg,zm5_12,zm,train,10
20516,zm5_12_img017.jpg,zm5_12,zm,train,10
20517,zm5_12_img018.jpg,zm5_12,zm,train,10
20518,zm5_12_img019.jpg,zm5_12,zm,train,10
20519,zm5_12_img020.jpg,zm5_12,zm,train,10
20520,zm5_12_img021.jpg,zm5_12,zm,train,10
20521,zm5_12_img022.jpg,zm5_12,zm,train,10
20522,zm5_12_img023.jpg,zm5_12,zm,train,10
20523,zm5_12_img024.jpg,zm5_12,zm,train,10
20524,zm5_12_img025.jpg,zm5_12,zm,train,10
20525,zm5_12_img026.jpg,zm5_12,zm,train,10
20526,zm5_12_img027.jpg,zm5_12,zm,train,10
20527,zm5_12_img028.jpg,zm5_12,zm,train,10
20528,zm5_12_img029.jpg,zm5_12,zm,train,10
20529,zm5_12_img030.jpg,zm5_12,zm,train,10
20530,zm5_12_img031.jpg,zm5_12,zm,train,10
20531,zm5_12_img032.jpg,zm5_12,zm,train,10
20532,zm5_12_img033.jpg,zm5_12,zm,train,10
20533,zm5_12_img034.jpg,zm5_12,zm,train,10
20534,zm5_12_img035.jpg,zm5_12,zm,train,10
20535,zm5_12_img036.jpg,zm5_12,zm,train,10
20536,zm5_12_img037.jpg,zm5_12,zm,train,10
20537,zm5_12_img038.jpg,zm5_12,zm,train,10
20538,zm5_12_img039.jpg,zm5_12,zm,train,10
20539,zm5_12_img040.jpg,zm5_12,zm,train,10
20540,zm5_12_img041.jpg,zm5_12,zm,train,10
20541,zm5_12_img042.jpg,zm5_12,zm,train,10
20542,zm5_12_img043.jpg,zm5_12,zm,train,10
20543,zm5_12_img044.jpg,zm5_12,zm,train,10
20544,zm5_12_img045.jpg,zm5_12,zm,train,10
20545,zm5_12_img046.jpg,zm5_12,zm,train,10
20546,zm5_12_img047.jpg,zm5_12,zm,train,10
20547,zm5_12_img048.jpg,zm5_12,zm,train,10
20548,zm5_12_img049.jpg,zm5_12,zm,train,10
20549,zm5_12_img050.jpg,zm5_12,zm,train,10
20550,zm5_12_img051.jpg,zm5_12,zm,train,10
20551,zm5_12_img052.jpg,zm5_12,zm,train,10
20552,zm5_12_img053.jpg,zm5_12,zm,train,10
20553,zm5_12_img054.jpg,zm5_12,zm,train,10
20554,zm5_12_img055.jpg,zm5_12,zm,train,10
20555,zm5_12_img056.jpg,zm5_12,zm,train,10
20556,zm5_12_img057.jpg,zm5_12,zm,train,10
20557,zm5_12_img058.jpg,zm5_12,zm,train,10
20558,zm5_12_img059.jpg,zm5_12,zm,train,10
20559,zm5_12_img060.jpg,zm5_12,zm,train,10
20560,zm5_12_img061.jpg,zm5_12,zm,train,10
20561,zm5_12_img062.jpg,zm5_12,zm,train,10
20562,zm5_12_img063.jpg,zm5_12,zm,train,10
20563,zm5_12_img064.jpg,zm5_12,zm,train,10
20564,zm5_12_img065.jpg,zm5_12,zm,train,10
20565,zm5_12_img066.jpg,zm5_12,zm,train,10
20566,zm5_12_img067.jpg,zm5_12,zm,train,10
20567,zm5_12_img068.jpg,zm5_12,zm,train,10
20568,zm5_12_img069.jpg,zm5_12,zm,train,10
20569,zm5_12_img070.jpg,zm5_12,zm,train,10
20570,zm5_12_img071.jpg,zm5_12,zm,train,10
20571,zm5_12_img072.jpg,zm5_12,zm,train,10
20572,zm5_12_img073.jpg,zm5_12,zm,train,10
20573,zm5_12_img074.jpg,zm5_12,zm,train,10
20574,zm5_12_img075.jpg,zm5_12,zm,train,10
20575,zm5_12_img076.jpg,zm5_12,zm,train,10
20576,zm5_12_img077.jpg,zm5_12,zm,train,10
20577,zm5_12_img078.jpg,zm5_12,zm,train,10
20578,zm5_12_img079.jpg,zm5_12,zm,train,10
20579,zm5_12_img080.jpg,zm5_12,zm,train,10
20580,zm5_12_img081.jpg,zm5_12,zm,train,10
20581,zm5_12_img082.jpg,zm5_12,zm,train,10
20582,zm5_12_img083.jpg,zm5_12,zm,train,10
20583,zm5_12_img084.jpg,zm5_12,zm,train,10
20584,zm5_12_img085.jpg,zm5_12,zm,train,10
20585,zm5_12_img086.jpg,zm5_12,zm,train,10
20586,zm5_12_img087.jpg,zm5_12,zm,train,10
20587,zm5_12_img088.jpg,zm5_12,zm,train,10
20588,zm5_12_img089.jpg,zm5_12,zm,train,10
20589,zm5_12_img090.jpg,zm5_12,zm,train,10
20590,zm5_12_img091.jpg,zm5_12,zm,train,10
20591,zm5_12_img092.jpg,zm5_12,zm,train,10
20592,zm5_12_img093.jpg,zm5_12,zm,train,10
20593,zm5_12_img094.jpg,zm5_12,zm,train,10
20594,zm5_12_img095.jpg,zm5_12,zm,train,10
20595,zm5_12_img096.jpg,zm5_12,zm,train,10
20596,zm5_12_img097.jpg,zm5_12,zm,train,10
20597,zm5_1_img001.jpg,zm5_1,zm,train,10
20598,zm5_1_img002.jpg,zm5_1,zm,train,10
20599,zm5_1_img003.jpg,zm5_1,zm,train,10
20600,zm5_1_img004.jpg,zm5_1,zm,train,10
20601,zm5_1_img005.jpg,zm5_1,zm,train,10
20602,zm5_1_img006.jpg,zm5_1,zm,train,10
20603,zm5_1_img007.jpg,zm5_1,zm,train,10
20604,zm5_1_img008.jpg,zm5_1,zm,train,10
20605,zm5_1_img009.jpg,zm5_1,zm,train,10
20606,zm5_1_img010.jpg,zm5_1,zm,train,10
20607,zm5_1_img011.jpg,zm5_1,zm,train,10
20608,zm5_1_img012.jpg,zm5_1,zm,train,10
20609,zm5_1_img013.jpg,zm5_1,zm,train,10
20610,zm5_1_img014.jpg,zm5_1,zm,train,10
20611,zm5_1_img015.jpg,zm5_1,zm,train,10
20612,zm5_1_img016.jpg,zm5_1,zm,train,10
20613,zm5_1_img017.jpg,zm5_1,zm,train,10
20614,zm5_1_img018.jpg,zm5_1,zm,train,10
20615,zm5_1_img019.jpg,zm5_1,zm,train,10
20616,zm5_1_img020.jpg,zm5_1,zm,train,10
20617,zm5_1_img021.jpg,zm5_1,zm,train,10
20618,zm5_1_img022.jpg,zm5_1,zm,train,10
20619,zm5_1_img023.jpg,zm5_1,zm,train,10
20620,zm5_1_img024.jpg,zm5_1,zm,train,10
20621,zm5_1_img025.jpg,zm5_1,zm,train,10
20622,zm5_1_img026.jpg,zm5_1,zm,train,10
20623,zm5_1_img027.jpg,zm5_1,zm,train,10
20624,zm5_1_img028.jpg,zm5_1,zm,train,10
20625,zm5_1_img029.jpg,zm5_1,zm,train,10
20626,zm5_1_img030.jpg,zm5_1,zm,train,10
20627,zm5_1_img031.jpg,zm5_1,zm,train,10
20628,zm5_1_img032.jpg,zm5_1,zm,train,10
20629,zm5_1_img033.jpg,zm5_1,zm,train,10
20630,zm5_1_img034.jpg,zm5_1,zm,train,10
20631,zm5_1_img035.jpg,zm5_1,zm,train,10
20632,zm5_1_img036.jpg,zm5_1,zm,train,10
20633,zm5_1_img037.jpg,zm5_1,zm,train,10
20634,zm5_1_img038.jpg,zm5_1,zm,train,10
20635,zm5_1_img039.jpg,zm5_1,zm,train,10
20636,zm5_1_img040.jpg,zm5_1,zm,train,10
20637,zm5_1_img041.jpg,zm5_1,zm,train,10
20638,zm5_1_img042.jpg,zm5_1,zm,train,10
20639,zm5_1_img043.jpg,zm5_1,zm,train,10
20640,zm5_1_img044.jpg,zm5_1,zm,train,10
20641,zm5_1_img045.jpg,zm5_1,zm,train,10
20642,zm5_1_img046.jpg,zm5_1,zm,train,10
20643,zm5_1_img047.jpg,zm5_1,zm,train,10
20644,zm5_1_img048.jpg,zm5_1,zm,train,10
20645,zm5_1_img049.jpg,zm5_1,zm,train,10
20646,zm5_1_img050.jpg,zm5_1,zm,train,10
20647,zm5_1_img051.jpg,zm5_1,zm,train,10
20648,zm5_1_img052.jpg,zm5_1,zm,train,10
20649,zm5_1_img053.jpg,zm5_1,zm,train,10
20650,zm5_1_img054.jpg,zm5_1,zm,train,10
20651,zm5_1_img055.jpg,zm5_1,zm,train,10
20652,zm5_1_img056.jpg,zm5_1,zm,train,10
20653,zm5_1_img057.jpg,zm5_1,zm,train,10
20654,zm5_1_img058.jpg,zm5_1,zm,train,10
20655,zm5_1_img059.jpg,zm5_1,zm,train,10
20656,zm5_1_img060.jpg,zm5_1,zm,train,10
20657,zm5_1_img061.jpg,zm5_1,zm,train,10
20658,zm5_1_img062.jpg,zm5_1,zm,train,10
20659,zm5_1_img063.jpg,zm5_1,zm,train,10
20660,zm5_1_img064.jpg,zm5_1,zm,train,10
20661,zm5_1_img065.jpg,zm5_1,zm,train,10
20662,zm5_1_img066.jpg,zm5_1,zm,train,10
20663,zm5_1_img067.jpg,zm5_1,zm,train,10
20664,zm5_1_img068.jpg,zm5_1,zm,train,10
20665,zm5_1_img069.jpg,zm5_1,zm,train,10
20666,zm5_1_img070.jpg,zm5_1,zm,train,10
20667,zm5_1_img071.jpg,zm5_1,zm,train,10
20668,zm5_1_img072.jpg,zm5_1,zm,train,10
20669,zm5_1_img073.jpg,zm5_1,zm,train,10
20670,zm5_1_img074.jpg,zm5_1,zm,train,10
20671,zm5_1_img075.jpg,zm5_1,zm,train,10
20672,zm5_1_img076.jpg,zm5_1,zm,train,10
20673,zm5_1_img077.jpg,zm5_1,zm,train,10
20674,zm5_1_img078.jpg,zm5_1,zm,train,10
20675,zm5_1_img079.jpg,zm5_1,zm,train,10
20676,zm5_1_img080.jpg,zm5_1,zm,train,10
20677,zm5_1_img081.jpg,zm5_1,zm,train,10
20678,zm5_1_img082.jpg,zm5_1,zm,train,10
20679,zm5_1_img083.jpg,zm5_1,zm,train,10
20680,zm5_1_img084.jpg,zm5_1,zm,train,10
20681,zm5_1_img085.jpg,zm5_1,zm,train,10
20682,zm5_1_img086.jpg,zm5_1,zm,train,10
20683,zm5_1_img087.jpg,zm5_1,zm,train,10
20684,zm5_1_img088.jpg,zm5_1,zm,train,10
20685,zm5_1_img089.jpg,zm5_1,zm,train,10
20686,zm5_1_img090.jpg,zm5_1,zm,train,10
20687,zm5_1_img091.jpg,zm5_1,zm,train,10
20688,zm5_1_img092.jpg,zm5_1,zm,train,10
20689,zm5_1_img093.jpg,zm5_1,zm,train,10
20690,zm5_1_img094.jpg,zm5_1,zm,train,10
20691,zm5_1_img095.jpg,zm5_1,zm,train,10
20692,zm5_1_img096.jpg,zm5_1,zm,train,10
20693,zm5_1_img097.jpg,zm5_1,zm,train,10
20694,zm5_2_img001.jpg,zm5_2,zm,train,10
20695,zm5_2_img002.jpg,zm5_2,zm,train,10
20696,zm5_2_img003.jpg,zm5_2,zm,train,10
20697,zm5_2_img004.jpg,zm5_2,zm,train,10
20698,zm5_2_img005.jpg,zm5_2,zm,train,10
20699,zm5_2_img006.jpg,zm5_2,zm,train,10
20700,zm5_2_img007.jpg,zm5_2,zm,train,10
20701,zm5_2_img008.jpg,zm5_2,zm,train,10
20702,zm5_2_img009.jpg,zm5_2,zm,train,10
20703,zm5_2_img010.jpg,zm5_2,zm,train,10
20704,zm5_2_img011.jpg,zm5_2,zm,train,10
20705,zm5_2_img012.jpg,zm5_2,zm,train,10
20706,zm5_2_img013.jpg,zm5_2,zm,train,10
20707,zm5_2_img014.jpg,zm5_2,zm,train,10
20708,zm5_2_img015.jpg,zm5_2,zm,train,10
20709,zm5_2_img016.jpg,zm5_2,zm,train,10
20710,zm5_2_img017.jpg,zm5_2,zm,train,10
20711,zm5_2_img018.jpg,zm5_2,zm,train,10
20712,zm5_2_img019.jpg,zm5_2,zm,train,10
20713,zm5_2_img020.jpg,zm5_2,zm,train,10
20714,zm5_2_img021.jpg,zm5_2,zm,train,10
20715,zm5_2_img022.jpg,zm5_2,zm,train,10
20716,zm5_2_img023.jpg,zm5_2,zm,train,10
20717,zm5_2_img024.jpg,zm5_2,zm,train,10
20718,zm5_2_img025.jpg,zm5_2,zm,train,10
20719,zm5_2_img026.jpg,zm5_2,zm,train,10
20720,zm5_2_img027.jpg,zm5_2,zm,train,10
20721,zm5_2_img028.jpg,zm5_2,zm,train,10
20722,zm5_2_img029.jpg,zm5_2,zm,train,10
20723,zm5_2_img030.jpg,zm5_2,zm,train,10
20724,zm5_2_img031.jpg,zm5_2,zm,train,10
20725,zm5_2_img032.jpg,zm5_2,zm,train,10
20726,zm5_2_img033.jpg,zm5_2,zm,train,10
20727,zm5_2_img034.jpg,zm5_2,zm,train,10
20728,zm5_2_img035.jpg,zm5_2,zm,train,10
20729,zm5_2_img036.jpg,zm5_2,zm,train,10
20730,zm5_2_img037.jpg,zm5_2,zm,train,10
20731,zm5_2_img038.jpg,zm5_2,zm,train,10
20732,zm5_2_img039.jpg,zm5_2,zm,train,10
20733,zm5_2_img040.jpg,zm5_2,zm,train,10
20734,zm5_2_img041.jpg,zm5_2,zm,train,10
20735,zm5_2_img042.jpg,zm5_2,zm,train,10
20736,zm5_2_img043.jpg,zm5_2,zm,train,10
20737,zm5_2_img044.jpg,zm5_2,zm,train,10
20738,zm5_2_img045.jpg,zm5_2,zm,train,10
20739,zm5_2_img046.jpg,zm5_2,zm,train,10
20740,zm5_2_img047.jpg,zm5_2,zm,train,10
20741,zm5_2_img048.jpg,zm5_2,zm,train,10
20742,zm5_2_img049.jpg,zm5_2,zm,train,10
20743,zm5_2_img050.jpg,zm5_2,zm,train,10
20744,zm5_2_img051.jpg,zm5_2,zm,train,10
20745,zm5_2_img052.jpg,zm5_2,zm,train,10
20746,zm5_2_img053.jpg,zm5_2,zm,train,10
20747,zm5_2_img054.jpg,zm5_2,zm,train,10
20748,zm5_2_img055.jpg,zm5_2,zm,train,10
20749,zm5_2_img056.jpg,zm5_2,zm,train,10
20750,zm5_2_img057.jpg,zm5_2,zm,train,10
20751,zm5_2_img058.jpg,zm5_2,zm,train,10
20752,zm5_2_img059.jpg,zm5_2,zm,train,10
20753,zm5_2_img060.jpg,zm5_2,zm,train,10
20754,zm5_2_img061.jpg,zm5_2,zm,train,10
20755,zm5_2_img062.jpg,zm5_2,zm,train,10
20756,zm5_2_img063.jpg,zm5_2,zm,train,10
20757,zm5_2_img064.jpg,zm5_2,zm,train,10
20758,zm5_2_img065.jpg,zm5_2,zm,train,10
20759,zm5_2_img066.jpg,zm5_2,zm,train,10
20760,zm5_2_img067.jpg,zm5_2,zm,train,10
20761,zm5_2_img068.jpg,zm5_2,zm,train,10
20762,zm5_2_img069.jpg,zm5_2,zm,train,10
20763,zm5_2_img070.jpg,zm5_2,zm,train,10
20764,zm5_2_img071.jpg,zm5_2,zm,train,10
20765,zm5_2_img072.jpg,zm5_2,zm,train,10
20766,zm5_2_img073.jpg,zm5_2,zm,train,10
20767,zm5_2_img074.jpg,zm5_2,zm,train,10
20768,zm5_2_img075.jpg,zm5_2,zm,train,10
20769,zm5_2_img076.jpg,zm5_2,zm,train,10
20770,zm5_2_img077.jpg,zm5_2,zm,train,10
20771,zm5_2_img078.jpg,zm5_2,zm,train,10
20772,zm5_2_img079.jpg,zm5_2,zm,train,10
20773,zm5_2_img080.jpg,zm5_2,zm,train,10
20774,zm5_2_img081.jpg,zm5_2,zm,train,10
20775,zm5_2_img082.jpg,zm5_2,zm,train,10
20776,zm5_2_img083.jpg,zm5_2,zm,train,10
20777,zm5_2_img084.jpg,zm5_2,zm,train,10
20778,zm5_2_img085.jpg,zm5_2,zm,train,10
20779,zm5_2_img086.jpg,zm5_2,zm,train,10
20780,zm5_2_img087.jpg,zm5_2,zm,train,10
20781,zm5_2_img088.jpg,zm5_2,zm,train,10
20782,zm5_2_img089.jpg,zm5_2,zm,train,10
20783,zm5_2_img090.jpg,zm5_2,zm,train,10
20784,zm5_2_img091.jpg,zm5_2,zm,train,10
20785,zm5_2_img092.jpg,zm5_2,zm,train,10
20786,zm5_2_img093.jpg,zm5_2,zm,train,10
20787,zm5_2_img094.jpg,zm5_2,zm,train,10
20788,zm5_2_img095.jpg,zm5_2,zm,train,10
20789,zm5_2_img096.jpg,zm5_2,zm,train,10
20790,zm5_2_img097.jpg,zm5_2,zm,train,10
20791,zm5_3_img001.jpg,zm5_3,zm,train,10
20792,zm5_3_img002.jpg,zm5_3,zm,train,10
20793,zm5_3_img003.jpg,zm5_3,zm,train,10
20794,zm5_3_img004.jpg,zm5_3,zm,train,10
20795,zm5_3_img005.jpg,zm5_3,zm,train,10
20796,zm5_3_img006.jpg,zm5_3,zm,train,10
20797,zm5_3_img007.jpg,zm5_3,zm,train,10
20798,zm5_3_img008.jpg,zm5_3,zm,train,10
20799,zm5_3_img009.jpg,zm5_3,zm,train,10
20800,zm5_3_img010.jpg,zm5_3,zm,train,10
20801,zm5_3_img011.jpg,zm5_3,zm,train,10
20802,zm5_3_img012.jpg,zm5_3,zm,train,10
20803,zm5_3_img013.jpg,zm5_3,zm,train,10
20804,zm5_3_img014.jpg,zm5_3,zm,train,10
20805,zm5_3_img015.jpg,zm5_3,zm,train,10
20806,zm5_3_img016.jpg,zm5_3,zm,train,10
20807,zm5_3_img017.jpg,zm5_3,zm,train,10
20808,zm5_3_img018.jpg,zm5_3,zm,train,10
20809,zm5_3_img019.jpg,zm5_3,zm,train,10
20810,zm5_3_img020.jpg,zm5_3,zm,train,10
20811,zm5_3_img021.jpg,zm5_3,zm,train,10
20812,zm5_3_img022.jpg,zm5_3,zm,train,10
20813,zm5_3_img023.jpg,zm5_3,zm,train,10
20814,zm5_3_img024.jpg,zm5_3,zm,train,10
20815,zm5_3_img025.jpg,zm5_3,zm,train,10
20816,zm5_3_img026.jpg,zm5_3,zm,train,10
20817,zm5_3_img027.jpg,zm5_3,zm,train,10
20818,zm5_3_img028.jpg,zm5_3,zm,train,10
20819,zm5_3_img029.jpg,zm5_3,zm,train,10
20820,zm5_3_img030.jpg,zm5_3,zm,train,10
20821,zm5_3_img031.jpg,zm5_3,zm,train,10
20822,zm5_3_img032.jpg,zm5_3,zm,train,10
20823,zm5_3_img033.jpg,zm5_3,zm,train,10
20824,zm5_3_img034.jpg,zm5_3,zm,train,10
20825,zm5_3_img035.jpg,zm5_3,zm,train,10
20826,zm5_3_img036.jpg,zm5_3,zm,train,10
20827,zm5_3_img037.jpg,zm5_3,zm,train,10
20828,zm5_3_img038.jpg,zm5_3,zm,train,10
20829,zm5_3_img039.jpg,zm5_3,zm,train,10
20830,zm5_3_img040.jpg,zm5_3,zm,train,10
20831,zm5_3_img041.jpg,zm5_3,zm,train,10
20832,zm5_3_img042.jpg,zm5_3,zm,train,10
20833,zm5_3_img043.jpg,zm5_3,zm,train,10
20834,zm5_3_img044.jpg,zm5_3,zm,train,10
20835,zm5_3_img045.jpg,zm5_3,zm,train,10
20836,zm5_3_img046.jpg,zm5_3,zm,train,10
20837,zm5_3_img047.jpg,zm5_3,zm,train,10
20838,zm5_3_img048.jpg,zm5_3,zm,train,10
20839,zm5_3_img049.jpg,zm5_3,zm,train,10
20840,zm5_3_img050.jpg,zm5_3,zm,train,10
20841,zm5_3_img051.jpg,zm5_3,zm,train,10
20842,zm5_3_img052.jpg,zm5_3,zm,train,10
20843,zm5_3_img053.jpg,zm5_3,zm,train,10
20844,zm5_3_img054.jpg,zm5_3,zm,train,10
20845,zm5_3_img055.jpg,zm5_3,zm,train,10
20846,zm5_3_img056.jpg,zm5_3,zm,train,10
20847,zm5_3_img057.jpg,zm5_3,zm,train,10
20848,zm5_3_img058.jpg,zm5_3,zm,train,10
20849,zm5_3_img059.jpg,zm5_3,zm,train,10
20850,zm5_3_img060.jpg,zm5_3,zm,train,10
20851,zm5_3_img061.jpg,zm5_3,zm,train,10
20852,zm5_3_img062.jpg,zm5_3,zm,train,10
20853,zm5_3_img063.jpg,zm5_3,zm,train,10
20854,zm5_3_img064.jpg,zm5_3,zm,train,10
20855,zm5_3_img065.jpg,zm5_3,zm,train,10
20856,zm5_3_img066.jpg,zm5_3,zm,train,10
20857,zm5_3_img067.jpg,zm5_3,zm,train,10
20858,zm5_3_img068.jpg,zm5_3,zm,train,10
20859,zm5_3_img069.jpg,zm5_3,zm,train,10
20860,zm5_3_img070.jpg,zm5_3,zm,train,10
20861,zm5_3_img071.jpg,zm5_3,zm,train,10
20862,zm5_3_img072.jpg,zm5_3,zm,train,10
20863,zm5_3_img073.jpg,zm5_3,zm,train,10
20864,zm5_3_img074.jpg,zm5_3,zm,train,10
20865,zm5_3_img075.jpg,zm5_3,zm,train,10
20866,zm5_3_img076.jpg,zm5_3,zm,train,10
20867,zm5_3_img077.jpg,zm5_3,zm,train,10
20868,zm5_3_img078.jpg,zm5_3,zm,train,10
20869,zm5_3_img079.jpg,zm5_3,zm,train,10
20870,zm5_3_img080.jpg,zm5_3,zm,train,10
20871,zm5_3_img081.jpg,zm5_3,zm,train,10
20872,zm5_3_img082.jpg,zm5_3,zm,train,10
20873,zm5_3_img083.jpg,zm5_3,zm,train,10
20874,zm5_3_img084.jpg,zm5_3,zm,train,10
20875,zm5_3_img085.jpg,zm5_3,zm,train,10
20876,zm5_3_img086.jpg,zm5_3,zm,train,10
20877,zm5_3_img087.jpg,zm5_3,zm,train,10
20878,zm5_3_img088.jpg,zm5_3,zm,train,10
20879,zm5_3_img089.jpg,zm5_3,zm,train,10
20880,zm5_3_img090.jpg,zm5_3,zm,train,10
20881,zm5_3_img091.jpg,zm5_3,zm,train,10
20882,zm5_3_img092.jpg,zm5_3,zm,train,10
20883,zm5_3_img093.jpg,zm5_3,zm,train,10
20884,zm5_3_img094.jpg,zm5_3,zm,train,10
20885,zm5_3_img095.jpg,zm5_3,zm,train,10
20886,zm5_3_img096.jpg,zm5_3,zm,train,10
20887,zm5_3_img097.jpg,zm5_3,zm,train,10
20888,zm5_4_img001.jpg,zm5_4,zm,train,10
20889,zm5_4_img002.jpg,zm5_4,zm,train,10
20890,zm5_4_img003.jpg,zm5_4,zm,train,10
20891,zm5_4_img004.jpg,zm5_4,zm,train,10
20892,zm5_4_img005.jpg,zm5_4,zm,train,10
20893,zm5_4_img006.jpg,zm5_4,zm,train,10
20894,zm5_4_img007.jpg,zm5_4,zm,train,10
20895,zm5_4_img008.jpg,zm5_4,zm,train,10
20896,zm5_4_img009.jpg,zm5_4,zm,train,10
20897,zm5_4_img010.jpg,zm5_4,zm,train,10
20898,zm5_4_img011.jpg,zm5_4,zm,train,10
20899,zm5_4_img012.jpg,zm5_4,zm,train,10
20900,zm5_4_img013.jpg,zm5_4,zm,train,10
20901,zm5_4_img014.jpg,zm5_4,zm,train,10
20902,zm5_4_img015.jpg,zm5_4,zm,train,10
20903,zm5_4_img016.jpg,zm5_4,zm,train,10
20904,zm5_4_img017.jpg,zm5_4,zm,train,10
20905,zm5_4_img018.jpg,zm5_4,zm,train,10
20906,zm5_4_img019.jpg,zm5_4,zm,train,10
20907,zm5_4_img020.jpg,zm5_4,zm,train,10
20908,zm5_4_img021.jpg,zm5_4,zm,train,10
20909,zm5_4_img022.jpg,zm5_4,zm,train,10
20910,zm5_4_img023.jpg,zm5_4,zm,train,10
20911,zm5_4_img024.jpg,zm5_4,zm,train,10
20912,zm5_4_img025.jpg,zm5_4,zm,train,10
20913,zm5_4_img026.jpg,zm5_4,zm,train,10
20914,zm5_4_img027.jpg,zm5_4,zm,train,10
20915,zm5_4_img028.jpg,zm5_4,zm,train,10
20916,zm5_4_img029.jpg,zm5_4,zm,train,10
20917,zm5_4_img030.jpg,zm5_4,zm,train,10
20918,zm5_4_img031.jpg,zm5_4,zm,train,10
20919,zm5_4_img032.jpg,zm5_4,zm,train,10
20920,zm5_4_img033.jpg,zm5_4,zm,train,10
20921,zm5_4_img034.jpg,zm5_4,zm,train,10
20922,zm5_4_img035.jpg,zm5_4,zm,train,10
20923,zm5_4_img036.jpg,zm5_4,zm,train,10
20924,zm5_4_img037.jpg,zm5_4,zm,train,10
20925,zm5_4_img038.jpg,zm5_4,zm,train,10
20926,zm5_4_img039.jpg,zm5_4,zm,train,10
20927,zm5_4_img040.jpg,zm5_4,zm,train,10
20928,zm5_4_img041.jpg,zm5_4,zm,train,10
20929,zm5_4_img042.jpg,zm5_4,zm,train,10
20930,zm5_4_img043.jpg,zm5_4,zm,train,10
20931,zm5_4_img044.jpg,zm5_4,zm,train,10
20932,zm5_4_img045.jpg,zm5_4,zm,train,10
20933,zm5_4_img046.jpg,zm5_4,zm,train,10
20934,zm5_4_img047.jpg,zm5_4,zm,train,10
20935,zm5_4_img048.jpg,zm5_4,zm,train,10
20936,zm5_4_img049.jpg,zm5_4,zm,train,10
20937,zm5_4_img050.jpg,zm5_4,zm,train,10
20938,zm5_4_img051.jpg,zm5_4,zm,train,10
20939,zm5_4_img052.jpg,zm5_4,zm,train,10
20940,zm5_4_img053.jpg,zm5_4,zm,train,10
20941,zm5_4_img054.jpg,zm5_4,zm,train,10
20942,zm5_4_img055.jpg,zm5_4,zm,train,10
20943,zm5_4_img056.jpg,zm5_4,zm,train,10
20944,zm5_4_img057.jpg,zm5_4,zm,train,10
20945,zm5_4_img058.jpg,zm5_4,zm,train,10
20946,zm5_4_img059.jpg,zm5_4,zm,train,10
20947,zm5_4_img060.jpg,zm5_4,zm,train,10
20948,zm5_4_img061.jpg,zm5_4,zm,train,10
20949,zm5_4_img062.jpg,zm5_4,zm,train,10
20950,zm5_4_img063.jpg,zm5_4,zm,train,10
20951,zm5_4_img064.jpg,zm5_4,zm,train,10
20952,zm5_4_img065.jpg,zm5_4,zm,train,10
20953,zm5_4_img066.jpg,zm5_4,zm,train,10
20954,zm5_4_img067.jpg,zm5_4,zm,train,10
20955,zm5_4_img068.jpg,zm5_4,zm,train,10
20956,zm5_4_img069.jpg,zm5_4,zm,train,10
20957,zm5_4_img070.jpg,zm5_4,zm,train,10
20958,zm5_4_img071.jpg,zm5_4,zm,train,10
20959,zm5_4_img072.jpg,zm5_4,zm,train,10
20960,zm5_4_img073.jpg,zm5_4,zm,train,10
20961,zm5_4_img074.jpg,zm5_4,zm,train,10
20962,zm5_4_img075.jpg,zm5_4,zm,train,10
20963,zm5_4_img076.jpg,zm5_4,zm,train,10
20964,zm5_4_img077.jpg,zm5_4,zm,train,10
20965,zm5_4_img078.jpg,zm5_4,zm,train,10
20966,zm5_4_img079.jpg,zm5_4,zm,train,10
20967,zm5_4_img080.jpg,zm5_4,zm,train,10
20968,zm5_4_img081.jpg,zm5_4,zm,train,10
20969,zm5_4_img082.jpg,zm5_4,zm,train,10
20970,zm5_4_img083.jpg,zm5_4,zm,train,10
20971,zm5_4_img084.jpg,zm5_4,zm,train,10
20972,zm5_4_img085.jpg,zm5_4,zm,train,10
20973,zm5_4_img086.jpg,zm5_4,zm,train,10
20974,zm5_4_img087.jpg,zm5_4,zm,train,10
20975,zm5_4_img088.jpg,zm5_4,zm,train,10
20976,zm5_4_img089.jpg,zm5_4,zm,train,10
20977,zm5_4_img090.jpg,zm5_4,zm,train,10
20978,zm5_4_img091.jpg,zm5_4,zm,train,10
20979,zm5_4_img092.jpg,zm5_4,zm,train,10
20980,zm5_4_img093.jpg,zm5_4,zm,train,10
20981,zm5_4_img094.jpg,zm5_4,zm,train,10
20982,zm5_4_img095.jpg,zm5_4,zm,train,10
20983,zm5_4_img096.jpg,zm5_4,zm,train,10
20984,zm5_4_img097.jpg,zm5_4,zm,train,10
20985,zm5_5_img001.jpg,zm5_5,zm,train,10
20986,zm5_5_img002.jpg,zm5_5,zm,train,10
20987,zm5_5_img003.jpg,zm5_5,zm,train,10
20988,zm5_5_img004.jpg,zm5_5,zm,train,10
20989,zm5_5_img005.jpg,zm5_5,zm,train,10
20990,zm5_5_img006.jpg,zm5_5,zm,train,10
20991,zm5_5_img007.jpg,zm5_5,zm,train,10
20992,zm5_5_img008.jpg,zm5_5,zm,train,10
20993,zm5_5_img009.jpg,zm5_5,zm,train,10
20994,zm5_5_img010.jpg,zm5_5,zm,train,10
20995,zm5_5_img011.jpg,zm5_5,zm,train,10
20996,zm5_5_img012.jpg,zm5_5,zm,train,10
20997,zm5_5_img013.jpg,zm5_5,zm,train,10
20998,zm5_5_img014.jpg,zm5_5,zm,train,10
20999,zm5_5_img015.jpg,zm5_5,zm,train,10
21000,zm5_5_img016.jpg,zm5_5,zm,train,10
21001,zm5_5_img017.jpg,zm5_5,zm,train,10
21002,zm5_5_img018.jpg,zm5_5,zm,train,10
21003,zm5_5_img019.jpg,zm5_5,zm,train,10
21004,zm5_5_img020.jpg,zm5_5,zm,train,10
21005,zm5_5_img021.jpg,zm5_5,zm,train,10
21006,zm5_5_img022.jpg,zm5_5,zm,train,10
21007,zm5_5_img023.jpg,zm5_5,zm,train,10
21008,zm5_5_img024.jpg,zm5_5,zm,train,10
21009,zm5_5_img025.jpg,zm5_5,zm,train,10
21010,zm5_5_img026.jpg,zm5_5,zm,train,10
21011,zm5_5_img027.jpg,zm5_5,zm,train,10
21012,zm5_5_img028.jpg,zm5_5,zm,train,10
21013,zm5_5_img029.jpg,zm5_5,zm,train,10
21014,zm5_5_img030.jpg,zm5_5,zm,train,10
21015,zm5_5_img031.jpg,zm5_5,zm,train,10
21016,zm5_5_img032.jpg,zm5_5,zm,train,10
21017,zm5_5_img033.jpg,zm5_5,zm,train,10
21018,zm5_5_img034.jpg,zm5_5,zm,train,10
21019,zm5_5_img035.jpg,zm5_5,zm,train,10
21020,zm5_5_img036.jpg,zm5_5,zm,train,10
21021,zm5_5_img037.jpg,zm5_5,zm,train,10
21022,zm5_5_img038.jpg,zm5_5,zm,train,10
21023,zm5_5_img039.jpg,zm5_5,zm,train,10
21024,zm5_5_img040.jpg,zm5_5,zm,train,10
21025,zm5_5_img041.jpg,zm5_5,zm,train,10
21026,zm5_5_img042.jpg,zm5_5,zm,train,10
21027,zm5_5_img043.jpg,zm5_5,zm,train,10
21028,zm5_5_img044.jpg,zm5_5,zm,train,10
21029,zm5_5_img045.jpg,zm5_5,zm,train,10
21030,zm5_5_img046.jpg,zm5_5,zm,train,10
21031,zm5_5_img047.jpg,zm5_5,zm,train,10
21032,zm5_5_img048.jpg,zm5_5,zm,train,10
21033,zm5_5_img049.jpg,zm5_5,zm,train,10
21034,zm5_5_img050.jpg,zm5_5,zm,train,10
21035,zm5_5_img051.jpg,zm5_5,zm,train,10
21036,zm5_5_img052.jpg,zm5_5,zm,train,10
21037,zm5_5_img053.jpg,zm5_5,zm,train,10
21038,zm5_5_img054.jpg,zm5_5,zm,train,10
21039,zm5_5_img055.jpg,zm5_5,zm,train,10
21040,zm5_5_img056.jpg,zm5_5,zm,train,10
21041,zm5_5_img057.jpg,zm5_5,zm,train,10
21042,zm5_5_img058.jpg,zm5_5,zm,train,10
21043,zm5_5_img059.jpg,zm5_5,zm,train,10
21044,zm5_5_img060.jpg,zm5_5,zm,train,10
21045,zm5_5_img061.jpg,zm5_5,zm,train,10
21046,zm5_5_img062.jpg,zm5_5,zm,train,10
21047,zm5_5_img063.jpg,zm5_5,zm,train,10
21048,zm5_5_img064.jpg,zm5_5,zm,train,10
21049,zm5_5_img065.jpg,zm5_5,zm,train,10
21050,zm5_5_img066.jpg,zm5_5,zm,train,10
21051,zm5_5_img067.jpg,zm5_5,zm,train,10
21052,zm5_5_img068.jpg,zm5_5,zm,train,10
21053,zm5_5_img069.jpg,zm5_5,zm,train,10
21054,zm5_5_img070.jpg,zm5_5,zm,train,10
21055,zm5_5_img071.jpg,zm5_5,zm,train,10
21056,zm5_5_img072.jpg,zm5_5,zm,train,10
21057,zm5_5_img073.jpg,zm5_5,zm,train,10
21058,zm5_5_img074.jpg,zm5_5,zm,train,10
21059,zm5_5_img075.jpg,zm5_5,zm,train,10
21060,zm5_5_img076.jpg,zm5_5,zm,train,10
21061,zm5_5_img077.jpg,zm5_5,zm,train,10
21062,zm5_5_img078.jpg,zm5_5,zm,train,10
21063,zm5_5_img079.jpg,zm5_5,zm,train,10
21064,zm5_5_img080.jpg,zm5_5,zm,train,10
21065,zm5_5_img081.jpg,zm5_5,zm,train,10
21066,zm5_5_img082.jpg,zm5_5,zm,train,10
21067,zm5_5_img083.jpg,zm5_5,zm,train,10
21068,zm5_5_img084.jpg,zm5_5,zm,train,10
21069,zm5_5_img085.jpg,zm5_5,zm,train,10
21070,zm5_5_img086.jpg,zm5_5,zm,train,10
21071,zm5_5_img087.jpg,zm5_5,zm,train,10
21072,zm5_5_img088.jpg,zm5_5,zm,train,10
21073,zm5_5_img089.jpg,zm5_5,zm,train,10
21074,zm5_5_img090.jpg,zm5_5,zm,train,10
21075,zm5_5_img091.jpg,zm5_5,zm,train,10
21076,zm5_5_img092.jpg,zm5_5,zm,train,10
21077,zm5_5_img093.jpg,zm5_5,zm,train,10
21078,zm5_5_img094.jpg,zm5_5,zm,train,10
21079,zm5_5_img095.jpg,zm5_5,zm,train,10
21080,zm5_5_img096.jpg,zm5_5,zm,train,10
21081,zm5_5_img097.jpg,zm5_5,zm,train,10
21082,zm5_6_img001.jpg,zm5_6,zm,train,10
21083,zm5_6_img002.jpg,zm5_6,zm,train,10
21084,zm5_6_img003.jpg,zm5_6,zm,train,10
21085,zm5_6_img004.jpg,zm5_6,zm,train,10
21086,zm5_6_img005.jpg,zm5_6,zm,train,10
21087,zm5_6_img006.jpg,zm5_6,zm,train,10
21088,zm5_6_img007.jpg,zm5_6,zm,train,10
21089,zm5_6_img008.jpg,zm5_6,zm,train,10
21090,zm5_6_img009.jpg,zm5_6,zm,train,10
21091,zm5_6_img010.jpg,zm5_6,zm,train,10
21092,zm5_6_img011.jpg,zm5_6,zm,train,10
21093,zm5_6_img012.jpg,zm5_6,zm,train,10
21094,zm5_6_img013.jpg,zm5_6,zm,train,10
21095,zm5_6_img014.jpg,zm5_6,zm,train,10
21096,zm5_6_img015.jpg,zm5_6,zm,train,10
21097,zm5_6_img016.jpg,zm5_6,zm,train,10
21098,zm5_6_img017.jpg,zm5_6,zm,train,10
21099,zm5_6_img018.jpg,zm5_6,zm,train,10
21100,zm5_6_img019.jpg,zm5_6,zm,train,10
21101,zm5_6_img020.jpg,zm5_6,zm,train,10
21102,zm5_6_img021.jpg,zm5_6,zm,train,10
21103,zm5_6_img022.jpg,zm5_6,zm,train,10
21104,zm5_6_img023.jpg,zm5_6,zm,train,10
21105,zm5_6_img024.jpg,zm5_6,zm,train,10
21106,zm5_6_img025.jpg,zm5_6,zm,train,10
21107,zm5_6_img026.jpg,zm5_6,zm,train,10
21108,zm5_6_img027.jpg,zm5_6,zm,train,10
21109,zm5_6_img028.jpg,zm5_6,zm,train,10
21110,zm5_6_img029.jpg,zm5_6,zm,train,10
21111,zm5_6_img030.jpg,zm5_6,zm,train,10
21112,zm5_6_img031.jpg,zm5_6,zm,train,10
21113,zm5_6_img032.jpg,zm5_6,zm,train,10
21114,zm5_6_img033.jpg,zm5_6,zm,train,10
21115,zm5_6_img034.jpg,zm5_6,zm,train,10
21116,zm5_6_img035.jpg,zm5_6,zm,train,10
21117,zm5_6_img036.jpg,zm5_6,zm,train,10
21118,zm5_6_img037.jpg,zm5_6,zm,train,10
21119,zm5_6_img038.jpg,zm5_6,zm,train,10
21120,zm5_6_img039.jpg,zm5_6,zm,train,10
21121,zm5_6_img040.jpg,zm5_6,zm,train,10
21122,zm5_6_img041.jpg,zm5_6,zm,train,10
21123,zm5_6_img042.jpg,zm5_6,zm,train,10
21124,zm5_6_img043.jpg,zm5_6,zm,train,10
21125,zm5_6_img044.jpg,zm5_6,zm,train,10
21126,zm5_6_img045.jpg,zm5_6,zm,train,10
21127,zm5_6_img046.jpg,zm5_6,zm,train,10
21128,zm5_6_img047.jpg,zm5_6,zm,train,10
21129,zm5_6_img048.jpg,zm5_6,zm,train,10
21130,zm5_6_img049.jpg,zm5_6,zm,train,10
21131,zm5_6_img050.jpg,zm5_6,zm,train,10
21132,zm5_6_img051.jpg,zm5_6,zm,train,10
21133,zm5_6_img052.jpg,zm5_6,zm,train,10
21134,zm5_6_img053.jpg,zm5_6,zm,train,10
21135,zm5_6_img054.jpg,zm5_6,zm,train,10
21136,zm5_6_img055.jpg,zm5_6,zm,train,10
21137,zm5_6_img056.jpg,zm5_6,zm,train,10
21138,zm5_6_img057.jpg,zm5_6,zm,train,10
21139,zm5_6_img058.jpg,zm5_6,zm,train,10
21140,zm5_6_img059.jpg,zm5_6,zm,train,10
21141,zm5_6_img060.jpg,zm5_6,zm,train,10
21142,zm5_6_img061.jpg,zm5_6,zm,train,10
21143,zm5_6_img062.jpg,zm5_6,zm,train,10
21144,zm5_6_img063.jpg,zm5_6,zm,train,10
21145,zm5_6_img064.jpg,zm5_6,zm,train,10
21146,zm5_6_img065.jpg,zm5_6,zm,train,10
21147,zm5_6_img066.jpg,zm5_6,zm,train,10
21148,zm5_6_img067.jpg,zm5_6,zm,train,10
21149,zm5_6_img068.jpg,zm5_6,zm,train,10
21150,zm5_6_img069.jpg,zm5_6,zm,train,10
21151,zm5_6_img070.jpg,zm5_6,zm,train,10
21152,zm5_6_img071.jpg,zm5_6,zm,train,10
21153,zm5_6_img072.jpg,zm5_6,zm,train,10
21154,zm5_6_img073.jpg,zm5_6,zm,train,10
21155,zm5_6_img074.jpg,zm5_6,zm,train,10
21156,zm5_6_img075.jpg,zm5_6,zm,train,10
21157,zm5_6_img076.jpg,zm5_6,zm,train,10
21158,zm5_6_img077.jpg,zm5_6,zm,train,10
21159,zm5_6_img078.jpg,zm5_6,zm,train,10
21160,zm5_6_img079.jpg,zm5_6,zm,train,10
21161,zm5_6_img080.jpg,zm5_6,zm,train,10
21162,zm5_6_img081.jpg,zm5_6,zm,train,10
21163,zm5_6_img082.jpg,zm5_6,zm,train,10
21164,zm5_6_img083.jpg,zm5_6,zm,train,10
21165,zm5_6_img084.jpg,zm5_6,zm,train,10
21166,zm5_6_img085.jpg,zm5_6,zm,train,10
21167,zm5_6_img086.jpg,zm5_6,zm,train,10
21168,zm5_6_img087.jpg,zm5_6,zm,train,10
21169,zm5_6_img088.jpg,zm5_6,zm,train,10
21170,zm5_6_img089.jpg,zm5_6,zm,train,10
21171,zm5_6_img090.jpg,zm5_6,zm,train,10
21172,zm5_6_img091.jpg,zm5_6,zm,train,10
21173,zm5_6_img092.jpg,zm5_6,zm,train,10
21174,zm5_6_img093.jpg,zm5_6,zm,train,10
21175,zm5_6_img094.jpg,zm5_6,zm,train,10
21176,zm5_6_img095.jpg,zm5_6,zm,train,10
21177,zm5_6_img096.jpg,zm5_6,zm,train,10
21178,zm5_6_img097.jpg,zm5_6,zm,train,10
21179,zm5_7_img001.jpg,zm5_7,zm,train,10
21180,zm5_7_img002.jpg,zm5_7,zm,train,10
21181,zm5_7_img003.jpg,zm5_7,zm,train,10
21182,zm5_7_img004.jpg,zm5_7,zm,train,10
21183,zm5_7_img005.jpg,zm5_7,zm,train,10
21184,zm5_7_img006.jpg,zm5_7,zm,train,10
21185,zm5_7_img007.jpg,zm5_7,zm,train,10
21186,zm5_7_img008.jpg,zm5_7,zm,train,10
21187,zm5_7_img009.jpg,zm5_7,zm,train,10
21188,zm5_7_img010.jpg,zm5_7,zm,train,10
21189,zm5_7_img011.jpg,zm5_7,zm,train,10
21190,zm5_7_img012.jpg,zm5_7,zm,train,10
21191,zm5_7_img013.jpg,zm5_7,zm,train,10
21192,zm5_7_img014.jpg,zm5_7,zm,train,10
21193,zm5_7_img015.jpg,zm5_7,zm,train,10
21194,zm5_7_img016.jpg,zm5_7,zm,train,10
21195,zm5_7_img017.jpg,zm5_7,zm,train,10
21196,zm5_7_img018.jpg,zm5_7,zm,train,10
21197,zm5_7_img019.jpg,zm5_7,zm,train,10
21198,zm5_7_img020.jpg,zm5_7,zm,train,10
21199,zm5_7_img021.jpg,zm5_7,zm,train,10
21200,zm5_7_img022.jpg,zm5_7,zm,train,10
21201,zm5_7_img023.jpg,zm5_7,zm,train,10
21202,zm5_7_img024.jpg,zm5_7,zm,train,10
21203,zm5_7_img025.jpg,zm5_7,zm,train,10
21204,zm5_7_img026.jpg,zm5_7,zm,train,10
21205,zm5_7_img027.jpg,zm5_7,zm,train,10
21206,zm5_7_img028.jpg,zm5_7,zm,train,10
21207,zm5_7_img029.jpg,zm5_7,zm,train,10
21208,zm5_7_img030.jpg,zm5_7,zm,train,10
21209,zm5_7_img031.jpg,zm5_7,zm,train,10
21210,zm5_7_img032.jpg,zm5_7,zm,train,10
21211,zm5_7_img033.jpg,zm5_7,zm,train,10
21212,zm5_7_img034.jpg,zm5_7,zm,train,10
21213,zm5_7_img035.jpg,zm5_7,zm,train,10
21214,zm5_7_img036.jpg,zm5_7,zm,train,10
21215,zm5_7_img037.jpg,zm5_7,zm,train,10
21216,zm5_7_img038.jpg,zm5_7,zm,train,10
21217,zm5_7_img039.jpg,zm5_7,zm,train,10
21218,zm5_7_img040.jpg,zm5_7,zm,train,10
21219,zm5_7_img041.jpg,zm5_7,zm,train,10
21220,zm5_7_img042.jpg,zm5_7,zm,train,10
21221,zm5_7_img043.jpg,zm5_7,zm,train,10
21222,zm5_7_img044.jpg,zm5_7,zm,train,10
21223,zm5_7_img045.jpg,zm5_7,zm,train,10
21224,zm5_7_img046.jpg,zm5_7,zm,train,10
21225,zm5_7_img047.jpg,zm5_7,zm,train,10
21226,zm5_7_img048.jpg,zm5_7,zm,train,10
21227,zm5_7_img049.jpg,zm5_7,zm,train,10
21228,zm5_7_img050.jpg,zm5_7,zm,train,10
21229,zm5_7_img051.jpg,zm5_7,zm,train,10
21230,zm5_7_img052.jpg,zm5_7,zm,train,10
21231,zm5_7_img053.jpg,zm5_7,zm,train,10
21232,zm5_7_img054.jpg,zm5_7,zm,train,10
21233,zm5_7_img055.jpg,zm5_7,zm,train,10
21234,zm5_7_img056.jpg,zm5_7,zm,train,10
21235,zm5_7_img057.jpg,zm5_7,zm,train,10
21236,zm5_7_img058.jpg,zm5_7,zm,train,10
21237,zm5_7_img059.jpg,zm5_7,zm,train,10
21238,zm5_7_img060.jpg,zm5_7,zm,train,10
21239,zm5_7_img061.jpg,zm5_7,zm,train,10
21240,zm5_7_img062.jpg,zm5_7,zm,train,10
21241,zm5_7_img063.jpg,zm5_7,zm,train,10
21242,zm5_7_img064.jpg,zm5_7,zm,train,10
21243,zm5_7_img065.jpg,zm5_7,zm,train,10
21244,zm5_7_img066.jpg,zm5_7,zm,train,10
21245,zm5_7_img067.jpg,zm5_7,zm,train,10
21246,zm5_7_img068.jpg,zm5_7,zm,train,10
21247,zm5_7_img069.jpg,zm5_7,zm,train,10
21248,zm5_7_img070.jpg,zm5_7,zm,train,10
21249,zm5_7_img071.jpg,zm5_7,zm,train,10
21250,zm5_7_img072.jpg,zm5_7,zm,train,10
21251,zm5_7_img073.jpg,zm5_7,zm,train,10
21252,zm5_7_img074.jpg,zm5_7,zm,train,10
21253,zm5_7_img075.jpg,zm5_7,zm,train,10
21254,zm5_7_img076.jpg,zm5_7,zm,train,10
21255,zm5_7_img077.jpg,zm5_7,zm,train,10
21256,zm5_7_img078.jpg,zm5_7,zm,train,10
21257,zm5_7_img079.jpg,zm5_7,zm,train,10
21258,zm5_7_img080.jpg,zm5_7,zm,train,10
21259,zm5_7_img081.jpg,zm5_7,zm,train,10
21260,zm5_7_img082.jpg,zm5_7,zm,train,10
21261,zm5_7_img083.jpg,zm5_7,zm,train,10
21262,zm5_7_img084.jpg,zm5_7,zm,train,10
21263,zm5_7_img085.jpg,zm5_7,zm,train,10
21264,zm5_7_img086.jpg,zm5_7,zm,train,10
21265,zm5_7_img087.jpg,zm5_7,zm,train,10
21266,zm5_7_img088.jpg,zm5_7,zm,train,10
21267,zm5_7_img089.jpg,zm5_7,zm,train,10
21268,zm5_7_img090.jpg,zm5_7,zm,train,10
21269,zm5_7_img091.jpg,zm5_7,zm,train,10
21270,zm5_7_img092.jpg,zm5_7,zm,train,10
21271,zm5_7_img093.jpg,zm5_7,zm,train,10
21272,zm5_7_img094.jpg,zm5_7,zm,train,10
21273,zm5_7_img095.jpg,zm5_7,zm,train,10
21274,zm5_7_img096.jpg,zm5_7,zm,train,10
21275,zm5_7_img097.jpg,zm5_7,zm,train,10
21276,zm5_8_img001.jpg,zm5_8,zm,train,11
21277,zm5_8_img002.jpg,zm5_8,zm,train,11
21278,zm5_8_img003.jpg,zm5_8,zm,train,11
21279,zm5_8_img004.jpg,zm5_8,zm,train,11
21280,zm5_8_img005.jpg,zm5_8,zm,train,11
21281,zm5_8_img006.jpg,zm5_8,zm,train,11
21282,zm5_8_img007.jpg,zm5_8,zm,train,11
21283,zm5_8_img008.jpg,zm5_8,zm,train,11
21284,zm5_8_img009.jpg,zm5_8,zm,train,11
21285,zm5_8_img010.jpg,zm5_8,zm,train,11
21286,zm5_8_img011.jpg,zm5_8,zm,train,11
21287,zm5_8_img012.jpg,zm5_8,zm,train,11
21288,zm5_8_img013.jpg,zm5_8,zm,train,11
21289,zm5_8_img014.jpg,zm5_8,zm,train,11
21290,zm5_8_img015.jpg,zm5_8,zm,train,11
21291,zm5_8_img016.jpg,zm5_8,zm,train,11
21292,zm5_8_img017.jpg,zm5_8,zm,train,11
21293,zm5_8_img018.jpg,zm5_8,zm,train,11
21294,zm5_8_img019.jpg,zm5_8,zm,train,11
21295,zm5_8_img020.jpg,zm5_8,zm,train,11
21296,zm5_8_img021.jpg,zm5_8,zm,train,11
21297,zm5_8_img022.jpg,zm5_8,zm,train,11
21298,zm5_8_img023.jpg,zm5_8,zm,train,11
21299,zm5_8_img024.jpg,zm5_8,zm,train,11
21300,zm5_8_img025.jpg,zm5_8,zm,train,11
21301,zm5_8_img026.jpg,zm5_8,zm,train,11
21302,zm5_8_img027.jpg,zm5_8,zm,train,11
21303,zm5_8_img028.jpg,zm5_8,zm,train,11
21304,zm5_8_img029.jpg,zm5_8,zm,train,11
21305,zm5_8_img030.jpg,zm5_8,zm,train,11
21306,zm5_8_img031.jpg,zm5_8,zm,train,11
21307,zm5_8_img032.jpg,zm5_8,zm,train,11
21308,zm5_8_img033.jpg,zm5_8,zm,train,11
21309,zm5_8_img034.jpg,zm5_8,zm,train,11
21310,zm5_8_img035.jpg,zm5_8,zm,train,11
21311,zm5_8_img036.jpg,zm5_8,zm,train,11
21312,zm5_8_img037.jpg,zm5_8,zm,train,11
21313,zm5_8_img038.jpg,zm5_8,zm,train,11
21314,zm5_8_img039.jpg,zm5_8,zm,train,11
21315,zm5_8_img040.jpg,zm5_8,zm,train,11
21316,zm5_8_img041.jpg,zm5_8,zm,train,11
21317,zm5_8_img042.jpg,zm5_8,zm,train,11
21318,zm5_8_img043.jpg,zm5_8,zm,train,11
21319,zm5_8_img044.jpg,zm5_8,zm,train,11
21320,zm5_8_img045.jpg,zm5_8,zm,train,11
21321,zm5_8_img046.jpg,zm5_8,zm,train,11
21322,zm5_8_img047.jpg,zm5_8,zm,train,11
21323,zm5_8_img048.jpg,zm5_8,zm,train,11
21324,zm5_8_img049.jpg,zm5_8,zm,train,11
21325,zm5_8_img050.jpg,zm5_8,zm,train,11
21326,zm5_8_img051.jpg,zm5_8,zm,train,11
21327,zm5_8_img052.jpg,zm5_8,zm,train,11
21328,zm5_8_img053.jpg,zm5_8,zm,train,11
21329,zm5_8_img054.jpg,zm5_8,zm,train,11
21330,zm5_8_img055.jpg,zm5_8,zm,train,11
21331,zm5_8_img056.jpg,zm5_8,zm,train,11
21332,zm5_8_img057.jpg,zm5_8,zm,train,11
21333,zm5_8_img058.jpg,zm5_8,zm,train,11
21334,zm5_8_img059.jpg,zm5_8,zm,train,11
21335,zm5_8_img060.jpg,zm5_8,zm,train,11
21336,zm5_8_img061.jpg,zm5_8,zm,train,11
21337,zm5_8_img062.jpg,zm5_8,zm,train,11
21338,zm5_8_img063.jpg,zm5_8,zm,train,11
21339,zm5_8_img064.jpg,zm5_8,zm,train,11
21340,zm5_8_img065.jpg,zm5_8,zm,train,11
21341,zm5_8_img066.jpg,zm5_8,zm,train,11
21342,zm5_8_img067.jpg,zm5_8,zm,train,11
21343,zm5_8_img068.jpg,zm5_8,zm,train,11
21344,zm5_8_img069.jpg,zm5_8,zm,train,11
21345,zm5_8_img070.jpg,zm5_8,zm,train,11
21346,zm5_8_img071.jpg,zm5_8,zm,train,11
21347,zm5_8_img072.jpg,zm5_8,zm,train,11
21348,zm5_8_img073.jpg,zm5_8,zm,train,11
21349,zm5_8_img074.jpg,zm5_8,zm,train,11
21350,zm5_8_img075.jpg,zm5_8,zm,train,11
21351,zm5_8_img076.jpg,zm5_8,zm,train,11
21352,zm5_8_img077.jpg,zm5_8,zm,train,11
21353,zm5_8_img078.jpg,zm5_8,zm,train,11
21354,zm5_8_img079.jpg,zm5_8,zm,train,11
21355,zm5_8_img080.jpg,zm5_8,zm,train,11
21356,zm5_8_img081.jpg,zm5_8,zm,train,11
21357,zm5_8_img082.jpg,zm5_8,zm,train,11
21358,zm5_8_img083.jpg,zm5_8,zm,train,11
21359,zm5_8_img084.jpg,zm5_8,zm,train,11
21360,zm5_8_img085.jpg,zm5_8,zm,train,11
21361,zm5_8_img086.jpg,zm5_8,zm,train,11
21362,zm5_8_img087.jpg,zm5_8,zm,train,11
21363,zm5_8_img088.jpg,zm5_8,zm,train,11
21364,zm5_8_img089.jpg,zm5_8,zm,train,11
21365,zm5_8_img090.jpg,zm5_8,zm,train,11
21366,zm5_8_img091.jpg,zm5_8,zm,train,11
21367,zm5_8_img092.jpg,zm5_8,zm,train,11
21368,zm5_8_img093.jpg,zm5_8,zm,train,11
21369,zm5_8_img094.jpg,zm5_8,zm,train,11
21370,zm5_8_img095.jpg,zm5_8,zm,train,11
21371,zm5_8_img096.jpg,zm5_8,zm,train,11
21372,zm5_8_img097.jpg,zm5_8,zm,train,11
21373,zm5_9_img001.jpg,zm5_9,zm,train,10
21374,zm5_9_img002.jpg,zm5_9,zm,train,10
21375,zm5_9_img003.jpg,zm5_9,zm,train,10
21376,zm5_9_img004.jpg,zm5_9,zm,train,10
21377,zm5_9_img005.jpg,zm5_9,zm,train,10
21378,zm5_9_img006.jpg,zm5_9,zm,train,10
21379,zm5_9_img007.jpg,zm5_9,zm,train,10
21380,zm5_9_img008.jpg,zm5_9,zm,train,10
21381,zm5_9_img009.jpg,zm5_9,zm,train,10
21382,zm5_9_img010.jpg,zm5_9,zm,train,10
21383,zm5_9_img011.jpg,zm5_9,zm,train,10
21384,zm5_9_img012.jpg,zm5_9,zm,train,10
21385,zm5_9_img013.jpg,zm5_9,zm,train,10
21386,zm5_9_img014.jpg,zm5_9,zm,train,10
21387,zm5_9_img015.jpg,zm5_9,zm,train,10
21388,zm5_9_img016.jpg,zm5_9,zm,train,10
21389,zm5_9_img017.jpg,zm5_9,zm,train,10
21390,zm5_9_img018.jpg,zm5_9,zm,train,10
21391,zm5_9_img019.jpg,zm5_9,zm,train,10
21392,zm5_9_img020.jpg,zm5_9,zm,train,10
21393,zm5_9_img021.jpg,zm5_9,zm,train,10
21394,zm5_9_img022.jpg,zm5_9,zm,train,10
21395,zm5_9_img023.jpg,zm5_9,zm,train,10
21396,zm5_9_img024.jpg,zm5_9,zm,train,10
21397,zm5_9_img025.jpg,zm5_9,zm,train,10
21398,zm5_9_img026.jpg,zm5_9,zm,train,10
21399,zm5_9_img027.jpg,zm5_9,zm,train,10
21400,zm5_9_img028.jpg,zm5_9,zm,train,10
21401,zm5_9_img029.jpg,zm5_9,zm,train,10
21402,zm5_9_img030.jpg,zm5_9,zm,train,10
21403,zm5_9_img031.jpg,zm5_9,zm,train,10
21404,zm5_9_img032.jpg,zm5_9,zm,train,10
21405,zm5_9_img033.jpg,zm5_9,zm,train,10
21406,zm5_9_img034.jpg,zm5_9,zm,train,10
21407,zm5_9_img035.jpg,zm5_9,zm,train,10
21408,zm5_9_img036.jpg,zm5_9,zm,train,10
21409,zm5_9_img037.jpg,zm5_9,zm,train,10
21410,zm5_9_img038.jpg,zm5_9,zm,train,10
21411,zm5_9_img039.jpg,zm5_9,zm,train,10
21412,zm5_9_img040.jpg,zm5_9,zm,train,10
21413,zm5_9_img041.jpg,zm5_9,zm,train,10
21414,zm5_9_img042.jpg,zm5_9,zm,train,10
21415,zm5_9_img043.jpg,zm5_9,zm,train,10
21416,zm5_9_img044.jpg,zm5_9,zm,train,10
21417,zm5_9_img045.jpg,zm5_9,zm,train,10
21418,zm5_9_img046.jpg,zm5_9,zm,train,10
21419,zm5_9_img047.jpg,zm5_9,zm,train,10
21420,zm5_9_img048.jpg,zm5_9,zm,train,10
21421,zm5_9_img049.jpg,zm5_9,zm,train,10
21422,zm5_9_img050.jpg,zm5_9,zm,train,10
21423,zm5_9_img051.jpg,zm5_9,zm,train,10
21424,zm5_9_img052.jpg,zm5_9,zm,train,10
21425,zm5_9_img053.jpg,zm5_9,zm,train,10
21426,zm5_9_img054.jpg,zm5_9,zm,train,10
21427,zm5_9_img055.jpg,zm5_9,zm,train,10
21428,zm5_9_img056.jpg,zm5_9,zm,train,10
21429,zm5_9_img057.jpg,zm5_9,zm,train,10
21430,zm5_9_img058.jpg,zm5_9,zm,train,10
21431,zm5_9_img059.jpg,zm5_9,zm,train,10
21432,zm5_9_img060.jpg,zm5_9,zm,train,10
21433,zm5_9_img061.jpg,zm5_9,zm,train,10
21434,zm5_9_img062.jpg,zm5_9,zm,train,10
21435,zm5_9_img063.jpg,zm5_9,zm,train,10
21436,zm5_9_img064.jpg,zm5_9,zm,train,10
21437,zm5_9_img065.jpg,zm5_9,zm,train,10
21438,zm5_9_img066.jpg,zm5_9,zm,train,10
21439,zm5_9_img067.jpg,zm5_9,zm,train,10
21440,zm5_9_img068.jpg,zm5_9,zm,train,10
21441,zm5_9_img069.jpg,zm5_9,zm,train,10
21442,zm5_9_img070.jpg,zm5_9,zm,train,10
21443,zm5_9_img071.jpg,zm5_9,zm,train,10
21444,zm5_9_img072.jpg,zm5_9,zm,train,10
21445,zm5_9_img073.jpg,zm5_9,zm,train,10
21446,zm5_9_img074.jpg,zm5_9,zm,train,10
21447,zm5_9_img075.jpg,zm5_9,zm,train,10
21448,zm5_9_img076.jpg,zm5_9,zm,train,10
21449,zm5_9_img077.jpg,zm5_9,zm,train,10
21450,zm5_9_img078.jpg,zm5_9,zm,train,10
21451,zm5_9_img079.jpg,zm5_9,zm,train,10
21452,zm5_9_img080.jpg,zm5_9,zm,train,10
21453,zm5_9_img081.jpg,zm5_9,zm,train,10
21454,zm5_9_img082.jpg,zm5_9,zm,train,10
21455,zm5_9_img083.jpg,zm5_9,zm,train,10
21456,zm5_9_img084.jpg,zm5_9,zm,train,10
21457,zm5_9_img085.jpg,zm5_9,zm,train,10
21458,zm5_9_img086.jpg,zm5_9,zm,train,10
21459,zm5_9_img087.jpg,zm5_9,zm,train,10
21460,zm5_9_img088.jpg,zm5_9,zm,train,10
21461,zm5_9_img089.jpg,zm5_9,zm,train,10
21462,zm5_9_img090.jpg,zm5_9,zm,train,10
21463,zm5_9_img091.jpg,zm5_9,zm,train,10
21464,zm5_9_img092.jpg,zm5_9,zm,train,10
21465,zm5_9_img093.jpg,zm5_9,zm,train,10
21466,zm5_9_img094.jpg,zm5_9,zm,train,10
21467,zm5_9_img095.jpg,zm5_9,zm,train,10
21468,zm5_9_img096.jpg,zm5_9,zm,train,10
21469,zm5_9_img097.jpg,zm5_9,zm,train,10
21470,zm6_10_img001.jpg,zm6_10,zm,train,10
21471,zm6_10_img002.jpg,zm6_10,zm,train,10
21472,zm6_10_img003.jpg,zm6_10,zm,train,10
21473,zm6_10_img004.jpg,zm6_10,zm,train,10
21474,zm6_10_img005.jpg,zm6_10,zm,train,10
21475,zm6_10_img006.jpg,zm6_10,zm,train,10
21476,zm6_10_img007.jpg,zm6_10,zm,train,10
21477,zm6_10_img008.jpg,zm6_10,zm,train,10
21478,zm6_10_img009.jpg,zm6_10,zm,train,10
21479,zm6_10_img010.jpg,zm6_10,zm,train,10
21480,zm6_10_img011.jpg,zm6_10,zm,train,10
21481,zm6_10_img012.jpg,zm6_10,zm,train,10
21482,zm6_10_img013.jpg,zm6_10,zm,train,10
21483,zm6_10_img014.jpg,zm6_10,zm,train,10
21484,zm6_10_img015.jpg,zm6_10,zm,train,10
21485,zm6_10_img016.jpg,zm6_10,zm,train,10
21486,zm6_10_img017.jpg,zm6_10,zm,train,10
21487,zm6_10_img018.jpg,zm6_10,zm,train,10
21488,zm6_10_img019.jpg,zm6_10,zm,train,10
21489,zm6_10_img020.jpg,zm6_10,zm,train,10
21490,zm6_10_img021.jpg,zm6_10,zm,train,10
21491,zm6_10_img022.jpg,zm6_10,zm,train,10
21492,zm6_10_img023.jpg,zm6_10,zm,train,10
21493,zm6_10_img024.jpg,zm6_10,zm,train,10
21494,zm6_10_img025.jpg,zm6_10,zm,train,10
21495,zm6_10_img026.jpg,zm6_10,zm,train,10
21496,zm6_10_img027.jpg,zm6_10,zm,train,10
21497,zm6_10_img028.jpg,zm6_10,zm,train,10
21498,zm6_10_img029.jpg,zm6_10,zm,train,10
21499,zm6_10_img030.jpg,zm6_10,zm,train,10
21500,zm6_10_img031.jpg,zm6_10,zm,train,10
21501,zm6_10_img032.jpg,zm6_10,zm,train,10
21502,zm6_10_img033.jpg,zm6_10,zm,train,10
21503,zm6_10_img034.jpg,zm6_10,zm,train,10
21504,zm6_10_img035.jpg,zm6_10,zm,train,10
21505,zm6_10_img036.jpg,zm6_10,zm,train,10
21506,zm6_10_img037.jpg,zm6_10,zm,train,10
21507,zm6_10_img038.jpg,zm6_10,zm,train,10
21508,zm6_10_img039.jpg,zm6_10,zm,train,10
21509,zm6_10_img040.jpg,zm6_10,zm,train,10
21510,zm6_10_img041.jpg,zm6_10,zm,train,10
21511,zm6_10_img042.jpg,zm6_10,zm,train,10
21512,zm6_10_img043.jpg,zm6_10,zm,train,10
21513,zm6_10_img044.jpg,zm6_10,zm,train,10
21514,zm6_10_img045.jpg,zm6_10,zm,train,10
21515,zm6_10_img046.jpg,zm6_10,zm,train,10
21516,zm6_10_img047.jpg,zm6_10,zm,train,10
21517,zm6_10_img048.jpg,zm6_10,zm,train,10
21518,zm6_10_img049.jpg,zm6_10,zm,train,10
21519,zm6_10_img050.jpg,zm6_10,zm,train,10
21520,zm6_10_img051.jpg,zm6_10,zm,train,10
21521,zm6_10_img052.jpg,zm6_10,zm,train,10
21522,zm6_10_img053.jpg,zm6_10,zm,train,10
21523,zm6_10_img054.jpg,zm6_10,zm,train,10
21524,zm6_10_img055.jpg,zm6_10,zm,train,10
21525,zm6_10_img056.jpg,zm6_10,zm,train,10
21526,zm6_10_img057.jpg,zm6_10,zm,train,10
21527,zm6_10_img058.jpg,zm6_10,zm,train,10
21528,zm6_10_img059.jpg,zm6_10,zm,train,10
21529,zm6_10_img060.jpg,zm6_10,zm,train,10
21530,zm6_10_img061.jpg,zm6_10,zm,train,10
21531,zm6_10_img062.jpg,zm6_10,zm,train,10
21532,zm6_10_img063.jpg,zm6_10,zm,train,10
21533,zm6_10_img064.jpg,zm6_10,zm,train,10
21534,zm6_10_img065.jpg,zm6_10,zm,train,10
21535,zm6_10_img066.jpg,zm6_10,zm,train,10
21536,zm6_10_img067.jpg,zm6_10,zm,train,10
21537,zm6_10_img068.jpg,zm6_10,zm,train,10
21538,zm6_10_img069.jpg,zm6_10,zm,train,10
21539,zm6_10_img070.jpg,zm6_10,zm,train,10
21540,zm6_10_img071.jpg,zm6_10,zm,train,10
21541,zm6_10_img072.jpg,zm6_10,zm,train,10
21542,zm6_10_img073.jpg,zm6_10,zm,train,10
21543,zm6_10_img074.jpg,zm6_10,zm,train,10
21544,zm6_10_img075.jpg,zm6_10,zm,train,10
21545,zm6_10_img076.jpg,zm6_10,zm,train,10
21546,zm6_10_img077.jpg,zm6_10,zm,train,10
21547,zm6_10_img078.jpg,zm6_10,zm,train,10
21548,zm6_10_img079.jpg,zm6_10,zm,train,10
21549,zm6_10_img080.jpg,zm6_10,zm,train,10
21550,zm6_10_img081.jpg,zm6_10,zm,train,10
21551,zm6_10_img082.jpg,zm6_10,zm,train,10
21552,zm6_10_img083.jpg,zm6_10,zm,train,10
21553,zm6_10_img084.jpg,zm6_10,zm,train,10
21554,zm6_10_img085.jpg,zm6_10,zm,train,10
21555,zm6_10_img086.jpg,zm6_10,zm,train,10
21556,zm6_10_img087.jpg,zm6_10,zm,train,10
21557,zm6_10_img088.jpg,zm6_10,zm,train,10
21558,zm6_10_img089.jpg,zm6_10,zm,train,10
21559,zm6_10_img090.jpg,zm6_10,zm,train,10
21560,zm6_10_img091.jpg,zm6_10,zm,train,10
21561,zm6_10_img092.jpg,zm6_10,zm,train,10
21562,zm6_10_img093.jpg,zm6_10,zm,train,10
21563,zm6_10_img094.jpg,zm6_10,zm,train,10
21564,zm6_10_img095.jpg,zm6_10,zm,train,10
21565,zm6_10_img096.jpg,zm6_10,zm,train,10
21566,zm6_10_img097.jpg,zm6_10,zm,train,10
21567,zm6_11_img001.jpg,zm6_11,zm,train,10
21568,zm6_11_img002.jpg,zm6_11,zm,train,10
21569,zm6_11_img003.jpg,zm6_11,zm,train,10
21570,zm6_11_img004.jpg,zm6_11,zm,train,10
21571,zm6_11_img005.jpg,zm6_11,zm,train,10
21572,zm6_11_img006.jpg,zm6_11,zm,train,10
21573,zm6_11_img007.jpg,zm6_11,zm,train,10
21574,zm6_11_img008.jpg,zm6_11,zm,train,10
21575,zm6_11_img009.jpg,zm6_11,zm,train,10
21576,zm6_11_img010.jpg,zm6_11,zm,train,10
21577,zm6_11_img011.jpg,zm6_11,zm,train,10
21578,zm6_11_img012.jpg,zm6_11,zm,train,10
21579,zm6_11_img013.jpg,zm6_11,zm,train,10
21580,zm6_11_img014.jpg,zm6_11,zm,train,10
21581,zm6_11_img015.jpg,zm6_11,zm,train,10
21582,zm6_11_img016.jpg,zm6_11,zm,train,10
21583,zm6_11_img017.jpg,zm6_11,zm,train,10
21584,zm6_11_img018.jpg,zm6_11,zm,train,10
21585,zm6_11_img019.jpg,zm6_11,zm,train,10
21586,zm6_11_img020.jpg,zm6_11,zm,train,10
21587,zm6_11_img021.jpg,zm6_11,zm,train,10
21588,zm6_11_img022.jpg,zm6_11,zm,train,10
21589,zm6_11_img023.jpg,zm6_11,zm,train,10
21590,zm6_11_img024.jpg,zm6_11,zm,train,10
21591,zm6_11_img025.jpg,zm6_11,zm,train,10
21592,zm6_11_img026.jpg,zm6_11,zm,train,10
21593,zm6_11_img027.jpg,zm6_11,zm,train,10
21594,zm6_11_img028.jpg,zm6_11,zm,train,10
21595,zm6_11_img029.jpg,zm6_11,zm,train,10
21596,zm6_11_img030.jpg,zm6_11,zm,train,10
21597,zm6_11_img031.jpg,zm6_11,zm,train,10
21598,zm6_11_img032.jpg,zm6_11,zm,train,10
21599,zm6_11_img033.jpg,zm6_11,zm,train,10
21600,zm6_11_img034.jpg,zm6_11,zm,train,10
21601,zm6_11_img035.jpg,zm6_11,zm,train,10
21602,zm6_11_img036.jpg,zm6_11,zm,train,10
21603,zm6_11_img037.jpg,zm6_11,zm,train,10
21604,zm6_11_img038.jpg,zm6_11,zm,train,10
21605,zm6_11_img039.jpg,zm6_11,zm,train,10
21606,zm6_11_img040.jpg,zm6_11,zm,train,10
21607,zm6_11_img041.jpg,zm6_11,zm,train,10
21608,zm6_11_img042.jpg,zm6_11,zm,train,10
21609,zm6_11_img043.jpg,zm6_11,zm,train,10
21610,zm6_11_img044.jpg,zm6_11,zm,train,10
21611,zm6_11_img045.jpg,zm6_11,zm,train,10
21612,zm6_11_img046.jpg,zm6_11,zm,train,10
21613,zm6_11_img047.jpg,zm6_11,zm,train,10
21614,zm6_11_img048.jpg,zm6_11,zm,train,10
21615,zm6_11_img049.jpg,zm6_11,zm,train,10
21616,zm6_11_img050.jpg,zm6_11,zm,train,10
21617,zm6_11_img051.jpg,zm6_11,zm,train,10
21618,zm6_11_img052.jpg,zm6_11,zm,train,10
21619,zm6_11_img053.jpg,zm6_11,zm,train,10
21620,zm6_11_img054.jpg,zm6_11,zm,train,10
21621,zm6_11_img055.jpg,zm6_11,zm,train,10
21622,zm6_11_img056.jpg,zm6_11,zm,train,10
21623,zm6_11_img057.jpg,zm6_11,zm,train,10
21624,zm6_11_img058.jpg,zm6_11,zm,train,10
21625,zm6_11_img059.jpg,zm6_11,zm,train,10
21626,zm6_11_img060.jpg,zm6_11,zm,train,10
21627,zm6_11_img061.jpg,zm6_11,zm,train,10
21628,zm6_11_img062.jpg,zm6_11,zm,train,10
21629,zm6_11_img063.jpg,zm6_11,zm,train,10
21630,zm6_11_img064.jpg,zm6_11,zm,train,10
21631,zm6_11_img065.jpg,zm6_11,zm,train,10
21632,zm6_11_img066.jpg,zm6_11,zm,train,10
21633,zm6_11_img067.jpg,zm6_11,zm,train,10
21634,zm6_11_img068.jpg,zm6_11,zm,train,10
21635,zm6_11_img069.jpg,zm6_11,zm,train,10
21636,zm6_11_img070.jpg,zm6_11,zm,train,10
21637,zm6_11_img071.jpg,zm6_11,zm,train,10
21638,zm6_11_img072.jpg,zm6_11,zm,train,10
21639,zm6_11_img073.jpg,zm6_11,zm,train,10
21640,zm6_11_img074.jpg,zm6_11,zm,train,10
21641,zm6_11_img075.jpg,zm6_11,zm,train,10
21642,zm6_11_img076.jpg,zm6_11,zm,train,10
21643,zm6_11_img077.jpg,zm6_11,zm,train,10
21644,zm6_11_img078.jpg,zm6_11,zm,train,10
21645,zm6_11_img079.jpg,zm6_11,zm,train,10
21646,zm6_11_img080.jpg,zm6_11,zm,train,10
21647,zm6_11_img081.jpg,zm6_11,zm,train,10
21648,zm6_11_img082.jpg,zm6_11,zm,train,10
21649,zm6_11_img083.jpg,zm6_11,zm,train,10
21650,zm6_11_img084.jpg,zm6_11,zm,train,10
21651,zm6_11_img085.jpg,zm6_11,zm,train,10
21652,zm6_11_img086.jpg,zm6_11,zm,train,10
21653,zm6_11_img087.jpg,zm6_11,zm,train,10
21654,zm6_11_img088.jpg,zm6_11,zm,train,10
21655,zm6_11_img089.jpg,zm6_11,zm,train,10
21656,zm6_11_img090.jpg,zm6_11,zm,train,10
21657,zm6_11_img091.jpg,zm6_11,zm,train,10
21658,zm6_11_img092.jpg,zm6_11,zm,train,10
21659,zm6_11_img093.jpg,zm6_11,zm,train,10
21660,zm6_11_img094.jpg,zm6_11,zm,train,10
21661,zm6_11_img095.jpg,zm6_11,zm,train,10
21662,zm6_11_img096.jpg,zm6_11,zm,train,10
21663,zm6_11_img097.jpg,zm6_11,zm,train,10
21664,zm6_12_img001.jpg,zm6_12,zm,test,10
21665,zm6_12_img002.jpg,zm6_12,zm,test,10
21666,zm6_12_img003.jpg,zm6_12,zm,test,10
21667,zm6_12_img004.jpg,zm6_12,zm,test,10
21668,zm6_12_img005.jpg,zm6_12,zm,test,10
21669,zm6_12_img006.jpg,zm6_12,zm,test,10
21670,zm6_12_img007.jpg,zm6_12,zm,test,10
21671,zm6_12_img008.jpg,zm6_12,zm,test,10
21672,zm6_12_img009.jpg,zm6_12,zm,test,10
21673,zm6_12_img010.jpg,zm6_12,zm,test,10
21674,zm6_12_img011.jpg,zm6_12,zm,test,10
21675,zm6_12_img012.jpg,zm6_12,zm,test,10
21676,zm6_12_img013.jpg,zm6_12,zm,test,10
21677,zm6_12_img014.jpg,zm6_12,zm,test,10
21678,zm6_12_img015.jpg,zm6_12,zm,test,10
21679,zm6_12_img016.jpg,zm6_12,zm,test,10
21680,zm6_12_img017.jpg,zm6_12,zm,test,10
21681,zm6_12_img018.jpg,zm6_12,zm,test,10
21682,zm6_12_img019.jpg,zm6_12,zm,test,10
21683,zm6_12_img020.jpg,zm6_12,zm,test,10
21684,zm6_12_img021.jpg,zm6_12,zm,test,10
21685,zm6_12_img022.jpg,zm6_12,zm,test,10
21686,zm6_12_img023.jpg,zm6_12,zm,test,10
21687,zm6_12_img024.jpg,zm6_12,zm,test,10
21688,zm6_12_img025.jpg,zm6_12,zm,test,10
21689,zm6_12_img026.jpg,zm6_12,zm,test,10
21690,zm6_12_img027.jpg,zm6_12,zm,test,10
21691,zm6_12_img028.jpg,zm6_12,zm,test,10
21692,zm6_12_img029.jpg,zm6_12,zm,test,10
21693,zm6_12_img030.jpg,zm6_12,zm,test,10
21694,zm6_12_img031.jpg,zm6_12,zm,test,10
21695,zm6_12_img032.jpg,zm6_12,zm,test,10
21696,zm6_12_img033.jpg,zm6_12,zm,test,10
21697,zm6_12_img034.jpg,zm6_12,zm,test,10
21698,zm6_12_img035.jpg,zm6_12,zm,test,10
21699,zm6_12_img036.jpg,zm6_12,zm,test,10
21700,zm6_12_img037.jpg,zm6_12,zm,test,10
21701,zm6_12_img038.jpg,zm6_12,zm,test,10
21702,zm6_12_img039.jpg,zm6_12,zm,test,10
21703,zm6_12_img040.jpg,zm6_12,zm,test,10
21704,zm6_12_img041.jpg,zm6_12,zm,test,10
21705,zm6_12_img042.jpg,zm6_12,zm,test,10
21706,zm6_12_img043.jpg,zm6_12,zm,test,10
21707,zm6_12_img044.jpg,zm6_12,zm,test,10
21708,zm6_12_img045.jpg,zm6_12,zm,test,10
21709,zm6_12_img046.jpg,zm6_12,zm,test,10
21710,zm6_12_img047.jpg,zm6_12,zm,test,10
21711,zm6_12_img048.jpg,zm6_12,zm,test,10
21712,zm6_12_img049.jpg,zm6_12,zm,test,10
21713,zm6_12_img050.jpg,zm6_12,zm,test,10
21714,zm6_12_img051.jpg,zm6_12,zm,test,10
21715,zm6_12_img052.jpg,zm6_12,zm,test,10
21716,zm6_12_img053.jpg,zm6_12,zm,test,10
21717,zm6_12_img054.jpg,zm6_12,zm,test,10
21718,zm6_12_img055.jpg,zm6_12,zm,test,10
21719,zm6_12_img056.jpg,zm6_12,zm,test,10
21720,zm6_12_img057.jpg,zm6_12,zm,test,10
21721,zm6_12_img058.jpg,zm6_12,zm,test,10
21722,zm6_12_img059.jpg,zm6_12,zm,test,10
21723,zm6_12_img060.jpg,zm6_12,zm,test,10
21724,zm6_12_img061.jpg,zm6_12,zm,test,10
21725,zm6_12_img062.jpg,zm6_12,zm,test,10
21726,zm6_12_img063.jpg,zm6_12,zm,test,10
21727,zm6_12_img064.jpg,zm6_12,zm,test,10
21728,zm6_12_img065.jpg,zm6_12,zm,test,10
21729,zm6_12_img066.jpg,zm6_12,zm,test,10
21730,zm6_12_img067.jpg,zm6_12,zm,test,10
21731,zm6_12_img068.jpg,zm6_12,zm,test,10
21732,zm6_12_img069.jpg,zm6_12,zm,test,10
21733,zm6_12_img070.jpg,zm6_12,zm,test,10
21734,zm6_12_img071.jpg,zm6_12,zm,test,10
21735,zm6_12_img072.jpg,zm6_12,zm,test,10
21736,zm6_12_img073.jpg,zm6_12,zm,test,10
21737,zm6_12_img074.jpg,zm6_12,zm,test,10
21738,zm6_12_img075.jpg,zm6_12,zm,test,10
21739,zm6_12_img076.jpg,zm6_12,zm,test,10
21740,zm6_12_img077.jpg,zm6_12,zm,test,10
21741,zm6_12_img078.jpg,zm6_12,zm,test,10
21742,zm6_12_img079.jpg,zm6_12,zm,test,10
21743,zm6_12_img080.jpg,zm6_12,zm,test,10
21744,zm6_12_img081.jpg,zm6_12,zm,test,10
21745,zm6_12_img082.jpg,zm6_12,zm,test,10
21746,zm6_12_img083.jpg,zm6_12,zm,test,10
21747,zm6_12_img084.jpg,zm6_12,zm,test,10
21748,zm6_12_img085.jpg,zm6_12,zm,test,10
21749,zm6_12_img086.jpg,zm6_12,zm,test,10
21750,zm6_12_img087.jpg,zm6_12,zm,test,10
21751,zm6_12_img088.jpg,zm6_12,zm,test,10
21752,zm6_12_img089.jpg,zm6_12,zm,test,10
21753,zm6_12_img090.jpg,zm6_12,zm,test,10
21754,zm6_12_img091.jpg,zm6_12,zm,test,10
21755,zm6_12_img092.jpg,zm6_12,zm,test,10
21756,zm6_12_img093.jpg,zm6_12,zm,test,10
21757,zm6_12_img094.jpg,zm6_12,zm,test,10
21758,zm6_12_img095.jpg,zm6_12,zm,test,10
21759,zm6_12_img096.jpg,zm6_12,zm,test,10
21760,zm6_12_img097.jpg,zm6_12,zm,test,10
21761,zm6_1_img001.jpg,zm6_1,zm,train,10
21762,zm6_1_img002.jpg,zm6_1,zm,train,10
21763,zm6_1_img003.jpg,zm6_1,zm,train,10
21764,zm6_1_img004.jpg,zm6_1,zm,train,10
21765,zm6_1_img005.jpg,zm6_1,zm,train,10
21766,zm6_1_img006.jpg,zm6_1,zm,train,10
21767,zm6_1_img007.jpg,zm6_1,zm,train,10
21768,zm6_1_img008.jpg,zm6_1,zm,train,10
21769,zm6_1_img009.jpg,zm6_1,zm,train,10
21770,zm6_1_img010.jpg,zm6_1,zm,train,10
21771,zm6_1_img011.jpg,zm6_1,zm,train,10
21772,zm6_1_img012.jpg,zm6_1,zm,train,10
21773,zm6_1_img013.jpg,zm6_1,zm,train,10
21774,zm6_1_img014.jpg,zm6_1,zm,train,10
21775,zm6_1_img015.jpg,zm6_1,zm,train,10
21776,zm6_1_img016.jpg,zm6_1,zm,train,10
21777,zm6_1_img017.jpg,zm6_1,zm,train,10
21778,zm6_1_img018.jpg,zm6_1,zm,train,10
21779,zm6_1_img019.jpg,zm6_1,zm,train,10
21780,zm6_1_img020.jpg,zm6_1,zm,train,10
21781,zm6_1_img021.jpg,zm6_1,zm,train,10
21782,zm6_1_img022.jpg,zm6_1,zm,train,10
21783,zm6_1_img023.jpg,zm6_1,zm,train,10
21784,zm6_1_img024.jpg,zm6_1,zm,train,10
21785,zm6_1_img025.jpg,zm6_1,zm,train,10
21786,zm6_1_img026.jpg,zm6_1,zm,train,10
21787,zm6_1_img027.jpg,zm6_1,zm,train,10
21788,zm6_1_img028.jpg,zm6_1,zm,train,10
21789,zm6_1_img029.jpg,zm6_1,zm,train,10
21790,zm6_1_img030.jpg,zm6_1,zm,train,10
21791,zm6_1_img031.jpg,zm6_1,zm,train,10
21792,zm6_1_img032.jpg,zm6_1,zm,train,10
21793,zm6_1_img033.jpg,zm6_1,zm,train,10
21794,zm6_1_img034.jpg,zm6_1,zm,train,10
21795,zm6_1_img035.jpg,zm6_1,zm,train,10
21796,zm6_1_img036.jpg,zm6_1,zm,train,10
21797,zm6_1_img037.jpg,zm6_1,zm,train,10
21798,zm6_1_img038.jpg,zm6_1,zm,train,10
21799,zm6_1_img039.jpg,zm6_1,zm,train,10
21800,zm6_1_img040.jpg,zm6_1,zm,train,10
21801,zm6_1_img041.jpg,zm6_1,zm,train,10
21802,zm6_1_img042.jpg,zm6_1,zm,train,10
21803,zm6_1_img043.jpg,zm6_1,zm,train,10
21804,zm6_1_img044.jpg,zm6_1,zm,train,10
21805,zm6_1_img045.jpg,zm6_1,zm,train,10
21806,zm6_1_img046.jpg,zm6_1,zm,train,10
21807,zm6_1_img047.jpg,zm6_1,zm,train,10
21808,zm6_1_img048.jpg,zm6_1,zm,train,10
21809,zm6_1_img049.jpg,zm6_1,zm,train,10
21810,zm6_1_img050.jpg,zm6_1,zm,train,10
21811,zm6_1_img051.jpg,zm6_1,zm,train,10
21812,zm6_1_img052.jpg,zm6_1,zm,train,10
21813,zm6_1_img053.jpg,zm6_1,zm,train,10
21814,zm6_1_img054.jpg,zm6_1,zm,train,10
21815,zm6_1_img055.jpg,zm6_1,zm,train,10
21816,zm6_1_img056.jpg,zm6_1,zm,train,10
21817,zm6_1_img057.jpg,zm6_1,zm,train,10
21818,zm6_1_img058.jpg,zm6_1,zm,train,10
21819,zm6_1_img059.jpg,zm6_1,zm,train,10
21820,zm6_1_img060.jpg,zm6_1,zm,train,10
21821,zm6_1_img061.jpg,zm6_1,zm,train,10
21822,zm6_1_img062.jpg,zm6_1,zm,train,10
21823,zm6_1_img063.jpg,zm6_1,zm,train,10
21824,zm6_1_img064.jpg,zm6_1,zm,train,10
21825,zm6_1_img065.jpg,zm6_1,zm,train,10
21826,zm6_1_img066.jpg,zm6_1,zm,train,10
21827,zm6_1_img067.jpg,zm6_1,zm,train,10
21828,zm6_1_img068.jpg,zm6_1,zm,train,10
21829,zm6_1_img069.jpg,zm6_1,zm,train,10
21830,zm6_1_img070.jpg,zm6_1,zm,train,10
21831,zm6_1_img071.jpg,zm6_1,zm,train,10
21832,zm6_1_img072.jpg,zm6_1,zm,train,10
21833,zm6_1_img073.jpg,zm6_1,zm,train,10
21834,zm6_1_img074.jpg,zm6_1,zm,train,10
21835,zm6_1_img075.jpg,zm6_1,zm,train,10
21836,zm6_1_img076.jpg,zm6_1,zm,train,10
21837,zm6_1_img077.jpg,zm6_1,zm,train,10
21838,zm6_1_img078.jpg,zm6_1,zm,train,10
21839,zm6_1_img079.jpg,zm6_1,zm,train,10
21840,zm6_1_img080.jpg,zm6_1,zm,train,10
21841,zm6_1_img081.jpg,zm6_1,zm,train,10
21842,zm6_1_img082.jpg,zm6_1,zm,train,10
21843,zm6_1_img083.jpg,zm6_1,zm,train,10
21844,zm6_1_img084.jpg,zm6_1,zm,train,10
21845,zm6_1_img085.jpg,zm6_1,zm,train,10
21846,zm6_1_img086.jpg,zm6_1,zm,train,10
21847,zm6_1_img087.jpg,zm6_1,zm,train,10
21848,zm6_1_img088.jpg,zm6_1,zm,train,10
21849,zm6_1_img089.jpg,zm6_1,zm,train,10
21850,zm6_1_img090.jpg,zm6_1,zm,train,10
21851,zm6_1_img091.jpg,zm6_1,zm,train,10
21852,zm6_1_img092.jpg,zm6_1,zm,train,10
21853,zm6_1_img093.jpg,zm6_1,zm,train,10
21854,zm6_1_img094.jpg,zm6_1,zm,train,10
21855,zm6_1_img095.jpg,zm6_1,zm,train,10
21856,zm6_1_img096.jpg,zm6_1,zm,train,10
21857,zm6_1_img097.jpg,zm6_1,zm,train,10
21858,zm6_2_img001.jpg,zm6_2,zm,train,10
21859,zm6_2_img002.jpg,zm6_2,zm,train,10
21860,zm6_2_img003.jpg,zm6_2,zm,train,10
21861,zm6_2_img004.jpg,zm6_2,zm,train,10
21862,zm6_2_img005.jpg,zm6_2,zm,train,10
21863,zm6_2_img006.jpg,zm6_2,zm,train,10
21864,zm6_2_img007.jpg,zm6_2,zm,train,10
21865,zm6_2_img008.jpg,zm6_2,zm,train,10
21866,zm6_2_img009.jpg,zm6_2,zm,train,10
21867,zm6_2_img010.jpg,zm6_2,zm,train,10
21868,zm6_2_img011.jpg,zm6_2,zm,train,10
21869,zm6_2_img012.jpg,zm6_2,zm,train,10
21870,zm6_2_img013.jpg,zm6_2,zm,train,10
21871,zm6_2_img014.jpg,zm6_2,zm,train,10
21872,zm6_2_img015.jpg,zm6_2,zm,train,10
21873,zm6_2_img016.jpg,zm6_2,zm,train,10
21874,zm6_2_img017.jpg,zm6_2,zm,train,10
21875,zm6_2_img018.jpg,zm6_2,zm,train,10
21876,zm6_2_img019.jpg,zm6_2,zm,train,10
21877,zm6_2_img020.jpg,zm6_2,zm,train,10
21878,zm6_2_img021.jpg,zm6_2,zm,train,10
21879,zm6_2_img022.jpg,zm6_2,zm,train,10
21880,zm6_2_img023.jpg,zm6_2,zm,train,10
21881,zm6_2_img024.jpg,zm6_2,zm,train,10
21882,zm6_2_img025.jpg,zm6_2,zm,train,10
21883,zm6_2_img026.jpg,zm6_2,zm,train,10
21884,zm6_2_img027.jpg,zm6_2,zm,train,10
21885,zm6_2_img028.jpg,zm6_2,zm,train,10
21886,zm6_2_img029.jpg,zm6_2,zm,train,10
21887,zm6_2_img030.jpg,zm6_2,zm,train,10
21888,zm6_2_img031.jpg,zm6_2,zm,train,10
21889,zm6_2_img032.jpg,zm6_2,zm,train,10
21890,zm6_2_img033.jpg,zm6_2,zm,train,10
21891,zm6_2_img034.jpg,zm6_2,zm,train,10
21892,zm6_2_img035.jpg,zm6_2,zm,train,10
21893,zm6_2_img036.jpg,zm6_2,zm,train,10
21894,zm6_2_img037.jpg,zm6_2,zm,train,10
21895,zm6_2_img038.jpg,zm6_2,zm,train,10
21896,zm6_2_img039.jpg,zm6_2,zm,train,10
21897,zm6_2_img040.jpg,zm6_2,zm,train,10
21898,zm6_2_img041.jpg,zm6_2,zm,train,10
21899,zm6_2_img042.jpg,zm6_2,zm,train,10
21900,zm6_2_img043.jpg,zm6_2,zm,train,10
21901,zm6_2_img044.jpg,zm6_2,zm,train,10
21902,zm6_2_img045.jpg,zm6_2,zm,train,10
21903,zm6_2_img046.jpg,zm6_2,zm,train,10
21904,zm6_2_img047.jpg,zm6_2,zm,train,10
21905,zm6_2_img048.jpg,zm6_2,zm,train,10
21906,zm6_2_img049.jpg,zm6_2,zm,train,10
21907,zm6_2_img050.jpg,zm6_2,zm,train,10
21908,zm6_2_img051.jpg,zm6_2,zm,train,10
21909,zm6_2_img052.jpg,zm6_2,zm,train,10
21910,zm6_2_img053.jpg,zm6_2,zm,train,10
21911,zm6_2_img054.jpg,zm6_2,zm,train,10
21912,zm6_2_img055.jpg,zm6_2,zm,train,10
21913,zm6_2_img056.jpg,zm6_2,zm,train,10
21914,zm6_2_img057.jpg,zm6_2,zm,train,10
21915,zm6_2_img058.jpg,zm6_2,zm,train,10
21916,zm6_2_img059.jpg,zm6_2,zm,train,10
21917,zm6_2_img060.jpg,zm6_2,zm,train,10
21918,zm6_2_img061.jpg,zm6_2,zm,train,10
21919,zm6_2_img062.jpg,zm6_2,zm,train,10
21920,zm6_2_img063.jpg,zm6_2,zm,train,10
21921,zm6_2_img064.jpg,zm6_2,zm,train,10
21922,zm6_2_img065.jpg,zm6_2,zm,train,10
21923,zm6_2_img066.jpg,zm6_2,zm,train,10
21924,zm6_2_img067.jpg,zm6_2,zm,train,10
21925,zm6_2_img068.jpg,zm6_2,zm,train,10
21926,zm6_2_img069.jpg,zm6_2,zm,train,10
21927,zm6_2_img070.jpg,zm6_2,zm,train,10
21928,zm6_2_img071.jpg,zm6_2,zm,train,10
21929,zm6_2_img072.jpg,zm6_2,zm,train,10
21930,zm6_2_img073.jpg,zm6_2,zm,train,10
21931,zm6_2_img074.jpg,zm6_2,zm,train,10
21932,zm6_2_img075.jpg,zm6_2,zm,train,10
21933,zm6_2_img076.jpg,zm6_2,zm,train,10
21934,zm6_2_img077.jpg,zm6_2,zm,train,10
21935,zm6_2_img078.jpg,zm6_2,zm,train,10
21936,zm6_2_img079.jpg,zm6_2,zm,train,10
21937,zm6_2_img080.jpg,zm6_2,zm,train,10
21938,zm6_2_img081.jpg,zm6_2,zm,train,10
21939,zm6_2_img082.jpg,zm6_2,zm,train,10
21940,zm6_2_img083.jpg,zm6_2,zm,train,10
21941,zm6_2_img084.jpg,zm6_2,zm,train,10
21942,zm6_2_img085.jpg,zm6_2,zm,train,10
21943,zm6_2_img086.jpg,zm6_2,zm,train,10
21944,zm6_2_img087.jpg,zm6_2,zm,train,10
21945,zm6_2_img088.jpg,zm6_2,zm,train,10
21946,zm6_2_img089.jpg,zm6_2,zm,train,10
21947,zm6_2_img090.jpg,zm6_2,zm,train,10
21948,zm6_2_img091.jpg,zm6_2,zm,train,10
21949,zm6_2_img092.jpg,zm6_2,zm,train,10
21950,zm6_2_img093.jpg,zm6_2,zm,train,10
21951,zm6_2_img094.jpg,zm6_2,zm,train,10
21952,zm6_2_img095.jpg,zm6_2,zm,train,10
21953,zm6_2_img096.jpg,zm6_2,zm,train,10
21954,zm6_2_img097.jpg,zm6_2,zm,train,10
21955,zm6_3_img001.jpg,zm6_3,zm,train,10
21956,zm6_3_img002.jpg,zm6_3,zm,train,10
21957,zm6_3_img003.jpg,zm6_3,zm,train,10
21958,zm6_3_img004.jpg,zm6_3,zm,train,10
21959,zm6_3_img005.jpg,zm6_3,zm,train,10
21960,zm6_3_img006.jpg,zm6_3,zm,train,10
21961,zm6_3_img007.jpg,zm6_3,zm,train,10
21962,zm6_3_img008.jpg,zm6_3,zm,train,10
21963,zm6_3_img009.jpg,zm6_3,zm,train,10
21964,zm6_3_img010.jpg,zm6_3,zm,train,10
21965,zm6_3_img011.jpg,zm6_3,zm,train,10
21966,zm6_3_img012.jpg,zm6_3,zm,train,10
21967,zm6_3_img013.jpg,zm6_3,zm,train,10
21968,zm6_3_img014.jpg,zm6_3,zm,train,10
21969,zm6_3_img015.jpg,zm6_3,zm,train,10
21970,zm6_3_img016.jpg,zm6_3,zm,train,10
21971,zm6_3_img017.jpg,zm6_3,zm,train,10
21972,zm6_3_img018.jpg,zm6_3,zm,train,10
21973,zm6_3_img019.jpg,zm6_3,zm,train,10
21974,zm6_3_img020.jpg,zm6_3,zm,train,10
21975,zm6_3_img021.jpg,zm6_3,zm,train,10
21976,zm6_3_img022.jpg,zm6_3,zm,train,10
21977,zm6_3_img023.jpg,zm6_3,zm,train,10
21978,zm6_3_img024.jpg,zm6_3,zm,train,10
21979,zm6_3_img025.jpg,zm6_3,zm,train,10
21980,zm6_3_img026.jpg,zm6_3,zm,train,10
21981,zm6_3_img027.jpg,zm6_3,zm,train,10
21982,zm6_3_img028.jpg,zm6_3,zm,train,10
21983,zm6_3_img029.jpg,zm6_3,zm,train,10
21984,zm6_3_img030.jpg,zm6_3,zm,train,10
21985,zm6_3_img031.jpg,zm6_3,zm,train,10
21986,zm6_3_img032.jpg,zm6_3,zm,train,10
21987,zm6_3_img033.jpg,zm6_3,zm,train,10
21988,zm6_3_img034.jpg,zm6_3,zm,train,10
21989,zm6_3_img035.jpg,zm6_3,zm,train,10
21990,zm6_3_img036.jpg,zm6_3,zm,train,10
21991,zm6_3_img037.jpg,zm6_3,zm,train,10
21992,zm6_3_img038.jpg,zm6_3,zm,train,10
21993,zm6_3_img039.jpg,zm6_3,zm,train,10
21994,zm6_3_img040.jpg,zm6_3,zm,train,10
21995,zm6_3_img041.jpg,zm6_3,zm,train,10
21996,zm6_3_img042.jpg,zm6_3,zm,train,10
21997,zm6_3_img043.jpg,zm6_3,zm,train,10
21998,zm6_3_img044.jpg,zm6_3,zm,train,10
21999,zm6_3_img045.jpg,zm6_3,zm,train,10
22000,zm6_3_img046.jpg,zm6_3,zm,train,10
22001,zm6_3_img047.jpg,zm6_3,zm,train,10
22002,zm6_3_img048.jpg,zm6_3,zm,train,10
22003,zm6_3_img049.jpg,zm6_3,zm,train,10
22004,zm6_3_img050.jpg,zm6_3,zm,train,10
22005,zm6_3_img051.jpg,zm6_3,zm,train,10
22006,zm6_3_img052.jpg,zm6_3,zm,train,10
22007,zm6_3_img053.jpg,zm6_3,zm,train,10
22008,zm6_3_img054.jpg,zm6_3,zm,train,10
22009,zm6_3_img055.jpg,zm6_3,zm,train,10
22010,zm6_3_img056.jpg,zm6_3,zm,train,10
22011,zm6_3_img057.jpg,zm6_3,zm,train,10
22012,zm6_3_img058.jpg,zm6_3,zm,train,10
22013,zm6_3_img059.jpg,zm6_3,zm,train,10
22014,zm6_3_img060.jpg,zm6_3,zm,train,10
22015,zm6_3_img061.jpg,zm6_3,zm,train,10
22016,zm6_3_img062.jpg,zm6_3,zm,train,10
22017,zm6_3_img063.jpg,zm6_3,zm,train,10
22018,zm6_3_img064.jpg,zm6_3,zm,train,10
22019,zm6_3_img065.jpg,zm6_3,zm,train,10
22020,zm6_3_img066.jpg,zm6_3,zm,train,10
22021,zm6_3_img067.jpg,zm6_3,zm,train,10
22022,zm6_3_img068.jpg,zm6_3,zm,train,10
22023,zm6_3_img069.jpg,zm6_3,zm,train,10
22024,zm6_3_img070.jpg,zm6_3,zm,train,10
22025,zm6_3_img071.jpg,zm6_3,zm,train,10
22026,zm6_3_img072.jpg,zm6_3,zm,train,10
22027,zm6_3_img073.jpg,zm6_3,zm,train,10
22028,zm6_3_img074.jpg,zm6_3,zm,train,10
22029,zm6_3_img075.jpg,zm6_3,zm,train,10
22030,zm6_3_img076.jpg,zm6_3,zm,train,10
22031,zm6_3_img077.jpg,zm6_3,zm,train,10
22032,zm6_3_img078.jpg,zm6_3,zm,train,10
22033,zm6_3_img079.jpg,zm6_3,zm,train,10
22034,zm6_3_img080.jpg,zm6_3,zm,train,10
22035,zm6_3_img081.jpg,zm6_3,zm,train,10
22036,zm6_3_img082.jpg,zm6_3,zm,train,10
22037,zm6_3_img083.jpg,zm6_3,zm,train,10
22038,zm6_3_img084.jpg,zm6_3,zm,train,10
22039,zm6_3_img085.jpg,zm6_3,zm,train,10
22040,zm6_3_img086.jpg,zm6_3,zm,train,10
22041,zm6_3_img087.jpg,zm6_3,zm,train,10
22042,zm6_3_img088.jpg,zm6_3,zm,train,10
22043,zm6_3_img089.jpg,zm6_3,zm,train,10
22044,zm6_3_img090.jpg,zm6_3,zm,train,10
22045,zm6_3_img091.jpg,zm6_3,zm,train,10
22046,zm6_3_img092.jpg,zm6_3,zm,train,10
22047,zm6_3_img093.jpg,zm6_3,zm,train,10
22048,zm6_3_img094.jpg,zm6_3,zm,train,10
22049,zm6_3_img095.jpg,zm6_3,zm,train,10
22050,zm6_3_img096.jpg,zm6_3,zm,train,10
22051,zm6_3_img097.jpg,zm6_3,zm,train,10
22052,zm6_4_img001.jpg,zm6_4,zm,train,10
22053,zm6_4_img002.jpg,zm6_4,zm,train,10
22054,zm6_4_img003.jpg,zm6_4,zm,train,10
22055,zm6_4_img004.jpg,zm6_4,zm,train,10
22056,zm6_4_img005.jpg,zm6_4,zm,train,10
22057,zm6_4_img006.jpg,zm6_4,zm,train,10
22058,zm6_4_img007.jpg,zm6_4,zm,train,10
22059,zm6_4_img008.jpg,zm6_4,zm,train,10
22060,zm6_4_img009.jpg,zm6_4,zm,train,10
22061,zm6_4_img010.jpg,zm6_4,zm,train,10
22062,zm6_4_img011.jpg,zm6_4,zm,train,10
22063,zm6_4_img012.jpg,zm6_4,zm,train,10
22064,zm6_4_img013.jpg,zm6_4,zm,train,10
22065,zm6_4_img014.jpg,zm6_4,zm,train,10
22066,zm6_4_img015.jpg,zm6_4,zm,train,10
22067,zm6_4_img016.jpg,zm6_4,zm,train,10
22068,zm6_4_img017.jpg,zm6_4,zm,train,10
22069,zm6_4_img018.jpg,zm6_4,zm,train,10
22070,zm6_4_img019.jpg,zm6_4,zm,train,10
22071,zm6_4_img020.jpg,zm6_4,zm,train,10
22072,zm6_4_img021.jpg,zm6_4,zm,train,10
22073,zm6_4_img022.jpg,zm6_4,zm,train,10
22074,zm6_4_img023.jpg,zm6_4,zm,train,10
22075,zm6_4_img024.jpg,zm6_4,zm,train,10
22076,zm6_4_img025.jpg,zm6_4,zm,train,10
22077,zm6_4_img026.jpg,zm6_4,zm,train,10
22078,zm6_4_img027.jpg,zm6_4,zm,train,10
22079,zm6_4_img028.jpg,zm6_4,zm,train,10
22080,zm6_4_img029.jpg,zm6_4,zm,train,10
22081,zm6_4_img030.jpg,zm6_4,zm,train,10
22082,zm6_4_img031.jpg,zm6_4,zm,train,10
22083,zm6_4_img032.jpg,zm6_4,zm,train,10
22084,zm6_4_img033.jpg,zm6_4,zm,train,10
22085,zm6_4_img034.jpg,zm6_4,zm,train,10
22086,zm6_4_img035.jpg,zm6_4,zm,train,10
22087,zm6_4_img036.jpg,zm6_4,zm,train,10
22088,zm6_4_img037.jpg,zm6_4,zm,train,10
22089,zm6_4_img038.jpg,zm6_4,zm,train,10
22090,zm6_4_img039.jpg,zm6_4,zm,train,10
22091,zm6_4_img040.jpg,zm6_4,zm,train,10
22092,zm6_4_img041.jpg,zm6_4,zm,train,10
22093,zm6_4_img042.jpg,zm6_4,zm,train,10
22094,zm6_4_img043.jpg,zm6_4,zm,train,10
22095,zm6_4_img044.jpg,zm6_4,zm,train,10
22096,zm6_4_img045.jpg,zm6_4,zm,train,10
22097,zm6_4_img046.jpg,zm6_4,zm,train,10
22098,zm6_4_img047.jpg,zm6_4,zm,train,10
22099,zm6_4_img048.jpg,zm6_4,zm,train,10
22100,zm6_4_img049.jpg,zm6_4,zm,train,10
22101,zm6_4_img050.jpg,zm6_4,zm,train,10
22102,zm6_4_img051.jpg,zm6_4,zm,train,10
22103,zm6_4_img052.jpg,zm6_4,zm,train,10
22104,zm6_4_img053.jpg,zm6_4,zm,train,10
22105,zm6_4_img054.jpg,zm6_4,zm,train,10
22106,zm6_4_img055.jpg,zm6_4,zm,train,10
22107,zm6_4_img056.jpg,zm6_4,zm,train,10
22108,zm6_4_img057.jpg,zm6_4,zm,train,10
22109,zm6_4_img058.jpg,zm6_4,zm,train,10
22110,zm6_4_img059.jpg,zm6_4,zm,train,10
22111,zm6_4_img060.jpg,zm6_4,zm,train,10
22112,zm6_4_img061.jpg,zm6_4,zm,train,10
22113,zm6_4_img062.jpg,zm6_4,zm,train,10
22114,zm6_4_img063.jpg,zm6_4,zm,train,10
22115,zm6_4_img064.jpg,zm6_4,zm,train,10
22116,zm6_4_img065.jpg,zm6_4,zm,train,10
22117,zm6_4_img066.jpg,zm6_4,zm,train,10
22118,zm6_4_img067.jpg,zm6_4,zm,train,10
22119,zm6_4_img068.jpg,zm6_4,zm,train,10
22120,zm6_4_img069.jpg,zm6_4,zm,train,10
22121,zm6_4_img070.jpg,zm6_4,zm,train,10
22122,zm6_4_img071.jpg,zm6_4,zm,train,10
22123,zm6_4_img072.jpg,zm6_4,zm,train,10
22124,zm6_4_img073.jpg,zm6_4,zm,train,10
22125,zm6_4_img074.jpg,zm6_4,zm,train,10
22126,zm6_4_img075.jpg,zm6_4,zm,train,10
22127,zm6_4_img076.jpg,zm6_4,zm,train,10
22128,zm6_4_img077.jpg,zm6_4,zm,train,10
22129,zm6_4_img078.jpg,zm6_4,zm,train,10
22130,zm6_4_img079.jpg,zm6_4,zm,train,10
22131,zm6_4_img080.jpg,zm6_4,zm,train,10
22132,zm6_4_img081.jpg,zm6_4,zm,train,10
22133,zm6_4_img082.jpg,zm6_4,zm,train,10
22134,zm6_4_img083.jpg,zm6_4,zm,train,10
22135,zm6_4_img084.jpg,zm6_4,zm,train,10
22136,zm6_4_img085.jpg,zm6_4,zm,train,10
22137,zm6_4_img086.jpg,zm6_4,zm,train,10
22138,zm6_4_img087.jpg,zm6_4,zm,train,10
22139,zm6_4_img088.jpg,zm6_4,zm,train,10
22140,zm6_4_img089.jpg,zm6_4,zm,train,10
22141,zm6_4_img090.jpg,zm6_4,zm,train,10
22142,zm6_4_img091.jpg,zm6_4,zm,train,10
22143,zm6_4_img092.jpg,zm6_4,zm,train,10
22144,zm6_4_img093.jpg,zm6_4,zm,train,10
22145,zm6_4_img094.jpg,zm6_4,zm,train,10
22146,zm6_4_img095.jpg,zm6_4,zm,train,10
22147,zm6_4_img096.jpg,zm6_4,zm,train,10
22148,zm6_4_img097.jpg,zm6_4,zm,train,10
22149,zm6_5_img001.jpg,zm6_5,zm,test,10
22150,zm6_5_img002.jpg,zm6_5,zm,test,10
22151,zm6_5_img003.jpg,zm6_5,zm,test,10
22152,zm6_5_img004.jpg,zm6_5,zm,test,10
22153,zm6_5_img005.jpg,zm6_5,zm,test,10
22154,zm6_5_img006.jpg,zm6_5,zm,test,10
22155,zm6_5_img007.jpg,zm6_5,zm,test,10
22156,zm6_5_img008.jpg,zm6_5,zm,test,10
22157,zm6_5_img009.jpg,zm6_5,zm,test,10
22158,zm6_5_img010.jpg,zm6_5,zm,test,10
22159,zm6_5_img011.jpg,zm6_5,zm,test,10
22160,zm6_5_img012.jpg,zm6_5,zm,test,10
22161,zm6_5_img013.jpg,zm6_5,zm,test,10
22162,zm6_5_img014.jpg,zm6_5,zm,test,10
22163,zm6_5_img015.jpg,zm6_5,zm,test,10
22164,zm6_5_img016.jpg,zm6_5,zm,test,10
22165,zm6_5_img017.jpg,zm6_5,zm,test,10
22166,zm6_5_img018.jpg,zm6_5,zm,test,10
22167,zm6_5_img019.jpg,zm6_5,zm,test,10
22168,zm6_5_img020.jpg,zm6_5,zm,test,10
22169,zm6_5_img021.jpg,zm6_5,zm,test,10
22170,zm6_5_img022.jpg,zm6_5,zm,test,10
22171,zm6_5_img023.jpg,zm6_5,zm,test,10
22172,zm6_5_img024.jpg,zm6_5,zm,test,10
22173,zm6_5_img025.jpg,zm6_5,zm,test,10
22174,zm6_5_img026.jpg,zm6_5,zm,test,10
22175,zm6_5_img027.jpg,zm6_5,zm,test,10
22176,zm6_5_img028.jpg,zm6_5,zm,test,10
22177,zm6_5_img029.jpg,zm6_5,zm,test,10
22178,zm6_5_img030.jpg,zm6_5,zm,test,10
22179,zm6_5_img031.jpg,zm6_5,zm,test,10
22180,zm6_5_img032.jpg,zm6_5,zm,test,10
22181,zm6_5_img033.jpg,zm6_5,zm,test,10
22182,zm6_5_img034.jpg,zm6_5,zm,test,10
22183,zm6_5_img035.jpg,zm6_5,zm,test,10
22184,zm6_5_img036.jpg,zm6_5,zm,test,10
22185,zm6_5_img037.jpg,zm6_5,zm,test,10
22186,zm6_5_img038.jpg,zm6_5,zm,test,10
22187,zm6_5_img039.jpg,zm6_5,zm,test,10
22188,zm6_5_img040.jpg,zm6_5,zm,test,10
22189,zm6_5_img041.jpg,zm6_5,zm,test,10
22190,zm6_5_img042.jpg,zm6_5,zm,test,10
22191,zm6_5_img043.jpg,zm6_5,zm,test,10
22192,zm6_5_img044.jpg,zm6_5,zm,test,10
22193,zm6_5_img045.jpg,zm6_5,zm,test,10
22194,zm6_5_img046.jpg,zm6_5,zm,test,10
22195,zm6_5_img047.jpg,zm6_5,zm,test,10
22196,zm6_5_img048.jpg,zm6_5,zm,test,10
22197,zm6_5_img049.jpg,zm6_5,zm,test,10
22198,zm6_5_img050.jpg,zm6_5,zm,test,10
22199,zm6_5_img051.jpg,zm6_5,zm,test,10
22200,zm6_5_img052.jpg,zm6_5,zm,test,10
22201,zm6_5_img053.jpg,zm6_5,zm,test,10
22202,zm6_5_img054.jpg,zm6_5,zm,test,10
22203,zm6_5_img055.jpg,zm6_5,zm,test,10
22204,zm6_5_img056.jpg,zm6_5,zm,test,10
22205,zm6_5_img057.jpg,zm6_5,zm,test,10
22206,zm6_5_img058.jpg,zm6_5,zm,test,10
22207,zm6_5_img059.jpg,zm6_5,zm,test,10
22208,zm6_5_img060.jpg,zm6_5,zm,test,10
22209,zm6_5_img061.jpg,zm6_5,zm,test,10
22210,zm6_5_img062.jpg,zm6_5,zm,test,10
22211,zm6_5_img063.jpg,zm6_5,zm,test,10
22212,zm6_5_img064.jpg,zm6_5,zm,test,10
22213,zm6_5_img065.jpg,zm6_5,zm,test,10
22214,zm6_5_img066.jpg,zm6_5,zm,test,10
22215,zm6_5_img067.jpg,zm6_5,zm,test,10
22216,zm6_5_img068.jpg,zm6_5,zm,test,10
22217,zm6_5_img069.jpg,zm6_5,zm,test,10
22218,zm6_5_img070.jpg,zm6_5,zm,test,10
22219,zm6_5_img071.jpg,zm6_5,zm,test,10
22220,zm6_5_img072.jpg,zm6_5,zm,test,10
22221,zm6_5_img073.jpg,zm6_5,zm,test,10
22222,zm6_5_img074.jpg,zm6_5,zm,test,10
22223,zm6_5_img075.jpg,zm6_5,zm,test,10
22224,zm6_5_img076.jpg,zm6_5,zm,test,10
22225,zm6_5_img077.jpg,zm6_5,zm,test,10
22226,zm6_5_img078.jpg,zm6_5,zm,test,10
22227,zm6_5_img079.jpg,zm6_5,zm,test,10
22228,zm6_5_img080.jpg,zm6_5,zm,test,10
22229,zm6_5_img081.jpg,zm6_5,zm,test,10
22230,zm6_5_img082.jpg,zm6_5,zm,test,10
22231,zm6_5_img083.jpg,zm6_5,zm,test,10
22232,zm6_5_img084.jpg,zm6_5,zm,test,10
22233,zm6_5_img085.jpg,zm6_5,zm,test,10
22234,zm6_5_img086.jpg,zm6_5,zm,test,10
22235,zm6_5_img087.jpg,zm6_5,zm,test,10
22236,zm6_5_img088.jpg,zm6_5,zm,test,10
22237,zm6_5_img089.jpg,zm6_5,zm,test,10
22238,zm6_5_img090.jpg,zm6_5,zm,test,10
22239,zm6_5_img091.jpg,zm6_5,zm,test,10
22240,zm6_5_img092.jpg,zm6_5,zm,test,10
22241,zm6_5_img093.jpg,zm6_5,zm,test,10
22242,zm6_5_img094.jpg,zm6_5,zm,test,10
22243,zm6_5_img095.jpg,zm6_5,zm,test,10
22244,zm6_5_img096.jpg,zm6_5,zm,test,10
22245,zm6_5_img097.jpg,zm6_5,zm,test,10
22246,zm6_6_img001.jpg,zm6_6,zm,train,10
22247,zm6_6_img002.jpg,zm6_6,zm,train,10
22248,zm6_6_img003.jpg,zm6_6,zm,train,10
22249,zm6_6_img004.jpg,zm6_6,zm,train,10
22250,zm6_6_img005.jpg,zm6_6,zm,train,10
22251,zm6_6_img006.jpg,zm6_6,zm,train,10
22252,zm6_6_img007.jpg,zm6_6,zm,train,10
22253,zm6_6_img008.jpg,zm6_6,zm,train,10
22254,zm6_6_img009.jpg,zm6_6,zm,train,10
22255,zm6_6_img010.jpg,zm6_6,zm,train,10
22256,zm6_6_img011.jpg,zm6_6,zm,train,10
22257,zm6_6_img012.jpg,zm6_6,zm,train,10
22258,zm6_6_img013.jpg,zm6_6,zm,train,10
22259,zm6_6_img014.jpg,zm6_6,zm,train,10
22260,zm6_6_img015.jpg,zm6_6,zm,train,10
22261,zm6_6_img016.jpg,zm6_6,zm,train,10
22262,zm6_6_img017.jpg,zm6_6,zm,train,10
22263,zm6_6_img018.jpg,zm6_6,zm,train,10
22264,zm6_6_img019.jpg,zm6_6,zm,train,10
22265,zm6_6_img020.jpg,zm6_6,zm,train,10
22266,zm6_6_img021.jpg,zm6_6,zm,train,10
22267,zm6_6_img022.jpg,zm6_6,zm,train,10
22268,zm6_6_img023.jpg,zm6_6,zm,train,10
22269,zm6_6_img024.jpg,zm6_6,zm,train,10
22270,zm6_6_img025.jpg,zm6_6,zm,train,10
22271,zm6_6_img026.jpg,zm6_6,zm,train,10
22272,zm6_6_img027.jpg,zm6_6,zm,train,10
22273,zm6_6_img028.jpg,zm6_6,zm,train,10
22274,zm6_6_img029.jpg,zm6_6,zm,train,10
22275,zm6_6_img030.jpg,zm6_6,zm,train,10
22276,zm6_6_img031.jpg,zm6_6,zm,train,10
22277,zm6_6_img032.jpg,zm6_6,zm,train,10
22278,zm6_6_img033.jpg,zm6_6,zm,train,10
22279,zm6_6_img034.jpg,zm6_6,zm,train,10
22280,zm6_6_img035.jpg,zm6_6,zm,train,10
22281,zm6_6_img036.jpg,zm6_6,zm,train,10
22282,zm6_6_img037.jpg,zm6_6,zm,train,10
22283,zm6_6_img038.jpg,zm6_6,zm,train,10
22284,zm6_6_img039.jpg,zm6_6,zm,train,10
22285,zm6_6_img040.jpg,zm6_6,zm,train,10
22286,zm6_6_img041.jpg,zm6_6,zm,train,10
22287,zm6_6_img042.jpg,zm6_6,zm,train,10
22288,zm6_6_img043.jpg,zm6_6,zm,train,10
22289,zm6_6_img044.jpg,zm6_6,zm,train,10
22290,zm6_6_img045.jpg,zm6_6,zm,train,10
22291,zm6_6_img046.jpg,zm6_6,zm,train,10
22292,zm6_6_img047.jpg,zm6_6,zm,train,10
22293,zm6_6_img048.jpg,zm6_6,zm,train,10
22294,zm6_6_img049.jpg,zm6_6,zm,train,10
22295,zm6_6_img050.jpg,zm6_6,zm,train,10
22296,zm6_6_img051.jpg,zm6_6,zm,train,10
22297,zm6_6_img052.jpg,zm6_6,zm,train,10
22298,zm6_6_img053.jpg,zm6_6,zm,train,10
22299,zm6_6_img054.jpg,zm6_6,zm,train,10
22300,zm6_6_img055.jpg,zm6_6,zm,train,10
22301,zm6_6_img056.jpg,zm6_6,zm,train,10
22302,zm6_6_img057.jpg,zm6_6,zm,train,10
22303,zm6_6_img058.jpg,zm6_6,zm,train,10
22304,zm6_6_img059.jpg,zm6_6,zm,train,10
22305,zm6_6_img060.jpg,zm6_6,zm,train,10
22306,zm6_6_img061.jpg,zm6_6,zm,train,10
22307,zm6_6_img062.jpg,zm6_6,zm,train,10
22308,zm6_6_img063.jpg,zm6_6,zm,train,10
22309,zm6_6_img064.jpg,zm6_6,zm,train,10
22310,zm6_6_img065.jpg,zm6_6,zm,train,10
22311,zm6_6_img066.jpg,zm6_6,zm,train,10
22312,zm6_6_img067.jpg,zm6_6,zm,train,10
22313,zm6_6_img068.jpg,zm6_6,zm,train,10
22314,zm6_6_img069.jpg,zm6_6,zm,train,10
22315,zm6_6_img070.jpg,zm6_6,zm,train,10
22316,zm6_6_img071.jpg,zm6_6,zm,train,10
22317,zm6_6_img072.jpg,zm6_6,zm,train,10
22318,zm6_6_img073.jpg,zm6_6,zm,train,10
22319,zm6_6_img074.jpg,zm6_6,zm,train,10
22320,zm6_6_img075.jpg,zm6_6,zm,train,10
22321,zm6_6_img076.jpg,zm6_6,zm,train,10
22322,zm6_6_img077.jpg,zm6_6,zm,train,10
22323,zm6_6_img078.jpg,zm6_6,zm,train,10
22324,zm6_6_img079.jpg,zm6_6,zm,train,10
22325,zm6_6_img080.jpg,zm6_6,zm,train,10
22326,zm6_6_img081.jpg,zm6_6,zm,train,10
22327,zm6_6_img082.jpg,zm6_6,zm,train,10
22328,zm6_6_img083.jpg,zm6_6,zm,train,10
22329,zm6_6_img084.jpg,zm6_6,zm,train,10
22330,zm6_6_img085.jpg,zm6_6,zm,train,10
22331,zm6_6_img086.jpg,zm6_6,zm,train,10
22332,zm6_6_img087.jpg,zm6_6,zm,train,10
22333,zm6_6_img088.jpg,zm6_6,zm,train,10
22334,zm6_6_img089.jpg,zm6_6,zm,train,10
22335,zm6_6_img090.jpg,zm6_6,zm,train,10
22336,zm6_6_img091.jpg,zm6_6,zm,train,10
22337,zm6_6_img092.jpg,zm6_6,zm,train,10
22338,zm6_6_img093.jpg,zm6_6,zm,train,10
22339,zm6_6_img094.jpg,zm6_6,zm,train,10
22340,zm6_6_img095.jpg,zm6_6,zm,train,10
22341,zm6_6_img096.jpg,zm6_6,zm,train,10
22342,zm6_6_img097.jpg,zm6_6,zm,train,10
22343,zm6_7_img001.jpg,zm6_7,zm,test,10
22344,zm6_7_img002.jpg,zm6_7,zm,test,10
22345,zm6_7_img003.jpg,zm6_7,zm,test,10
22346,zm6_7_img004.jpg,zm6_7,zm,test,10
22347,zm6_7_img005.jpg,zm6_7,zm,test,10
22348,zm6_7_img006.jpg,zm6_7,zm,test,10
22349,zm6_7_img007.jpg,zm6_7,zm,test,10
22350,zm6_7_img008.jpg,zm6_7,zm,test,10
22351,zm6_7_img009.jpg,zm6_7,zm,test,10
22352,zm6_7_img010.jpg,zm6_7,zm,test,10
22353,zm6_7_img011.jpg,zm6_7,zm,test,10
22354,zm6_7_img012.jpg,zm6_7,zm,test,10
22355,zm6_7_img013.jpg,zm6_7,zm,test,10
22356,zm6_7_img014.jpg,zm6_7,zm,test,10
22357,zm6_7_img015.jpg,zm6_7,zm,test,10
22358,zm6_7_img016.jpg,zm6_7,zm,test,10
22359,zm6_7_img017.jpg,zm6_7,zm,test,10
22360,zm6_7_img018.jpg,zm6_7,zm,test,10
22361,zm6_7_img019.jpg,zm6_7,zm,test,10
22362,zm6_7_img020.jpg,zm6_7,zm,test,10
22363,zm6_7_img021.jpg,zm6_7,zm,test,10
22364,zm6_7_img022.jpg,zm6_7,zm,test,10
22365,zm6_7_img023.jpg,zm6_7,zm,test,10
22366,zm6_7_img024.jpg,zm6_7,zm,test,10
22367,zm6_7_img025.jpg,zm6_7,zm,test,10
22368,zm6_7_img026.jpg,zm6_7,zm,test,10
22369,zm6_7_img027.jpg,zm6_7,zm,test,10
22370,zm6_7_img028.jpg,zm6_7,zm,test,10
22371,zm6_7_img029.jpg,zm6_7,zm,test,10
22372,zm6_7_img030.jpg,zm6_7,zm,test,10
22373,zm6_7_img031.jpg,zm6_7,zm,test,10
22374,zm6_7_img032.jpg,zm6_7,zm,test,10
22375,zm6_7_img033.jpg,zm6_7,zm,test,10
22376,zm6_7_img034.jpg,zm6_7,zm,test,10
22377,zm6_7_img035.jpg,zm6_7,zm,test,10
22378,zm6_7_img036.jpg,zm6_7,zm,test,10
22379,zm6_7_img037.jpg,zm6_7,zm,test,10
22380,zm6_7_img038.jpg,zm6_7,zm,test,10
22381,zm6_7_img039.jpg,zm6_7,zm,test,10
22382,zm6_7_img040.jpg,zm6_7,zm,test,10
22383,zm6_7_img041.jpg,zm6_7,zm,test,10
22384,zm6_7_img042.jpg,zm6_7,zm,test,10
22385,zm6_7_img043.jpg,zm6_7,zm,test,10
22386,zm6_7_img044.jpg,zm6_7,zm,test,10
22387,zm6_7_img045.jpg,zm6_7,zm,test,10
22388,zm6_7_img046.jpg,zm6_7,zm,test,10
22389,zm6_7_img047.jpg,zm6_7,zm,test,10
22390,zm6_7_img048.jpg,zm6_7,zm,test,10
22391,zm6_7_img049.jpg,zm6_7,zm,test,10
22392,zm6_7_img050.jpg,zm6_7,zm,test,10
22393,zm6_7_img051.jpg,zm6_7,zm,test,10
22394,zm6_7_img052.jpg,zm6_7,zm,test,10
22395,zm6_7_img053.jpg,zm6_7,zm,test,10
22396,zm6_7_img054.jpg,zm6_7,zm,test,10
22397,zm6_7_img055.jpg,zm6_7,zm,test,10
22398,zm6_7_img056.jpg,zm6_7,zm,test,10
22399,zm6_7_img057.jpg,zm6_7,zm,test,10
22400,zm6_7_img058.jpg,zm6_7,zm,test,10
22401,zm6_7_img059.jpg,zm6_7,zm,test,10
22402,zm6_7_img060.jpg,zm6_7,zm,test,10
22403,zm6_7_img061.jpg,zm6_7,zm,test,10
22404,zm6_7_img062.jpg,zm6_7,zm,test,10
22405,zm6_7_img063.jpg,zm6_7,zm,test,10
22406,zm6_7_img064.jpg,zm6_7,zm,test,10
22407,zm6_7_img065.jpg,zm6_7,zm,test,10
22408,zm6_7_img066.jpg,zm6_7,zm,test,10
22409,zm6_7_img067.jpg,zm6_7,zm,test,10
22410,zm6_7_img068.jpg,zm6_7,zm,test,10
22411,zm6_7_img069.jpg,zm6_7,zm,test,10
22412,zm6_7_img070.jpg,zm6_7,zm,test,10
22413,zm6_7_img071.jpg,zm6_7,zm,test,10
22414,zm6_7_img072.jpg,zm6_7,zm,test,10
22415,zm6_7_img073.jpg,zm6_7,zm,test,10
22416,zm6_7_img074.jpg,zm6_7,zm,test,10
22417,zm6_7_img075.jpg,zm6_7,zm,test,10
22418,zm6_7_img076.jpg,zm6_7,zm,test,10
22419,zm6_7_img077.jpg,zm6_7,zm,test,10
22420,zm6_7_img078.jpg,zm6_7,zm,test,10
22421,zm6_7_img079.jpg,zm6_7,zm,test,10
22422,zm6_7_img080.jpg,zm6_7,zm,test,10
22423,zm6_7_img081.jpg,zm6_7,zm,test,10
22424,zm6_7_img082.jpg,zm6_7,zm,test,10
22425,zm6_7_img083.jpg,zm6_7,zm,test,10
22426,zm6_7_img084.jpg,zm6_7,zm,test,10
22427,zm6_7_img085.jpg,zm6_7,zm,test,10
22428,zm6_7_img086.jpg,zm6_7,zm,test,10
22429,zm6_7_img087.jpg,zm6_7,zm,test,10
22430,zm6_7_img088.jpg,zm6_7,zm,test,10
22431,zm6_7_img089.jpg,zm6_7,zm,test,10
22432,zm6_7_img090.jpg,zm6_7,zm,test,10
22433,zm6_7_img091.jpg,zm6_7,zm,test,10
22434,zm6_7_img092.jpg,zm6_7,zm,test,10
22435,zm6_7_img093.jpg,zm6_7,zm,test,10
22436,zm6_7_img094.jpg,zm6_7,zm,test,10
22437,zm6_7_img095.jpg,zm6_7,zm,test,10
22438,zm6_7_img096.jpg,zm6_7,zm,test,10
22439,zm6_7_img097.jpg,zm6_7,zm,test,10
22440,zm6_8_img001.jpg,zm6_8,zm,train,10
22441,zm6_8_img002.jpg,zm6_8,zm,train,10
22442,zm6_8_img003.jpg,zm6_8,zm,train,10
22443,zm6_8_img004.jpg,zm6_8,zm,train,10
22444,zm6_8_img005.jpg,zm6_8,zm,train,10
22445,zm6_8_img006.jpg,zm6_8,zm,train,10
22446,zm6_8_img007.jpg,zm6_8,zm,train,10
22447,zm6_8_img008.jpg,zm6_8,zm,train,10
22448,zm6_8_img009.jpg,zm6_8,zm,train,10
22449,zm6_8_img010.jpg,zm6_8,zm,train,10
22450,zm6_8_img011.jpg,zm6_8,zm,train,10
22451,zm6_8_img012.jpg,zm6_8,zm,train,10
22452,zm6_8_img013.jpg,zm6_8,zm,train,10
22453,zm6_8_img014.jpg,zm6_8,zm,train,10
22454,zm6_8_img015.jpg,zm6_8,zm,train,10
22455,zm6_8_img016.jpg,zm6_8,zm,train,10
22456,zm6_8_img017.jpg,zm6_8,zm,train,10
22457,zm6_8_img018.jpg,zm6_8,zm,train,10
22458,zm6_8_img019.jpg,zm6_8,zm,train,10
22459,zm6_8_img020.jpg,zm6_8,zm,train,10
22460,zm6_8_img021.jpg,zm6_8,zm,train,10
22461,zm6_8_img022.jpg,zm6_8,zm,train,10
22462,zm6_8_img023.jpg,zm6_8,zm,train,10
22463,zm6_8_img024.jpg,zm6_8,zm,train,10
22464,zm6_8_img025.jpg,zm6_8,zm,train,10
22465,zm6_8_img026.jpg,zm6_8,zm,train,10
22466,zm6_8_img027.jpg,zm6_8,zm,train,10
22467,zm6_8_img028.jpg,zm6_8,zm,train,10
22468,zm6_8_img029.jpg,zm6_8,zm,train,10
22469,zm6_8_img030.jpg,zm6_8,zm,train,10
22470,zm6_8_img031.jpg,zm6_8,zm,train,10
22471,zm6_8_img032.jpg,zm6_8,zm,train,10
22472,zm6_8_img033.jpg,zm6_8,zm,train,10
22473,zm6_8_img034.jpg,zm6_8,zm,train,10
22474,zm6_8_img035.jpg,zm6_8,zm,train,10
22475,zm6_8_img036.jpg,zm6_8,zm,train,10
22476,zm6_8_img037.jpg,zm6_8,zm,train,10
22477,zm6_8_img038.jpg,zm6_8,zm,train,10
22478,zm6_8_img039.jpg,zm6_8,zm,train,10
22479,zm6_8_img040.jpg,zm6_8,zm,train,10
22480,zm6_8_img041.jpg,zm6_8,zm,train,10
22481,zm6_8_img042.jpg,zm6_8,zm,train,10
22482,zm6_8_img043.jpg,zm6_8,zm,train,10
22483,zm6_8_img044.jpg,zm6_8,zm,train,10
22484,zm6_8_img045.jpg,zm6_8,zm,train,10
22485,zm6_8_img046.jpg,zm6_8,zm,train,10
22486,zm6_8_img047.jpg,zm6_8,zm,train,10
22487,zm6_8_img048.jpg,zm6_8,zm,train,10
22488,zm6_8_img049.jpg,zm6_8,zm,train,10
22489,zm6_8_img050.jpg,zm6_8,zm,train,10
22490,zm6_8_img051.jpg,zm6_8,zm,train,10
22491,zm6_8_img052.jpg,zm6_8,zm,train,10
22492,zm6_8_img053.jpg,zm6_8,zm,train,10
22493,zm6_8_img054.jpg,zm6_8,zm,train,10
22494,zm6_8_img055.jpg,zm6_8,zm,train,10
22495,zm6_8_img056.jpg,zm6_8,zm,train,10
22496,zm6_8_img057.jpg,zm6_8,zm,train,10
22497,zm6_8_img058.jpg,zm6_8,zm,train,10
22498,zm6_8_img059.jpg,zm6_8,zm,train,10
22499,zm6_8_img060.jpg,zm6_8,zm,train,10
22500,zm6_8_img061.jpg,zm6_8,zm,train,10
22501,zm6_8_img062.jpg,zm6_8,zm,train,10
22502,zm6_8_img063.jpg,zm6_8,zm,train,10
22503,zm6_8_img064.jpg,zm6_8,zm,train,10
22504,zm6_8_img065.jpg,zm6_8,zm,train,10
22505,zm6_8_img066.jpg,zm6_8,zm,train,10
22506,zm6_8_img067.jpg,zm6_8,zm,train,10
22507,zm6_8_img068.jpg,zm6_8,zm,train,10
22508,zm6_8_img069.jpg,zm6_8,zm,train,10
22509,zm6_8_img070.jpg,zm6_8,zm,train,10
22510,zm6_8_img071.jpg,zm6_8,zm,train,10
22511,zm6_8_img072.jpg,zm6_8,zm,train,10
22512,zm6_8_img073.jpg,zm6_8,zm,train,10
22513,zm6_8_img074.jpg,zm6_8,zm,train,10
22514,zm6_8_img075.jpg,zm6_8,zm,train,10
22515,zm6_8_img076.jpg,zm6_8,zm,train,10
22516,zm6_8_img077.jpg,zm6_8,zm,train,10
22517,zm6_8_img078.jpg,zm6_8,zm,train,10
22518,zm6_8_img079.jpg,zm6_8,zm,train,10
22519,zm6_8_img080.jpg,zm6_8,zm,train,10
22520,zm6_8_img081.jpg,zm6_8,zm,train,10
22521,zm6_8_img082.jpg,zm6_8,zm,train,10
22522,zm6_8_img083.jpg,zm6_8,zm,train,10
22523,zm6_8_img084.jpg,zm6_8,zm,train,10
22524,zm6_8_img085.jpg,zm6_8,zm,train,10
22525,zm6_8_img086.jpg,zm6_8,zm,train,10
22526,zm6_8_img087.jpg,zm6_8,zm,train,10
22527,zm6_8_img088.jpg,zm6_8,zm,train,10
22528,zm6_8_img089.jpg,zm6_8,zm,train,10
22529,zm6_8_img090.jpg,zm6_8,zm,train,10
22530,zm6_8_img091.jpg,zm6_8,zm,train,10
22531,zm6_8_img092.jpg,zm6_8,zm,train,10
22532,zm6_8_img093.jpg,zm6_8,zm,train,10
22533,zm6_8_img094.jpg,zm6_8,zm,train,10
22534,zm6_8_img095.jpg,zm6_8,zm,train,10
22535,zm6_8_img096.jpg,zm6_8,zm,train,10
22536,zm6_8_img097.jpg,zm6_8,zm,train,10
22537,zm6_9_img001.jpg,zm6_9,zm,train,10
22538,zm6_9_img002.jpg,zm6_9,zm,train,10
22539,zm6_9_img003.jpg,zm6_9,zm,train,10
22540,zm6_9_img004.jpg,zm6_9,zm,train,10
22541,zm6_9_img005.jpg,zm6_9,zm,train,10
22542,zm6_9_img006.jpg,zm6_9,zm,train,10
22543,zm6_9_img007.jpg,zm6_9,zm,train,10
22544,zm6_9_img008.jpg,zm6_9,zm,train,10
22545,zm6_9_img009.jpg,zm6_9,zm,train,10
22546,zm6_9_img010.jpg,zm6_9,zm,train,10
22547,zm6_9_img011.jpg,zm6_9,zm,train,10
22548,zm6_9_img012.jpg,zm6_9,zm,train,10
22549,zm6_9_img013.jpg,zm6_9,zm,train,10
22550,zm6_9_img014.jpg,zm6_9,zm,train,10
22551,zm6_9_img015.jpg,zm6_9,zm,train,10
22552,zm6_9_img016.jpg,zm6_9,zm,train,10
22553,zm6_9_img017.jpg,zm6_9,zm,train,10
22554,zm6_9_img018.jpg,zm6_9,zm,train,10
22555,zm6_9_img019.jpg,zm6_9,zm,train,10
22556,zm6_9_img020.jpg,zm6_9,zm,train,10
22557,zm6_9_img021.jpg,zm6_9,zm,train,10
22558,zm6_9_img022.jpg,zm6_9,zm,train,10
22559,zm6_9_img023.jpg,zm6_9,zm,train,10
22560,zm6_9_img024.jpg,zm6_9,zm,train,10
22561,zm6_9_img025.jpg,zm6_9,zm,train,10
22562,zm6_9_img026.jpg,zm6_9,zm,train,10
22563,zm6_9_img027.jpg,zm6_9,zm,train,10
22564,zm6_9_img028.jpg,zm6_9,zm,train,10
22565,zm6_9_img029.jpg,zm6_9,zm,train,10
22566,zm6_9_img030.jpg,zm6_9,zm,train,10
22567,zm6_9_img031.jpg,zm6_9,zm,train,10
22568,zm6_9_img032.jpg,zm6_9,zm,train,10
22569,zm6_9_img033.jpg,zm6_9,zm,train,10
22570,zm6_9_img034.jpg,zm6_9,zm,train,10
22571,zm6_9_img035.jpg,zm6_9,zm,train,10
22572,zm6_9_img036.jpg,zm6_9,zm,train,10
22573,zm6_9_img037.jpg,zm6_9,zm,train,10
22574,zm6_9_img038.jpg,zm6_9,zm,train,10
22575,zm6_9_img039.jpg,zm6_9,zm,train,10
22576,zm6_9_img040.jpg,zm6_9,zm,train,10
22577,zm6_9_img041.jpg,zm6_9,zm,train,10
22578,zm6_9_img042.jpg,zm6_9,zm,train,10
22579,zm6_9_img043.jpg,zm6_9,zm,train,10
22580,zm6_9_img044.jpg,zm6_9,zm,train,10
22581,zm6_9_img045.jpg,zm6_9,zm,train,10
22582,zm6_9_img046.jpg,zm6_9,zm,train,10
22583,zm6_9_img047.jpg,zm6_9,zm,train,10
22584,zm6_9_img048.jpg,zm6_9,zm,train,10
22585,zm6_9_img049.jpg,zm6_9,zm,train,10
22586,zm6_9_img050.jpg,zm6_9,zm,train,10
22587,zm6_9_img051.jpg,zm6_9,zm,train,10
22588,zm6_9_img052.jpg,zm6_9,zm,train,10
22589,zm6_9_img053.jpg,zm6_9,zm,train,10
22590,zm6_9_img054.jpg,zm6_9,zm,train,10
22591,zm6_9_img055.jpg,zm6_9,zm,train,10
22592,zm6_9_img056.jpg,zm6_9,zm,train,10
22593,zm6_9_img057.jpg,zm6_9,zm,train,10
22594,zm6_9_img058.jpg,zm6_9,zm,train,10
22595,zm6_9_img059.jpg,zm6_9,zm,train,10
22596,zm6_9_img060.jpg,zm6_9,zm,train,10
22597,zm6_9_img061.jpg,zm6_9,zm,train,10
22598,zm6_9_img062.jpg,zm6_9,zm,train,10
22599,zm6_9_img063.jpg,zm6_9,zm,train,10
22600,zm6_9_img064.jpg,zm6_9,zm,train,10
22601,zm6_9_img065.jpg,zm6_9,zm,train,10
22602,zm6_9_img066.jpg,zm6_9,zm,train,10
22603,zm6_9_img067.jpg,zm6_9,zm,train,10
22604,zm6_9_img068.jpg,zm6_9,zm,train,10
22605,zm6_9_img069.jpg,zm6_9,zm,train,10
22606,zm6_9_img070.jpg,zm6_9,zm,train,10
22607,zm6_9_img071.jpg,zm6_9,zm,train,10
22608,zm6_9_img072.jpg,zm6_9,zm,train,10
22609,zm6_9_img073.jpg,zm6_9,zm,train,10
22610,zm6_9_img074.jpg,zm6_9,zm,train,10
22611,zm6_9_img075.jpg,zm6_9,zm,train,10
22612,zm6_9_img076.jpg,zm6_9,zm,train,10
22613,zm6_9_img077.jpg,zm6_9,zm,train,10
22614,zm6_9_img078.jpg,zm6_9,zm,train,10
22615,zm6_9_img079.jpg,zm6_9,zm,train,10
22616,zm6_9_img080.jpg,zm6_9,zm,train,10
22617,zm6_9_img081.jpg,zm6_9,zm,train,10
22618,zm6_9_img082.jpg,zm6_9,zm,train,10
22619,zm6_9_img083.jpg,zm6_9,zm,train,10
22620,zm6_9_img084.jpg,zm6_9,zm,train,10
22621,zm6_9_img085.jpg,zm6_9,zm,train,10
22622,zm6_9_img086.jpg,zm6_9,zm,train,10
22623,zm6_9_img087.jpg,zm6_9,zm,train,10
22624,zm6_9_img088.jpg,zm6_9,zm,train,10
22625,zm6_9_img089.jpg,zm6_9,zm,train,10
22626,zm6_9_img090.jpg,zm6_9,zm,train,10
22627,zm6_9_img091.jpg,zm6_9,zm,train,10
22628,zm6_9_img092.jpg,zm6_9,zm,train,10
22629,zm6_9_img093.jpg,zm6_9,zm,train,10
22630,zm6_9_img094.jpg,zm6_9,zm,train,10
22631,zm6_9_img095.jpg,zm6_9,zm,train,10
22632,zm6_9_img096.jpg,zm6_9,zm,train,10
22633,zm6_9_img097.jpg,zm6_9,zm,train,10
22634,zm7_10_img001.jpg,zm7_10,zm,val,10
22635,zm7_10_img002.jpg,zm7_10,zm,val,10
22636,zm7_10_img003.jpg,zm7_10,zm,val,10
22637,zm7_10_img004.jpg,zm7_10,zm,val,10
22638,zm7_10_img005.jpg,zm7_10,zm,val,10
22639,zm7_10_img006.jpg,zm7_10,zm,val,10
22640,zm7_10_img007.jpg,zm7_10,zm,val,10
22641,zm7_10_img008.jpg,zm7_10,zm,val,10
22642,zm7_10_img009.jpg,zm7_10,zm,val,10
22643,zm7_10_img010.jpg,zm7_10,zm,val,10
22644,zm7_10_img011.jpg,zm7_10,zm,val,10
22645,zm7_10_img012.jpg,zm7_10,zm,val,10
22646,zm7_10_img013.jpg,zm7_10,zm,val,10
22647,zm7_10_img014.jpg,zm7_10,zm,val,10
22648,zm7_10_img015.jpg,zm7_10,zm,val,10
22649,zm7_10_img016.jpg,zm7_10,zm,val,10
22650,zm7_10_img017.jpg,zm7_10,zm,val,10
22651,zm7_10_img018.jpg,zm7_10,zm,val,10
22652,zm7_10_img019.jpg,zm7_10,zm,val,10
22653,zm7_10_img020.jpg,zm7_10,zm,val,10
22654,zm7_10_img021.jpg,zm7_10,zm,val,10
22655,zm7_10_img022.jpg,zm7_10,zm,val,10
22656,zm7_10_img023.jpg,zm7_10,zm,val,10
22657,zm7_10_img024.jpg,zm7_10,zm,val,10
22658,zm7_10_img025.jpg,zm7_10,zm,val,10
22659,zm7_10_img026.jpg,zm7_10,zm,val,10
22660,zm7_10_img027.jpg,zm7_10,zm,val,10
22661,zm7_10_img028.jpg,zm7_10,zm,val,10
22662,zm7_10_img029.jpg,zm7_10,zm,val,10
22663,zm7_10_img030.jpg,zm7_10,zm,val,10
22664,zm7_10_img031.jpg,zm7_10,zm,val,10
22665,zm7_10_img032.jpg,zm7_10,zm,val,10
22666,zm7_10_img033.jpg,zm7_10,zm,val,10
22667,zm7_10_img034.jpg,zm7_10,zm,val,10
22668,zm7_10_img035.jpg,zm7_10,zm,val,10
22669,zm7_10_img036.jpg,zm7_10,zm,val,10
22670,zm7_10_img037.jpg,zm7_10,zm,val,10
22671,zm7_10_img038.jpg,zm7_10,zm,val,10
22672,zm7_10_img039.jpg,zm7_10,zm,val,10
22673,zm7_10_img040.jpg,zm7_10,zm,val,10
22674,zm7_10_img041.jpg,zm7_10,zm,val,10
22675,zm7_10_img042.jpg,zm7_10,zm,val,10
22676,zm7_10_img043.jpg,zm7_10,zm,val,10
22677,zm7_10_img044.jpg,zm7_10,zm,val,10
22678,zm7_10_img045.jpg,zm7_10,zm,val,10
22679,zm7_10_img046.jpg,zm7_10,zm,val,10
22680,zm7_10_img047.jpg,zm7_10,zm,val,10
22681,zm7_10_img048.jpg,zm7_10,zm,val,10
22682,zm7_10_img049.jpg,zm7_10,zm,val,10
22683,zm7_10_img050.jpg,zm7_10,zm,val,10
22684,zm7_10_img051.jpg,zm7_10,zm,val,10
22685,zm7_10_img052.jpg,zm7_10,zm,val,10
22686,zm7_10_img053.jpg,zm7_10,zm,val,10
22687,zm7_10_img054.jpg,zm7_10,zm,val,10
22688,zm7_10_img055.jpg,zm7_10,zm,val,10
22689,zm7_10_img056.jpg,zm7_10,zm,val,10
22690,zm7_10_img057.jpg,zm7_10,zm,val,10
22691,zm7_10_img058.jpg,zm7_10,zm,val,10
22692,zm7_10_img059.jpg,zm7_10,zm,val,10
22693,zm7_10_img060.jpg,zm7_10,zm,val,10
22694,zm7_10_img061.jpg,zm7_10,zm,val,10
22695,zm7_10_img062.jpg,zm7_10,zm,val,10
22696,zm7_10_img063.jpg,zm7_10,zm,val,10
22697,zm7_10_img064.jpg,zm7_10,zm,val,10
22698,zm7_10_img065.jpg,zm7_10,zm,val,10
22699,zm7_10_img066.jpg,zm7_10,zm,val,10
22700,zm7_10_img067.jpg,zm7_10,zm,val,10
22701,zm7_10_img068.jpg,zm7_10,zm,val,10
22702,zm7_10_img069.jpg,zm7_10,zm,val,10
22703,zm7_10_img070.jpg,zm7_10,zm,val,10
22704,zm7_10_img071.jpg,zm7_10,zm,val,10
22705,zm7_10_img072.jpg,zm7_10,zm,val,10
22706,zm7_10_img073.jpg,zm7_10,zm,val,10
22707,zm7_10_img074.jpg,zm7_10,zm,val,10
22708,zm7_10_img075.jpg,zm7_10,zm,val,10
22709,zm7_10_img076.jpg,zm7_10,zm,val,10
22710,zm7_10_img077.jpg,zm7_10,zm,val,10
22711,zm7_10_img078.jpg,zm7_10,zm,val,10
22712,zm7_10_img079.jpg,zm7_10,zm,val,10
22713,zm7_10_img080.jpg,zm7_10,zm,val,10
22714,zm7_10_img081.jpg,zm7_10,zm,val,10
22715,zm7_10_img082.jpg,zm7_10,zm,val,10
22716,zm7_10_img083.jpg,zm7_10,zm,val,10
22717,zm7_10_img084.jpg,zm7_10,zm,val,10
22718,zm7_10_img085.jpg,zm7_10,zm,val,10
22719,zm7_10_img086.jpg,zm7_10,zm,val,10
22720,zm7_10_img087.jpg,zm7_10,zm,val,10
22721,zm7_10_img088.jpg,zm7_10,zm,val,10
22722,zm7_10_img089.jpg,zm7_10,zm,val,10
22723,zm7_10_img090.jpg,zm7_10,zm,val,10
22724,zm7_10_img091.jpg,zm7_10,zm,val,10
22725,zm7_10_img092.jpg,zm7_10,zm,val,10
22726,zm7_10_img093.jpg,zm7_10,zm,val,10
22727,zm7_10_img094.jpg,zm7_10,zm,val,10
22728,zm7_10_img095.jpg,zm7_10,zm,val,10
22729,zm7_10_img096.jpg,zm7_10,zm,val,10
22730,zm7_10_img097.jpg,zm7_10,zm,val,10
22731,zm7_11_img001.jpg,zm7_11,zm,train,10
22732,zm7_11_img002.jpg,zm7_11,zm,train,10
22733,zm7_11_img003.jpg,zm7_11,zm,train,10
22734,zm7_11_img004.jpg,zm7_11,zm,train,10
22735,zm7_11_img005.jpg,zm7_11,zm,train,10
22736,zm7_11_img006.jpg,zm7_11,zm,train,10
22737,zm7_11_img007.jpg,zm7_11,zm,train,10
22738,zm7_11_img008.jpg,zm7_11,zm,train,10
22739,zm7_11_img009.jpg,zm7_11,zm,train,10
22740,zm7_11_img010.jpg,zm7_11,zm,train,10
22741,zm7_11_img011.jpg,zm7_11,zm,train,10
22742,zm7_11_img012.jpg,zm7_11,zm,train,10
22743,zm7_11_img013.jpg,zm7_11,zm,train,10
22744,zm7_11_img014.jpg,zm7_11,zm,train,10
22745,zm7_11_img015.jpg,zm7_11,zm,train,10
22746,zm7_11_img016.jpg,zm7_11,zm,train,10
22747,zm7_11_img017.jpg,zm7_11,zm,train,10
22748,zm7_11_img018.jpg,zm7_11,zm,train,10
22749,zm7_11_img019.jpg,zm7_11,zm,train,10
22750,zm7_11_img020.jpg,zm7_11,zm,train,10
22751,zm7_11_img021.jpg,zm7_11,zm,train,10
22752,zm7_11_img022.jpg,zm7_11,zm,train,10
22753,zm7_11_img023.jpg,zm7_11,zm,train,10
22754,zm7_11_img024.jpg,zm7_11,zm,train,10
22755,zm7_11_img025.jpg,zm7_11,zm,train,10
22756,zm7_11_img026.jpg,zm7_11,zm,train,10
22757,zm7_11_img027.jpg,zm7_11,zm,train,10
22758,zm7_11_img028.jpg,zm7_11,zm,train,10
22759,zm7_11_img029.jpg,zm7_11,zm,train,10
22760,zm7_11_img030.jpg,zm7_11,zm,train,10
22761,zm7_11_img031.jpg,zm7_11,zm,train,10
22762,zm7_11_img032.jpg,zm7_11,zm,train,10
22763,zm7_11_img033.jpg,zm7_11,zm,train,10
22764,zm7_11_img034.jpg,zm7_11,zm,train,10
22765,zm7_11_img035.jpg,zm7_11,zm,train,10
22766,zm7_11_img036.jpg,zm7_11,zm,train,10
22767,zm7_11_img037.jpg,zm7_11,zm,train,10
22768,zm7_11_img038.jpg,zm7_11,zm,train,10
22769,zm7_11_img039.jpg,zm7_11,zm,train,10
22770,zm7_11_img040.jpg,zm7_11,zm,train,10
22771,zm7_11_img041.jpg,zm7_11,zm,train,10
22772,zm7_11_img042.jpg,zm7_11,zm,train,10
22773,zm7_11_img043.jpg,zm7_11,zm,train,10
22774,zm7_11_img044.jpg,zm7_11,zm,train,10
22775,zm7_11_img045.jpg,zm7_11,zm,train,10
22776,zm7_11_img046.jpg,zm7_11,zm,train,10
22777,zm7_11_img047.jpg,zm7_11,zm,train,10
22778,zm7_11_img048.jpg,zm7_11,zm,train,10
22779,zm7_11_img049.jpg,zm7_11,zm,train,10
22780,zm7_11_img050.jpg,zm7_11,zm,train,10
22781,zm7_11_img051.jpg,zm7_11,zm,train,10
22782,zm7_11_img052.jpg,zm7_11,zm,train,10
22783,zm7_11_img053.jpg,zm7_11,zm,train,10
22784,zm7_11_img054.jpg,zm7_11,zm,train,10
22785,zm7_11_img055.jpg,zm7_11,zm,train,10
22786,zm7_11_img056.jpg,zm7_11,zm,train,10
22787,zm7_11_img057.jpg,zm7_11,zm,train,10
22788,zm7_11_img058.jpg,zm7_11,zm,train,10
22789,zm7_11_img059.jpg,zm7_11,zm,train,10
22790,zm7_11_img060.jpg,zm7_11,zm,train,10
22791,zm7_11_img061.jpg,zm7_11,zm,train,10
22792,zm7_11_img062.jpg,zm7_11,zm,train,10
22793,zm7_11_img063.jpg,zm7_11,zm,train,10
22794,zm7_11_img064.jpg,zm7_11,zm,train,10
22795,zm7_11_img065.jpg,zm7_11,zm,train,10
22796,zm7_11_img066.jpg,zm7_11,zm,train,10
22797,zm7_11_img067.jpg,zm7_11,zm,train,10
22798,zm7_11_img068.jpg,zm7_11,zm,train,10
22799,zm7_11_img069.jpg,zm7_11,zm,train,10
22800,zm7_11_img070.jpg,zm7_11,zm,train,10
22801,zm7_11_img071.jpg,zm7_11,zm,train,10
22802,zm7_11_img072.jpg,zm7_11,zm,train,10
22803,zm7_11_img073.jpg,zm7_11,zm,train,10
22804,zm7_11_img074.jpg,zm7_11,zm,train,10
22805,zm7_11_img075.jpg,zm7_11,zm,train,10
22806,zm7_11_img076.jpg,zm7_11,zm,train,10
22807,zm7_11_img077.jpg,zm7_11,zm,train,10
22808,zm7_11_img078.jpg,zm7_11,zm,train,10
22809,zm7_11_img079.jpg,zm7_11,zm,train,10
22810,zm7_11_img080.jpg,zm7_11,zm,train,10
22811,zm7_11_img081.jpg,zm7_11,zm,train,10
22812,zm7_11_img082.jpg,zm7_11,zm,train,10
22813,zm7_11_img083.jpg,zm7_11,zm,train,10
22814,zm7_11_img084.jpg,zm7_11,zm,train,10
22815,zm7_11_img085.jpg,zm7_11,zm,train,10
22816,zm7_11_img086.jpg,zm7_11,zm,train,10
22817,zm7_11_img087.jpg,zm7_11,zm,train,10
22818,zm7_11_img088.jpg,zm7_11,zm,train,10
22819,zm7_11_img089.jpg,zm7_11,zm,train,10
22820,zm7_11_img090.jpg,zm7_11,zm,train,10
22821,zm7_11_img091.jpg,zm7_11,zm,train,10
22822,zm7_11_img092.jpg,zm7_11,zm,train,10
22823,zm7_11_img093.jpg,zm7_11,zm,train,10
22824,zm7_11_img094.jpg,zm7_11,zm,train,10
22825,zm7_11_img095.jpg,zm7_11,zm,train,10
22826,zm7_11_img096.jpg,zm7_11,zm,train,10
22827,zm7_11_img097.jpg,zm7_11,zm,train,10
22828,zm7_12_img001.jpg,zm7_12,zm,train,10
22829,zm7_12_img002.jpg,zm7_12,zm,train,10
22830,zm7_12_img003.jpg,zm7_12,zm,train,10
22831,zm7_12_img004.jpg,zm7_12,zm,train,10
22832,zm7_12_img005.jpg,zm7_12,zm,train,10
22833,zm7_12_img006.jpg,zm7_12,zm,train,10
22834,zm7_12_img007.jpg,zm7_12,zm,train,10
22835,zm7_12_img008.jpg,zm7_12,zm,train,10
22836,zm7_12_img009.jpg,zm7_12,zm,train,10
22837,zm7_12_img010.jpg,zm7_12,zm,train,10
22838,zm7_12_img011.jpg,zm7_12,zm,train,10
22839,zm7_12_img012.jpg,zm7_12,zm,train,10
22840,zm7_12_img013.jpg,zm7_12,zm,train,10
22841,zm7_12_img014.jpg,zm7_12,zm,train,10
22842,zm7_12_img015.jpg,zm7_12,zm,train,10
22843,zm7_12_img016.jpg,zm7_12,zm,train,10
22844,zm7_12_img017.jpg,zm7_12,zm,train,10
22845,zm7_12_img018.jpg,zm7_12,zm,train,10
22846,zm7_12_img019.jpg,zm7_12,zm,train,10
22847,zm7_12_img020.jpg,zm7_12,zm,train,10
22848,zm7_12_img021.jpg,zm7_12,zm,train,10
22849,zm7_12_img022.jpg,zm7_12,zm,train,10
22850,zm7_12_img023.jpg,zm7_12,zm,train,10
22851,zm7_12_img024.jpg,zm7_12,zm,train,10
22852,zm7_12_img025.jpg,zm7_12,zm,train,10
22853,zm7_12_img026.jpg,zm7_12,zm,train,10
22854,zm7_12_img027.jpg,zm7_12,zm,train,10
22855,zm7_12_img028.jpg,zm7_12,zm,train,10
22856,zm7_12_img029.jpg,zm7_12,zm,train,10
22857,zm7_12_img030.jpg,zm7_12,zm,train,10
22858,zm7_12_img031.jpg,zm7_12,zm,train,10
22859,zm7_12_img032.jpg,zm7_12,zm,train,10
22860,zm7_12_img033.jpg,zm7_12,zm,train,10
22861,zm7_12_img034.jpg,zm7_12,zm,train,10
22862,zm7_12_img035.jpg,zm7_12,zm,train,10
22863,zm7_12_img036.jpg,zm7_12,zm,train,10
22864,zm7_12_img037.jpg,zm7_12,zm,train,10
22865,zm7_12_img038.jpg,zm7_12,zm,train,10
22866,zm7_12_img039.jpg,zm7_12,zm,train,10
22867,zm7_12_img040.jpg,zm7_12,zm,train,10
22868,zm7_12_img041.jpg,zm7_12,zm,train,10
22869,zm7_12_img042.jpg,zm7_12,zm,train,10
22870,zm7_12_img043.jpg,zm7_12,zm,train,10
22871,zm7_12_img044.jpg,zm7_12,zm,train,10
22872,zm7_12_img045.jpg,zm7_12,zm,train,10
22873,zm7_12_img046.jpg,zm7_12,zm,train,10
22874,zm7_12_img047.jpg,zm7_12,zm,train,10
22875,zm7_12_img048.jpg,zm7_12,zm,train,10
22876,zm7_12_img049.jpg,zm7_12,zm,train,10
22877,zm7_12_img050.jpg,zm7_12,zm,train,10
22878,zm7_12_img051.jpg,zm7_12,zm,train,10
22879,zm7_12_img052.jpg,zm7_12,zm,train,10
22880,zm7_12_img053.jpg,zm7_12,zm,train,10
22881,zm7_12_img054.jpg,zm7_12,zm,train,10
22882,zm7_12_img055.jpg,zm7_12,zm,train,10
22883,zm7_12_img056.jpg,zm7_12,zm,train,10
22884,zm7_12_img057.jpg,zm7_12,zm,train,10
22885,zm7_12_img058.jpg,zm7_12,zm,train,10
22886,zm7_12_img059.jpg,zm7_12,zm,train,10
22887,zm7_12_img060.jpg,zm7_12,zm,train,10
22888,zm7_12_img061.jpg,zm7_12,zm,train,10
22889,zm7_12_img062.jpg,zm7_12,zm,train,10
22890,zm7_12_img063.jpg,zm7_12,zm,train,10
22891,zm7_12_img064.jpg,zm7_12,zm,train,10
22892,zm7_12_img065.jpg,zm7_12,zm,train,10
22893,zm7_12_img066.jpg,zm7_12,zm,train,10
22894,zm7_12_img067.jpg,zm7_12,zm,train,10
22895,zm7_12_img068.jpg,zm7_12,zm,train,10
22896,zm7_12_img069.jpg,zm7_12,zm,train,10
22897,zm7_12_img070.jpg,zm7_12,zm,train,10
22898,zm7_12_img071.jpg,zm7_12,zm,train,10
22899,zm7_12_img072.jpg,zm7_12,zm,train,10
22900,zm7_12_img073.jpg,zm7_12,zm,train,10
22901,zm7_12_img074.jpg,zm7_12,zm,train,10
22902,zm7_12_img075.jpg,zm7_12,zm,train,10
22903,zm7_12_img076.jpg,zm7_12,zm,train,10
22904,zm7_12_img077.jpg,zm7_12,zm,train,10
22905,zm7_12_img078.jpg,zm7_12,zm,train,10
22906,zm7_12_img079.jpg,zm7_12,zm,train,10
22907,zm7_12_img080.jpg,zm7_12,zm,train,10
22908,zm7_12_img081.jpg,zm7_12,zm,train,10
22909,zm7_12_img082.jpg,zm7_12,zm,train,10
22910,zm7_12_img083.jpg,zm7_12,zm,train,10
22911,zm7_12_img084.jpg,zm7_12,zm,train,10
22912,zm7_12_img085.jpg,zm7_12,zm,train,10
22913,zm7_12_img086.jpg,zm7_12,zm,train,10
22914,zm7_12_img087.jpg,zm7_12,zm,train,10
22915,zm7_12_img088.jpg,zm7_12,zm,train,10
22916,zm7_12_img089.jpg,zm7_12,zm,train,10
22917,zm7_12_img090.jpg,zm7_12,zm,train,10
22918,zm7_12_img091.jpg,zm7_12,zm,train,10
22919,zm7_12_img092.jpg,zm7_12,zm,train,10
22920,zm7_12_img093.jpg,zm7_12,zm,train,10
22921,zm7_12_img094.jpg,zm7_12,zm,train,10
22922,zm7_12_img095.jpg,zm7_12,zm,train,10
22923,zm7_12_img096.jpg,zm7_12,zm,train,10
22924,zm7_12_img097.jpg,zm7_12,zm,train,10
22925,zm7_1_img001.jpg,zm7_1,zm,train,10
22926,zm7_1_img002.jpg,zm7_1,zm,train,10
22927,zm7_1_img003.jpg,zm7_1,zm,train,10
22928,zm7_1_img004.jpg,zm7_1,zm,train,10
22929,zm7_1_img005.jpg,zm7_1,zm,train,10
22930,zm7_1_img006.jpg,zm7_1,zm,train,10
22931,zm7_1_img007.jpg,zm7_1,zm,train,10
22932,zm7_1_img008.jpg,zm7_1,zm,train,10
22933,zm7_1_img009.jpg,zm7_1,zm,train,10
22934,zm7_1_img010.jpg,zm7_1,zm,train,10
22935,zm7_1_img011.jpg,zm7_1,zm,train,10
22936,zm7_1_img012.jpg,zm7_1,zm,train,10
22937,zm7_1_img013.jpg,zm7_1,zm,train,10
22938,zm7_1_img014.jpg,zm7_1,zm,train,10
22939,zm7_1_img015.jpg,zm7_1,zm,train,10
22940,zm7_1_img016.jpg,zm7_1,zm,train,10
22941,zm7_1_img017.jpg,zm7_1,zm,train,10
22942,zm7_1_img018.jpg,zm7_1,zm,train,10
22943,zm7_1_img019.jpg,zm7_1,zm,train,10
22944,zm7_1_img020.jpg,zm7_1,zm,train,10
22945,zm7_1_img021.jpg,zm7_1,zm,train,10
22946,zm7_1_img022.jpg,zm7_1,zm,train,10
22947,zm7_1_img023.jpg,zm7_1,zm,train,10
22948,zm7_1_img024.jpg,zm7_1,zm,train,10
22949,zm7_1_img025.jpg,zm7_1,zm,train,10
22950,zm7_1_img026.jpg,zm7_1,zm,train,10
22951,zm7_1_img027.jpg,zm7_1,zm,train,10
22952,zm7_1_img028.jpg,zm7_1,zm,train,10
22953,zm7_1_img029.jpg,zm7_1,zm,train,10
22954,zm7_1_img030.jpg,zm7_1,zm,train,10
22955,zm7_1_img031.jpg,zm7_1,zm,train,10
22956,zm7_1_img032.jpg,zm7_1,zm,train,10
22957,zm7_1_img033.jpg,zm7_1,zm,train,10
22958,zm7_1_img034.jpg,zm7_1,zm,train,10
22959,zm7_1_img035.jpg,zm7_1,zm,train,10
22960,zm7_1_img036.jpg,zm7_1,zm,train,10
22961,zm7_1_img037.jpg,zm7_1,zm,train,10
22962,zm7_1_img038.jpg,zm7_1,zm,train,10
22963,zm7_1_img039.jpg,zm7_1,zm,train,10
22964,zm7_1_img040.jpg,zm7_1,zm,train,10
22965,zm7_1_img041.jpg,zm7_1,zm,train,10
22966,zm7_1_img042.jpg,zm7_1,zm,train,10
22967,zm7_1_img043.jpg,zm7_1,zm,train,10
22968,zm7_1_img044.jpg,zm7_1,zm,train,10
22969,zm7_1_img045.jpg,zm7_1,zm,train,10
22970,zm7_1_img046.jpg,zm7_1,zm,train,10
22971,zm7_1_img047.jpg,zm7_1,zm,train,10
22972,zm7_1_img048.jpg,zm7_1,zm,train,10
22973,zm7_1_img049.jpg,zm7_1,zm,train,10
22974,zm7_1_img050.jpg,zm7_1,zm,train,10
22975,zm7_1_img051.jpg,zm7_1,zm,train,10
22976,zm7_1_img052.jpg,zm7_1,zm,train,10
22977,zm7_1_img053.jpg,zm7_1,zm,train,10
22978,zm7_1_img054.jpg,zm7_1,zm,train,10
22979,zm7_1_img055.jpg,zm7_1,zm,train,10
22980,zm7_1_img056.jpg,zm7_1,zm,train,10
22981,zm7_1_img057.jpg,zm7_1,zm,train,10
22982,zm7_1_img058.jpg,zm7_1,zm,train,10
22983,zm7_1_img059.jpg,zm7_1,zm,train,10
22984,zm7_1_img060.jpg,zm7_1,zm,train,10
22985,zm7_1_img061.jpg,zm7_1,zm,train,10
22986,zm7_1_img062.jpg,zm7_1,zm,train,10
22987,zm7_1_img063.jpg,zm7_1,zm,train,10
22988,zm7_1_img064.jpg,zm7_1,zm,train,10
22989,zm7_1_img065.jpg,zm7_1,zm,train,10
22990,zm7_1_img066.jpg,zm7_1,zm,train,10
22991,zm7_1_img067.jpg,zm7_1,zm,train,10
22992,zm7_1_img068.jpg,zm7_1,zm,train,10
22993,zm7_1_img069.jpg,zm7_1,zm,train,10
22994,zm7_1_img070.jpg,zm7_1,zm,train,10
22995,zm7_1_img071.jpg,zm7_1,zm,train,10
22996,zm7_1_img072.jpg,zm7_1,zm,train,10
22997,zm7_1_img073.jpg,zm7_1,zm,train,10
22998,zm7_1_img074.jpg,zm7_1,zm,train,10
22999,zm7_1_img075.jpg,zm7_1,zm,train,10
23000,zm7_1_img076.jpg,zm7_1,zm,train,10
23001,zm7_1_img077.jpg,zm7_1,zm,train,10
23002,zm7_1_img078.jpg,zm7_1,zm,train,10
23003,zm7_1_img079.jpg,zm7_1,zm,train,10
23004,zm7_1_img080.jpg,zm7_1,zm,train,10
23005,zm7_1_img081.jpg,zm7_1,zm,train,10
23006,zm7_1_img082.jpg,zm7_1,zm,train,10
23007,zm7_1_img083.jpg,zm7_1,zm,train,10
23008,zm7_1_img084.jpg,zm7_1,zm,train,10
23009,zm7_1_img085.jpg,zm7_1,zm,train,10
23010,zm7_1_img086.jpg,zm7_1,zm,train,10
23011,zm7_1_img087.jpg,zm7_1,zm,train,10
23012,zm7_1_img088.jpg,zm7_1,zm,train,10
23013,zm7_1_img089.jpg,zm7_1,zm,train,10
23014,zm7_1_img090.jpg,zm7_1,zm,train,10
23015,zm7_1_img091.jpg,zm7_1,zm,train,10
23016,zm7_1_img092.jpg,zm7_1,zm,train,10
23017,zm7_1_img093.jpg,zm7_1,zm,train,10
23018,zm7_1_img094.jpg,zm7_1,zm,train,10
23019,zm7_1_img095.jpg,zm7_1,zm,train,10
23020,zm7_1_img096.jpg,zm7_1,zm,train,10
23021,zm7_1_img097.jpg,zm7_1,zm,train,10
23022,zm7_2_img001.jpg,zm7_2,zm,test,6
23023,zm7_2_img002.jpg,zm7_2,zm,test,6
23024,zm7_2_img003.jpg,zm7_2,zm,test,6
23025,zm7_2_img004.jpg,zm7_2,zm,test,6
23026,zm7_2_img005.jpg,zm7_2,zm,test,6
23027,zm7_2_img006.jpg,zm7_2,zm,test,6
23028,zm7_2_img007.jpg,zm7_2,zm,test,6
23029,zm7_2_img008.jpg,zm7_2,zm,test,6
23030,zm7_2_img009.jpg,zm7_2,zm,test,6
23031,zm7_2_img010.jpg,zm7_2,zm,test,6
23032,zm7_2_img011.jpg,zm7_2,zm,test,6
23033,zm7_2_img012.jpg,zm7_2,zm,test,6
23034,zm7_2_img013.jpg,zm7_2,zm,test,6
23035,zm7_2_img014.jpg,zm7_2,zm,test,6
23036,zm7_2_img015.jpg,zm7_2,zm,test,6
23037,zm7_2_img016.jpg,zm7_2,zm,test,6
23038,zm7_2_img017.jpg,zm7_2,zm,test,6
23039,zm7_2_img018.jpg,zm7_2,zm,test,6
23040,zm7_2_img019.jpg,zm7_2,zm,test,6
23041,zm7_2_img020.jpg,zm7_2,zm,test,6
23042,zm7_2_img021.jpg,zm7_2,zm,test,6
23043,zm7_2_img022.jpg,zm7_2,zm,test,6
23044,zm7_2_img023.jpg,zm7_2,zm,test,6
23045,zm7_2_img024.jpg,zm7_2,zm,test,6
23046,zm7_2_img025.jpg,zm7_2,zm,test,6
23047,zm7_2_img026.jpg,zm7_2,zm,test,6
23048,zm7_2_img027.jpg,zm7_2,zm,test,6
23049,zm7_2_img028.jpg,zm7_2,zm,test,6
23050,zm7_2_img029.jpg,zm7_2,zm,test,6
23051,zm7_2_img030.jpg,zm7_2,zm,test,6
23052,zm7_2_img031.jpg,zm7_2,zm,test,6
23053,zm7_2_img032.jpg,zm7_2,zm,test,6
23054,zm7_2_img033.jpg,zm7_2,zm,test,6
23055,zm7_2_img034.jpg,zm7_2,zm,test,6
23056,zm7_2_img035.jpg,zm7_2,zm,test,6
23057,zm7_2_img036.jpg,zm7_2,zm,test,6
23058,zm7_2_img037.jpg,zm7_2,zm,test,6
23059,zm7_2_img038.jpg,zm7_2,zm,test,6
23060,zm7_2_img039.jpg,zm7_2,zm,test,6
23061,zm7_2_img040.jpg,zm7_2,zm,test,6
23062,zm7_2_img041.jpg,zm7_2,zm,test,6
23063,zm7_2_img042.jpg,zm7_2,zm,test,6
23064,zm7_2_img043.jpg,zm7_2,zm,test,6
23065,zm7_2_img044.jpg,zm7_2,zm,test,6
23066,zm7_2_img045.jpg,zm7_2,zm,test,6
23067,zm7_2_img046.jpg,zm7_2,zm,test,6
23068,zm7_2_img047.jpg,zm7_2,zm,test,6
23069,zm7_2_img048.jpg,zm7_2,zm,test,6
23070,zm7_2_img049.jpg,zm7_2,zm,test,6
23071,zm7_2_img050.jpg,zm7_2,zm,test,6
23072,zm7_2_img051.jpg,zm7_2,zm,test,6
23073,zm7_2_img052.jpg,zm7_2,zm,test,6
23074,zm7_2_img053.jpg,zm7_2,zm,test,6
23075,zm7_2_img054.jpg,zm7_2,zm,test,6
23076,zm7_2_img055.jpg,zm7_2,zm,test,6
23077,zm7_2_img056.jpg,zm7_2,zm,test,6
23078,zm7_2_img057.jpg,zm7_2,zm,test,6
23079,zm7_2_img058.jpg,zm7_2,zm,test,6
23080,zm7_2_img059.jpg,zm7_2,zm,test,6
23081,zm7_2_img060.jpg,zm7_2,zm,test,6
23082,zm7_2_img061.jpg,zm7_2,zm,test,6
23083,zm7_2_img062.jpg,zm7_2,zm,test,6
23084,zm7_2_img063.jpg,zm7_2,zm,test,6
23085,zm7_2_img064.jpg,zm7_2,zm,test,6
23086,zm7_2_img065.jpg,zm7_2,zm,test,6
23087,zm7_2_img066.jpg,zm7_2,zm,test,6
23088,zm7_2_img067.jpg,zm7_2,zm,test,6
23089,zm7_2_img068.jpg,zm7_2,zm,test,6
23090,zm7_2_img069.jpg,zm7_2,zm,test,6
23091,zm7_2_img070.jpg,zm7_2,zm,test,6
23092,zm7_2_img071.jpg,zm7_2,zm,test,6
23093,zm7_2_img072.jpg,zm7_2,zm,test,6
23094,zm7_2_img073.jpg,zm7_2,zm,test,6
23095,zm7_2_img074.jpg,zm7_2,zm,test,6
23096,zm7_2_img075.jpg,zm7_2,zm,test,6
23097,zm7_2_img076.jpg,zm7_2,zm,test,6
23098,zm7_2_img077.jpg,zm7_2,zm,test,6
23099,zm7_2_img078.jpg,zm7_2,zm,test,6
23100,zm7_2_img079.jpg,zm7_2,zm,test,6
23101,zm7_2_img080.jpg,zm7_2,zm,test,6
23102,zm7_2_img081.jpg,zm7_2,zm,test,6
23103,zm7_2_img082.jpg,zm7_2,zm,test,6
23104,zm7_2_img083.jpg,zm7_2,zm,test,6
23105,zm7_2_img084.jpg,zm7_2,zm,test,6
23106,zm7_2_img085.jpg,zm7_2,zm,test,6
23107,zm7_2_img086.jpg,zm7_2,zm,test,6
23108,zm7_2_img087.jpg,zm7_2,zm,test,6
23109,zm7_2_img088.jpg,zm7_2,zm,test,6
23110,zm7_2_img089.jpg,zm7_2,zm,test,6
23111,zm7_2_img090.jpg,zm7_2,zm,test,6
23112,zm7_2_img091.jpg,zm7_2,zm,test,6
23113,zm7_2_img092.jpg,zm7_2,zm,test,6
23114,zm7_2_img093.jpg,zm7_2,zm,test,6
23115,zm7_2_img094.jpg,zm7_2,zm,test,6
23116,zm7_2_img095.jpg,zm7_2,zm,test,6
23117,zm7_2_img096.jpg,zm7_2,zm,test,6
23118,zm7_2_img097.jpg,zm7_2,zm,test,6
23119,zm7_3_img001.jpg,zm7_3,zm,val,8
23120,zm7_3_img002.jpg,zm7_3,zm,val,8
23121,zm7_3_img003.jpg,zm7_3,zm,val,8
23122,zm7_3_img004.jpg,zm7_3,zm,val,8
23123,zm7_3_img005.jpg,zm7_3,zm,val,8
23124,zm7_3_img006.jpg,zm7_3,zm,val,8
23125,zm7_3_img007.jpg,zm7_3,zm,val,8
23126,zm7_3_img008.jpg,zm7_3,zm,val,8
23127,zm7_3_img009.jpg,zm7_3,zm,val,8
23128,zm7_3_img010.jpg,zm7_3,zm,val,8
23129,zm7_3_img011.jpg,zm7_3,zm,val,8
23130,zm7_3_img012.jpg,zm7_3,zm,val,8
23131,zm7_3_img013.jpg,zm7_3,zm,val,8
23132,zm7_3_img014.jpg,zm7_3,zm,val,8
23133,zm7_3_img015.jpg,zm7_3,zm,val,8
23134,zm7_3_img016.jpg,zm7_3,zm,val,8
23135,zm7_3_img017.jpg,zm7_3,zm,val,8
23136,zm7_3_img018.jpg,zm7_3,zm,val,8
23137,zm7_3_img019.jpg,zm7_3,zm,val,8
23138,zm7_3_img020.jpg,zm7_3,zm,val,8
23139,zm7_3_img021.jpg,zm7_3,zm,val,8
23140,zm7_3_img022.jpg,zm7_3,zm,val,8
23141,zm7_3_img023.jpg,zm7_3,zm,val,8
23142,zm7_3_img024.jpg,zm7_3,zm,val,8
23143,zm7_3_img025.jpg,zm7_3,zm,val,8
23144,zm7_3_img026.jpg,zm7_3,zm,val,8
23145,zm7_3_img027.jpg,zm7_3,zm,val,8
23146,zm7_3_img028.jpg,zm7_3,zm,val,8
23147,zm7_3_img029.jpg,zm7_3,zm,val,8
23148,zm7_3_img030.jpg,zm7_3,zm,val,8
23149,zm7_3_img031.jpg,zm7_3,zm,val,8
23150,zm7_3_img032.jpg,zm7_3,zm,val,8
23151,zm7_3_img033.jpg,zm7_3,zm,val,8
23152,zm7_3_img034.jpg,zm7_3,zm,val,8
23153,zm7_3_img035.jpg,zm7_3,zm,val,8
23154,zm7_3_img036.jpg,zm7_3,zm,val,8
23155,zm7_3_img037.jpg,zm7_3,zm,val,8
23156,zm7_3_img038.jpg,zm7_3,zm,val,8
23157,zm7_3_img039.jpg,zm7_3,zm,val,8
23158,zm7_3_img040.jpg,zm7_3,zm,val,8
23159,zm7_3_img041.jpg,zm7_3,zm,val,8
23160,zm7_3_img042.jpg,zm7_3,zm,val,8
23161,zm7_3_img043.jpg,zm7_3,zm,val,8
23162,zm7_3_img044.jpg,zm7_3,zm,val,8
23163,zm7_3_img045.jpg,zm7_3,zm,val,8
23164,zm7_3_img046.jpg,zm7_3,zm,val,8
23165,zm7_3_img047.jpg,zm7_3,zm,val,8
23166,zm7_3_img048.jpg,zm7_3,zm,val,8
23167,zm7_3_img049.jpg,zm7_3,zm,val,8
23168,zm7_3_img050.jpg,zm7_3,zm,val,8
23169,zm7_3_img051.jpg,zm7_3,zm,val,8
23170,zm7_3_img052.jpg,zm7_3,zm,val,8
23171,zm7_3_img053.jpg,zm7_3,zm,val,8
23172,zm7_3_img054.jpg,zm7_3,zm,val,8
23173,zm7_3_img055.jpg,zm7_3,zm,val,8
23174,zm7_3_img056.jpg,zm7_3,zm,val,8
23175,zm7_3_img057.jpg,zm7_3,zm,val,8
23176,zm7_3_img058.jpg,zm7_3,zm,val,8
23177,zm7_3_img059.jpg,zm7_3,zm,val,8
23178,zm7_3_img060.jpg,zm7_3,zm,val,8
23179,zm7_3_img061.jpg,zm7_3,zm,val,8
23180,zm7_3_img062.jpg,zm7_3,zm,val,8
23181,zm7_3_img063.jpg,zm7_3,zm,val,8
23182,zm7_3_img064.jpg,zm7_3,zm,val,8
23183,zm7_3_img065.jpg,zm7_3,zm,val,8
23184,zm7_3_img066.jpg,zm7_3,zm,val,8
23185,zm7_3_img067.jpg,zm7_3,zm,val,8
23186,zm7_3_img068.jpg,zm7_3,zm,val,8
23187,zm7_3_img069.jpg,zm7_3,zm,val,8
23188,zm7_3_img070.jpg,zm7_3,zm,val,8
23189,zm7_3_img071.jpg,zm7_3,zm,val,8
23190,zm7_3_img072.jpg,zm7_3,zm,val,8
23191,zm7_3_img073.jpg,zm7_3,zm,val,8
23192,zm7_3_img074.jpg,zm7_3,zm,val,8
23193,zm7_3_img075.jpg,zm7_3,zm,val,8
23194,zm7_3_img076.jpg,zm7_3,zm,val,8
23195,zm7_3_img077.jpg,zm7_3,zm,val,8
23196,zm7_3_img078.jpg,zm7_3,zm,val,8
23197,zm7_3_img079.jpg,zm7_3,zm,val,8
23198,zm7_3_img080.jpg,zm7_3,zm,val,8
23199,zm7_3_img081.jpg,zm7_3,zm,val,8
23200,zm7_3_img082.jpg,zm7_3,zm,val,8
23201,zm7_3_img083.jpg,zm7_3,zm,val,8
23202,zm7_3_img084.jpg,zm7_3,zm,val,8
23203,zm7_3_img085.jpg,zm7_3,zm,val,8
23204,zm7_3_img086.jpg,zm7_3,zm,val,8
23205,zm7_3_img087.jpg,zm7_3,zm,val,8
23206,zm7_3_img088.jpg,zm7_3,zm,val,8
23207,zm7_3_img089.jpg,zm7_3,zm,val,8
23208,zm7_3_img090.jpg,zm7_3,zm,val,8
23209,zm7_3_img091.jpg,zm7_3,zm,val,8
23210,zm7_3_img092.jpg,zm7_3,zm,val,8
23211,zm7_3_img093.jpg,zm7_3,zm,val,8
23212,zm7_3_img094.jpg,zm7_3,zm,val,8
23213,zm7_3_img095.jpg,zm7_3,zm,val,8
23214,zm7_3_img096.jpg,zm7_3,zm,val,8
23215,zm7_3_img097.jpg,zm7_3,zm,val,8
23216,zm7_4_img001.jpg,zm7_4,zm,train,10
23217,zm7_4_img002.jpg,zm7_4,zm,train,10
23218,zm7_4_img003.jpg,zm7_4,zm,train,10
23219,zm7_4_img004.jpg,zm7_4,zm,train,10
23220,zm7_4_img005.jpg,zm7_4,zm,train,10
23221,zm7_4_img006.jpg,zm7_4,zm,train,10
23222,zm7_4_img007.jpg,zm7_4,zm,train,10
23223,zm7_4_img008.jpg,zm7_4,zm,train,10
23224,zm7_4_img009.jpg,zm7_4,zm,train,10
23225,zm7_4_img010.jpg,zm7_4,zm,train,10
23226,zm7_4_img011.jpg,zm7_4,zm,train,10
23227,zm7_4_img012.jpg,zm7_4,zm,train,10
23228,zm7_4_img013.jpg,zm7_4,zm,train,10
23229,zm7_4_img014.jpg,zm7_4,zm,train,10
23230,zm7_4_img015.jpg,zm7_4,zm,train,10
23231,zm7_4_img016.jpg,zm7_4,zm,train,10
23232,zm7_4_img017.jpg,zm7_4,zm,train,10
23233,zm7_4_img018.jpg,zm7_4,zm,train,10
23234,zm7_4_img019.jpg,zm7_4,zm,train,10
23235,zm7_4_img020.jpg,zm7_4,zm,train,10
23236,zm7_4_img021.jpg,zm7_4,zm,train,10
23237,zm7_4_img022.jpg,zm7_4,zm,train,10
23238,zm7_4_img023.jpg,zm7_4,zm,train,10
23239,zm7_4_img024.jpg,zm7_4,zm,train,10
23240,zm7_4_img025.jpg,zm7_4,zm,train,10
23241,zm7_4_img026.jpg,zm7_4,zm,train,10
23242,zm7_4_img027.jpg,zm7_4,zm,train,10
23243,zm7_4_img028.jpg,zm7_4,zm,train,10
23244,zm7_4_img029.jpg,zm7_4,zm,train,10
23245,zm7_4_img030.jpg,zm7_4,zm,train,10
23246,zm7_4_img031.jpg,zm7_4,zm,train,10
23247,zm7_4_img032.jpg,zm7_4,zm,train,10
23248,zm7_4_img033.jpg,zm7_4,zm,train,10
23249,zm7_4_img034.jpg,zm7_4,zm,train,10
23250,zm7_4_img035.jpg,zm7_4,zm,train,10
23251,zm7_4_img036.jpg,zm7_4,zm,train,10
23252,zm7_4_img037.jpg,zm7_4,zm,train,10
23253,zm7_4_img038.jpg,zm7_4,zm,train,10
23254,zm7_4_img039.jpg,zm7_4,zm,train,10
23255,zm7_4_img040.jpg,zm7_4,zm,train,10
23256,zm7_4_img041.jpg,zm7_4,zm,train,10
23257,zm7_4_img042.jpg,zm7_4,zm,train,10
23258,zm7_4_img043.jpg,zm7_4,zm,train,10
23259,zm7_4_img044.jpg,zm7_4,zm,train,10
23260,zm7_4_img045.jpg,zm7_4,zm,train,10
23261,zm7_4_img046.jpg,zm7_4,zm,train,10
23262,zm7_4_img047.jpg,zm7_4,zm,train,10
23263,zm7_4_img048.jpg,zm7_4,zm,train,10
23264,zm7_4_img049.jpg,zm7_4,zm,train,10
23265,zm7_4_img050.jpg,zm7_4,zm,train,10
23266,zm7_4_img051.jpg,zm7_4,zm,train,10
23267,zm7_4_img052.jpg,zm7_4,zm,train,10
23268,zm7_4_img053.jpg,zm7_4,zm,train,10
23269,zm7_4_img054.jpg,zm7_4,zm,train,10
23270,zm7_4_img055.jpg,zm7_4,zm,train,10
23271,zm7_4_img056.jpg,zm7_4,zm,train,10
23272,zm7_4_img057.jpg,zm7_4,zm,train,10
23273,zm7_4_img058.jpg,zm7_4,zm,train,10
23274,zm7_4_img059.jpg,zm7_4,zm,train,10
23275,zm7_4_img060.jpg,zm7_4,zm,train,10
23276,zm7_4_img061.jpg,zm7_4,zm,train,10
23277,zm7_4_img062.jpg,zm7_4,zm,train,10
23278,zm7_4_img063.jpg,zm7_4,zm,train,10
23279,zm7_4_img064.jpg,zm7_4,zm,train,10
23280,zm7_4_img065.jpg,zm7_4,zm,train,10
23281,zm7_4_img066.jpg,zm7_4,zm,train,10
23282,zm7_4_img067.jpg,zm7_4,zm,train,10
23283,zm7_4_img068.jpg,zm7_4,zm,train,10
23284,zm7_4_img069.jpg,zm7_4,zm,train,10
23285,zm7_4_img070.jpg,zm7_4,zm,train,10
23286,zm7_4_img071.jpg,zm7_4,zm,train,10
23287,zm7_4_img072.jpg,zm7_4,zm,train,10
23288,zm7_4_img073.jpg,zm7_4,zm,train,10
23289,zm7_4_img074.jpg,zm7_4,zm,train,10
23290,zm7_4_img075.jpg,zm7_4,zm,train,10
23291,zm7_4_img076.jpg,zm7_4,zm,train,10
23292,zm7_4_img077.jpg,zm7_4,zm,train,10
23293,zm7_4_img078.jpg,zm7_4,zm,train,10
23294,zm7_4_img079.jpg,zm7_4,zm,train,10
23295,zm7_4_img080.jpg,zm7_4,zm,train,10
23296,zm7_4_img081.jpg,zm7_4,zm,train,10
23297,zm7_4_img082.jpg,zm7_4,zm,train,10
23298,zm7_4_img083.jpg,zm7_4,zm,train,10
23299,zm7_4_img084.jpg,zm7_4,zm,train,10
23300,zm7_4_img085.jpg,zm7_4,zm,train,10
23301,zm7_4_img086.jpg,zm7_4,zm,train,10
23302,zm7_4_img087.jpg,zm7_4,zm,train,10
23303,zm7_4_img088.jpg,zm7_4,zm,train,10
23304,zm7_4_img089.jpg,zm7_4,zm,train,10
23305,zm7_4_img090.jpg,zm7_4,zm,train,10
23306,zm7_4_img091.jpg,zm7_4,zm,train,10
23307,zm7_4_img092.jpg,zm7_4,zm,train,10
23308,zm7_4_img093.jpg,zm7_4,zm,train,10
23309,zm7_4_img094.jpg,zm7_4,zm,train,10
23310,zm7_4_img095.jpg,zm7_4,zm,train,10
23311,zm7_4_img096.jpg,zm7_4,zm,train,10
23312,zm7_4_img097.jpg,zm7_4,zm,train,10
23313,zm7_5_img001.jpg,zm7_5,zm,train,10
23314,zm7_5_img002.jpg,zm7_5,zm,train,10
23315,zm7_5_img003.jpg,zm7_5,zm,train,10
23316,zm7_5_img004.jpg,zm7_5,zm,train,10
23317,zm7_5_img005.jpg,zm7_5,zm,train,10
23318,zm7_5_img006.jpg,zm7_5,zm,train,10
23319,zm7_5_img007.jpg,zm7_5,zm,train,10
23320,zm7_5_img008.jpg,zm7_5,zm,train,10
23321,zm7_5_img009.jpg,zm7_5,zm,train,10
23322,zm7_5_img010.jpg,zm7_5,zm,train,10
23323,zm7_5_img011.jpg,zm7_5,zm,train,10
23324,zm7_5_img012.jpg,zm7_5,zm,train,10
23325,zm7_5_img013.jpg,zm7_5,zm,train,10
23326,zm7_5_img014.jpg,zm7_5,zm,train,10
23327,zm7_5_img015.jpg,zm7_5,zm,train,10
23328,zm7_5_img016.jpg,zm7_5,zm,train,10
23329,zm7_5_img017.jpg,zm7_5,zm,train,10
23330,zm7_5_img018.jpg,zm7_5,zm,train,10
23331,zm7_5_img019.jpg,zm7_5,zm,train,10
23332,zm7_5_img020.jpg,zm7_5,zm,train,10
23333,zm7_5_img021.jpg,zm7_5,zm,train,10
23334,zm7_5_img022.jpg,zm7_5,zm,train,10
23335,zm7_5_img023.jpg,zm7_5,zm,train,10
23336,zm7_5_img024.jpg,zm7_5,zm,train,10
23337,zm7_5_img025.jpg,zm7_5,zm,train,10
23338,zm7_5_img026.jpg,zm7_5,zm,train,10
23339,zm7_5_img027.jpg,zm7_5,zm,train,10
23340,zm7_5_img028.jpg,zm7_5,zm,train,10
23341,zm7_5_img029.jpg,zm7_5,zm,train,10
23342,zm7_5_img030.jpg,zm7_5,zm,train,10
23343,zm7_5_img031.jpg,zm7_5,zm,train,10
23344,zm7_5_img032.jpg,zm7_5,zm,train,10
23345,zm7_5_img033.jpg,zm7_5,zm,train,10
23346,zm7_5_img034.jpg,zm7_5,zm,train,10
23347,zm7_5_img035.jpg,zm7_5,zm,train,10
23348,zm7_5_img036.jpg,zm7_5,zm,train,10
23349,zm7_5_img037.jpg,zm7_5,zm,train,10
23350,zm7_5_img038.jpg,zm7_5,zm,train,10
23351,zm7_5_img039.jpg,zm7_5,zm,train,10
23352,zm7_5_img040.jpg,zm7_5,zm,train,10
23353,zm7_5_img041.jpg,zm7_5,zm,train,10
23354,zm7_5_img042.jpg,zm7_5,zm,train,10
23355,zm7_5_img043.jpg,zm7_5,zm,train,10
23356,zm7_5_img044.jpg,zm7_5,zm,train,10
23357,zm7_5_img045.jpg,zm7_5,zm,train,10
23358,zm7_5_img046.jpg,zm7_5,zm,train,10
23359,zm7_5_img047.jpg,zm7_5,zm,train,10
23360,zm7_5_img048.jpg,zm7_5,zm,train,10
23361,zm7_5_img049.jpg,zm7_5,zm,train,10
23362,zm7_5_img050.jpg,zm7_5,zm,train,10
23363,zm7_5_img051.jpg,zm7_5,zm,train,10
23364,zm7_5_img052.jpg,zm7_5,zm,train,10
23365,zm7_5_img053.jpg,zm7_5,zm,train,10
23366,zm7_5_img054.jpg,zm7_5,zm,train,10
23367,zm7_5_img055.jpg,zm7_5,zm,train,10
23368,zm7_5_img056.jpg,zm7_5,zm,train,10
23369,zm7_5_img057.jpg,zm7_5,zm,train,10
23370,zm7_5_img058.jpg,zm7_5,zm,train,10
23371,zm7_5_img059.jpg,zm7_5,zm,train,10
23372,zm7_5_img060.jpg,zm7_5,zm,train,10
23373,zm7_5_img061.jpg,zm7_5,zm,train,10
23374,zm7_5_img062.jpg,zm7_5,zm,train,10
23375,zm7_5_img063.jpg,zm7_5,zm,train,10
23376,zm7_5_img064.jpg,zm7_5,zm,train,10
23377,zm7_5_img065.jpg,zm7_5,zm,train,10
23378,zm7_5_img066.jpg,zm7_5,zm,train,10
23379,zm7_5_img067.jpg,zm7_5,zm,train,10
23380,zm7_5_img068.jpg,zm7_5,zm,train,10
23381,zm7_5_img069.jpg,zm7_5,zm,train,10
23382,zm7_5_img070.jpg,zm7_5,zm,train,10
23383,zm7_5_img071.jpg,zm7_5,zm,train,10
23384,zm7_5_img072.jpg,zm7_5,zm,train,10
23385,zm7_5_img073.jpg,zm7_5,zm,train,10
23386,zm7_5_img074.jpg,zm7_5,zm,train,10
23387,zm7_5_img075.jpg,zm7_5,zm,train,10
23388,zm7_5_img076.jpg,zm7_5,zm,train,10
23389,zm7_5_img077.jpg,zm7_5,zm,train,10
23390,zm7_5_img078.jpg,zm7_5,zm,train,10
23391,zm7_5_img079.jpg,zm7_5,zm,train,10
23392,zm7_5_img080.jpg,zm7_5,zm,train,10
23393,zm7_5_img081.jpg,zm7_5,zm,train,10
23394,zm7_5_img082.jpg,zm7_5,zm,train,10
23395,zm7_5_img083.jpg,zm7_5,zm,train,10
23396,zm7_5_img084.jpg,zm7_5,zm,train,10
23397,zm7_5_img085.jpg,zm7_5,zm,train,10
23398,zm7_5_img086.jpg,zm7_5,zm,train,10
23399,zm7_5_img087.jpg,zm7_5,zm,train,10
23400,zm7_5_img088.jpg,zm7_5,zm,train,10
23401,zm7_5_img089.jpg,zm7_5,zm,train,10
23402,zm7_5_img090.jpg,zm7_5,zm,train,10
23403,zm7_5_img091.jpg,zm7_5,zm,train,10
23404,zm7_5_img092.jpg,zm7_5,zm,train,10
23405,zm7_5_img093.jpg,zm7_5,zm,train,10
23406,zm7_5_img094.jpg,zm7_5,zm,train,10
23407,zm7_5_img095.jpg,zm7_5,zm,train,10
23408,zm7_5_img096.jpg,zm7_5,zm,train,10
23409,zm7_5_img097.jpg,zm7_5,zm,train,10
23410,zm7_6_img001.jpg,zm7_6,zm,train,10
23411,zm7_6_img002.jpg,zm7_6,zm,train,10
23412,zm7_6_img003.jpg,zm7_6,zm,train,10
23413,zm7_6_img004.jpg,zm7_6,zm,train,10
23414,zm7_6_img005.jpg,zm7_6,zm,train,10
23415,zm7_6_img006.jpg,zm7_6,zm,train,10
23416,zm7_6_img007.jpg,zm7_6,zm,train,10
23417,zm7_6_img008.jpg,zm7_6,zm,train,10
23418,zm7_6_img009.jpg,zm7_6,zm,train,10
23419,zm7_6_img010.jpg,zm7_6,zm,train,10
23420,zm7_6_img011.jpg,zm7_6,zm,train,10
23421,zm7_6_img012.jpg,zm7_6,zm,train,10
23422,zm7_6_img013.jpg,zm7_6,zm,train,10
23423,zm7_6_img014.jpg,zm7_6,zm,train,10
23424,zm7_6_img015.jpg,zm7_6,zm,train,10
23425,zm7_6_img016.jpg,zm7_6,zm,train,10
23426,zm7_6_img017.jpg,zm7_6,zm,train,10
23427,zm7_6_img018.jpg,zm7_6,zm,train,10
23428,zm7_6_img019.jpg,zm7_6,zm,train,10
23429,zm7_6_img020.jpg,zm7_6,zm,train,10
23430,zm7_6_img021.jpg,zm7_6,zm,train,10
23431,zm7_6_img022.jpg,zm7_6,zm,train,10
23432,zm7_6_img023.jpg,zm7_6,zm,train,10
23433,zm7_6_img024.jpg,zm7_6,zm,train,10
23434,zm7_6_img025.jpg,zm7_6,zm,train,10
23435,zm7_6_img026.jpg,zm7_6,zm,train,10
23436,zm7_6_img027.jpg,zm7_6,zm,train,10
23437,zm7_6_img028.jpg,zm7_6,zm,train,10
23438,zm7_6_img029.jpg,zm7_6,zm,train,10
23439,zm7_6_img030.jpg,zm7_6,zm,train,10
23440,zm7_6_img031.jpg,zm7_6,zm,train,10
23441,zm7_6_img032.jpg,zm7_6,zm,train,10
23442,zm7_6_img033.jpg,zm7_6,zm,train,10
23443,zm7_6_img034.jpg,zm7_6,zm,train,10
23444,zm7_6_img035.jpg,zm7_6,zm,train,10
23445,zm7_6_img036.jpg,zm7_6,zm,train,10
23446,zm7_6_img037.jpg,zm7_6,zm,train,10
23447,zm7_6_img038.jpg,zm7_6,zm,train,10
23448,zm7_6_img039.jpg,zm7_6,zm,train,10
23449,zm7_6_img040.jpg,zm7_6,zm,train,10
23450,zm7_6_img041.jpg,zm7_6,zm,train,10
23451,zm7_6_img042.jpg,zm7_6,zm,train,10
23452,zm7_6_img043.jpg,zm7_6,zm,train,10
23453,zm7_6_img044.jpg,zm7_6,zm,train,10
23454,zm7_6_img045.jpg,zm7_6,zm,train,10
23455,zm7_6_img046.jpg,zm7_6,zm,train,10
23456,zm7_6_img047.jpg,zm7_6,zm,train,10
23457,zm7_6_img048.jpg,zm7_6,zm,train,10
23458,zm7_6_img049.jpg,zm7_6,zm,train,10
23459,zm7_6_img050.jpg,zm7_6,zm,train,10
23460,zm7_6_img051.jpg,zm7_6,zm,train,10
23461,zm7_6_img052.jpg,zm7_6,zm,train,10
23462,zm7_6_img053.jpg,zm7_6,zm,train,10
23463,zm7_6_img054.jpg,zm7_6,zm,train,10
23464,zm7_6_img055.jpg,zm7_6,zm,train,10
23465,zm7_6_img056.jpg,zm7_6,zm,train,10
23466,zm7_6_img057.jpg,zm7_6,zm,train,10
23467,zm7_6_img058.jpg,zm7_6,zm,train,10
23468,zm7_6_img059.jpg,zm7_6,zm,train,10
23469,zm7_6_img060.jpg,zm7_6,zm,train,10
23470,zm7_6_img061.jpg,zm7_6,zm,train,10
23471,zm7_6_img062.jpg,zm7_6,zm,train,10
23472,zm7_6_img063.jpg,zm7_6,zm,train,10
23473,zm7_6_img064.jpg,zm7_6,zm,train,10
23474,zm7_6_img065.jpg,zm7_6,zm,train,10
23475,zm7_6_img066.jpg,zm7_6,zm,train,10
23476,zm7_6_img067.jpg,zm7_6,zm,train,10
23477,zm7_6_img068.jpg,zm7_6,zm,train,10
23478,zm7_6_img069.jpg,zm7_6,zm,train,10
23479,zm7_6_img070.jpg,zm7_6,zm,train,10
23480,zm7_6_img071.jpg,zm7_6,zm,train,10
23481,zm7_6_img072.jpg,zm7_6,zm,train,10
23482,zm7_6_img073.jpg,zm7_6,zm,train,10
23483,zm7_6_img074.jpg,zm7_6,zm,train,10
23484,zm7_6_img075.jpg,zm7_6,zm,train,10
23485,zm7_6_img076.jpg,zm7_6,zm,train,10
23486,zm7_6_img077.jpg,zm7_6,zm,train,10
23487,zm7_6_img078.jpg,zm7_6,zm,train,10
23488,zm7_6_img079.jpg,zm7_6,zm,train,10
23489,zm7_6_img080.jpg,zm7_6,zm,train,10
23490,zm7_6_img081.jpg,zm7_6,zm,train,10
23491,zm7_6_img082.jpg,zm7_6,zm,train,10
23492,zm7_6_img083.jpg,zm7_6,zm,train,10
23493,zm7_6_img084.jpg,zm7_6,zm,train,10
23494,zm7_6_img085.jpg,zm7_6,zm,train,10
23495,zm7_6_img086.jpg,zm7_6,zm,train,10
23496,zm7_6_img087.jpg,zm7_6,zm,train,10
23497,zm7_6_img088.jpg,zm7_6,zm,train,10
23498,zm7_6_img089.jpg,zm7_6,zm,train,10
23499,zm7_6_img090.jpg,zm7_6,zm,train,10
23500,zm7_6_img091.jpg,zm7_6,zm,train,10
23501,zm7_6_img092.jpg,zm7_6,zm,train,10
23502,zm7_6_img093.jpg,zm7_6,zm,train,10
23503,zm7_6_img094.jpg,zm7_6,zm,train,10
23504,zm7_6_img095.jpg,zm7_6,zm,train,10
23505,zm7_6_img096.jpg,zm7_6,zm,train,10
23506,zm7_6_img097.jpg,zm7_6,zm,train,10
23507,zm7_7_img001.jpg,zm7_7,zm,train,10
23508,zm7_7_img002.jpg,zm7_7,zm,train,10
23509,zm7_7_img003.jpg,zm7_7,zm,train,10
23510,zm7_7_img004.jpg,zm7_7,zm,train,10
23511,zm7_7_img005.jpg,zm7_7,zm,train,10
23512,zm7_7_img006.jpg,zm7_7,zm,train,10
23513,zm7_7_img007.jpg,zm7_7,zm,train,10
23514,zm7_7_img008.jpg,zm7_7,zm,train,10
23515,zm7_7_img009.jpg,zm7_7,zm,train,10
23516,zm7_7_img010.jpg,zm7_7,zm,train,10
23517,zm7_7_img011.jpg,zm7_7,zm,train,10
23518,zm7_7_img012.jpg,zm7_7,zm,train,10
23519,zm7_7_img013.jpg,zm7_7,zm,train,10
23520,zm7_7_img014.jpg,zm7_7,zm,train,10
23521,zm7_7_img015.jpg,zm7_7,zm,train,10
23522,zm7_7_img016.jpg,zm7_7,zm,train,10
23523,zm7_7_img017.jpg,zm7_7,zm,train,10
23524,zm7_7_img018.jpg,zm7_7,zm,train,10
23525,zm7_7_img019.jpg,zm7_7,zm,train,10
23526,zm7_7_img020.jpg,zm7_7,zm,train,10
23527,zm7_7_img021.jpg,zm7_7,zm,train,10
23528,zm7_7_img022.jpg,zm7_7,zm,train,10
23529,zm7_7_img023.jpg,zm7_7,zm,train,10
23530,zm7_7_img024.jpg,zm7_7,zm,train,10
23531,zm7_7_img025.jpg,zm7_7,zm,train,10
23532,zm7_7_img026.jpg,zm7_7,zm,train,10
23533,zm7_7_img027.jpg,zm7_7,zm,train,10
23534,zm7_7_img028.jpg,zm7_7,zm,train,10
23535,zm7_7_img029.jpg,zm7_7,zm,train,10
23536,zm7_7_img030.jpg,zm7_7,zm,train,10
23537,zm7_7_img031.jpg,zm7_7,zm,train,10
23538,zm7_7_img032.jpg,zm7_7,zm,train,10
23539,zm7_7_img033.jpg,zm7_7,zm,train,10
23540,zm7_7_img034.jpg,zm7_7,zm,train,10
23541,zm7_7_img035.jpg,zm7_7,zm,train,10
23542,zm7_7_img036.jpg,zm7_7,zm,train,10
23543,zm7_7_img037.jpg,zm7_7,zm,train,10
23544,zm7_7_img038.jpg,zm7_7,zm,train,10
23545,zm7_7_img039.jpg,zm7_7,zm,train,10
23546,zm7_7_img040.jpg,zm7_7,zm,train,10
23547,zm7_7_img041.jpg,zm7_7,zm,train,10
23548,zm7_7_img042.jpg,zm7_7,zm,train,10
23549,zm7_7_img043.jpg,zm7_7,zm,train,10
23550,zm7_7_img044.jpg,zm7_7,zm,train,10
23551,zm7_7_img045.jpg,zm7_7,zm,train,10
23552,zm7_7_img046.jpg,zm7_7,zm,train,10
23553,zm7_7_img047.jpg,zm7_7,zm,train,10
23554,zm7_7_img048.jpg,zm7_7,zm,train,10
23555,zm7_7_img049.jpg,zm7_7,zm,train,10
23556,zm7_7_img050.jpg,zm7_7,zm,train,10
23557,zm7_7_img051.jpg,zm7_7,zm,train,10
23558,zm7_7_img052.jpg,zm7_7,zm,train,10
23559,zm7_7_img053.jpg,zm7_7,zm,train,10
23560,zm7_7_img054.jpg,zm7_7,zm,train,10
23561,zm7_7_img055.jpg,zm7_7,zm,train,10
23562,zm7_7_img056.jpg,zm7_7,zm,train,10
23563,zm7_7_img057.jpg,zm7_7,zm,train,10
23564,zm7_7_img058.jpg,zm7_7,zm,train,10
23565,zm7_7_img059.jpg,zm7_7,zm,train,10
23566,zm7_7_img060.jpg,zm7_7,zm,train,10
23567,zm7_7_img061.jpg,zm7_7,zm,train,10
23568,zm7_7_img062.jpg,zm7_7,zm,train,10
23569,zm7_7_img063.jpg,zm7_7,zm,train,10
23570,zm7_7_img064.jpg,zm7_7,zm,train,10
23571,zm7_7_img065.jpg,zm7_7,zm,train,10
23572,zm7_7_img066.jpg,zm7_7,zm,train,10
23573,zm7_7_img067.jpg,zm7_7,zm,train,10
23574,zm7_7_img068.jpg,zm7_7,zm,train,10
23575,zm7_7_img069.jpg,zm7_7,zm,train,10
23576,zm7_7_img070.jpg,zm7_7,zm,train,10
23577,zm7_7_img071.jpg,zm7_7,zm,train,10
23578,zm7_7_img072.jpg,zm7_7,zm,train,10
23579,zm7_7_img073.jpg,zm7_7,zm,train,10
23580,zm7_7_img074.jpg,zm7_7,zm,train,10
23581,zm7_7_img075.jpg,zm7_7,zm,train,10
23582,zm7_7_img076.jpg,zm7_7,zm,train,10
23583,zm7_7_img077.jpg,zm7_7,zm,train,10
23584,zm7_7_img078.jpg,zm7_7,zm,train,10
23585,zm7_7_img079.jpg,zm7_7,zm,train,10
23586,zm7_7_img080.jpg,zm7_7,zm,train,10
23587,zm7_7_img081.jpg,zm7_7,zm,train,10
23588,zm7_7_img082.jpg,zm7_7,zm,train,10
23589,zm7_7_img083.jpg,zm7_7,zm,train,10
23590,zm7_7_img084.jpg,zm7_7,zm,train,10
23591,zm7_7_img085.jpg,zm7_7,zm,train,10
23592,zm7_7_img086.jpg,zm7_7,zm,train,10
23593,zm7_7_img087.jpg,zm7_7,zm,train,10
23594,zm7_7_img088.jpg,zm7_7,zm,train,10
23595,zm7_7_img089.jpg,zm7_7,zm,train,10
23596,zm7_7_img090.jpg,zm7_7,zm,train,10
23597,zm7_7_img091.jpg,zm7_7,zm,train,10
23598,zm7_7_img092.jpg,zm7_7,zm,train,10
23599,zm7_7_img093.jpg,zm7_7,zm,train,10
23600,zm7_7_img094.jpg,zm7_7,zm,train,10
23601,zm7_7_img095.jpg,zm7_7,zm,train,10
23602,zm7_7_img096.jpg,zm7_7,zm,train,10
23603,zm7_7_img097.jpg,zm7_7,zm,train,10
23604,zm7_8_img001.jpg,zm7_8,zm,val,10
23605,zm7_8_img002.jpg,zm7_8,zm,val,10
23606,zm7_8_img003.jpg,zm7_8,zm,val,10
23607,zm7_8_img004.jpg,zm7_8,zm,val,10
23608,zm7_8_img005.jpg,zm7_8,zm,val,10
23609,zm7_8_img006.jpg,zm7_8,zm,val,10
23610,zm7_8_img007.jpg,zm7_8,zm,val,10
23611,zm7_8_img008.jpg,zm7_8,zm,val,10
23612,zm7_8_img009.jpg,zm7_8,zm,val,10
23613,zm7_8_img010.jpg,zm7_8,zm,val,10
23614,zm7_8_img011.jpg,zm7_8,zm,val,10
23615,zm7_8_img012.jpg,zm7_8,zm,val,10
23616,zm7_8_img013.jpg,zm7_8,zm,val,10
23617,zm7_8_img014.jpg,zm7_8,zm,val,10
23618,zm7_8_img015.jpg,zm7_8,zm,val,10
23619,zm7_8_img016.jpg,zm7_8,zm,val,10
23620,zm7_8_img017.jpg,zm7_8,zm,val,10
23621,zm7_8_img018.jpg,zm7_8,zm,val,10
23622,zm7_8_img019.jpg,zm7_8,zm,val,10
23623,zm7_8_img020.jpg,zm7_8,zm,val,10
23624,zm7_8_img021.jpg,zm7_8,zm,val,10
23625,zm7_8_img022.jpg,zm7_8,zm,val,10
23626,zm7_8_img023.jpg,zm7_8,zm,val,10
23627,zm7_8_img024.jpg,zm7_8,zm,val,10
23628,zm7_8_img025.jpg,zm7_8,zm,val,10
23629,zm7_8_img026.jpg,zm7_8,zm,val,10
23630,zm7_8_img027.jpg,zm7_8,zm,val,10
23631,zm7_8_img028.jpg,zm7_8,zm,val,10
23632,zm7_8_img029.jpg,zm7_8,zm,val,10
23633,zm7_8_img030.jpg,zm7_8,zm,val,10
23634,zm7_8_img031.jpg,zm7_8,zm,val,10
23635,zm7_8_img032.jpg,zm7_8,zm,val,10
23636,zm7_8_img033.jpg,zm7_8,zm,val,10
23637,zm7_8_img034.jpg,zm7_8,zm,val,10
23638,zm7_8_img035.jpg,zm7_8,zm,val,10
23639,zm7_8_img036.jpg,zm7_8,zm,val,10
23640,zm7_8_img037.jpg,zm7_8,zm,val,10
23641,zm7_8_img038.jpg,zm7_8,zm,val,10
23642,zm7_8_img039.jpg,zm7_8,zm,val,10
23643,zm7_8_img040.jpg,zm7_8,zm,val,10
23644,zm7_8_img041.jpg,zm7_8,zm,val,10
23645,zm7_8_img042.jpg,zm7_8,zm,val,10
23646,zm7_8_img043.jpg,zm7_8,zm,val,10
23647,zm7_8_img044.jpg,zm7_8,zm,val,10
23648,zm7_8_img045.jpg,zm7_8,zm,val,10
23649,zm7_8_img046.jpg,zm7_8,zm,val,10
23650,zm7_8_img047.jpg,zm7_8,zm,val,10
23651,zm7_8_img048.jpg,zm7_8,zm,val,10
23652,zm7_8_img049.jpg,zm7_8,zm,val,10
23653,zm7_8_img050.jpg,zm7_8,zm,val,10
23654,zm7_8_img051.jpg,zm7_8,zm,val,10
23655,zm7_8_img052.jpg,zm7_8,zm,val,10
23656,zm7_8_img053.jpg,zm7_8,zm,val,10
23657,zm7_8_img054.jpg,zm7_8,zm,val,10
23658,zm7_8_img055.jpg,zm7_8,zm,val,10
23659,zm7_8_img056.jpg,zm7_8,zm,val,10
23660,zm7_8_img057.jpg,zm7_8,zm,val,10
23661,zm7_8_img058.jpg,zm7_8,zm,val,10
23662,zm7_8_img059.jpg,zm7_8,zm,val,10
23663,zm7_8_img060.jpg,zm7_8,zm,val,10
23664,zm7_8_img061.jpg,zm7_8,zm,val,10
23665,zm7_8_img062.jpg,zm7_8,zm,val,10
23666,zm7_8_img063.jpg,zm7_8,zm,val,10
23667,zm7_8_img064.jpg,zm7_8,zm,val,10
23668,zm7_8_img065.jpg,zm7_8,zm,val,10
23669,zm7_8_img066.jpg,zm7_8,zm,val,10
23670,zm7_8_img067.jpg,zm7_8,zm,val,10
23671,zm7_8_img068.jpg,zm7_8,zm,val,10
23672,zm7_8_img069.jpg,zm7_8,zm,val,10
23673,zm7_8_img070.jpg,zm7_8,zm,val,10
23674,zm7_8_img071.jpg,zm7_8,zm,val,10
23675,zm7_8_img072.jpg,zm7_8,zm,val,10
23676,zm7_8_img073.jpg,zm7_8,zm,val,10
23677,zm7_8_img074.jpg,zm7_8,zm,val,10
23678,zm7_8_img075.jpg,zm7_8,zm,val,10
23679,zm7_8_img076.jpg,zm7_8,zm,val,10
23680,zm7_8_img077.jpg,zm7_8,zm,val,10
23681,zm7_8_img078.jpg,zm7_8,zm,val,10
23682,zm7_8_img079.jpg,zm7_8,zm,val,10
23683,zm7_8_img080.jpg,zm7_8,zm,val,10
23684,zm7_8_img081.jpg,zm7_8,zm,val,10
23685,zm7_8_img082.jpg,zm7_8,zm,val,10
23686,zm7_8_img083.jpg,zm7_8,zm,val,10
23687,zm7_8_img084.jpg,zm7_8,zm,val,10
23688,zm7_8_img085.jpg,zm7_8,zm,val,10
23689,zm7_8_img086.jpg,zm7_8,zm,val,10
23690,zm7_8_img087.jpg,zm7_8,zm,val,10
23691,zm7_8_img088.jpg,zm7_8,zm,val,10
23692,zm7_8_img089.jpg,zm7_8,zm,val,10
23693,zm7_8_img090.jpg,zm7_8,zm,val,10
23694,zm7_8_img091.jpg,zm7_8,zm,val,10
23695,zm7_8_img092.jpg,zm7_8,zm,val,10
23696,zm7_8_img093.jpg,zm7_8,zm,val,10
23697,zm7_8_img094.jpg,zm7_8,zm,val,10
23698,zm7_8_img095.jpg,zm7_8,zm,val,10
23699,zm7_8_img096.jpg,zm7_8,zm,val,10
23700,zm7_8_img097.jpg,zm7_8,zm,val,10
23701,zm7_9_img001.jpg,zm7_9,zm,train,10
23702,zm7_9_img002.jpg,zm7_9,zm,train,10
23703,zm7_9_img003.jpg,zm7_9,zm,train,10
23704,zm7_9_img004.jpg,zm7_9,zm,train,10
23705,zm7_9_img005.jpg,zm7_9,zm,train,10
23706,zm7_9_img006.jpg,zm7_9,zm,train,10
23707,zm7_9_img007.jpg,zm7_9,zm,train,10
23708,zm7_9_img008.jpg,zm7_9,zm,train,10
23709,zm7_9_img009.jpg,zm7_9,zm,train,10
23710,zm7_9_img010.jpg,zm7_9,zm,train,10
23711,zm7_9_img011.jpg,zm7_9,zm,train,10
23712,zm7_9_img012.jpg,zm7_9,zm,train,10
23713,zm7_9_img013.jpg,zm7_9,zm,train,10
23714,zm7_9_img014.jpg,zm7_9,zm,train,10
23715,zm7_9_img015.jpg,zm7_9,zm,train,10
23716,zm7_9_img016.jpg,zm7_9,zm,train,10
23717,zm7_9_img017.jpg,zm7_9,zm,train,10
23718,zm7_9_img018.jpg,zm7_9,zm,train,10
23719,zm7_9_img019.jpg,zm7_9,zm,train,10
23720,zm7_9_img020.jpg,zm7_9,zm,train,10
23721,zm7_9_img021.jpg,zm7_9,zm,train,10
23722,zm7_9_img022.jpg,zm7_9,zm,train,10
23723,zm7_9_img023.jpg,zm7_9,zm,train,10
23724,zm7_9_img024.jpg,zm7_9,zm,train,10
23725,zm7_9_img025.jpg,zm7_9,zm,train,10
23726,zm7_9_img026.jpg,zm7_9,zm,train,10
23727,zm7_9_img027.jpg,zm7_9,zm,train,10
23728,zm7_9_img028.jpg,zm7_9,zm,train,10
23729,zm7_9_img029.jpg,zm7_9,zm,train,10
23730,zm7_9_img030.jpg,zm7_9,zm,train,10
23731,zm7_9_img031.jpg,zm7_9,zm,train,10
23732,zm7_9_img032.jpg,zm7_9,zm,train,10
23733,zm7_9_img033.jpg,zm7_9,zm,train,10
23734,zm7_9_img034.jpg,zm7_9,zm,train,10
23735,zm7_9_img035.jpg,zm7_9,zm,train,10
23736,zm7_9_img036.jpg,zm7_9,zm,train,10
23737,zm7_9_img037.jpg,zm7_9,zm,train,10
23738,zm7_9_img038.jpg,zm7_9,zm,train,10
23739,zm7_9_img039.jpg,zm7_9,zm,train,10
23740,zm7_9_img040.jpg,zm7_9,zm,train,10
23741,zm7_9_img041.jpg,zm7_9,zm,train,10
23742,zm7_9_img042.jpg,zm7_9,zm,train,10
23743,zm7_9_img043.jpg,zm7_9,zm,train,10
23744,zm7_9_img044.jpg,zm7_9,zm,train,10
23745,zm7_9_img045.jpg,zm7_9,zm,train,10
23746,zm7_9_img046.jpg,zm7_9,zm,train,10
23747,zm7_9_img047.jpg,zm7_9,zm,train,10
23748,zm7_9_img048.jpg,zm7_9,zm,train,10
23749,zm7_9_img049.jpg,zm7_9,zm,train,10
23750,zm7_9_img050.jpg,zm7_9,zm,train,10
23751,zm7_9_img051.jpg,zm7_9,zm,train,10
23752,zm7_9_img052.jpg,zm7_9,zm,train,10
23753,zm7_9_img053.jpg,zm7_9,zm,train,10
23754,zm7_9_img054.jpg,zm7_9,zm,train,10
23755,zm7_9_img055.jpg,zm7_9,zm,train,10
23756,zm7_9_img056.jpg,zm7_9,zm,train,10
23757,zm7_9_img057.jpg,zm7_9,zm,train,10
23758,zm7_9_img058.jpg,zm7_9,zm,train,10
23759,zm7_9_img059.jpg,zm7_9,zm,train,10
23760,zm7_9_img060.jpg,zm7_9,zm,train,10
23761,zm7_9_img061.jpg,zm7_9,zm,train,10
23762,zm7_9_img062.jpg,zm7_9,zm,train,10
23763,zm7_9_img063.jpg,zm7_9,zm,train,10
23764,zm7_9_img064.jpg,zm7_9,zm,train,10
23765,zm7_9_img065.jpg,zm7_9,zm,train,10
23766,zm7_9_img066.jpg,zm7_9,zm,train,10
23767,zm7_9_img067.jpg,zm7_9,zm,train,10
23768,zm7_9_img068.jpg,zm7_9,zm,train,10
23769,zm7_9_img069.jpg,zm7_9,zm,train,10
23770,zm7_9_img070.jpg,zm7_9,zm,train,10
23771,zm7_9_img071.jpg,zm7_9,zm,train,10
23772,zm7_9_img072.jpg,zm7_9,zm,train,10
23773,zm7_9_img073.jpg,zm7_9,zm,train,10
23774,zm7_9_img074.jpg,zm7_9,zm,train,10
23775,zm7_9_img075.jpg,zm7_9,zm,train,10
23776,zm7_9_img076.jpg,zm7_9,zm,train,10
23777,zm7_9_img077.jpg,zm7_9,zm,train,10
23778,zm7_9_img078.jpg,zm7_9,zm,train,10
23779,zm7_9_img079.jpg,zm7_9,zm,train,10
23780,zm7_9_img080.jpg,zm7_9,zm,train,10
23781,zm7_9_img081.jpg,zm7_9,zm,train,10
23782,zm7_9_img082.jpg,zm7_9,zm,train,10
23783,zm7_9_img083.jpg,zm7_9,zm,train,10
23784,zm7_9_img084.jpg,zm7_9,zm,train,10
23785,zm7_9_img085.jpg,zm7_9,zm,train,10
23786,zm7_9_img086.jpg,zm7_9,zm,train,10
23787,zm7_9_img087.jpg,zm7_9,zm,train,10
23788,zm7_9_img088.jpg,zm7_9,zm,train,10
23789,zm7_9_img089.jpg,zm7_9,zm,train,10
23790,zm7_9_img090.jpg,zm7_9,zm,train,10
23791,zm7_9_img091.jpg,zm7_9,zm,train,10
23792,zm7_9_img092.jpg,zm7_9,zm,train,10
23793,zm7_9_img093.jpg,zm7_9,zm,train,10
23794,zm7_9_img094.jpg,zm7_9,zm,train,10
23795,zm7_9_img095.jpg,zm7_9,zm,train,10
23796,zm7_9_img096.jpg,zm7_9,zm,train,10
23797,zm7_9_img097.jpg,zm7_9,zm,train,10
